Datetime,Open,High,Low,Close,Volume,Dividends,Stock Splits
2024-02-15 09:00:00+08:00,32.20000076293945,32.20000076293945,31.899999618530277,31.950000762939453,0,0.0,0.0
2024-02-15 09:05:00+08:00,31.850000381469727,31.850000381469727,31.5,31.649999618530277,160000,0.0,0.0
2024-02-15 09:10:00+08:00,31.649999618530277,31.850000381469727,31.600000381469727,31.850000381469727,67582,0.0,0.0
2024-02-15 09:15:00+08:00,31.850000381469727,32.599998474121094,31.850000381469727,32.5,301054,0.0,0.0
2024-02-15 09:20:00+08:00,32.45000076293945,32.70000076293945,32.29999923706055,32.70000076293945,326508,0.0,0.0
2024-02-15 09:25:00+08:00,32.650001525878906,32.900001525878906,32.650001525878906,32.70000076293945,307399,0.0,0.0
2024-02-15 09:30:00+08:00,32.70000076293945,32.75,32.650001525878906,32.650001525878906,58300,0.0,0.0
2024-02-15 09:35:00+08:00,32.70000076293945,32.75,32.5,32.599998474121094,88055,0.0,0.0
2024-02-15 09:40:00+08:00,32.599998474121094,32.650001525878906,32.45000076293945,32.5,84004,0.0,0.0
2024-02-15 09:45:00+08:00,32.54999923706055,32.54999923706055,32.45000076293945,32.54999923706055,102200,0.0,0.0
2024-02-15 09:50:00+08:00,32.5,32.54999923706055,32.45000076293945,32.54999923706055,66287,0.0,0.0
2024-02-15 09:55:00+08:00,32.54999923706055,32.54999923706055,32.400001525878906,32.400001525878906,41150,0.0,0.0
2024-02-15 10:00:00+08:00,32.45000076293945,32.45000076293945,32.400001525878906,32.400001525878906,14136,0.0,0.0
2024-02-15 10:05:00+08:00,32.45000076293945,32.900001525878906,32.400001525878906,32.900001525878906,308050,0.0,0.0
2024-02-15 10:10:00+08:00,32.900001525878906,32.95000076293945,32.79999923706055,32.79999923706055,118980,0.0,0.0
2024-02-15 10:15:00+08:00,32.79999923706055,32.849998474121094,32.79999923706055,32.79999923706055,61138,0.0,0.0
2024-02-15 10:20:00+08:00,32.75,32.75,32.70000076293945,32.70000076293945,22421,0.0,0.0
2024-02-15 10:25:00+08:00,32.70000076293945,32.95000076293945,32.70000076293945,32.900001525878906,170170,0.0,0.0
2024-02-15 10:30:00+08:00,32.95000076293945,32.95000076293945,32.79999923706055,32.900001525878906,52077,0.0,0.0
2024-02-15 10:35:00+08:00,32.900001525878906,33.20000076293945,32.900001525878906,33.04999923706055,335059,0.0,0.0
2024-02-15 10:40:00+08:00,33.04999923706055,33.25,33.04999923706055,33.25,261805,0.0,0.0
2024-02-15 10:45:00+08:00,33.25,33.400001525878906,33.25,33.349998474121094,151850,0.0,0.0
2024-02-15 10:50:00+08:00,33.349998474121094,33.349998474121094,33.25,33.25,106601,0.0,0.0
2024-02-15 10:55:00+08:00,33.29999923706055,33.349998474121094,33.25,33.349998474121094,87730,0.0,0.0
2024-02-15 11:00:00+08:00,33.349998474121094,33.400001525878906,33.25,33.349998474121094,152151,0.0,0.0
2024-02-15 11:05:00+08:00,33.400001525878906,33.400001525878906,33.29999923706055,33.29999923706055,123481,0.0,0.0
2024-02-15 11:10:00+08:00,33.29999923706055,33.349998474121094,33.29999923706055,33.349998474121094,41111,0.0,0.0
2024-02-15 11:15:00+08:00,33.349998474121094,33.349998474121094,33.349998474121094,33.349998474121094,22538,0.0,0.0
2024-02-15 11:20:00+08:00,33.349998474121094,33.400001525878906,33.349998474121094,33.349998474121094,47569,0.0,0.0
2024-02-15 11:25:00+08:00,33.349998474121094,33.349998474121094,33.29999923706055,33.29999923706055,35400,0.0,0.0
2024-02-15 11:30:00+08:00,33.349998474121094,33.349998474121094,33.29999923706055,33.349998474121094,20000,0.0,0.0
2024-02-15 11:35:00+08:00,33.29999923706055,33.29999923706055,33.29999923706055,33.29999923706055,24099,0.0,0.0
2024-02-15 11:40:00+08:00,33.29999923706055,33.349998474121094,33.29999923706055,33.29999923706055,45100,0.0,0.0
2024-02-15 11:45:00+08:00,33.25,33.25,33.20000076293945,33.20000076293945,68311,0.0,0.0
2024-02-15 11:50:00+08:00,33.20000076293945,33.20000076293945,33.150001525878906,33.20000076293945,48001,0.0,0.0
2024-02-15 11:55:00+08:00,33.20000076293945,33.25,33.20000076293945,33.20000076293945,51068,0.0,0.0
2024-02-15 12:00:00+08:00,33.20000076293945,33.29999923706055,33.20000076293945,33.29999923706055,43551,0.0,0.0
2024-02-15 12:05:00+08:00,33.29999923706055,33.29999923706055,33.25,33.25,18080,0.0,0.0
2024-02-15 12:10:00+08:00,33.25,33.29999923706055,33.25,33.25,28001,0.0,0.0
2024-02-15 12:15:00+08:00,33.25,33.29999923706055,33.25,33.29999923706055,19240,0.0,0.0
2024-02-15 12:20:00+08:00,33.29999923706055,33.29999923706055,33.20000076293945,33.25,44203,0.0,0.0
2024-02-15 12:25:00+08:00,33.25,33.29999923706055,33.25,33.29999923706055,46101,0.0,0.0
2024-02-15 12:30:00+08:00,33.29999923706055,33.349998474121094,33.25,33.349998474121094,73200,0.0,0.0
2024-02-15 12:35:00+08:00,33.349998474121094,33.5,33.349998474121094,33.5,315462,0.0,0.0
2024-02-15 12:40:00+08:00,33.5,33.79999923706055,33.5,33.79999923706055,300857,0.0,0.0
2024-02-15 12:45:00+08:00,33.79999923706055,33.79999923706055,33.650001525878906,33.79999923706055,191944,0.0,0.0
2024-02-15 12:50:00+08:00,33.79999923706055,33.849998474121094,33.70000076293945,33.75,104162,0.0,0.0
2024-02-15 12:55:00+08:00,33.75,33.75,33.650001525878906,33.75,70187,0.0,0.0
2024-02-15 13:00:00+08:00,33.75,33.79999923706055,33.70000076293945,33.75,72001,0.0,0.0
2024-02-15 13:05:00+08:00,33.79999923706055,33.900001525878906,33.79999923706055,33.849998474121094,146408,0.0,0.0
2024-02-15 13:10:00+08:00,33.849998474121094,33.900001525878906,33.79999923706055,33.849998474121094,102538,0.0,0.0
2024-02-15 13:15:00+08:00,33.849998474121094,33.849998474121094,33.75,33.79999923706055,62498,0.0,0.0
2024-02-15 13:20:00+08:00,33.79999923706055,33.900001525878906,33.79999923706055,33.849998474121094,191481,0.0,0.0
2024-02-16 09:00:00+08:00,34.650001525878906,35.0,34.5,34.849998474121094,0,0.0,0.0
2024-02-16 09:05:00+08:00,34.75,35.400001525878906,34.25,35.400001525878906,1443000,0.0,0.0
2024-02-16 09:10:00+08:00,35.349998474121094,35.45000076293945,35.099998474121094,35.25,821190,0.0,0.0
2024-02-16 09:15:00+08:00,35.25,35.29999923706055,34.849998474121094,34.95000076293945,582224,0.0,0.0
2024-02-16 09:20:00+08:00,34.95000076293945,35.04999923706055,34.900001525878906,35.04999923706055,303840,0.0,0.0
2024-02-16 09:25:00+08:00,35.0,35.150001525878906,35.0,35.0,239518,0.0,0.0
2024-02-16 09:30:00+08:00,35.0,35.04999923706055,34.70000076293945,34.900001525878906,558972,0.0,0.0
2024-02-16 09:35:00+08:00,34.900001525878906,35.04999923706055,34.79999923706055,35.04999923706055,184740,0.0,0.0
2024-02-16 09:40:00+08:00,35.04999923706055,35.400001525878906,35.0,35.400001525878906,607710,0.0,0.0
2024-02-16 09:45:00+08:00,35.400001525878906,35.400001525878906,35.150001525878906,35.150001525878906,250118,0.0,0.0
2024-02-16 09:50:00+08:00,35.099998474121094,35.150001525878906,35.04999923706055,35.099998474121094,130004,0.0,0.0
2024-02-16 09:55:00+08:00,35.04999923706055,35.20000076293945,35.04999923706055,35.20000076293945,111740,0.0,0.0
2024-02-16 10:00:00+08:00,35.20000076293945,35.349998474121094,35.099998474121094,35.150001525878906,153391,0.0,0.0
2024-02-16 10:05:00+08:00,35.150001525878906,36.0,35.099998474121094,35.900001525878906,924080,0.0,0.0
2024-02-16 10:10:00+08:00,35.900001525878906,35.900001525878906,35.650001525878906,35.75,328301,0.0,0.0
2024-02-16 10:15:00+08:00,35.75,35.95000076293945,35.54999923706055,35.900001525878906,520300,0.0,0.0
2024-02-16 10:20:00+08:00,35.95000076293945,36.70000076293945,35.900001525878906,36.20000076293945,835807,0.0,0.0
2024-02-16 10:25:00+08:00,36.20000076293945,36.400001525878906,36.0,36.0,285300,0.0,0.0
2024-02-16 10:30:00+08:00,36.04999923706055,36.09999847412109,35.95000076293945,35.95000076293945,191761,0.0,0.0
2024-02-16 10:35:00+08:00,35.95000076293945,36.0,35.70000076293945,35.849998474121094,312236,0.0,0.0
2024-02-16 10:40:00+08:00,35.79999923706055,35.79999923706055,35.650001525878906,35.650001525878906,105963,0.0,0.0
2024-02-16 10:45:00+08:00,35.650001525878906,35.95000076293945,35.650001525878906,35.900001525878906,167037,0.0,0.0
2024-02-16 10:50:00+08:00,35.900001525878906,35.95000076293945,35.849998474121094,35.95000076293945,39007,0.0,0.0
2024-02-16 10:55:00+08:00,35.95000076293945,36.09999847412109,35.95000076293945,36.09999847412109,121095,0.0,0.0
2024-02-16 11:00:00+08:00,36.04999923706055,36.150001525878906,36.0,36.04999923706055,170009,0.0,0.0
2024-02-16 11:05:00+08:00,36.0,36.0,35.79999923706055,35.79999923706055,113045,0.0,0.0
2024-02-16 11:10:00+08:00,35.79999923706055,35.95000076293945,35.75,35.849998474121094,66025,0.0,0.0
2024-02-16 11:15:00+08:00,35.849998474121094,35.849998474121094,35.75,35.79999923706055,45839,0.0,0.0
2024-02-16 11:20:00+08:00,35.75,35.79999923706055,35.75,35.79999923706055,37108,0.0,0.0
2024-02-16 11:25:00+08:00,35.79999923706055,35.79999923706055,35.54999923706055,35.54999923706055,233104,0.0,0.0
2024-02-16 11:30:00+08:00,35.54999923706055,35.54999923706055,35.400001525878906,35.45000076293945,162130,0.0,0.0
2024-02-16 11:35:00+08:00,35.349998474121094,35.400001525878906,35.349998474121094,35.400001525878906,129775,0.0,0.0
2024-02-16 11:40:00+08:00,35.400001525878906,35.45000076293945,35.29999923706055,35.29999923706055,99003,0.0,0.0
2024-02-16 11:45:00+08:00,35.29999923706055,35.54999923706055,35.29999923706055,35.5,135535,0.0,0.0
2024-02-16 11:50:00+08:00,35.54999923706055,35.70000076293945,35.5,35.650001525878906,62029,0.0,0.0
2024-02-16 11:55:00+08:00,35.599998474121094,35.650001525878906,35.599998474121094,35.599998474121094,45002,0.0,0.0
2024-02-16 12:00:00+08:00,35.599998474121094,35.599998474121094,35.150001525878906,35.25,275823,0.0,0.0
2024-02-16 12:05:00+08:00,35.25,35.45000076293945,35.25,35.349998474121094,23345,0.0,0.0
2024-02-16 12:10:00+08:00,35.349998474121094,35.349998474121094,35.150001525878906,35.20000076293945,128549,0.0,0.0
2024-02-16 12:15:00+08:00,35.20000076293945,35.400001525878906,35.20000076293945,35.400001525878906,61481,0.0,0.0
2024-02-16 12:20:00+08:00,35.400001525878906,35.400001525878906,35.25,35.29999923706055,62153,0.0,0.0
2024-02-16 12:25:00+08:00,35.29999923706055,35.349998474121094,35.29999923706055,35.349998474121094,57216,0.0,0.0
2024-02-16 12:30:00+08:00,35.400001525878906,35.5,35.400001525878906,35.5,52114,0.0,0.0
2024-02-16 12:35:00+08:00,35.5,35.54999923706055,35.5,35.54999923706055,39210,0.0,0.0
2024-02-16 12:40:00+08:00,35.599998474121094,35.650001525878906,35.599998474121094,35.650001525878906,62222,0.0,0.0
2024-02-16 12:45:00+08:00,35.650001525878906,35.70000076293945,35.599998474121094,35.650001525878906,53115,0.0,0.0
2024-02-16 12:50:00+08:00,35.599998474121094,35.599998474121094,35.54999923706055,35.54999923706055,62451,0.0,0.0
2024-02-16 12:55:00+08:00,35.599998474121094,35.599998474121094,35.599998474121094,35.599998474121094,32103,0.0,0.0
2024-02-16 13:00:00+08:00,35.599998474121094,35.599998474121094,35.54999923706055,35.599998474121094,59153,0.0,0.0
2024-02-16 13:05:00+08:00,35.599998474121094,35.599998474121094,35.349998474121094,35.400001525878906,171500,0.0,0.0
2024-02-16 13:10:00+08:00,35.45000076293945,35.599998474121094,35.400001525878906,35.54999923706055,155400,0.0,0.0
2024-02-16 13:15:00+08:00,35.599998474121094,35.650001525878906,35.54999923706055,35.599998474121094,110958,0.0,0.0
2024-02-16 13:20:00+08:00,35.599998474121094,35.650001525878906,35.45000076293945,35.599998474121094,289386,0.0,0.0
2024-02-19 09:00:00+08:00,36.09999847412109,36.650001525878906,36.0,36.45000076293945,0,0.0,0.0
2024-02-19 09:05:00+08:00,36.45000076293945,36.45000076293945,35.79999923706055,36.09999847412109,731000,0.0,0.0
2024-02-19 09:10:00+08:00,36.150001525878906,36.54999923706055,36.150001525878906,36.5,411916,0.0,0.0
2024-02-19 09:15:00+08:00,36.5,36.900001525878906,36.34999847412109,36.84999847412109,643117,0.0,0.0
2024-02-19 09:20:00+08:00,36.79999923706055,36.79999923706055,36.54999923706055,36.59999847412109,402640,0.0,0.0
2024-02-19 09:25:00+08:00,36.54999923706055,36.54999923706055,36.150001525878906,36.5,375536,0.0,0.0
2024-02-19 09:30:00+08:00,36.5,36.59999847412109,36.400001525878906,36.54999923706055,155550,0.0,0.0
2024-02-19 09:35:00+08:00,36.54999923706055,36.79999923706055,36.54999923706055,36.650001525878906,227649,0.0,0.0
2024-02-19 09:40:00+08:00,36.650001525878906,36.79999923706055,36.5,36.5,245047,0.0,0.0
2024-02-19 09:45:00+08:00,36.5,36.84999847412109,36.5,36.84999847412109,330558,0.0,0.0
2024-02-19 09:50:00+08:00,36.84999847412109,37.400001525878906,36.79999923706055,37.25,890075,0.0,0.0
2024-02-19 09:55:00+08:00,37.20000076293945,37.20000076293945,36.95000076293945,37.0,235261,0.0,0.0
2024-02-19 10:00:00+08:00,37.0,37.0,36.70000076293945,36.900001525878906,161147,0.0,0.0
2024-02-19 10:05:00+08:00,36.84999847412109,37.09999847412109,36.84999847412109,37.0,159213,0.0,0.0
2024-02-19 10:10:00+08:00,37.04999923706055,37.20000076293945,37.0,37.09999847412109,171451,0.0,0.0
2024-02-19 10:15:00+08:00,37.04999923706055,37.04999923706055,36.75,36.79999923706055,152798,0.0,0.0
2024-02-19 10:20:00+08:00,36.79999923706055,36.84999847412109,36.75,36.84999847412109,83668,0.0,0.0
2024-02-19 10:25:00+08:00,36.84999847412109,36.84999847412109,36.70000076293945,36.70000076293945,68564,0.0,0.0
2024-02-19 10:30:00+08:00,36.75,36.79999923706055,36.70000076293945,36.70000076293945,168279,0.0,0.0
2024-02-19 10:35:00+08:00,36.70000076293945,37.09999847412109,36.70000076293945,36.95000076293945,162379,0.0,0.0
2024-02-19 10:40:00+08:00,36.900001525878906,37.04999923706055,36.900001525878906,37.04999923706055,287003,0.0,0.0
2024-02-19 10:45:00+08:00,37.0,37.0,36.900001525878906,36.900001525878906,37107,0.0,0.0
2024-02-19 10:50:00+08:00,36.84999847412109,36.84999847412109,36.70000076293945,36.70000076293945,67640,0.0,0.0
2024-02-19 10:55:00+08:00,36.650001525878906,36.70000076293945,36.59999847412109,36.650001525878906,103877,0.0,0.0
2024-02-19 11:00:00+08:00,36.650001525878906,36.70000076293945,36.59999847412109,36.70000076293945,37754,0.0,0.0
2024-02-19 11:05:00+08:00,36.70000076293945,36.79999923706055,36.650001525878906,36.75,98246,0.0,0.0
2024-02-19 11:10:00+08:00,36.75,36.75,36.650001525878906,36.70000076293945,38000,0.0,0.0
2024-02-19 11:15:00+08:00,36.70000076293945,36.70000076293945,36.650001525878906,36.650001525878906,20429,0.0,0.0
2024-02-19 11:20:00+08:00,36.650001525878906,36.70000076293945,36.650001525878906,36.70000076293945,79301,0.0,0.0
2024-02-19 11:25:00+08:00,36.70000076293945,36.900001525878906,36.70000076293945,36.84999847412109,100215,0.0,0.0
2024-02-19 11:30:00+08:00,36.84999847412109,36.900001525878906,36.79999923706055,36.79999923706055,33499,0.0,0.0
2024-02-19 11:35:00+08:00,36.79999923706055,36.84999847412109,36.79999923706055,36.79999923706055,31001,0.0,0.0
2024-02-19 11:40:00+08:00,36.79999923706055,36.84999847412109,36.70000076293945,36.70000076293945,34230,0.0,0.0
2024-02-19 11:45:00+08:00,36.79999923706055,36.79999923706055,36.79999923706055,36.79999923706055,18332,0.0,0.0
2024-02-19 11:50:00+08:00,36.79999923706055,36.79999923706055,36.75,36.75,19101,0.0,0.0
2024-02-19 11:55:00+08:00,36.75,36.84999847412109,36.70000076293945,36.79999923706055,85002,0.0,0.0
2024-02-19 12:00:00+08:00,36.84999847412109,36.900001525878906,36.79999923706055,36.84999847412109,34843,0.0,0.0
2024-02-19 12:05:00+08:00,36.84999847412109,36.900001525878906,36.84999847412109,36.900001525878906,26035,0.0,0.0
2024-02-19 12:10:00+08:00,36.900001525878906,36.95000076293945,36.79999923706055,36.84999847412109,106162,0.0,0.0
2024-02-19 12:15:00+08:00,36.84999847412109,36.95000076293945,36.84999847412109,36.900001525878906,39101,0.0,0.0
2024-02-19 12:20:00+08:00,36.900001525878906,36.900001525878906,36.79999923706055,36.79999923706055,42400,0.0,0.0
2024-02-19 12:25:00+08:00,36.79999923706055,36.900001525878906,36.79999923706055,36.84999847412109,78051,0.0,0.0
2024-02-19 12:30:00+08:00,36.84999847412109,37.0,36.84999847412109,37.0,109195,0.0,0.0
2024-02-19 12:35:00+08:00,37.0,37.0,36.95000076293945,36.95000076293945,41304,0.0,0.0
2024-02-19 12:40:00+08:00,36.95000076293945,36.95000076293945,36.900001525878906,36.900001525878906,23600,0.0,0.0
2024-02-19 12:45:00+08:00,36.900001525878906,36.95000076293945,36.900001525878906,36.95000076293945,33342,0.0,0.0
2024-02-19 12:50:00+08:00,36.95000076293945,36.95000076293945,36.84999847412109,36.84999847412109,51301,0.0,0.0
2024-02-19 12:55:00+08:00,36.900001525878906,36.95000076293945,36.84999847412109,36.900001525878906,35150,0.0,0.0
2024-02-19 13:00:00+08:00,36.900001525878906,36.900001525878906,36.75,36.75,213919,0.0,0.0
2024-02-19 13:05:00+08:00,36.75,36.75,36.34999847412109,36.34999847412109,517379,0.0,0.0
2024-02-19 13:10:00+08:00,36.34999847412109,36.59999847412109,36.34999847412109,36.45000076293945,225096,0.0,0.0
2024-02-19 13:15:00+08:00,36.45000076293945,36.5,36.34999847412109,36.45000076293945,297711,0.0,0.0
2024-02-19 13:20:00+08:00,36.45000076293945,36.59999847412109,36.400001525878906,36.59999847412109,145682,0.0,0.0
2024-02-20 09:00:00+08:00,36.70000076293945,36.70000076293945,35.599998474121094,35.75,0,0.0,0.0
2024-02-20 09:05:00+08:00,35.75,35.95000076293945,35.599998474121094,35.900001525878906,212000,0.0,0.0
2024-02-20 09:10:00+08:00,35.900001525878906,36.20000076293945,35.900001525878906,36.20000076293945,209578,0.0,0.0
2024-02-20 09:15:00+08:00,36.25,36.25,36.0,36.150001525878906,215407,0.0,0.0
2024-02-20 09:20:00+08:00,36.150001525878906,36.150001525878906,36.0,36.04999923706055,151672,0.0,0.0
2024-02-20 09:25:00+08:00,36.04999923706055,36.20000076293945,36.04999923706055,36.150001525878906,107000,0.0,0.0
2024-02-20 09:30:00+08:00,36.150001525878906,36.25,36.09999847412109,36.20000076293945,123202,0.0,0.0
2024-02-20 09:35:00+08:00,36.150001525878906,36.150001525878906,36.09999847412109,36.09999847412109,49569,0.0,0.0
2024-02-20 09:40:00+08:00,36.09999847412109,36.150001525878906,36.04999923706055,36.150001525878906,61246,0.0,0.0
2024-02-20 09:45:00+08:00,36.150001525878906,36.150001525878906,36.04999923706055,36.09999847412109,40552,0.0,0.0
2024-02-20 09:50:00+08:00,36.09999847412109,36.34999847412109,36.0,36.34999847412109,135000,0.0,0.0
2024-02-20 09:55:00+08:00,36.34999847412109,36.54999923706055,36.29999923706055,36.400001525878906,110664,0.0,0.0
2024-02-20 10:00:00+08:00,36.400001525878906,36.400001525878906,36.25,36.25,30527,0.0,0.0
2024-02-20 10:05:00+08:00,36.20000076293945,36.25,36.0,36.09999847412109,59481,0.0,0.0
2024-02-20 10:10:00+08:00,36.04999923706055,36.20000076293945,36.04999923706055,36.150001525878906,56003,0.0,0.0
2024-02-20 10:15:00+08:00,36.20000076293945,36.20000076293945,36.150001525878906,36.20000076293945,30032,0.0,0.0
2024-02-20 10:20:00+08:00,36.150001525878906,36.150001525878906,35.95000076293945,35.95000076293945,228099,0.0,0.0
2024-02-20 10:25:00+08:00,35.95000076293945,35.95000076293945,35.70000076293945,35.79999923706055,428805,0.0,0.0
2024-02-20 10:30:00+08:00,35.75,35.79999923706055,35.75,35.75,47891,0.0,0.0
2024-02-20 10:35:00+08:00,35.75,35.79999923706055,35.70000076293945,35.70000076293945,44076,0.0,0.0
2024-02-20 10:40:00+08:00,35.70000076293945,35.70000076293945,35.54999923706055,35.54999923706055,300960,0.0,0.0
2024-02-20 10:45:00+08:00,35.54999923706055,35.599998474121094,35.54999923706055,35.54999923706055,123468,0.0,0.0
2024-02-20 10:50:00+08:00,35.54999923706055,35.650001525878906,35.54999923706055,35.650001525878906,49175,0.0,0.0
2024-02-20 10:55:00+08:00,35.650001525878906,35.70000076293945,35.599998474121094,35.650001525878906,40631,0.0,0.0
2024-02-20 11:00:00+08:00,35.650001525878906,35.70000076293945,35.650001525878906,35.650001525878906,18304,0.0,0.0
2024-02-20 11:05:00+08:00,35.650001525878906,35.650001525878906,35.599998474121094,35.650001525878906,28100,0.0,0.0
2024-02-20 11:10:00+08:00,35.650001525878906,35.650001525878906,35.599998474121094,35.599998474121094,54137,0.0,0.0
2024-02-20 11:15:00+08:00,35.599998474121094,35.599998474121094,35.54999923706055,35.54999923706055,26111,0.0,0.0
2024-02-20 11:20:00+08:00,35.54999923706055,35.54999923706055,35.5,35.54999923706055,149202,0.0,0.0
2024-02-20 11:25:00+08:00,35.5,35.599998474121094,35.5,35.54999923706055,42051,0.0,0.0
2024-02-20 11:30:00+08:00,35.54999923706055,35.54999923706055,35.400001525878906,35.400001525878906,155282,0.0,0.0
2024-02-20 11:35:00+08:00,35.400001525878906,35.45000076293945,35.400001525878906,35.400001525878906,60355,0.0,0.0
2024-02-20 11:40:00+08:00,35.400001525878906,35.45000076293945,35.349998474121094,35.349998474121094,47920,0.0,0.0
2024-02-20 11:45:00+08:00,35.349998474121094,35.45000076293945,35.349998474121094,35.45000076293945,39109,0.0,0.0
2024-02-20 11:50:00+08:00,35.5,35.5,35.400001525878906,35.5,67170,0.0,0.0
2024-02-20 11:55:00+08:00,35.5,35.599998474121094,35.45000076293945,35.54999923706055,27101,0.0,0.0
2024-02-20 12:00:00+08:00,35.54999923706055,35.54999923706055,35.45000076293945,35.45000076293945,39286,0.0,0.0
2024-02-20 12:05:00+08:00,35.45000076293945,35.5,35.45000076293945,35.45000076293945,29040,0.0,0.0
2024-02-20 12:10:00+08:00,35.45000076293945,35.45000076293945,35.349998474121094,35.349998474121094,56163,0.0,0.0
2024-02-20 12:15:00+08:00,35.349998474121094,35.400001525878906,35.349998474121094,35.400001525878906,133019,0.0,0.0
2024-02-20 12:20:00+08:00,35.400001525878906,35.400001525878906,35.29999923706055,35.400001525878906,72317,0.0,0.0
2024-02-20 12:25:00+08:00,35.400001525878906,35.5,35.400001525878906,35.5,105672,0.0,0.0
2024-02-20 12:30:00+08:00,35.45000076293945,35.5,35.45000076293945,35.5,28015,0.0,0.0
2024-02-20 12:35:00+08:00,35.5,35.70000076293945,35.5,35.70000076293945,89945,0.0,0.0
2024-02-20 12:40:00+08:00,35.70000076293945,35.849998474121094,35.70000076293945,35.849998474121094,41840,0.0,0.0
2024-02-20 12:45:00+08:00,35.849998474121094,35.849998474121094,35.79999923706055,35.849998474121094,81083,0.0,0.0
2024-02-20 12:50:00+08:00,35.849998474121094,35.849998474121094,35.79999923706055,35.849998474121094,43080,0.0,0.0
2024-02-20 12:55:00+08:00,35.79999923706055,36.0,35.75,35.95000076293945,102048,0.0,0.0
2024-02-20 13:00:00+08:00,35.95000076293945,36.04999923706055,35.79999923706055,35.900001525878906,94141,0.0,0.0
2024-02-20 13:05:00+08:00,35.900001525878906,35.95000076293945,35.900001525878906,35.900001525878906,61102,0.0,0.0
2024-02-20 13:10:00+08:00,35.900001525878906,36.0,35.900001525878906,35.95000076293945,71600,0.0,0.0
2024-02-20 13:15:00+08:00,35.95000076293945,36.0,35.900001525878906,35.95000076293945,57344,0.0,0.0
2024-02-20 13:20:00+08:00,35.900001525878906,35.95000076293945,35.79999923706055,35.900001525878906,74157,0.0,0.0
2024-02-21 09:00:00+08:00,35.54999923706055,35.900001525878906,35.5,35.75,0,0.0,0.0
2024-02-21 09:05:00+08:00,35.70000076293945,35.849998474121094,35.70000076293945,35.79999923706055,45000,0.0,0.0
2024-02-21 09:10:00+08:00,35.79999923706055,35.849998474121094,35.70000076293945,35.70000076293945,69645,0.0,0.0
2024-02-21 09:15:00+08:00,35.70000076293945,35.75,35.650001525878906,35.70000076293945,55656,0.0,0.0
2024-02-21 09:20:00+08:00,35.70000076293945,35.70000076293945,35.45000076293945,35.45000076293945,155201,0.0,0.0
2024-02-21 09:25:00+08:00,35.5,35.5,35.45000076293945,35.45000076293945,49038,0.0,0.0
2024-02-21 09:30:00+08:00,35.45000076293945,35.5,35.29999923706055,35.349998474121094,226908,0.0,0.0
2024-02-21 09:35:00+08:00,35.400001525878906,35.45000076293945,35.400001525878906,35.45000076293945,24292,0.0,0.0
2024-02-21 09:40:00+08:00,35.5,35.599998474121094,35.45000076293945,35.599998474121094,49100,0.0,0.0
2024-02-21 09:45:00+08:00,35.54999923706055,35.54999923706055,35.54999923706055,35.54999923706055,20001,0.0,0.0
2024-02-21 09:50:00+08:00,35.54999923706055,35.54999923706055,35.54999923706055,35.54999923706055,10000,0.0,0.0
2024-02-21 09:55:00+08:00,35.54999923706055,35.650001525878906,35.54999923706055,35.650001525878906,19001,0.0,0.0
2024-02-21 10:00:00+08:00,35.650001525878906,35.650001525878906,35.54999923706055,35.54999923706055,10100,0.0,0.0
2024-02-21 10:05:00+08:00,35.54999923706055,35.650001525878906,35.54999923706055,35.650001525878906,25131,0.0,0.0
2024-02-21 10:10:00+08:00,35.650001525878906,35.650001525878906,35.650001525878906,35.650001525878906,17375,0.0,0.0
2024-02-21 10:15:00+08:00,35.650001525878906,35.70000076293945,35.599998474121094,35.70000076293945,26024,0.0,0.0
2024-02-21 10:20:00+08:00,35.650001525878906,35.70000076293945,35.599998474121094,35.70000076293945,42095,0.0,0.0
2024-02-21 10:25:00+08:00,35.70000076293945,35.75,35.650001525878906,35.75,57002,0.0,0.0
2024-02-21 10:30:00+08:00,35.75,35.75,35.75,35.75,13312,0.0,0.0
2024-02-21 10:35:00+08:00,35.75,35.79999923706055,35.75,35.79999923706055,36680,0.0,0.0
2024-02-21 10:40:00+08:00,35.75,35.79999923706055,35.75,35.79999923706055,14152,0.0,0.0
2024-02-21 10:45:00+08:00,35.849998474121094,36.0,35.79999923706055,35.900001525878906,115400,0.0,0.0
2024-02-21 10:50:00+08:00,35.95000076293945,35.95000076293945,35.849998474121094,35.849998474121094,69000,0.0,0.0
2024-02-21 10:55:00+08:00,35.849998474121094,35.900001525878906,35.849998474121094,35.900001525878906,13000,0.0,0.0
2024-02-21 11:00:00+08:00,35.900001525878906,35.95000076293945,35.79999923706055,35.900001525878906,119101,0.0,0.0
2024-02-21 11:05:00+08:00,35.849998474121094,35.849998474121094,35.79999923706055,35.79999923706055,17300,0.0,0.0
2024-02-21 11:10:00+08:00,35.79999923706055,35.849998474121094,35.79999923706055,35.849998474121094,7002,0.0,0.0
2024-02-21 11:15:00+08:00,35.849998474121094,35.900001525878906,35.849998474121094,35.849998474121094,36000,0.0,0.0
2024-02-21 11:20:00+08:00,35.849998474121094,35.849998474121094,35.79999923706055,35.79999923706055,65003,0.0,0.0
2024-02-21 11:25:00+08:00,35.849998474121094,35.849998474121094,35.79999923706055,35.79999923706055,11101,0.0,0.0
2024-02-21 11:30:00+08:00,35.79999923706055,35.79999923706055,35.75,35.75,24610,0.0,0.0
2024-02-21 11:35:00+08:00,35.75,35.75,35.75,35.75,14000,0.0,0.0
2024-02-21 11:40:00+08:00,35.75,35.849998474121094,35.75,35.849998474121094,19216,0.0,0.0
2024-02-21 11:45:00+08:00,35.849998474121094,35.849998474121094,35.849998474121094,35.849998474121094,9000,0.0,0.0
2024-02-21 11:50:00+08:00,35.849998474121094,35.849998474121094,35.79999923706055,35.79999923706055,20237,0.0,0.0
2024-02-21 11:55:00+08:00,35.849998474121094,35.849998474121094,35.849998474121094,35.849998474121094,4000,0.0,0.0
2024-02-21 12:00:00+08:00,35.849998474121094,35.849998474121094,35.70000076293945,35.70000076293945,83439,0.0,0.0
2024-02-21 12:05:00+08:00,35.70000076293945,35.75,35.70000076293945,35.75,2000,0.0,0.0
2024-02-21 12:10:00+08:00,35.75,35.75,35.75,35.75,5015,0.0,0.0
2024-02-21 12:15:00+08:00,35.75,35.75,35.70000076293945,35.75,20057,0.0,0.0
2024-02-21 12:20:00+08:00,35.75,35.75,35.70000076293945,35.75,24001,0.0,0.0
2024-02-21 12:25:00+08:00,35.70000076293945,35.75,35.70000076293945,35.70000076293945,22154,0.0,0.0
2024-02-21 12:30:00+08:00,35.70000076293945,35.70000076293945,35.599998474121094,35.650001525878906,40487,0.0,0.0
2024-02-21 12:35:00+08:00,35.650001525878906,35.650001525878906,35.599998474121094,35.599998474121094,10137,0.0,0.0
2024-02-21 12:40:00+08:00,35.599998474121094,35.650001525878906,35.54999923706055,35.54999923706055,77701,0.0,0.0
2024-02-21 12:45:00+08:00,35.54999923706055,35.599998474121094,35.54999923706055,35.54999923706055,17690,0.0,0.0
2024-02-21 12:50:00+08:00,35.54999923706055,35.54999923706055,35.54999923706055,35.54999923706055,27175,0.0,0.0
2024-02-21 12:55:00+08:00,35.54999923706055,35.599998474121094,35.54999923706055,35.599998474121094,14360,0.0,0.0
2024-02-21 13:00:00+08:00,35.54999923706055,35.599998474121094,35.54999923706055,35.54999923706055,62050,0.0,0.0
2024-02-21 13:05:00+08:00,35.54999923706055,35.599998474121094,35.5,35.599998474121094,34301,0.0,0.0
2024-02-21 13:10:00+08:00,35.54999923706055,35.54999923706055,35.5,35.54999923706055,56177,0.0,0.0
2024-02-21 13:15:00+08:00,35.5,35.54999923706055,35.45000076293945,35.45000076293945,111130,0.0,0.0
2024-02-21 13:20:00+08:00,35.45000076293945,35.54999923706055,35.45000076293945,35.5,49948,0.0,0.0
2024-02-22 09:00:00+08:00,35.45000076293945,35.54999923706055,35.150001525878906,35.25,234000,0.0,0.0
2024-02-22 09:05:00+08:00,35.25,35.5,35.25,35.400001525878906,49000,0.0,0.0
2024-02-22 09:10:00+08:00,35.349998474121094,35.5,35.349998474121094,35.400001525878906,95233,0.0,0.0
2024-02-22 09:15:00+08:00,35.400001525878906,35.400001525878906,35.20000076293945,35.20000076293945,132295,0.0,0.0
2024-02-22 09:20:00+08:00,35.20000076293945,35.29999923706055,35.20000076293945,35.29999923706055,55638,0.0,0.0
2024-02-22 09:25:00+08:00,35.29999923706055,35.349998474121094,35.29999923706055,35.349998474121094,37000,0.0,0.0
2024-02-22 09:30:00+08:00,35.349998474121094,35.349998474121094,35.29999923706055,35.349998474121094,38009,0.0,0.0
2024-02-22 09:35:00+08:00,35.349998474121094,35.349998474121094,35.29999923706055,35.29999923706055,22057,0.0,0.0
2024-02-22 09:40:00+08:00,35.25,35.29999923706055,35.20000076293945,35.20000076293945,98151,0.0,0.0
2024-02-22 09:45:00+08:00,35.20000076293945,35.25,35.150001525878906,35.20000076293945,142071,0.0,0.0
2024-02-22 09:50:00+08:00,35.20000076293945,35.349998474121094,35.150001525878906,35.150001525878906,102330,0.0,0.0
2024-02-22 09:55:00+08:00,35.20000076293945,35.20000076293945,35.150001525878906,35.20000076293945,27145,0.0,0.0
2024-02-22 10:00:00+08:00,35.20000076293945,35.20000076293945,35.150001525878906,35.20000076293945,47019,0.0,0.0
2024-02-22 10:05:00+08:00,35.20000076293945,35.20000076293945,35.20000076293945,35.20000076293945,89050,0.0,0.0
2024-02-22 10:10:00+08:00,35.20000076293945,35.25,35.150001525878906,35.25,26111,0.0,0.0
2024-02-22 10:15:00+08:00,35.25,35.25,35.20000076293945,35.20000076293945,33000,0.0,0.0
2024-02-22 10:20:00+08:00,35.20000076293945,35.25,35.20000076293945,35.25,10200,0.0,0.0
2024-02-22 10:25:00+08:00,35.25,35.25,35.20000076293945,35.20000076293945,28250,0.0,0.0
2024-02-22 10:30:00+08:00,35.25,35.25,35.150001525878906,35.150001525878906,25300,0.0,0.0
2024-02-22 10:35:00+08:00,35.150001525878906,35.20000076293945,35.150001525878906,35.150001525878906,15148,0.0,0.0
2024-02-22 10:40:00+08:00,35.150001525878906,35.20000076293945,35.150001525878906,35.20000076293945,28265,0.0,0.0
2024-02-22 10:45:00+08:00,35.20000076293945,35.20000076293945,35.150001525878906,35.150001525878906,35001,0.0,0.0
2024-02-22 10:50:00+08:00,35.20000076293945,35.20000076293945,35.150001525878906,35.150001525878906,7075,0.0,0.0
2024-02-22 10:55:00+08:00,35.20000076293945,35.25,35.20000076293945,35.20000076293945,48050,0.0,0.0
2024-02-22 11:00:00+08:00,35.20000076293945,35.29999923706055,35.20000076293945,35.29999923706055,54000,0.0,0.0
2024-02-22 11:05:00+08:00,35.29999923706055,35.349998474121094,35.29999923706055,35.29999923706055,60051,0.0,0.0
2024-02-22 11:10:00+08:00,35.29999923706055,35.349998474121094,35.29999923706055,35.29999923706055,15050,0.0,0.0
2024-02-22 11:15:00+08:00,35.29999923706055,35.29999923706055,35.25,35.25,15301,0.0,0.0
2024-02-22 11:20:00+08:00,35.29999923706055,35.29999923706055,35.25,35.25,6050,0.0,0.0
2024-02-22 11:25:00+08:00,35.25,35.25,35.25,35.25,19100,0.0,0.0
2024-02-22 11:30:00+08:00,35.20000076293945,35.25,35.150001525878906,35.150001525878906,34185,0.0,0.0
2024-02-22 11:35:00+08:00,35.20000076293945,35.20000076293945,35.20000076293945,35.20000076293945,45103,0.0,0.0
2024-02-22 11:40:00+08:00,35.20000076293945,35.20000076293945,35.20000076293945,35.20000076293945,10161,0.0,0.0
2024-02-22 11:45:00+08:00,35.20000076293945,35.25,35.20000076293945,35.20000076293945,7000,0.0,0.0
2024-02-22 11:50:00+08:00,35.20000076293945,35.20000076293945,35.20000076293945,35.20000076293945,7185,0.0,0.0
2024-02-22 11:55:00+08:00,35.20000076293945,35.25,35.150001525878906,35.150001525878906,100039,0.0,0.0
2024-02-22 12:00:00+08:00,35.150001525878906,35.20000076293945,35.099998474121094,35.150001525878906,30973,0.0,0.0
2024-02-22 12:05:00+08:00,35.150001525878906,35.20000076293945,35.150001525878906,35.20000076293945,20604,0.0,0.0
2024-02-22 12:10:00+08:00,35.20000076293945,35.20000076293945,35.150001525878906,35.150001525878906,8000,0.0,0.0
2024-02-22 12:15:00+08:00,35.150001525878906,35.20000076293945,35.150001525878906,35.20000076293945,22683,0.0,0.0
2024-02-22 12:20:00+08:00,35.20000076293945,35.20000076293945,35.20000076293945,35.20000076293945,12262,0.0,0.0
2024-02-22 12:25:00+08:00,35.20000076293945,35.20000076293945,35.150001525878906,35.20000076293945,9043,0.0,0.0
2024-02-22 12:30:00+08:00,35.150001525878906,35.20000076293945,35.150001525878906,35.20000076293945,23030,0.0,0.0
2024-02-22 12:35:00+08:00,35.20000076293945,35.20000076293945,35.150001525878906,35.150001525878906,17252,0.0,0.0
2024-02-22 12:40:00+08:00,35.20000076293945,35.20000076293945,35.150001525878906,35.150001525878906,37402,0.0,0.0
2024-02-22 12:45:00+08:00,35.150001525878906,35.150001525878906,35.150001525878906,35.150001525878906,16500,0.0,0.0
2024-02-22 12:50:00+08:00,35.150001525878906,35.150001525878906,35.099998474121094,35.099998474121094,44359,0.0,0.0
2024-02-22 12:55:00+08:00,35.099998474121094,35.150001525878906,35.099998474121094,35.150001525878906,22874,0.0,0.0
2024-02-22 13:00:00+08:00,35.099998474121094,35.150001525878906,35.099998474121094,35.099998474121094,29000,0.0,0.0
2024-02-22 13:05:00+08:00,35.099998474121094,35.099998474121094,35.04999923706055,35.04999923706055,137470,0.0,0.0
2024-02-22 13:10:00+08:00,35.099998474121094,35.099998474121094,35.0,35.04999923706055,89402,0.0,0.0
2024-02-22 13:15:00+08:00,35.0,35.04999923706055,35.0,35.0,63121,0.0,0.0
2024-02-22 13:20:00+08:00,35.0,35.04999923706055,35.0,35.04999923706055,134085,0.0,0.0
2024-02-23 09:00:00+08:00,35.150001525878906,35.45000076293945,34.95000076293945,35.0,0,0.0,0.0
2024-02-23 09:05:00+08:00,34.95000076293945,35.04999923706055,34.900001525878906,35.04999923706055,66806,0.0,0.0
2024-02-23 09:10:00+08:00,35.04999923706055,35.099998474121094,35.04999923706055,35.04999923706055,118112,0.0,0.0
2024-02-23 09:15:00+08:00,35.099998474121094,35.150001525878906,35.04999923706055,35.099998474121094,27025,0.0,0.0
2024-02-23 09:20:00+08:00,35.099998474121094,35.150001525878906,35.099998474121094,35.099998474121094,13075,0.0,0.0
2024-02-23 09:25:00+08:00,35.099998474121094,35.150001525878906,35.099998474121094,35.150001525878906,34000,0.0,0.0
2024-02-23 09:30:00+08:00,35.150001525878906,35.20000076293945,35.099998474121094,35.099998474121094,46020,0.0,0.0
2024-02-23 09:35:00+08:00,35.099998474121094,35.099998474121094,35.099998474121094,35.099998474121094,38018,0.0,0.0
2024-02-23 09:40:00+08:00,35.099998474121094,35.150001525878906,35.099998474121094,35.150001525878906,6102,0.0,0.0
2024-02-23 09:45:00+08:00,35.099998474121094,35.150001525878906,35.099998474121094,35.099998474121094,19000,0.0,0.0
2024-02-23 09:50:00+08:00,35.099998474121094,35.150001525878906,35.099998474121094,35.150001525878906,44091,0.0,0.0
2024-02-23 09:55:00+08:00,35.150001525878906,35.150001525878906,35.099998474121094,35.150001525878906,34010,0.0,0.0
2024-02-23 10:00:00+08:00,35.150001525878906,35.150001525878906,35.150001525878906,35.150001525878906,51001,0.0,0.0
2024-02-23 10:05:00+08:00,35.150001525878906,35.20000076293945,35.150001525878906,35.20000076293945,29306,0.0,0.0
2024-02-23 10:10:00+08:00,35.20000076293945,35.349998474121094,35.20000076293945,35.25,66143,0.0,0.0
2024-02-23 10:15:00+08:00,35.25,35.25,35.25,35.25,36250,0.0,0.0
2024-02-23 10:20:00+08:00,35.25,35.349998474121094,35.25,35.349998474121094,45195,0.0,0.0
2024-02-23 10:25:00+08:00,35.349998474121094,35.400001525878906,35.349998474121094,35.400001525878906,72001,0.0,0.0
2024-02-23 10:30:00+08:00,35.400001525878906,35.400001525878906,35.29999923706055,35.29999923706055,93300,0.0,0.0
2024-02-23 10:35:00+08:00,35.25,35.29999923706055,35.25,35.29999923706055,3574,0.0,0.0
2024-02-23 10:40:00+08:00,35.29999923706055,35.29999923706055,35.25,35.29999923706055,45301,0.0,0.0
2024-02-23 10:45:00+08:00,35.25,35.25,35.25,35.25,7000,0.0,0.0
2024-02-23 10:50:00+08:00,35.25,35.29999923706055,35.25,35.25,3001,0.0,0.0
2024-02-23 10:55:00+08:00,35.25,35.25,35.150001525878906,35.150001525878906,113087,0.0,0.0
2024-02-23 11:00:00+08:00,35.150001525878906,35.150001525878906,35.150001525878906,35.150001525878906,12000,0.0,0.0
2024-02-23 11:05:00+08:00,35.150001525878906,35.150001525878906,35.099998474121094,35.099998474121094,118200,0.0,0.0
2024-02-23 11:10:00+08:00,35.04999923706055,35.099998474121094,35.04999923706055,35.099998474121094,22023,0.0,0.0
2024-02-23 11:15:00+08:00,35.099998474121094,35.150001525878906,35.099998474121094,35.150001525878906,18200,0.0,0.0
2024-02-23 11:20:00+08:00,35.150001525878906,35.150001525878906,35.150001525878906,35.150001525878906,19101,0.0,0.0
2024-02-23 11:25:00+08:00,35.150001525878906,35.150001525878906,35.0,35.0,82001,0.0,0.0
2024-02-23 11:30:00+08:00,35.099998474121094,35.099998474121094,35.04999923706055,35.04999923706055,46000,0.0,0.0
2024-02-23 11:35:00+08:00,35.04999923706055,35.04999923706055,35.04999923706055,35.04999923706055,16002,0.0,0.0
2024-02-23 11:40:00+08:00,35.04999923706055,35.099998474121094,35.0,35.0,50237,0.0,0.0
2024-02-23 11:45:00+08:00,35.0,35.04999923706055,35.0,35.0,93016,0.0,0.0
2024-02-23 11:50:00+08:00,35.0,35.04999923706055,35.0,35.04999923706055,33180,0.0,0.0
2024-02-23 11:55:00+08:00,35.04999923706055,35.04999923706055,35.0,35.0,13020,0.0,0.0
2024-02-23 12:00:00+08:00,35.0,35.0,35.0,35.0,13254,0.0,0.0
2024-02-23 12:05:00+08:00,35.0,35.099998474121094,35.0,35.04999923706055,60002,0.0,0.0
2024-02-23 12:10:00+08:00,35.04999923706055,35.04999923706055,35.0,35.0,13065,0.0,0.0
2024-02-23 12:15:00+08:00,35.04999923706055,35.04999923706055,35.0,35.0,8101,0.0,0.0
2024-02-23 12:20:00+08:00,35.0,35.04999923706055,35.0,35.04999923706055,48100,0.0,0.0
2024-02-23 12:25:00+08:00,35.04999923706055,35.099998474121094,35.04999923706055,35.099998474121094,36052,0.0,0.0
2024-02-23 12:30:00+08:00,35.099998474121094,35.099998474121094,35.04999923706055,35.099998474121094,13300,0.0,0.0
2024-02-23 12:35:00+08:00,35.099998474121094,35.099998474121094,35.099998474121094,35.099998474121094,6808,0.0,0.0
2024-02-23 12:40:00+08:00,35.099998474121094,35.099998474121094,35.099998474121094,35.099998474121094,27001,0.0,0.0
2024-02-23 12:45:00+08:00,35.099998474121094,35.099998474121094,35.04999923706055,35.04999923706055,8030,0.0,0.0
2024-02-23 12:50:00+08:00,35.04999923706055,35.099998474121094,35.04999923706055,35.099998474121094,29100,0.0,0.0
2024-02-23 12:55:00+08:00,35.099998474121094,35.099998474121094,35.04999923706055,35.04999923706055,15001,0.0,0.0
2024-02-23 13:00:00+08:00,35.04999923706055,35.04999923706055,35.0,35.0,75001,0.0,0.0
2024-02-23 13:05:00+08:00,35.0,35.04999923706055,35.0,35.0,28571,0.0,0.0
2024-02-23 13:10:00+08:00,35.04999923706055,35.04999923706055,35.0,35.0,5300,0.0,0.0
2024-02-23 13:15:00+08:00,35.0,35.0,35.0,35.0,41250,0.0,0.0
2024-02-23 13:20:00+08:00,35.0,35.0,34.900001525878906,34.900001525878906,116917,0.0,0.0
2024-02-26 09:00:00+08:00,34.849998474121094,35.45000076293945,34.849998474121094,35.45000076293945,0,0.0,0.0
2024-02-26 09:05:00+08:00,35.400001525878906,35.599998474121094,35.400001525878906,35.599998474121094,278000,0.0,0.0
2024-02-26 09:10:00+08:00,35.599998474121094,36.0,35.54999923706055,35.95000076293945,239086,0.0,0.0
2024-02-26 09:15:00+08:00,35.95000076293945,36.150001525878906,35.900001525878906,35.900001525878906,323892,0.0,0.0
2024-02-26 09:20:00+08:00,35.95000076293945,36.34999847412109,35.849998474121094,36.29999923706055,379186,0.0,0.0
2024-02-26 09:25:00+08:00,36.34999847412109,36.34999847412109,35.95000076293945,36.04999923706055,183650,0.0,0.0
2024-02-26 09:30:00+08:00,36.04999923706055,36.20000076293945,36.04999923706055,36.150001525878906,75740,0.0,0.0
2024-02-26 09:35:00+08:00,36.150001525878906,36.150001525878906,36.09999847412109,36.09999847412109,76051,0.0,0.0
2024-02-26 09:40:00+08:00,36.04999923706055,36.09999847412109,36.04999923706055,36.04999923706055,84702,0.0,0.0
2024-02-26 09:45:00+08:00,36.04999923706055,36.25,36.0,36.25,148131,0.0,0.0
2024-02-26 09:50:00+08:00,36.25,36.25,36.09999847412109,36.09999847412109,40509,0.0,0.0
2024-02-26 09:55:00+08:00,36.150001525878906,36.20000076293945,36.09999847412109,36.150001525878906,43051,0.0,0.0
2024-02-26 10:00:00+08:00,36.150001525878906,36.150001525878906,36.09999847412109,36.150001525878906,24150,0.0,0.0
2024-02-26 10:05:00+08:00,36.09999847412109,36.34999847412109,36.09999847412109,36.29999923706055,201080,0.0,0.0
2024-02-26 10:10:00+08:00,36.29999923706055,36.45000076293945,36.29999923706055,36.400001525878906,244444,0.0,0.0
2024-02-26 10:15:00+08:00,36.400001525878906,36.650001525878906,36.400001525878906,36.59999847412109,269338,0.0,0.0
2024-02-26 10:20:00+08:00,36.650001525878906,36.650001525878906,36.34999847412109,36.400001525878906,107480,0.0,0.0
2024-02-26 10:25:00+08:00,36.34999847412109,36.400001525878906,36.150001525878906,36.150001525878906,77762,0.0,0.0
2024-02-26 10:30:00+08:00,36.150001525878906,36.20000076293945,36.150001525878906,36.20000076293945,30026,0.0,0.0
2024-02-26 10:35:00+08:00,36.25,36.400001525878906,36.25,36.29999923706055,78024,0.0,0.0
2024-02-26 10:40:00+08:00,36.34999847412109,36.5,36.29999923706055,36.45000076293945,70613,0.0,0.0
2024-02-26 10:45:00+08:00,36.45000076293945,36.45000076293945,36.29999923706055,36.34999847412109,68406,0.0,0.0
2024-02-26 10:50:00+08:00,36.29999923706055,36.34999847412109,36.29999923706055,36.34999847412109,42016,0.0,0.0
2024-02-26 10:55:00+08:00,36.34999847412109,36.400001525878906,36.34999847412109,36.34999847412109,70281,0.0,0.0
2024-02-26 11:00:00+08:00,36.34999847412109,36.34999847412109,36.34999847412109,36.34999847412109,9050,0.0,0.0
2024-02-26 11:05:00+08:00,36.34999847412109,36.34999847412109,36.34999847412109,36.34999847412109,26200,0.0,0.0
2024-02-26 11:10:00+08:00,36.34999847412109,36.34999847412109,36.34999847412109,36.34999847412109,42001,0.0,0.0
2024-02-26 11:15:00+08:00,36.34999847412109,36.400001525878906,36.34999847412109,36.400001525878906,30201,0.0,0.0
2024-02-26 11:20:00+08:00,36.34999847412109,36.400001525878906,36.34999847412109,36.34999847412109,19028,0.0,0.0
2024-02-26 11:25:00+08:00,36.34999847412109,36.34999847412109,36.34999847412109,36.34999847412109,20657,0.0,0.0
2024-02-26 11:30:00+08:00,36.34999847412109,36.400001525878906,36.34999847412109,36.34999847412109,12000,0.0,0.0
2024-02-26 11:35:00+08:00,36.34999847412109,36.45000076293945,36.34999847412109,36.45000076293945,80001,0.0,0.0
2024-02-26 11:40:00+08:00,36.400001525878906,36.45000076293945,36.400001525878906,36.45000076293945,50062,0.0,0.0
2024-02-26 11:45:00+08:00,36.45000076293945,36.45000076293945,36.45000076293945,36.45000076293945,27623,0.0,0.0
2024-02-26 11:50:00+08:00,36.45000076293945,36.5,36.45000076293945,36.45000076293945,11000,0.0,0.0
2024-02-26 11:55:00+08:00,36.45000076293945,36.5,36.45000076293945,36.45000076293945,76201,0.0,0.0
2024-02-26 12:00:00+08:00,36.45000076293945,36.45000076293945,36.400001525878906,36.400001525878906,29309,0.0,0.0
2024-02-26 12:05:00+08:00,36.400001525878906,36.400001525878906,36.34999847412109,36.400001525878906,72002,0.0,0.0
2024-02-26 12:10:00+08:00,36.34999847412109,36.400001525878906,36.34999847412109,36.400001525878906,30089,0.0,0.0
2024-02-26 12:15:00+08:00,36.400001525878906,36.400001525878906,36.34999847412109,36.34999847412109,27056,0.0,0.0
2024-02-26 12:20:00+08:00,36.34999847412109,36.34999847412109,36.34999847412109,36.34999847412109,24100,0.0,0.0
2024-02-26 12:25:00+08:00,36.400001525878906,36.400001525878906,36.34999847412109,36.34999847412109,40287,0.0,0.0
2024-02-26 12:30:00+08:00,36.400001525878906,36.400001525878906,36.34999847412109,36.400001525878906,16150,0.0,0.0
2024-02-26 12:35:00+08:00,36.400001525878906,36.400001525878906,36.29999923706055,36.34999847412109,97406,0.0,0.0
2024-02-26 12:40:00+08:00,36.29999923706055,36.34999847412109,36.25,36.29999923706055,65029,0.0,0.0
2024-02-26 12:45:00+08:00,36.29999923706055,36.29999923706055,36.25,36.25,41828,0.0,0.0
2024-02-26 12:50:00+08:00,36.20000076293945,36.20000076293945,36.150001525878906,36.150001525878906,76134,0.0,0.0
2024-02-26 12:55:00+08:00,36.150001525878906,36.20000076293945,36.09999847412109,36.20000076293945,122608,0.0,0.0
2024-02-26 13:00:00+08:00,36.20000076293945,36.29999923706055,36.20000076293945,36.20000076293945,43258,0.0,0.0
2024-02-26 13:05:00+08:00,36.25,36.29999923706055,36.20000076293945,36.29999923706055,85134,0.0,0.0
2024-02-26 13:10:00+08:00,36.29999923706055,36.34999847412109,36.25,36.29999923706055,82107,0.0,0.0
2024-02-26 13:15:00+08:00,36.34999847412109,36.400001525878906,36.29999923706055,36.34999847412109,94136,0.0,0.0
2024-02-26 13:20:00+08:00,36.29999923706055,36.45000076293945,36.29999923706055,36.45000076293945,179068,0.0,0.0
2024-02-27 09:00:00+08:00,36.29999923706055,36.29999923706055,35.79999923706055,35.900001525878906,0,0.0,0.0
2024-02-27 09:05:00+08:00,35.849998474121094,36.150001525878906,35.849998474121094,36.09999847412109,101000,0.0,0.0
2024-02-27 09:10:00+08:00,36.04999923706055,36.09999847412109,36.0,36.04999923706055,93256,0.0,0.0
2024-02-27 09:15:00+08:00,36.04999923706055,36.04999923706055,35.95000076293945,36.0,98542,0.0,0.0
2024-02-27 09:20:00+08:00,35.95000076293945,36.0,35.95000076293945,36.0,38951,0.0,0.0
2024-02-27 09:25:00+08:00,36.04999923706055,36.04999923706055,36.0,36.0,22102,0.0,0.0
2024-02-27 09:30:00+08:00,36.0,36.04999923706055,36.0,36.04999923706055,12100,0.0,0.0
2024-02-27 09:35:00+08:00,36.04999923706055,36.04999923706055,35.95000076293945,35.95000076293945,114001,0.0,0.0
2024-02-27 09:40:00+08:00,35.95000076293945,36.0,35.95000076293945,35.95000076293945,19109,0.0,0.0
2024-02-27 09:45:00+08:00,35.95000076293945,35.95000076293945,35.650001525878906,35.70000076293945,297267,0.0,0.0
2024-02-27 09:50:00+08:00,35.70000076293945,35.75,35.70000076293945,35.75,34476,0.0,0.0
2024-02-27 09:55:00+08:00,35.75,35.79999923706055,35.75,35.75,47083,0.0,0.0
2024-02-27 10:00:00+08:00,35.75,35.75,35.349998474121094,35.400001525878906,254830,0.0,0.0
2024-02-27 10:05:00+08:00,35.400001525878906,35.45000076293945,35.349998474121094,35.400001525878906,104952,0.0,0.0
2024-02-27 10:10:00+08:00,35.349998474121094,35.349998474121094,35.150001525878906,35.20000076293945,152673,0.0,0.0
2024-02-27 10:15:00+08:00,35.20000076293945,35.20000076293945,35.0,35.04999923706055,180513,0.0,0.0
2024-02-27 10:20:00+08:00,35.099998474121094,35.20000076293945,35.099998474121094,35.150001525878906,33350,0.0,0.0
2024-02-27 10:25:00+08:00,35.150001525878906,35.20000076293945,35.099998474121094,35.099998474121094,47530,0.0,0.0
2024-02-27 10:30:00+08:00,35.150001525878906,35.25,35.099998474121094,35.25,46045,0.0,0.0
2024-02-27 10:35:00+08:00,35.25,35.29999923706055,35.25,35.29999923706055,27229,0.0,0.0
2024-02-27 10:40:00+08:00,35.29999923706055,35.29999923706055,35.20000076293945,35.25,29006,0.0,0.0
2024-02-27 10:45:00+08:00,35.20000076293945,35.25,35.150001525878906,35.20000076293945,59001,0.0,0.0
2024-02-27 10:50:00+08:00,35.20000076293945,35.20000076293945,35.150001525878906,35.20000076293945,8160,0.0,0.0
2024-02-27 10:55:00+08:00,35.25,35.29999923706055,35.25,35.29999923706055,18010,0.0,0.0
2024-02-27 11:00:00+08:00,35.25,35.29999923706055,35.20000076293945,35.29999923706055,24001,0.0,0.0
2024-02-27 11:05:00+08:00,35.349998474121094,35.400001525878906,35.349998474121094,35.400001525878906,33040,0.0,0.0
2024-02-27 11:10:00+08:00,35.349998474121094,35.400001525878906,35.29999923706055,35.29999923706055,55181,0.0,0.0
2024-02-27 11:15:00+08:00,35.29999923706055,35.400001525878906,35.29999923706055,35.400001525878906,8081,0.0,0.0
2024-02-27 11:20:00+08:00,35.400001525878906,35.400001525878906,35.400001525878906,35.400001525878906,20077,0.0,0.0
2024-02-27 11:25:00+08:00,35.400001525878906,35.400001525878906,35.400001525878906,35.400001525878906,7326,0.0,0.0
2024-02-27 11:30:00+08:00,35.45000076293945,35.5,35.45000076293945,35.45000076293945,40021,0.0,0.0
2024-02-27 11:35:00+08:00,35.5,35.54999923706055,35.45000076293945,35.45000076293945,57695,0.0,0.0
2024-02-27 11:40:00+08:00,35.5,35.5,35.45000076293945,35.45000076293945,22106,0.0,0.0
2024-02-27 11:45:00+08:00,35.45000076293945,35.5,35.45000076293945,35.5,10000,0.0,0.0
2024-02-27 11:50:00+08:00,35.5,35.650001525878906,35.5,35.650001525878906,41094,0.0,0.0
2024-02-27 11:55:00+08:00,35.54999923706055,35.54999923706055,35.5,35.54999923706055,14002,0.0,0.0
2024-02-27 12:00:00+08:00,35.54999923706055,35.54999923706055,35.54999923706055,35.54999923706055,6118,0.0,0.0
2024-02-27 12:05:00+08:00,35.599998474121094,35.599998474121094,35.599998474121094,35.599998474121094,13302,0.0,0.0
2024-02-27 12:10:00+08:00,35.54999923706055,35.599998474121094,35.54999923706055,35.599998474121094,10049,0.0,0.0
2024-02-27 12:15:00+08:00,35.599998474121094,35.599998474121094,35.5,35.54999923706055,37055,0.0,0.0
2024-02-27 12:20:00+08:00,35.54999923706055,35.54999923706055,35.5,35.5,6184,0.0,0.0
2024-02-27 12:25:00+08:00,35.599998474121094,35.599998474121094,35.54999923706055,35.54999923706055,4000,0.0,0.0
2024-02-27 12:30:00+08:00,35.54999923706055,35.599998474121094,35.54999923706055,35.599998474121094,15020,0.0,0.0
2024-02-27 12:35:00+08:00,35.599998474121094,35.599998474121094,35.599998474121094,35.599998474121094,10202,0.0,0.0
2024-02-27 12:40:00+08:00,35.599998474121094,35.599998474121094,35.54999923706055,35.54999923706055,19565,0.0,0.0
2024-02-27 12:45:00+08:00,35.54999923706055,35.54999923706055,35.54999923706055,35.54999923706055,16001,0.0,0.0
2024-02-27 12:50:00+08:00,35.54999923706055,35.54999923706055,35.5,35.5,36741,0.0,0.0
2024-02-27 12:55:00+08:00,35.5,35.54999923706055,35.5,35.54999923706055,17164,0.0,0.0
2024-02-27 13:00:00+08:00,35.5,35.5,35.5,35.5,39152,0.0,0.0
2024-02-27 13:05:00+08:00,35.54999923706055,35.54999923706055,35.5,35.5,22001,0.0,0.0
2024-02-27 13:10:00+08:00,35.5,35.5,35.45000076293945,35.5,38302,0.0,0.0
2024-02-27 13:15:00+08:00,35.5,35.5,35.400001525878906,35.45000076293945,59045,0.0,0.0
2024-02-27 13:20:00+08:00,35.400001525878906,35.45000076293945,35.29999923706055,35.29999923706055,169924,0.0,0.0
2024-02-29 09:00:00+08:00,35.400001525878906,35.75,35.400001525878906,35.70000076293945,0,0.0,0.0
2024-02-29 09:05:00+08:00,35.54999923706055,35.599998474121094,35.54999923706055,35.54999923706055,11000,0.0,0.0
2024-02-29 09:10:00+08:00,35.599998474121094,35.650001525878906,35.599998474121094,35.650001525878906,28521,0.0,0.0
2024-02-29 09:15:00+08:00,35.599998474121094,35.650001525878906,35.45000076293945,35.45000076293945,41188,0.0,0.0
2024-02-29 09:20:00+08:00,35.400001525878906,35.45000076293945,35.25,35.29999923706055,58088,0.0,0.0
2024-02-29 09:25:00+08:00,35.25,35.349998474121094,35.25,35.25,35090,0.0,0.0
2024-02-29 09:30:00+08:00,35.25,35.349998474121094,35.25,35.349998474121094,17790,0.0,0.0
2024-02-29 09:35:00+08:00,35.400001525878906,35.400001525878906,35.349998474121094,35.349998474121094,16300,0.0,0.0
2024-02-29 09:40:00+08:00,35.400001525878906,35.45000076293945,35.400001525878906,35.400001525878906,28010,0.0,0.0
2024-02-29 09:45:00+08:00,35.400001525878906,35.45000076293945,35.400001525878906,35.400001525878906,9500,0.0,0.0
2024-02-29 09:50:00+08:00,35.400001525878906,35.45000076293945,35.400001525878906,35.400001525878906,10231,0.0,0.0
2024-02-29 09:55:00+08:00,35.400001525878906,35.45000076293945,35.400001525878906,35.45000076293945,4000,0.0,0.0
2024-02-29 10:00:00+08:00,35.400001525878906,35.5,35.400001525878906,35.5,35010,0.0,0.0
2024-02-29 10:05:00+08:00,35.5,35.5,35.45000076293945,35.45000076293945,9015,0.0,0.0
2024-02-29 10:10:00+08:00,35.45000076293945,35.45000076293945,35.45000076293945,35.45000076293945,10063,0.0,0.0
2024-02-29 10:15:00+08:00,35.45000076293945,35.45000076293945,35.45000076293945,35.45000076293945,3100,0.0,0.0
2024-02-29 10:20:00+08:00,35.45000076293945,35.5,35.400001525878906,35.45000076293945,47079,0.0,0.0
2024-02-29 10:25:00+08:00,35.45000076293945,35.45000076293945,35.45000076293945,35.45000076293945,2000,0.0,0.0
2024-02-29 10:30:00+08:00,35.45000076293945,35.45000076293945,35.45000076293945,35.45000076293945,33051,0.0,0.0
2024-02-29 10:35:00+08:00,35.45000076293945,35.5,35.45000076293945,35.45000076293945,5400,0.0,0.0
2024-02-29 10:40:00+08:00,35.45000076293945,35.45000076293945,35.45000076293945,35.45000076293945,29018,0.0,0.0
2024-02-29 10:45:00+08:00,35.45000076293945,35.5,35.45000076293945,35.45000076293945,3401,0.0,0.0
2024-02-29 10:50:00+08:00,35.45000076293945,35.45000076293945,35.45000076293945,35.45000076293945,12100,0.0,0.0
2024-02-29 10:55:00+08:00,35.45000076293945,35.5,35.45000076293945,35.45000076293945,26000,0.0,0.0
2024-02-29 11:00:00+08:00,35.45000076293945,35.45000076293945,35.400001525878906,35.400001525878906,25137,0.0,0.0
2024-02-29 11:05:00+08:00,35.400001525878906,35.45000076293945,35.400001525878906,35.45000076293945,4001,0.0,0.0
2024-02-29 11:10:00+08:00,35.45000076293945,35.45000076293945,35.400001525878906,35.45000076293945,5028,0.0,0.0
2024-02-29 11:15:00+08:00,35.45000076293945,35.45000076293945,35.45000076293945,35.45000076293945,6005,0.0,0.0
2024-02-29 11:20:00+08:00,35.45000076293945,35.45000076293945,35.349998474121094,35.400001525878906,147001,0.0,0.0
2024-02-29 11:25:00+08:00,35.349998474121094,35.400001525878906,35.349998474121094,35.400001525878906,11000,0.0,0.0
2024-02-29 11:30:00+08:00,35.349998474121094,35.349998474121094,35.29999923706055,35.29999923706055,38000,0.0,0.0
2024-02-29 11:35:00+08:00,35.29999923706055,35.29999923706055,35.20000076293945,35.29999923706055,86946,0.0,0.0
2024-02-29 11:40:00+08:00,35.29999923706055,35.349998474121094,35.29999923706055,35.349998474121094,13070,0.0,0.0
2024-02-29 11:45:00+08:00,35.349998474121094,35.349998474121094,35.29999923706055,35.349998474121094,20000,0.0,0.0
2024-02-29 11:50:00+08:00,35.29999923706055,35.29999923706055,35.29999923706055,35.29999923706055,14000,0.0,0.0
2024-02-29 11:55:00+08:00,35.29999923706055,35.400001525878906,35.29999923706055,35.400001525878906,16000,0.0,0.0
2024-02-29 12:00:00+08:00,35.349998474121094,35.400001525878906,35.349998474121094,35.400001525878906,3066,0.0,0.0
2024-02-29 12:05:00+08:00,35.349998474121094,35.349998474121094,35.349998474121094,35.349998474121094,6000,0.0,0.0
2024-02-29 12:10:00+08:00,35.349998474121094,35.349998474121094,35.29999923706055,35.349998474121094,8104,0.0,0.0
2024-02-29 12:15:00+08:00,35.349998474121094,35.349998474121094,35.29999923706055,35.349998474121094,11001,0.0,0.0
2024-02-29 12:20:00+08:00,35.349998474121094,35.349998474121094,35.29999923706055,35.349998474121094,5100,0.0,0.0
2024-02-29 12:25:00+08:00,35.349998474121094,35.349998474121094,35.29999923706055,35.349998474121094,17041,0.0,0.0
2024-02-29 12:30:00+08:00,35.29999923706055,35.400001525878906,35.29999923706055,35.400001525878906,55000,0.0,0.0
2024-02-29 12:35:00+08:00,35.400001525878906,35.400001525878906,35.400001525878906,35.400001525878906,3200,0.0,0.0
2024-02-29 12:40:00+08:00,35.400001525878906,35.400001525878906,35.400001525878906,35.400001525878906,18010,0.0,0.0
2024-02-29 12:45:00+08:00,35.400001525878906,35.5,35.400001525878906,35.5,51656,0.0,0.0
2024-02-29 12:50:00+08:00,35.45000076293945,35.45000076293945,35.45000076293945,35.45000076293945,8498,0.0,0.0
2024-02-29 12:55:00+08:00,35.45000076293945,35.45000076293945,35.45000076293945,35.45000076293945,12002,0.0,0.0
2024-02-29 13:00:00+08:00,35.45000076293945,35.599998474121094,35.400001525878906,35.599998474121094,72230,0.0,0.0
2024-02-29 13:05:00+08:00,35.599998474121094,35.599998474121094,35.54999923706055,35.54999923706055,19261,0.0,0.0
2024-02-29 13:10:00+08:00,35.54999923706055,35.54999923706055,35.5,35.5,34000,0.0,0.0
2024-02-29 13:15:00+08:00,35.45000076293945,35.5,35.45000076293945,35.5,38000,0.0,0.0
2024-02-29 13:20:00+08:00,35.5,35.54999923706055,35.5,35.5,30178,0.0,0.0
2024-03-01 09:00:00+08:00,35.650001525878906,35.650001525878906,35.29999923706055,35.29999923706055,0,0.0,0.0
2024-03-01 09:05:00+08:00,35.29999923706055,35.349998474121094,35.25,35.25,41664,0.0,0.0
2024-03-01 09:10:00+08:00,35.349998474121094,35.599998474121094,35.349998474121094,35.599998474121094,41072,0.0,0.0
2024-03-01 09:15:00+08:00,35.650001525878906,35.70000076293945,35.599998474121094,35.599998474121094,46121,0.0,0.0
2024-03-01 09:20:00+08:00,35.599998474121094,35.599998474121094,35.400001525878906,35.45000076293945,56281,0.0,0.0
2024-03-01 09:25:00+08:00,35.5,35.5,35.400001525878906,35.400001525878906,26037,0.0,0.0
2024-03-01 09:30:00+08:00,35.45000076293945,35.5,35.400001525878906,35.45000076293945,25002,0.0,0.0
2024-03-01 09:35:00+08:00,35.45000076293945,35.45000076293945,35.400001525878906,35.400001525878906,36060,0.0,0.0
2024-03-01 09:40:00+08:00,35.45000076293945,35.45000076293945,35.400001525878906,35.400001525878906,8100,0.0,0.0
2024-03-01 09:45:00+08:00,35.45000076293945,35.45000076293945,35.400001525878906,35.45000076293945,13001,0.0,0.0
2024-03-01 09:50:00+08:00,35.45000076293945,35.45000076293945,35.29999923706055,35.29999923706055,110397,0.0,0.0
2024-03-01 09:55:00+08:00,35.29999923706055,35.29999923706055,35.25,35.25,57145,0.0,0.0
2024-03-01 10:00:00+08:00,35.25,35.349998474121094,35.25,35.349998474121094,23120,0.0,0.0
2024-03-01 10:05:00+08:00,35.349998474121094,35.349998474121094,35.29999923706055,35.29999923706055,17351,0.0,0.0
2024-03-01 10:10:00+08:00,35.29999923706055,35.29999923706055,35.25,35.25,12329,0.0,0.0
2024-03-01 10:15:00+08:00,35.25,35.349998474121094,35.25,35.29999923706055,10000,0.0,0.0
2024-03-01 10:20:00+08:00,35.349998474121094,35.400001525878906,35.29999923706055,35.29999923706055,16500,0.0,0.0
2024-03-01 10:25:00+08:00,35.349998474121094,35.349998474121094,35.29999923706055,35.349998474121094,14149,0.0,0.0
2024-03-01 10:30:00+08:00,35.29999923706055,35.349998474121094,35.25,35.25,30117,0.0,0.0
2024-03-01 10:35:00+08:00,35.29999923706055,35.400001525878906,35.25,35.400001525878906,73243,0.0,0.0
2024-03-01 10:40:00+08:00,35.400001525878906,35.400001525878906,35.400001525878906,35.400001525878906,8313,0.0,0.0
2024-03-01 10:45:00+08:00,35.400001525878906,35.400001525878906,35.400001525878906,35.400001525878906,6251,0.0,0.0
2024-03-01 10:50:00+08:00,35.400001525878906,35.400001525878906,35.29999923706055,35.349998474121094,68034,0.0,0.0
2024-03-01 10:55:00+08:00,35.400001525878906,35.400001525878906,35.400001525878906,35.400001525878906,2001,0.0,0.0
2024-03-01 11:00:00+08:00,35.349998474121094,35.349998474121094,35.349998474121094,35.349998474121094,16058,0.0,0.0
2024-03-01 11:05:00+08:00,35.349998474121094,35.349998474121094,35.349998474121094,35.349998474121094,4000,0.0,0.0
2024-03-01 11:10:00+08:00,35.349998474121094,35.400001525878906,35.349998474121094,35.400001525878906,5002,0.0,0.0
2024-03-01 11:15:00+08:00,35.349998474121094,35.349998474121094,35.349998474121094,35.349998474121094,5060,0.0,0.0
2024-03-01 11:20:00+08:00,35.349998474121094,35.349998474121094,35.29999923706055,35.349998474121094,19008,0.0,0.0
2024-03-01 11:25:00+08:00,35.349998474121094,35.349998474121094,35.349998474121094,35.349998474121094,3002,0.0,0.0
2024-03-01 11:30:00+08:00,35.29999923706055,35.29999923706055,35.29999923706055,35.29999923706055,11500,0.0,0.0
2024-03-01 11:35:00+08:00,35.29999923706055,35.29999923706055,35.25,35.25,8000,0.0,0.0
2024-03-01 11:40:00+08:00,35.25,35.25,35.25,35.25,32040,0.0,0.0
2024-03-01 11:45:00+08:00,35.25,35.25,35.20000076293945,35.25,17011,0.0,0.0
2024-03-01 11:50:00+08:00,35.25,35.25,35.20000076293945,35.20000076293945,3000,0.0,0.0
2024-03-01 11:55:00+08:00,35.20000076293945,35.25,35.20000076293945,35.20000076293945,10100,0.0,0.0
2024-03-01 12:00:00+08:00,35.20000076293945,35.20000076293945,35.20000076293945,35.20000076293945,51041,0.0,0.0
2024-03-01 12:05:00+08:00,35.20000076293945,35.20000076293945,35.099998474121094,35.150001525878906,75808,0.0,0.0
2024-03-01 12:10:00+08:00,35.150001525878906,35.150001525878906,35.099998474121094,35.099998474121094,29007,0.0,0.0
2024-03-01 12:15:00+08:00,35.099998474121094,35.099998474121094,35.04999923706055,35.04999923706055,56297,0.0,0.0
2024-03-01 12:20:00+08:00,35.04999923706055,35.099998474121094,35.04999923706055,35.04999923706055,42325,0.0,0.0
2024-03-01 12:25:00+08:00,35.04999923706055,35.099998474121094,35.04999923706055,35.04999923706055,23426,0.0,0.0
2024-03-01 12:30:00+08:00,35.04999923706055,35.099998474121094,35.04999923706055,35.099998474121094,29003,0.0,0.0
2024-03-01 12:35:00+08:00,35.099998474121094,35.099998474121094,35.099998474121094,35.099998474121094,3557,0.0,0.0
2024-03-01 12:40:00+08:00,35.099998474121094,35.150001525878906,35.099998474121094,35.099998474121094,16120,0.0,0.0
2024-03-01 12:45:00+08:00,35.099998474121094,35.150001525878906,35.099998474121094,35.150001525878906,10058,0.0,0.0
2024-03-01 12:50:00+08:00,35.099998474121094,35.099998474121094,35.099998474121094,35.099998474121094,23100,0.0,0.0
2024-03-01 12:55:00+08:00,35.099998474121094,35.099998474121094,35.099998474121094,35.099998474121094,7300,0.0,0.0
2024-03-01 13:00:00+08:00,35.150001525878906,35.20000076293945,35.099998474121094,35.20000076293945,41620,0.0,0.0
2024-03-01 13:05:00+08:00,35.20000076293945,35.20000076293945,35.20000076293945,35.20000076293945,2374,0.0,0.0
2024-03-01 13:10:00+08:00,35.20000076293945,35.20000076293945,35.150001525878906,35.150001525878906,33100,0.0,0.0
2024-03-01 13:15:00+08:00,35.150001525878906,35.20000076293945,35.150001525878906,35.150001525878906,53064,0.0,0.0
2024-03-01 13:20:00+08:00,35.20000076293945,35.20000076293945,35.150001525878906,35.150001525878906,28156,0.0,0.0
2024-03-04 09:00:00+08:00,35.04999923706055,35.099998474121094,34.54999923706055,34.599998474121094,0,0.0,0.0
2024-03-04 09:05:00+08:00,34.75,34.849998474121094,34.650001525878906,34.79999923706055,230422,0.0,0.0
2024-03-04 09:10:00+08:00,34.79999923706055,34.79999923706055,34.650001525878906,34.75,123854,0.0,0.0
2024-03-04 09:15:00+08:00,34.75,34.75,34.599998474121094,34.650001525878906,108829,0.0,0.0
2024-03-04 09:20:00+08:00,34.650001525878906,34.70000076293945,34.45000076293945,34.5,264562,0.0,0.0
2024-03-04 09:25:00+08:00,34.5,34.54999923706055,34.400001525878906,34.400001525878906,304209,0.0,0.0
2024-03-04 09:30:00+08:00,34.400001525878906,34.70000076293945,34.349998474121094,34.70000076293945,137973,0.0,0.0
2024-03-04 09:35:00+08:00,34.70000076293945,34.70000076293945,34.599998474121094,34.599998474121094,22151,0.0,0.0
2024-03-04 09:40:00+08:00,34.599998474121094,34.599998474121094,34.45000076293945,34.5,74795,0.0,0.0
2024-03-04 09:45:00+08:00,34.5,34.599998474121094,34.45000076293945,34.599998474121094,46340,0.0,0.0
2024-03-04 09:50:00+08:00,34.5,34.5,34.45000076293945,34.5,33037,0.0,0.0
2024-03-04 09:55:00+08:00,34.5,34.5,34.45000076293945,34.45000076293945,23100,0.0,0.0
2024-03-04 10:00:00+08:00,34.45000076293945,34.54999923706055,34.45000076293945,34.5,21053,0.0,0.0
2024-03-04 10:05:00+08:00,34.5,34.54999923706055,34.45000076293945,34.45000076293945,20200,0.0,0.0
2024-03-04 10:10:00+08:00,34.45000076293945,34.45000076293945,34.400001525878906,34.45000076293945,88895,0.0,0.0
2024-03-04 10:15:00+08:00,34.45000076293945,34.5,34.45000076293945,34.45000076293945,12233,0.0,0.0
2024-03-04 10:20:00+08:00,34.45000076293945,34.5,34.45000076293945,34.5,24500,0.0,0.0
2024-03-04 10:25:00+08:00,34.5,34.5,34.45000076293945,34.5,12601,0.0,0.0
2024-03-04 10:30:00+08:00,34.5,34.5,34.45000076293945,34.5,13076,0.0,0.0
2024-03-04 10:35:00+08:00,34.5,34.5,34.45000076293945,34.45000076293945,50586,0.0,0.0
2024-03-04 10:40:00+08:00,34.5,34.5,34.45000076293945,34.45000076293945,19172,0.0,0.0
2024-03-04 10:45:00+08:00,34.45000076293945,34.5,34.45000076293945,34.5,7038,0.0,0.0
2024-03-04 10:50:00+08:00,34.5,34.5,34.45000076293945,34.45000076293945,7144,0.0,0.0
2024-03-04 10:55:00+08:00,34.45000076293945,34.54999923706055,34.45000076293945,34.54999923706055,19150,0.0,0.0
2024-03-04 11:00:00+08:00,34.5,34.5,34.45000076293945,34.45000076293945,14202,0.0,0.0
2024-03-04 11:05:00+08:00,34.5,34.5,34.45000076293945,34.5,4207,0.0,0.0
2024-03-04 11:10:00+08:00,34.5,34.5,34.45000076293945,34.5,25283,0.0,0.0
2024-03-04 11:15:00+08:00,34.45000076293945,34.54999923706055,34.45000076293945,34.5,45600,0.0,0.0
2024-03-04 11:20:00+08:00,34.5,34.5,34.5,34.5,11150,0.0,0.0
2024-03-04 11:25:00+08:00,34.54999923706055,34.54999923706055,34.5,34.5,12215,0.0,0.0
2024-03-04 11:30:00+08:00,34.5,34.54999923706055,34.5,34.54999923706055,3004,0.0,0.0
2024-03-04 11:35:00+08:00,34.54999923706055,34.599998474121094,34.54999923706055,34.599998474121094,18988,0.0,0.0
2024-03-04 11:40:00+08:00,34.599998474121094,34.650001525878906,34.599998474121094,34.650001525878906,21009,0.0,0.0
2024-03-04 11:45:00+08:00,34.650001525878906,34.650001525878906,34.599998474121094,34.650001525878906,22000,0.0,0.0
2024-03-04 11:50:00+08:00,34.599998474121094,34.849998474121094,34.599998474121094,34.75,126864,0.0,0.0
2024-03-04 11:55:00+08:00,34.79999923706055,34.79999923706055,34.75,34.75,7091,0.0,0.0
2024-03-04 12:00:00+08:00,34.75,34.75,34.75,34.75,9000,0.0,0.0
2024-03-04 12:05:00+08:00,34.75,34.79999923706055,34.75,34.75,3001,0.0,0.0
2024-03-04 12:10:00+08:00,34.75,34.79999923706055,34.70000076293945,34.70000076293945,22152,0.0,0.0
2024-03-04 12:15:00+08:00,34.70000076293945,34.70000076293945,34.650001525878906,34.650001525878906,47051,0.0,0.0
2024-03-04 12:20:00+08:00,34.599998474121094,34.70000076293945,34.599998474121094,34.650001525878906,19030,0.0,0.0
2024-03-04 12:25:00+08:00,34.650001525878906,34.70000076293945,34.599998474121094,34.599998474121094,86460,0.0,0.0
2024-03-04 12:30:00+08:00,34.599998474121094,34.599998474121094,34.54999923706055,34.54999923706055,26200,0.0,0.0
2024-03-04 12:35:00+08:00,34.599998474121094,34.599998474121094,34.5,34.54999923706055,38149,0.0,0.0
2024-03-04 12:40:00+08:00,34.54999923706055,34.54999923706055,34.54999923706055,34.54999923706055,10333,0.0,0.0
2024-03-04 12:45:00+08:00,34.54999923706055,34.599998474121094,34.5,34.5,21002,0.0,0.0
2024-03-04 12:50:00+08:00,34.54999923706055,34.54999923706055,34.5,34.54999923706055,17001,0.0,0.0
2024-03-04 12:55:00+08:00,34.54999923706055,34.54999923706055,34.5,34.54999923706055,34304,0.0,0.0
2024-03-04 13:00:00+08:00,34.54999923706055,34.54999923706055,34.54999923706055,34.54999923706055,11000,0.0,0.0
2024-03-04 13:05:00+08:00,34.54999923706055,34.54999923706055,34.5,34.5,20383,0.0,0.0
2024-03-04 13:10:00+08:00,34.5,34.54999923706055,34.5,34.54999923706055,35056,0.0,0.0
2024-03-04 13:15:00+08:00,34.5,34.54999923706055,34.5,34.5,32504,0.0,0.0
2024-03-04 13:20:00+08:00,34.5,34.54999923706055,34.5,34.5,87454,0.0,0.0
2024-03-05 09:00:00+08:00,34.75,34.79999923706055,34.70000076293945,34.75,40000,0.0,0.0
2024-03-05 09:05:00+08:00,34.75,35.150001525878906,34.75,35.150001525878906,113000,0.0,0.0
2024-03-05 09:10:00+08:00,35.04999923706055,35.099998474121094,34.900001525878906,35.0,49353,0.0,0.0
2024-03-05 09:15:00+08:00,35.0,35.0,34.75,34.75,54000,0.0,0.0
2024-03-05 09:20:00+08:00,34.70000076293945,34.75,34.5,34.75,122401,0.0,0.0
2024-03-05 09:25:00+08:00,34.79999923706055,34.79999923706055,34.54999923706055,34.54999923706055,37431,0.0,0.0
2024-03-05 09:30:00+08:00,34.599998474121094,34.599998474121094,34.54999923706055,34.54999923706055,24034,0.0,0.0
2024-03-05 09:35:00+08:00,34.650001525878906,34.650001525878906,34.54999923706055,34.54999923706055,68787,0.0,0.0
2024-03-05 09:40:00+08:00,34.599998474121094,34.599998474121094,34.5,34.5,45015,0.0,0.0
2024-03-05 09:45:00+08:00,34.54999923706055,34.70000076293945,34.54999923706055,34.54999923706055,21000,0.0,0.0
2024-03-05 09:50:00+08:00,34.599998474121094,34.650001525878906,34.599998474121094,34.650001525878906,66004,0.0,0.0
2024-03-05 09:55:00+08:00,34.650001525878906,34.70000076293945,34.650001525878906,34.70000076293945,13100,0.0,0.0
2024-03-05 10:00:00+08:00,34.70000076293945,34.70000076293945,34.70000076293945,34.70000076293945,17165,0.0,0.0
2024-03-05 10:05:00+08:00,34.70000076293945,34.79999923706055,34.70000076293945,34.79999923706055,31550,0.0,0.0
2024-03-05 10:10:00+08:00,34.79999923706055,34.79999923706055,34.70000076293945,34.75,33223,0.0,0.0
2024-03-05 10:15:00+08:00,34.70000076293945,34.75,34.650001525878906,34.75,10014,0.0,0.0
2024-03-05 10:20:00+08:00,34.75,34.75,34.70000076293945,34.70000076293945,11002,0.0,0.0
2024-03-05 10:25:00+08:00,34.70000076293945,34.70000076293945,34.70000076293945,34.70000076293945,12005,0.0,0.0
2024-03-05 10:30:00+08:00,34.75,34.75,34.75,34.75,11001,0.0,0.0
2024-03-05 10:35:00+08:00,34.75,34.75,34.75,34.75,12000,0.0,0.0
2024-03-05 10:40:00+08:00,34.75,34.75,34.70000076293945,34.70000076293945,17002,0.0,0.0
2024-03-05 10:45:00+08:00,34.70000076293945,34.70000076293945,34.70000076293945,34.70000076293945,3000,0.0,0.0
2024-03-05 10:50:00+08:00,34.70000076293945,34.79999923706055,34.70000076293945,34.70000076293945,54000,0.0,0.0
2024-03-05 10:55:00+08:00,34.70000076293945,34.70000076293945,34.70000076293945,34.70000076293945,3001,0.0,0.0
2024-03-05 11:00:00+08:00,34.75,34.75,34.70000076293945,34.75,23000,0.0,0.0
2024-03-05 11:05:00+08:00,34.70000076293945,34.70000076293945,34.70000076293945,34.70000076293945,14003,0.0,0.0
2024-03-05 11:10:00+08:00,34.70000076293945,34.75,34.70000076293945,34.75,24000,0.0,0.0
2024-03-05 11:15:00+08:00,34.75,34.75,34.70000076293945,34.70000076293945,12130,0.0,0.0
2024-03-05 11:20:00+08:00,34.70000076293945,34.70000076293945,34.70000076293945,34.70000076293945,6034,0.0,0.0
2024-03-05 11:25:00+08:00,34.70000076293945,34.75,34.70000076293945,34.75,14003,0.0,0.0
2024-03-05 11:30:00+08:00,34.75,34.75,34.70000076293945,34.70000076293945,4001,0.0,0.0
2024-03-05 11:35:00+08:00,34.70000076293945,34.75,34.70000076293945,34.75,27000,0.0,0.0
2024-03-05 11:40:00+08:00,34.75,34.79999923706055,34.75,34.79999923706055,10000,0.0,0.0
2024-03-05 11:45:00+08:00,34.79999923706055,34.79999923706055,34.79999923706055,34.79999923706055,3001,0.0,0.0
2024-03-05 11:50:00+08:00,34.75,34.75,34.75,34.75,5002,0.0,0.0
2024-03-05 11:55:00+08:00,34.75,34.75,34.75,34.75,11001,0.0,0.0
2024-03-05 12:00:00+08:00,34.75,34.75,34.75,34.75,6024,0.0,0.0
2024-03-05 12:05:00+08:00,34.70000076293945,34.75,34.70000076293945,34.75,28100,0.0,0.0
2024-03-05 12:10:00+08:00,34.75,34.75,34.75,34.75,18012,0.0,0.0
2024-03-05 12:15:00+08:00,34.70000076293945,34.75,34.70000076293945,34.75,2000,0.0,0.0
2024-03-05 12:20:00+08:00,34.70000076293945,34.75,34.70000076293945,34.75,7002,0.0,0.0
2024-03-05 12:25:00+08:00,34.75,34.79999923706055,34.75,34.75,44004,0.0,0.0
2024-03-05 12:30:00+08:00,34.75,34.75,34.75,34.75,39001,0.0,0.0
2024-03-05 12:35:00+08:00,34.75,34.900001525878906,34.75,34.900001525878906,70000,0.0,0.0
2024-03-05 12:40:00+08:00,34.900001525878906,34.95000076293945,34.900001525878906,34.95000076293945,17158,0.0,0.0
2024-03-05 12:45:00+08:00,34.95000076293945,34.95000076293945,34.900001525878906,34.900001525878906,20396,0.0,0.0
2024-03-05 12:50:00+08:00,34.900001525878906,34.95000076293945,34.900001525878906,34.900001525878906,13000,0.0,0.0
2024-03-05 12:55:00+08:00,34.849998474121094,34.900001525878906,34.849998474121094,34.900001525878906,9000,0.0,0.0
2024-03-05 13:00:00+08:00,34.900001525878906,34.900001525878906,34.849998474121094,34.900001525878906,13001,0.0,0.0
2024-03-05 13:05:00+08:00,34.900001525878906,34.900001525878906,34.900001525878906,34.900001525878906,21000,0.0,0.0
2024-03-05 13:10:00+08:00,34.900001525878906,34.900001525878906,34.900001525878906,34.900001525878906,13100,0.0,0.0
2024-03-05 13:15:00+08:00,34.900001525878906,34.95000076293945,34.900001525878906,34.95000076293945,46000,0.0,0.0
2024-03-05 13:20:00+08:00,34.95000076293945,35.0,34.95000076293945,35.0,32658,0.0,0.0
2024-03-06 09:00:00+08:00,34.900001525878906,34.900001525878906,34.70000076293945,34.79999923706055,0,0.0,0.0
2024-03-06 09:05:00+08:00,34.79999923706055,34.900001525878906,34.70000076293945,34.79999923706055,53019,0.0,0.0
2024-03-06 09:10:00+08:00,34.95000076293945,34.95000076293945,34.79999923706055,34.900001525878906,21010,0.0,0.0
2024-03-06 09:15:00+08:00,34.900001525878906,34.900001525878906,34.849998474121094,34.849998474121094,7383,0.0,0.0
2024-03-06 09:20:00+08:00,34.849998474121094,34.849998474121094,34.79999923706055,34.79999923706055,34036,0.0,0.0
2024-03-06 09:25:00+08:00,34.79999923706055,34.849998474121094,34.70000076293945,34.849998474121094,49413,0.0,0.0
2024-03-06 09:30:00+08:00,34.79999923706055,34.900001525878906,34.79999923706055,34.849998474121094,8002,0.0,0.0
2024-03-06 09:35:00+08:00,34.849998474121094,34.900001525878906,34.849998474121094,34.900001525878906,15039,0.0,0.0
2024-03-06 09:40:00+08:00,34.900001525878906,35.099998474121094,34.900001525878906,35.099998474121094,63000,0.0,0.0
2024-03-06 09:45:00+08:00,35.099998474121094,35.150001525878906,35.099998474121094,35.099998474121094,35200,0.0,0.0
2024-03-06 09:50:00+08:00,35.099998474121094,35.099998474121094,35.04999923706055,35.04999923706055,21100,0.0,0.0
2024-03-06 09:55:00+08:00,35.04999923706055,35.099998474121094,35.04999923706055,35.099998474121094,10000,0.0,0.0
2024-03-06 10:00:00+08:00,35.04999923706055,35.150001525878906,35.0,35.0,16026,0.0,0.0
2024-03-06 10:05:00+08:00,35.0,35.0,35.0,35.0,4000,0.0,0.0
2024-03-06 10:10:00+08:00,35.0,35.0,34.95000076293945,34.95000076293945,23011,0.0,0.0
2024-03-06 10:15:00+08:00,34.95000076293945,34.95000076293945,34.900001525878906,34.95000076293945,24002,0.0,0.0
2024-03-06 10:20:00+08:00,34.95000076293945,34.95000076293945,34.95000076293945,34.95000076293945,1021,0.0,0.0
2024-03-06 10:25:00+08:00,34.95000076293945,34.95000076293945,34.95000076293945,34.95000076293945,10050,0.0,0.0
2024-03-06 10:30:00+08:00,35.0,35.0,34.849998474121094,34.95000076293945,90371,0.0,0.0
2024-03-06 10:35:00+08:00,34.900001525878906,34.95000076293945,34.900001525878906,34.95000076293945,34000,0.0,0.0
2024-03-06 10:40:00+08:00,34.95000076293945,34.95000076293945,34.900001525878906,34.900001525878906,6000,0.0,0.0
2024-03-06 10:45:00+08:00,34.900001525878906,34.900001525878906,34.900001525878906,34.900001525878906,14009,0.0,0.0
2024-03-06 10:50:00+08:00,34.900001525878906,34.95000076293945,34.849998474121094,34.95000076293945,66002,0.0,0.0
2024-03-06 10:55:00+08:00,34.900001525878906,35.0,34.900001525878906,35.0,34000,0.0,0.0
2024-03-06 11:00:00+08:00,35.04999923706055,35.099998474121094,35.04999923706055,35.04999923706055,18053,0.0,0.0
2024-03-06 11:05:00+08:00,35.04999923706055,35.04999923706055,35.04999923706055,35.04999923706055,7000,0.0,0.0
2024-03-06 11:10:00+08:00,35.04999923706055,35.099998474121094,35.04999923706055,35.04999923706055,24196,0.0,0.0
2024-03-06 11:15:00+08:00,35.04999923706055,35.04999923706055,35.04999923706055,35.04999923706055,3000,0.0,0.0
2024-03-06 11:20:00+08:00,35.04999923706055,35.099998474121094,35.0,35.04999923706055,14000,0.0,0.0
2024-03-06 11:25:00+08:00,35.04999923706055,35.099998474121094,35.04999923706055,35.04999923706055,7700,0.0,0.0
2024-03-06 11:30:00+08:00,35.04999923706055,35.04999923706055,35.04999923706055,35.04999923706055,0,0.0,0.0
2024-03-06 11:35:00+08:00,35.04999923706055,35.04999923706055,35.04999923706055,35.04999923706055,784394,0.0,0.0
2024-03-06 11:40:00+08:00,35.04999923706055,35.04999923706055,35.04999923706055,35.04999923706055,7099,0.0,0.0
2024-03-06 11:45:00+08:00,35.04999923706055,35.099998474121094,35.04999923706055,35.099998474121094,29274,0.0,0.0
2024-03-06 11:50:00+08:00,35.04999923706055,35.04999923706055,35.0,35.04999923706055,11101,0.0,0.0
2024-03-06 11:55:00+08:00,35.099998474121094,35.099998474121094,35.099998474121094,35.099998474121094,2101,0.0,0.0
2024-03-06 12:00:00+08:00,35.099998474121094,35.099998474121094,35.099998474121094,35.099998474121094,21421,0.0,0.0
2024-03-06 12:05:00+08:00,35.04999923706055,35.04999923706055,35.04999923706055,35.04999923706055,28009,0.0,0.0
2024-03-06 12:10:00+08:00,35.04999923706055,35.04999923706055,35.04999923706055,35.04999923706055,19004,0.0,0.0
2024-03-06 12:15:00+08:00,35.04999923706055,35.04999923706055,35.04999923706055,35.04999923706055,9013,0.0,0.0
2024-03-06 12:20:00+08:00,35.04999923706055,35.04999923706055,35.04999923706055,35.04999923706055,20329,0.0,0.0
2024-03-06 12:25:00+08:00,35.04999923706055,35.04999923706055,35.0,35.04999923706055,9002,0.0,0.0
2024-03-06 12:30:00+08:00,35.04999923706055,35.04999923706055,35.0,35.04999923706055,5006,0.0,0.0
2024-03-06 12:35:00+08:00,35.04999923706055,35.04999923706055,35.0,35.0,21001,0.0,0.0
2024-03-06 12:40:00+08:00,35.0,35.0,35.0,35.0,9459,0.0,0.0
2024-03-06 12:45:00+08:00,35.0,35.04999923706055,35.0,35.04999923706055,25041,0.0,0.0
2024-03-06 12:50:00+08:00,35.0,35.0,34.95000076293945,34.95000076293945,20000,0.0,0.0
2024-03-06 12:55:00+08:00,34.95000076293945,34.95000076293945,34.900001525878906,34.95000076293945,18060,0.0,0.0
2024-03-06 13:00:00+08:00,34.95000076293945,35.0,34.95000076293945,35.0,5002,0.0,0.0
2024-03-06 13:05:00+08:00,34.95000076293945,35.0,34.95000076293945,34.95000076293945,6060,0.0,0.0
2024-03-06 13:10:00+08:00,34.95000076293945,35.0,34.95000076293945,34.95000076293945,18002,0.0,0.0
2024-03-06 13:15:00+08:00,34.95000076293945,35.0,34.95000076293945,34.95000076293945,35001,0.0,0.0
2024-03-06 13:20:00+08:00,34.95000076293945,35.0,34.95000076293945,34.95000076293945,20451,0.0,0.0
2024-03-07 09:00:00+08:00,35.150001525878906,35.150001525878906,34.75,34.75,0,0.0,0.0
2024-03-07 09:05:00+08:00,34.79999923706055,34.79999923706055,34.650001525878906,34.70000076293945,84000,0.0,0.0
2024-03-07 09:10:00+08:00,34.70000076293945,34.75,34.650001525878906,34.70000076293945,46481,0.0,0.0
2024-03-07 09:15:00+08:00,34.70000076293945,34.70000076293945,34.400001525878906,34.45000076293945,165675,0.0,0.0
2024-03-07 09:20:00+08:00,34.45000076293945,34.5,34.45000076293945,34.45000076293945,33298,0.0,0.0
2024-03-07 09:25:00+08:00,34.45000076293945,34.5,34.349998474121094,34.349998474121094,130403,0.0,0.0
2024-03-07 09:30:00+08:00,34.349998474121094,34.400001525878906,34.349998474121094,34.400001525878906,29339,0.0,0.0
2024-03-07 09:35:00+08:00,34.400001525878906,34.400001525878906,34.29999923706055,34.29999923706055,73747,0.0,0.0
2024-03-07 09:40:00+08:00,34.29999923706055,34.349998474121094,34.25,34.29999923706055,67053,0.0,0.0
2024-03-07 09:45:00+08:00,34.25,34.29999923706055,34.20000076293945,34.25,92431,0.0,0.0
2024-03-07 09:50:00+08:00,34.25,34.29999923706055,34.25,34.25,34502,0.0,0.0
2024-03-07 09:55:00+08:00,34.29999923706055,34.29999923706055,34.20000076293945,34.25,52867,0.0,0.0
2024-03-07 10:00:00+08:00,34.25,34.349998474121094,34.25,34.29999923706055,19200,0.0,0.0
2024-03-07 10:05:00+08:00,34.29999923706055,34.29999923706055,34.150001525878906,34.20000076293945,124723,0.0,0.0
2024-03-07 10:10:00+08:00,34.150001525878906,34.150001525878906,34.099998474121094,34.150001525878906,76122,0.0,0.0
2024-03-07 10:15:00+08:00,34.150001525878906,34.20000076293945,34.150001525878906,34.150001525878906,17132,0.0,0.0
2024-03-07 10:20:00+08:00,34.150001525878906,34.20000076293945,34.150001525878906,34.20000076293945,16200,0.0,0.0
2024-03-07 10:25:00+08:00,34.150001525878906,34.150001525878906,34.099998474121094,34.099998474121094,22000,0.0,0.0
2024-03-07 10:30:00+08:00,34.099998474121094,34.099998474121094,34.04999923706055,34.099998474121094,65406,0.0,0.0
2024-03-07 10:35:00+08:00,34.099998474121094,34.099998474121094,34.04999923706055,34.04999923706055,13000,0.0,0.0
2024-03-07 10:40:00+08:00,34.099998474121094,34.099998474121094,34.099998474121094,34.099998474121094,32413,0.0,0.0
2024-03-07 10:45:00+08:00,34.099998474121094,34.150001525878906,34.099998474121094,34.099998474121094,16020,0.0,0.0
2024-03-07 10:50:00+08:00,34.150001525878906,34.20000076293945,34.150001525878906,34.20000076293945,19048,0.0,0.0
2024-03-07 10:55:00+08:00,34.20000076293945,34.20000076293945,34.150001525878906,34.150001525878906,20131,0.0,0.0
2024-03-07 11:00:00+08:00,34.20000076293945,34.20000076293945,34.20000076293945,34.20000076293945,11010,0.0,0.0
2024-03-07 11:05:00+08:00,34.150001525878906,34.150001525878906,34.099998474121094,34.099998474121094,16301,0.0,0.0
2024-03-07 11:10:00+08:00,34.099998474121094,34.099998474121094,34.099998474121094,34.099998474121094,1000,0.0,0.0
2024-03-07 11:15:00+08:00,34.099998474121094,34.099998474121094,34.099998474121094,34.099998474121094,4493,0.0,0.0
2024-03-07 11:20:00+08:00,34.099998474121094,34.099998474121094,34.099998474121094,34.099998474121094,4030,0.0,0.0
2024-03-07 11:25:00+08:00,34.099998474121094,34.150001525878906,34.099998474121094,34.099998474121094,31794,0.0,0.0
2024-03-07 11:30:00+08:00,34.150001525878906,34.20000076293945,34.150001525878906,34.20000076293945,12000,0.0,0.0
2024-03-07 11:35:00+08:00,34.150001525878906,34.20000076293945,34.099998474121094,34.099998474121094,4000,0.0,0.0
2024-03-07 11:40:00+08:00,34.099998474121094,34.099998474121094,34.0,34.04999923706055,198000,0.0,0.0
2024-03-07 11:45:00+08:00,34.04999923706055,34.099998474121094,34.0,34.04999923706055,23107,0.0,0.0
2024-03-07 11:50:00+08:00,34.0,34.0,34.0,34.0,27000,0.0,0.0
2024-03-07 11:55:00+08:00,34.04999923706055,34.04999923706055,34.0,34.0,11000,0.0,0.0
2024-03-07 12:00:00+08:00,34.099998474121094,34.099998474121094,34.0,34.04999923706055,12000,0.0,0.0
2024-03-07 12:05:00+08:00,34.0,34.04999923706055,34.0,34.04999923706055,26430,0.0,0.0
2024-03-07 12:10:00+08:00,34.04999923706055,34.04999923706055,34.0,34.04999923706055,15021,0.0,0.0
2024-03-07 12:15:00+08:00,34.04999923706055,34.04999923706055,34.0,34.04999923706055,9001,0.0,0.0
2024-03-07 12:20:00+08:00,34.04999923706055,34.04999923706055,34.04999923706055,34.04999923706055,14573,0.0,0.0
2024-03-07 12:25:00+08:00,34.04999923706055,34.04999923706055,34.0,34.0,36101,0.0,0.0
2024-03-07 12:30:00+08:00,34.0,34.04999923706055,34.0,34.04999923706055,8269,0.0,0.0
2024-03-07 12:35:00+08:00,34.0,34.04999923706055,34.0,34.0,13285,0.0,0.0
2024-03-07 12:40:00+08:00,34.04999923706055,34.04999923706055,34.0,34.0,10030,0.0,0.0
2024-03-07 12:45:00+08:00,34.0,34.0,33.79999923706055,33.79999923706055,173533,0.0,0.0
2024-03-07 12:50:00+08:00,33.849998474121094,33.849998474121094,33.79999923706055,33.849998474121094,40401,0.0,0.0
2024-03-07 12:55:00+08:00,33.849998474121094,33.900001525878906,33.849998474121094,33.849998474121094,11180,0.0,0.0
2024-03-07 13:00:00+08:00,33.849998474121094,33.95000076293945,33.849998474121094,33.849998474121094,48098,0.0,0.0
2024-03-07 13:05:00+08:00,33.900001525878906,33.900001525878906,33.849998474121094,33.900001525878906,53448,0.0,0.0
2024-03-07 13:10:00+08:00,33.849998474121094,33.95000076293945,33.849998474121094,33.95000076293945,21255,0.0,0.0
2024-03-07 13:15:00+08:00,33.95000076293945,33.95000076293945,33.849998474121094,33.849998474121094,25058,0.0,0.0
2024-03-07 13:20:00+08:00,33.849998474121094,33.900001525878906,33.849998474121094,33.849998474121094,62241,0.0,0.0
2024-03-08 09:00:00+08:00,33.75,33.849998474121094,33.599998474121094,33.599998474121094,0,0.0,0.0
2024-03-08 09:05:00+08:00,33.650001525878906,33.79999923706055,33.5,33.5,114000,0.0,0.0
2024-03-08 09:10:00+08:00,33.54999923706055,33.70000076293945,33.5,33.54999923706055,103680,0.0,0.0
2024-03-08 09:15:00+08:00,33.54999923706055,33.54999923706055,33.45000076293945,33.45000076293945,69712,0.0,0.0
2024-03-08 09:20:00+08:00,33.45000076293945,33.45000076293945,33.20000076293945,33.20000076293945,131761,0.0,0.0
2024-03-08 09:25:00+08:00,33.20000076293945,33.349998474121094,33.20000076293945,33.25,48451,0.0,0.0
2024-03-08 09:30:00+08:00,33.20000076293945,33.54999923706055,33.20000076293945,33.5,137094,0.0,0.0
2024-03-08 09:35:00+08:00,33.5,33.5,33.45000076293945,33.45000076293945,19183,0.0,0.0
2024-03-08 09:40:00+08:00,33.45000076293945,33.650001525878906,33.29999923706055,33.54999923706055,77200,0.0,0.0
2024-03-08 09:45:00+08:00,33.599998474121094,33.650001525878906,33.400001525878906,33.5,43741,0.0,0.0
2024-03-08 09:50:00+08:00,33.5,33.599998474121094,33.5,33.54999923706055,14100,0.0,0.0
2024-03-08 09:55:00+08:00,33.54999923706055,33.650001525878906,33.54999923706055,33.650001525878906,17466,0.0,0.0
2024-03-08 10:00:00+08:00,33.599998474121094,33.599998474121094,33.54999923706055,33.54999923706055,9000,0.0,0.0
2024-03-08 10:05:00+08:00,33.54999923706055,33.54999923706055,33.5,33.5,17010,0.0,0.0
2024-03-08 10:10:00+08:00,33.5,33.5,33.45000076293945,33.45000076293945,10111,0.0,0.0
2024-03-08 10:15:00+08:00,33.45000076293945,33.45000076293945,33.29999923706055,33.29999923706055,48000,0.0,0.0
2024-03-08 10:20:00+08:00,33.400001525878906,33.400001525878906,33.25,33.29999923706055,30641,0.0,0.0
2024-03-08 10:25:00+08:00,33.29999923706055,33.29999923706055,33.150001525878906,33.150001525878906,81733,0.0,0.0
2024-03-08 10:30:00+08:00,33.150001525878906,33.20000076293945,33.150001525878906,33.150001525878906,28231,0.0,0.0
2024-03-08 10:35:00+08:00,33.150001525878906,33.150001525878906,33.099998474121094,33.099998474121094,33004,0.0,0.0
2024-03-08 10:40:00+08:00,33.099998474121094,33.150001525878906,33.099998474121094,33.099998474121094,34009,0.0,0.0
2024-03-08 10:45:00+08:00,33.099998474121094,33.099998474121094,33.04999923706055,33.04999923706055,77001,0.0,0.0
2024-03-08 10:50:00+08:00,33.04999923706055,33.04999923706055,33.0,33.0,93890,0.0,0.0
2024-03-08 10:55:00+08:00,33.0,33.0,32.849998474121094,32.849998474121094,119591,0.0,0.0
2024-03-08 11:00:00+08:00,32.900001525878906,32.900001525878906,32.849998474121094,32.900001525878906,44135,0.0,0.0
2024-03-08 11:05:00+08:00,32.849998474121094,32.900001525878906,32.79999923706055,32.79999923706055,67266,0.0,0.0
2024-03-08 11:10:00+08:00,32.79999923706055,32.79999923706055,32.70000076293945,32.75,102422,0.0,0.0
2024-03-08 11:15:00+08:00,32.70000076293945,32.70000076293945,32.650001525878906,32.650001525878906,35435,0.0,0.0
2024-03-08 11:20:00+08:00,32.650001525878906,32.75,32.650001525878906,32.70000076293945,59518,0.0,0.0
2024-03-08 11:25:00+08:00,32.79999923706055,32.79999923706055,32.79999923706055,32.79999923706055,23072,0.0,0.0
2024-03-08 11:30:00+08:00,32.849998474121094,32.849998474121094,32.75,32.75,25302,0.0,0.0
2024-03-08 11:35:00+08:00,32.75,32.75,32.70000076293945,32.75,10101,0.0,0.0
2024-03-08 11:40:00+08:00,32.75,32.79999923706055,32.75,32.75,15101,0.0,0.0
2024-03-08 11:45:00+08:00,32.75,32.79999923706055,32.70000076293945,32.70000076293945,22635,0.0,0.0
2024-03-08 11:50:00+08:00,32.70000076293945,32.75,32.70000076293945,32.75,18000,0.0,0.0
2024-03-08 11:55:00+08:00,32.70000076293945,32.75,32.70000076293945,32.75,13006,0.0,0.0
2024-03-08 12:00:00+08:00,32.79999923706055,32.79999923706055,32.75,32.75,12003,0.0,0.0
2024-03-08 12:05:00+08:00,32.75,32.75,32.75,32.75,6187,0.0,0.0
2024-03-08 12:10:00+08:00,32.79999923706055,32.79999923706055,32.70000076293945,32.75,42226,0.0,0.0
2024-03-08 12:15:00+08:00,32.75,32.900001525878906,32.75,32.900001525878906,65000,0.0,0.0
2024-03-08 12:20:00+08:00,32.900001525878906,32.900001525878906,32.849998474121094,32.849998474121094,7023,0.0,0.0
2024-03-08 12:25:00+08:00,32.849998474121094,32.849998474121094,32.79999923706055,32.849998474121094,23137,0.0,0.0
2024-03-08 12:30:00+08:00,32.79999923706055,32.79999923706055,32.75,32.75,26096,0.0,0.0
2024-03-08 12:35:00+08:00,32.75,32.79999923706055,32.75,32.79999923706055,4032,0.0,0.0
2024-03-08 12:40:00+08:00,32.79999923706055,32.79999923706055,32.70000076293945,32.75,14101,0.0,0.0
2024-03-08 12:45:00+08:00,32.70000076293945,32.75,32.70000076293945,32.70000076293945,33640,0.0,0.0
2024-03-08 12:50:00+08:00,32.70000076293945,32.79999923706055,32.70000076293945,32.75,79000,0.0,0.0
2024-03-08 12:55:00+08:00,32.79999923706055,32.849998474121094,32.79999923706055,32.849998474121094,7008,0.0,0.0
2024-03-08 13:00:00+08:00,32.849998474121094,32.849998474121094,32.79999923706055,32.79999923706055,7477,0.0,0.0
2024-03-08 13:05:00+08:00,32.79999923706055,32.849998474121094,32.70000076293945,32.79999923706055,34351,0.0,0.0
2024-03-08 13:10:00+08:00,32.75,32.79999923706055,32.75,32.79999923706055,13010,0.0,0.0
2024-03-08 13:15:00+08:00,32.79999923706055,32.79999923706055,32.75,32.75,23001,0.0,0.0
2024-03-08 13:20:00+08:00,32.75,32.79999923706055,32.70000076293945,32.79999923706055,30273,0.0,0.0
2024-03-11 09:00:00+08:00,32.79999923706055,33.04999923706055,32.79999923706055,33.04999923706055,0,0.0,0.0
2024-03-11 09:05:00+08:00,33.04999923706055,33.20000076293945,33.0,33.20000076293945,50492,0.0,0.0
2024-03-11 09:10:00+08:00,33.0,33.04999923706055,33.0,33.0,7037,0.0,0.0
2024-03-11 09:15:00+08:00,33.0,33.0,33.0,33.0,20000,0.0,0.0
2024-03-11 09:20:00+08:00,33.0,33.099998474121094,32.95000076293945,33.099998474121094,33257,0.0,0.0
2024-03-11 09:25:00+08:00,33.0,33.0,33.0,33.0,7151,0.0,0.0
2024-03-11 09:30:00+08:00,33.04999923706055,33.099998474121094,33.0,33.099998474121094,20041,0.0,0.0
2024-03-11 09:35:00+08:00,33.04999923706055,33.099998474121094,33.04999923706055,33.099998474121094,13373,0.0,0.0
2024-03-11 09:40:00+08:00,33.099998474121094,33.150001525878906,33.099998474121094,33.150001525878906,19000,0.0,0.0
2024-03-11 09:45:00+08:00,33.150001525878906,33.29999923706055,33.150001525878906,33.29999923706055,30007,0.0,0.0
2024-03-11 09:50:00+08:00,33.29999923706055,33.29999923706055,33.20000076293945,33.20000076293945,8093,0.0,0.0
2024-03-11 09:55:00+08:00,33.150001525878906,33.150001525878906,33.099998474121094,33.099998474121094,10100,0.0,0.0
2024-03-11 10:00:00+08:00,33.150001525878906,33.150001525878906,33.150001525878906,33.150001525878906,3000,0.0,0.0
2024-03-11 10:05:00+08:00,33.150001525878906,33.150001525878906,33.150001525878906,33.150001525878906,5009,0.0,0.0
2024-03-11 10:10:00+08:00,33.150001525878906,33.150001525878906,33.150001525878906,33.150001525878906,1001,0.0,0.0
2024-03-11 10:15:00+08:00,33.20000076293945,33.20000076293945,33.20000076293945,33.20000076293945,4005,0.0,0.0
2024-03-11 10:20:00+08:00,33.150001525878906,33.150001525878906,33.099998474121094,33.150001525878906,17003,0.0,0.0
2024-03-11 10:25:00+08:00,33.099998474121094,33.25,33.099998474121094,33.20000076293945,26212,0.0,0.0
2024-03-11 10:30:00+08:00,33.29999923706055,33.29999923706055,33.20000076293945,33.20000076293945,15000,0.0,0.0
2024-03-11 10:35:00+08:00,33.20000076293945,33.20000076293945,33.099998474121094,33.099998474121094,26000,0.0,0.0
2024-03-11 10:40:00+08:00,33.150001525878906,33.150001525878906,33.150001525878906,33.150001525878906,18057,0.0,0.0
2024-03-11 10:45:00+08:00,33.150001525878906,33.150001525878906,33.150001525878906,33.150001525878906,2006,0.0,0.0
2024-03-11 10:50:00+08:00,33.099998474121094,33.099998474121094,33.099998474121094,33.099998474121094,10000,0.0,0.0
2024-03-11 10:55:00+08:00,33.099998474121094,33.099998474121094,33.04999923706055,33.04999923706055,18100,0.0,0.0
2024-03-11 11:05:00+08:00,33.099998474121094,33.099998474121094,33.04999923706055,33.04999923706055,12000,0.0,0.0
2024-03-11 11:10:00+08:00,33.099998474121094,33.099998474121094,33.099998474121094,33.099998474121094,11001,0.0,0.0
2024-03-11 11:15:00+08:00,33.150001525878906,33.29999923706055,33.150001525878906,33.29999923706055,17230,0.0,0.0
2024-03-11 11:20:00+08:00,33.29999923706055,33.349998474121094,33.29999923706055,33.29999923706055,18001,0.0,0.0
2024-03-11 11:25:00+08:00,33.29999923706055,33.29999923706055,33.29999923706055,33.29999923706055,3200,0.0,0.0
2024-03-11 11:30:00+08:00,33.29999923706055,33.29999923706055,33.29999923706055,33.29999923706055,5020,0.0,0.0
2024-03-11 11:35:00+08:00,33.25,33.25,33.25,33.25,3000,0.0,0.0
2024-03-11 11:40:00+08:00,33.25,33.25,33.25,33.25,2010,0.0,0.0
2024-03-11 11:45:00+08:00,33.20000076293945,33.20000076293945,33.20000076293945,33.20000076293945,4001,0.0,0.0
2024-03-11 11:50:00+08:00,33.20000076293945,33.20000076293945,33.150001525878906,33.150001525878906,23001,0.0,0.0
2024-03-11 11:55:00+08:00,33.099998474121094,33.099998474121094,33.099998474121094,33.099998474121094,5000,0.0,0.0
2024-03-11 12:00:00+08:00,33.099998474121094,33.099998474121094,33.099998474121094,33.099998474121094,2000,0.0,0.0
2024-03-11 12:05:00+08:00,33.099998474121094,33.099998474121094,33.099998474121094,33.099998474121094,1000,0.0,0.0
2024-03-11 12:10:00+08:00,33.150001525878906,33.150001525878906,33.099998474121094,33.099998474121094,24040,0.0,0.0
2024-03-11 12:15:00+08:00,33.150001525878906,33.150001525878906,33.150001525878906,33.150001525878906,1000,0.0,0.0
2024-03-11 12:20:00+08:00,33.099998474121094,33.099998474121094,33.099998474121094,33.099998474121094,1120,0.0,0.0
2024-03-11 12:25:00+08:00,33.099998474121094,33.150001525878906,33.099998474121094,33.150001525878906,11100,0.0,0.0
2024-03-11 12:30:00+08:00,33.099998474121094,33.099998474121094,33.099998474121094,33.099998474121094,2500,0.0,0.0
2024-03-11 12:35:00+08:00,33.099998474121094,33.099998474121094,33.099998474121094,33.099998474121094,4001,0.0,0.0
2024-03-11 12:40:00+08:00,33.099998474121094,33.150001525878906,33.099998474121094,33.150001525878906,14801,0.0,0.0
2024-03-11 12:45:00+08:00,33.099998474121094,33.099998474121094,33.099998474121094,33.099998474121094,15008,0.0,0.0
2024-03-11 12:50:00+08:00,33.099998474121094,33.099998474121094,33.099998474121094,33.099998474121094,9000,0.0,0.0
2024-03-11 12:55:00+08:00,33.099998474121094,33.099998474121094,33.04999923706055,33.04999923706055,4090,0.0,0.0
2024-03-11 13:00:00+08:00,33.099998474121094,33.099998474121094,33.04999923706055,33.04999923706055,28000,0.0,0.0
2024-03-11 13:05:00+08:00,33.150001525878906,33.150001525878906,33.099998474121094,33.099998474121094,3036,0.0,0.0
2024-03-11 13:10:00+08:00,33.099998474121094,33.20000076293945,33.099998474121094,33.099998474121094,12236,0.0,0.0
2024-03-11 13:15:00+08:00,33.099998474121094,33.150001525878906,33.099998474121094,33.099998474121094,11200,0.0,0.0
2024-03-11 13:20:00+08:00,33.099998474121094,33.099998474121094,33.04999923706055,33.04999923706055,12041,0.0,0.0
2024-03-12 09:00:00+08:00,33.45000076293945,33.45000076293945,33.20000076293945,33.20000076293945,6000,0.0,0.0
2024-03-12 09:05:00+08:00,33.349998474121094,33.400001525878906,33.29999923706055,33.29999923706055,22000,0.0,0.0
2024-03-12 09:10:00+08:00,33.29999923706055,33.29999923706055,33.20000076293945,33.20000076293945,35380,0.0,0.0
2024-03-12 09:15:00+08:00,33.20000076293945,33.25,33.20000076293945,33.20000076293945,12004,0.0,0.0
2024-03-12 09:20:00+08:00,33.20000076293945,33.29999923706055,33.20000076293945,33.25,21000,0.0,0.0
2024-03-12 09:25:00+08:00,33.25,33.45000076293945,33.25,33.45000076293945,23000,0.0,0.0
2024-03-12 09:30:00+08:00,33.25,33.25,33.25,33.25,4111,0.0,0.0
2024-03-12 09:40:00+08:00,33.349998474121094,33.349998474121094,33.29999923706055,33.29999923706055,10000,0.0,0.0
2024-03-12 09:45:00+08:00,33.400001525878906,33.400001525878906,33.29999923706055,33.29999923706055,9010,0.0,0.0
2024-03-12 09:50:00+08:00,33.29999923706055,33.29999923706055,33.25,33.29999923706055,14088,0.0,0.0
2024-03-12 09:55:00+08:00,33.29999923706055,33.29999923706055,33.25,33.25,26643,0.0,0.0
2024-03-12 10:00:00+08:00,33.29999923706055,33.349998474121094,33.25,33.29999923706055,7002,0.0,0.0
2024-03-12 10:05:00+08:00,33.29999923706055,33.29999923706055,33.20000076293945,33.29999923706055,24061,0.0,0.0
2024-03-12 10:10:00+08:00,33.29999923706055,33.29999923706055,33.29999923706055,33.29999923706055,3151,0.0,0.0
2024-03-12 10:15:00+08:00,33.29999923706055,33.29999923706055,33.25,33.25,21014,0.0,0.0
2024-03-12 10:25:00+08:00,33.29999923706055,33.29999923706055,33.29999923706055,33.29999923706055,5001,0.0,0.0
2024-03-12 10:30:00+08:00,33.29999923706055,33.29999923706055,33.25,33.25,9100,0.0,0.0
2024-03-12 10:35:00+08:00,33.29999923706055,33.349998474121094,33.25,33.349998474121094,33000,0.0,0.0
2024-03-12 10:40:00+08:00,33.400001525878906,33.5,33.400001525878906,33.5,50028,0.0,0.0
2024-03-12 10:45:00+08:00,33.5,33.599998474121094,33.5,33.5,42000,0.0,0.0
2024-03-12 10:50:00+08:00,33.5,33.5,33.5,33.5,15101,0.0,0.0
2024-03-12 10:55:00+08:00,33.5,33.54999923706055,33.5,33.5,7100,0.0,0.0
2024-03-12 11:00:00+08:00,33.54999923706055,33.650001525878906,33.5,33.599998474121094,45000,0.0,0.0
2024-03-12 11:05:00+08:00,33.650001525878906,33.75,33.599998474121094,33.75,32151,0.0,0.0
2024-03-12 11:10:00+08:00,33.650001525878906,33.650001525878906,33.599998474121094,33.599998474121094,6600,0.0,0.0
2024-03-12 11:15:00+08:00,33.599998474121094,33.599998474121094,33.599998474121094,33.599998474121094,9000,0.0,0.0
2024-03-12 11:20:00+08:00,33.599998474121094,33.599998474121094,33.599998474121094,33.599998474121094,9001,0.0,0.0
2024-03-12 11:25:00+08:00,33.599998474121094,33.599998474121094,33.599998474121094,33.599998474121094,6000,0.0,0.0
2024-03-12 11:30:00+08:00,33.599998474121094,33.599998474121094,33.599998474121094,33.599998474121094,5000,0.0,0.0
2024-03-12 11:35:00+08:00,33.650001525878906,33.650001525878906,33.599998474121094,33.650001525878906,20000,0.0,0.0
2024-03-12 11:40:00+08:00,33.599998474121094,33.599998474121094,33.599998474121094,33.599998474121094,4000,0.0,0.0
2024-03-12 11:45:00+08:00,33.599998474121094,33.599998474121094,33.599998474121094,33.599998474121094,5400,0.0,0.0
2024-03-12 11:50:00+08:00,33.599998474121094,33.599998474121094,33.599998474121094,33.599998474121094,16014,0.0,0.0
2024-03-12 11:55:00+08:00,33.54999923706055,33.54999923706055,33.54999923706055,33.54999923706055,8000,0.0,0.0
2024-03-12 12:00:00+08:00,33.54999923706055,33.54999923706055,33.5,33.5,8000,0.0,0.0
2024-03-12 12:05:00+08:00,33.54999923706055,33.54999923706055,33.400001525878906,33.45000076293945,60000,0.0,0.0
2024-03-12 12:10:00+08:00,33.45000076293945,33.45000076293945,33.45000076293945,33.45000076293945,2003,0.0,0.0
2024-03-12 12:15:00+08:00,33.45000076293945,33.45000076293945,33.45000076293945,33.45000076293945,10075,0.0,0.0
2024-03-12 12:20:00+08:00,33.5,33.5,33.45000076293945,33.45000076293945,13000,0.0,0.0
2024-03-12 12:25:00+08:00,33.5,33.5,33.45000076293945,33.5,13148,0.0,0.0
2024-03-12 12:30:00+08:00,33.5,33.5,33.45000076293945,33.45000076293945,2151,0.0,0.0
2024-03-12 12:35:00+08:00,33.45000076293945,33.45000076293945,33.45000076293945,33.45000076293945,1000,0.0,0.0
2024-03-12 12:40:00+08:00,33.45000076293945,33.45000076293945,33.45000076293945,33.45000076293945,23031,0.0,0.0
2024-03-12 12:45:00+08:00,33.45000076293945,33.45000076293945,33.45000076293945,33.45000076293945,13006,0.0,0.0
2024-03-12 12:50:00+08:00,33.400001525878906,33.5,33.400001525878906,33.5,13201,0.0,0.0
2024-03-12 12:55:00+08:00,33.5,33.5,33.5,33.5,17370,0.0,0.0
2024-03-12 13:00:00+08:00,33.5,33.5,33.5,33.5,1005,0.0,0.0
2024-03-12 13:05:00+08:00,33.54999923706055,33.599998474121094,33.54999923706055,33.599998474121094,31001,0.0,0.0
2024-03-12 13:10:00+08:00,33.54999923706055,33.54999923706055,33.45000076293945,33.45000076293945,42706,0.0,0.0
2024-03-12 13:15:00+08:00,33.5,33.5,33.45000076293945,33.5,30111,0.0,0.0
2024-03-12 13:20:00+08:00,33.54999923706055,33.599998474121094,33.5,33.54999923706055,19050,0.0,0.0
2024-03-13 09:00:00+08:00,33.5,33.79999923706055,33.5,33.599998474121094,42000,0.0,0.0
2024-03-13 09:05:00+08:00,33.54999923706055,33.54999923706055,33.25,33.349998474121094,67000,0.0,0.0
2024-03-13 09:10:00+08:00,33.29999923706055,33.29999923706055,33.150001525878906,33.25,65208,0.0,0.0
2024-03-13 09:15:00+08:00,33.29999923706055,33.349998474121094,33.20000076293945,33.20000076293945,33253,0.0,0.0
2024-03-13 09:20:00+08:00,33.20000076293945,33.20000076293945,33.099998474121094,33.099998474121094,29185,0.0,0.0
2024-03-13 09:25:00+08:00,33.150001525878906,33.150001525878906,33.0,33.099998474121094,89040,0.0,0.0
2024-03-13 09:30:00+08:00,33.04999923706055,33.04999923706055,33.04999923706055,33.04999923706055,20130,0.0,0.0
2024-03-13 09:35:00+08:00,33.04999923706055,33.099998474121094,33.0,33.099998474121094,41352,0.0,0.0
2024-03-13 09:40:00+08:00,33.04999923706055,33.099998474121094,33.04999923706055,33.099998474121094,10090,0.0,0.0
2024-03-13 09:45:00+08:00,33.099998474121094,33.099998474121094,33.04999923706055,33.099998474121094,7080,0.0,0.0
2024-03-13 09:50:00+08:00,33.04999923706055,33.099998474121094,33.04999923706055,33.099998474121094,2172,0.0,0.0
2024-03-13 09:55:00+08:00,33.04999923706055,33.099998474121094,33.0,33.0,57009,0.0,0.0
2024-03-13 10:00:00+08:00,33.04999923706055,33.04999923706055,32.95000076293945,33.0,78695,0.0,0.0
2024-03-13 10:05:00+08:00,33.0,33.0,33.0,33.0,6200,0.0,0.0
2024-03-13 10:10:00+08:00,33.0,33.0,33.0,33.0,4000,0.0,0.0
2024-03-13 10:15:00+08:00,32.95000076293945,32.95000076293945,32.95000076293945,32.95000076293945,28001,0.0,0.0
2024-03-13 10:20:00+08:00,32.900001525878906,32.95000076293945,32.70000076293945,32.70000076293945,129263,0.0,0.0
2024-03-13 10:25:00+08:00,32.75,32.849998474121094,32.75,32.849998474121094,9870,0.0,0.0
2024-03-13 10:30:00+08:00,32.849998474121094,32.849998474121094,32.849998474121094,32.849998474121094,10000,0.0,0.0
2024-03-13 10:35:00+08:00,32.849998474121094,32.849998474121094,32.849998474121094,32.849998474121094,8001,0.0,0.0
2024-03-13 10:40:00+08:00,32.849998474121094,32.849998474121094,32.79999923706055,32.849998474121094,10002,0.0,0.0
2024-03-13 10:45:00+08:00,32.849998474121094,32.900001525878906,32.849998474121094,32.900001525878906,9233,0.0,0.0
2024-03-13 10:55:00+08:00,32.849998474121094,32.849998474121094,32.79999923706055,32.79999923706055,11101,0.0,0.0
2024-03-13 11:00:00+08:00,32.79999923706055,32.849998474121094,32.79999923706055,32.849998474121094,15050,0.0,0.0
2024-03-13 11:05:00+08:00,32.849998474121094,32.849998474121094,32.849998474121094,32.849998474121094,3143,0.0,0.0
2024-03-13 11:10:00+08:00,32.79999923706055,32.849998474121094,32.79999923706055,32.849998474121094,5010,0.0,0.0
2024-03-13 11:15:00+08:00,32.79999923706055,32.79999923706055,32.79999923706055,32.79999923706055,11050,0.0,0.0
2024-03-13 11:20:00+08:00,32.79999923706055,32.79999923706055,32.79999923706055,32.79999923706055,25190,0.0,0.0
2024-03-13 11:25:00+08:00,32.79999923706055,32.849998474121094,32.79999923706055,32.849998474121094,11021,0.0,0.0
2024-03-13 11:30:00+08:00,32.849998474121094,32.900001525878906,32.849998474121094,32.900001525878906,7150,0.0,0.0
2024-03-13 11:35:00+08:00,32.849998474121094,32.900001525878906,32.79999923706055,32.849998474121094,33390,0.0,0.0
2024-03-13 11:40:00+08:00,32.849998474121094,32.900001525878906,32.849998474121094,32.900001525878906,8133,0.0,0.0
2024-03-13 11:45:00+08:00,32.900001525878906,32.95000076293945,32.900001525878906,32.95000076293945,5101,0.0,0.0
2024-03-13 11:50:00+08:00,32.900001525878906,32.900001525878906,32.900001525878906,32.900001525878906,3501,0.0,0.0
2024-03-13 11:55:00+08:00,32.900001525878906,32.900001525878906,32.900001525878906,32.900001525878906,6100,0.0,0.0
2024-03-13 12:00:00+08:00,32.900001525878906,32.900001525878906,32.849998474121094,32.849998474121094,12123,0.0,0.0
2024-03-13 12:05:00+08:00,32.849998474121094,32.849998474121094,32.79999923706055,32.79999923706055,12000,0.0,0.0
2024-03-13 12:10:00+08:00,32.79999923706055,32.79999923706055,32.79999923706055,32.79999923706055,3017,0.0,0.0
2024-03-13 12:15:00+08:00,32.79999923706055,32.79999923706055,32.79999923706055,32.79999923706055,5000,0.0,0.0
2024-03-13 12:20:00+08:00,32.79999923706055,32.79999923706055,32.75,32.75,24001,0.0,0.0
2024-03-13 12:25:00+08:00,32.79999923706055,32.79999923706055,32.79999923706055,32.79999923706055,9000,0.0,0.0
2024-03-13 12:30:00+08:00,32.79999923706055,32.79999923706055,32.70000076293945,32.70000076293945,39559,0.0,0.0
2024-03-13 12:35:00+08:00,32.70000076293945,32.75,32.70000076293945,32.75,21000,0.0,0.0
2024-03-13 12:40:00+08:00,32.79999923706055,32.79999923706055,32.79999923706055,32.79999923706055,6000,0.0,0.0
2024-03-13 12:45:00+08:00,32.79999923706055,32.849998474121094,32.79999923706055,32.849998474121094,21000,0.0,0.0
2024-03-13 12:50:00+08:00,32.849998474121094,32.849998474121094,32.849998474121094,32.849998474121094,1000,0.0,0.0
2024-03-13 12:55:00+08:00,32.900001525878906,32.900001525878906,32.900001525878906,32.900001525878906,4100,0.0,0.0
2024-03-13 13:00:00+08:00,32.900001525878906,32.900001525878906,32.849998474121094,32.900001525878906,8001,0.0,0.0
2024-03-13 13:05:00+08:00,32.900001525878906,32.900001525878906,32.849998474121094,32.900001525878906,11571,0.0,0.0
2024-03-13 13:10:00+08:00,32.900001525878906,32.900001525878906,32.900001525878906,32.900001525878906,1000,0.0,0.0
2024-03-13 13:15:00+08:00,32.849998474121094,32.900001525878906,32.79999923706055,32.900001525878906,23120,0.0,0.0
2024-03-13 13:20:00+08:00,32.95000076293945,32.95000076293945,32.849998474121094,32.849998474121094,33002,0.0,0.0
2024-03-14 09:00:00+08:00,32.599998474121094,32.599998474121094,32.599998474121094,32.599998474121094,0,0.0,0.0
2024-03-14 09:05:00+08:00,32.599998474121094,32.650001525878906,32.54999923706055,32.54999923706055,75707,0.0,0.0
2024-03-14 09:10:00+08:00,32.599998474121094,32.70000076293945,32.5,32.599998474121094,82005,0.0,0.0
2024-03-14 09:15:00+08:00,32.599998474121094,32.599998474121094,32.5,32.54999923706055,29391,0.0,0.0
2024-03-14 09:20:00+08:00,32.54999923706055,32.599998474121094,32.5,32.54999923706055,37546,0.0,0.0
2024-03-14 09:25:00+08:00,32.5,32.599998474121094,32.5,32.599998474121094,56704,0.0,0.0
2024-03-14 09:30:00+08:00,32.599998474121094,32.599998474121094,32.599998474121094,32.599998474121094,1000,0.0,0.0
2024-03-14 09:35:00+08:00,32.599998474121094,32.650001525878906,32.54999923706055,32.650001525878906,27352,0.0,0.0
2024-03-14 09:40:00+08:00,32.650001525878906,32.75,32.650001525878906,32.75,38534,0.0,0.0
2024-03-14 09:45:00+08:00,32.79999923706055,32.79999923706055,32.75,32.79999923706055,18260,0.0,0.0
2024-03-14 09:50:00+08:00,32.79999923706055,32.79999923706055,32.75,32.75,18002,0.0,0.0
2024-03-14 09:55:00+08:00,32.75,32.79999923706055,32.75,32.79999923706055,9073,0.0,0.0
2024-03-14 10:00:00+08:00,32.79999923706055,32.79999923706055,32.79999923706055,32.79999923706055,2002,0.0,0.0
2024-03-14 10:05:00+08:00,32.79999923706055,32.849998474121094,32.79999923706055,32.849998474121094,4014,0.0,0.0
2024-03-14 10:10:00+08:00,32.79999923706055,32.79999923706055,32.75,32.75,4070,0.0,0.0
2024-03-14 10:15:00+08:00,32.75,32.849998474121094,32.75,32.849998474121094,16002,0.0,0.0
2024-03-14 10:20:00+08:00,32.849998474121094,32.849998474121094,32.849998474121094,32.849998474121094,4104,0.0,0.0
2024-03-14 10:25:00+08:00,32.849998474121094,32.900001525878906,32.849998474121094,32.900001525878906,13008,0.0,0.0
2024-03-14 10:30:00+08:00,32.900001525878906,32.900001525878906,32.849998474121094,32.849998474121094,15002,0.0,0.0
2024-03-14 10:35:00+08:00,32.900001525878906,32.900001525878906,32.900001525878906,32.900001525878906,2002,0.0,0.0
2024-03-14 10:40:00+08:00,32.900001525878906,32.900001525878906,32.849998474121094,32.849998474121094,9000,0.0,0.0
2024-03-14 10:45:00+08:00,32.79999923706055,32.79999923706055,32.79999923706055,32.79999923706055,10000,0.0,0.0
2024-03-14 10:50:00+08:00,32.79999923706055,32.79999923706055,32.75,32.75,17050,0.0,0.0
2024-03-14 10:55:00+08:00,32.75,32.79999923706055,32.75,32.79999923706055,12000,0.0,0.0
2024-03-14 11:00:00+08:00,32.79999923706055,32.79999923706055,32.79999923706055,32.79999923706055,2000,0.0,0.0
2024-03-14 11:05:00+08:00,32.79999923706055,32.79999923706055,32.79999923706055,32.79999923706055,3000,0.0,0.0
2024-03-14 11:10:00+08:00,32.79999923706055,32.79999923706055,32.79999923706055,32.79999923706055,4000,0.0,0.0
2024-03-14 11:20:00+08:00,32.79999923706055,32.79999923706055,32.79999923706055,32.79999923706055,5004,0.0,0.0
2024-03-14 11:25:00+08:00,32.79999923706055,32.79999923706055,32.79999923706055,32.79999923706055,5003,0.0,0.0
2024-03-14 11:30:00+08:00,32.75,32.75,32.75,32.75,1100,0.0,0.0
2024-03-14 11:35:00+08:00,32.75,32.75,32.75,32.75,16000,0.0,0.0
2024-03-14 11:40:00+08:00,32.75,32.75,32.75,32.75,1000,0.0,0.0
2024-03-14 11:50:00+08:00,32.70000076293945,32.70000076293945,32.70000076293945,32.70000076293945,4000,0.0,0.0
2024-03-14 11:55:00+08:00,32.70000076293945,32.70000076293945,32.70000076293945,32.70000076293945,1185,0.0,0.0
2024-03-14 12:00:00+08:00,32.70000076293945,32.70000076293945,32.70000076293945,32.70000076293945,2008,0.0,0.0
2024-03-14 12:05:00+08:00,32.70000076293945,32.70000076293945,32.70000076293945,32.70000076293945,1000,0.0,0.0
2024-03-14 12:10:00+08:00,32.70000076293945,32.70000076293945,32.70000076293945,32.70000076293945,4000,0.0,0.0
2024-03-14 12:15:00+08:00,32.650001525878906,32.650001525878906,32.650001525878906,32.650001525878906,5342,0.0,0.0
2024-03-14 12:20:00+08:00,32.650001525878906,32.650001525878906,32.599998474121094,32.599998474121094,18391,0.0,0.0
2024-03-14 12:25:00+08:00,32.599998474121094,32.599998474121094,32.599998474121094,32.599998474121094,6030,0.0,0.0
2024-03-14 12:30:00+08:00,32.599998474121094,32.599998474121094,32.599998474121094,32.599998474121094,21002,0.0,0.0
2024-03-14 12:35:00+08:00,32.599998474121094,32.599998474121094,32.54999923706055,32.54999923706055,5358,0.0,0.0
2024-03-14 12:40:00+08:00,32.54999923706055,32.54999923706055,32.54999923706055,32.54999923706055,16002,0.0,0.0
2024-03-14 12:45:00+08:00,32.54999923706055,32.54999923706055,32.54999923706055,32.54999923706055,11003,0.0,0.0
2024-03-14 12:50:00+08:00,32.54999923706055,32.54999923706055,32.54999923706055,32.54999923706055,6269,0.0,0.0
2024-03-14 12:55:00+08:00,32.54999923706055,32.599998474121094,32.54999923706055,32.599998474121094,8060,0.0,0.0
2024-03-14 13:00:00+08:00,32.599998474121094,32.650001525878906,32.599998474121094,32.650001525878906,54100,0.0,0.0
2024-03-14 13:05:00+08:00,32.650001525878906,32.650001525878906,32.650001525878906,32.650001525878906,2000,0.0,0.0
2024-03-14 13:10:00+08:00,32.599998474121094,32.650001525878906,32.599998474121094,32.650001525878906,6000,0.0,0.0
2024-03-14 13:15:00+08:00,32.599998474121094,32.599998474121094,32.599998474121094,32.599998474121094,5200,0.0,0.0
2024-03-14 13:20:00+08:00,32.599998474121094,32.599998474121094,32.54999923706055,32.54999923706055,19115,0.0,0.0
2024-03-15 09:00:00+08:00,32.5,32.5,32.349998474121094,32.5,74000,0.0,0.0
2024-03-15 09:05:00+08:00,32.5,32.5,32.5,32.5,11353,0.0,0.0
2024-03-15 09:10:00+08:00,32.5,32.70000076293945,32.5,32.70000076293945,48931,0.0,0.0
2024-03-15 09:15:00+08:00,32.70000076293945,32.75,32.70000076293945,32.75,7413,0.0,0.0
2024-03-15 09:20:00+08:00,32.75,32.75,32.70000076293945,32.70000076293945,13001,0.0,0.0
2024-03-15 09:25:00+08:00,32.75,32.79999923706055,32.75,32.79999923706055,18002,0.0,0.0
2024-03-15 09:30:00+08:00,32.79999923706055,32.900001525878906,32.79999923706055,32.79999923706055,7000,0.0,0.0
2024-03-15 09:35:00+08:00,32.75,32.75,32.75,32.75,4005,0.0,0.0
2024-03-15 09:40:00+08:00,32.75,32.75,32.75,32.75,14002,0.0,0.0
2024-03-15 09:45:00+08:00,32.75,32.75,32.650001525878906,32.650001525878906,19001,0.0,0.0
2024-03-15 09:50:00+08:00,32.650001525878906,32.70000076293945,32.650001525878906,32.650001525878906,16103,0.0,0.0
2024-03-15 09:55:00+08:00,32.650001525878906,32.650001525878906,32.650001525878906,32.650001525878906,3371,0.0,0.0
2024-03-15 10:05:00+08:00,32.599998474121094,32.599998474121094,32.5,32.5,35002,0.0,0.0
2024-03-15 10:15:00+08:00,32.5,32.54999923706055,32.5,32.5,15000,0.0,0.0
2024-03-15 10:20:00+08:00,32.5,32.5,32.45000076293945,32.45000076293945,35128,0.0,0.0
2024-03-15 10:25:00+08:00,32.45000076293945,32.45000076293945,32.400001525878906,32.45000076293945,20004,0.0,0.0
2024-03-15 10:30:00+08:00,32.45000076293945,32.45000076293945,32.400001525878906,32.400001525878906,24100,0.0,0.0
2024-03-15 10:35:00+08:00,32.400001525878906,32.400001525878906,32.400001525878906,32.400001525878906,12010,0.0,0.0
2024-03-15 10:40:00+08:00,32.400001525878906,32.400001525878906,32.349998474121094,32.349998474121094,15899,0.0,0.0
2024-03-15 10:45:00+08:00,32.349998474121094,32.349998474121094,32.29999923706055,32.29999923706055,10001,0.0,0.0
2024-03-15 10:55:00+08:00,32.349998474121094,32.349998474121094,32.349998474121094,32.349998474121094,5001,0.0,0.0
2024-03-15 11:00:00+08:00,32.349998474121094,32.349998474121094,32.349998474121094,32.349998474121094,2000,0.0,0.0
2024-03-15 11:05:00+08:00,32.400001525878906,32.54999923706055,32.400001525878906,32.54999923706055,53101,0.0,0.0
2024-03-15 11:10:00+08:00,32.599998474121094,32.599998474121094,32.599998474121094,32.599998474121094,2000,0.0,0.0
2024-03-15 11:15:00+08:00,32.599998474121094,32.599998474121094,32.599998474121094,32.599998474121094,2003,0.0,0.0
2024-03-15 11:20:00+08:00,32.599998474121094,32.599998474121094,32.54999923706055,32.54999923706055,34000,0.0,0.0
2024-03-15 11:25:00+08:00,32.54999923706055,32.54999923706055,32.54999923706055,32.54999923706055,6001,0.0,0.0
2024-03-15 11:30:00+08:00,32.54999923706055,32.54999923706055,32.54999923706055,32.54999923706055,12003,0.0,0.0
2024-03-15 11:35:00+08:00,32.5,32.5,32.5,32.5,13000,0.0,0.0
2024-03-15 11:40:00+08:00,32.5,32.5,32.5,32.5,1432,0.0,0.0
2024-03-15 11:50:00+08:00,32.54999923706055,32.54999923706055,32.54999923706055,32.54999923706055,5084,0.0,0.0
2024-03-15 11:55:00+08:00,32.54999923706055,32.599998474121094,32.54999923706055,32.599998474121094,24000,0.0,0.0
2024-03-15 12:00:00+08:00,32.599998474121094,32.599998474121094,32.599998474121094,32.599998474121094,13004,0.0,0.0
2024-03-15 12:05:00+08:00,32.599998474121094,32.599998474121094,32.599998474121094,32.599998474121094,7015,0.0,0.0
2024-03-15 12:10:00+08:00,32.599998474121094,32.599998474121094,32.599998474121094,32.599998474121094,7003,0.0,0.0
2024-03-15 12:15:00+08:00,32.599998474121094,32.650001525878906,32.599998474121094,32.650001525878906,23037,0.0,0.0
2024-03-15 12:20:00+08:00,32.650001525878906,32.70000076293945,32.650001525878906,32.70000076293945,15352,0.0,0.0
2024-03-15 12:25:00+08:00,32.70000076293945,32.70000076293945,32.599998474121094,32.599998474121094,16001,0.0,0.0
2024-03-15 12:30:00+08:00,32.650001525878906,32.650001525878906,32.650001525878906,32.650001525878906,1198,0.0,0.0
2024-03-15 12:40:00+08:00,32.650001525878906,32.650001525878906,32.650001525878906,32.650001525878906,3020,0.0,0.0
2024-03-15 12:45:00+08:00,32.599998474121094,32.599998474121094,32.5,32.5,85000,0.0,0.0
2024-03-15 12:50:00+08:00,32.5,32.5,32.5,32.5,6500,0.0,0.0
2024-03-15 12:55:00+08:00,32.5,32.54999923706055,32.5,32.54999923706055,7000,0.0,0.0
2024-03-15 13:00:00+08:00,32.5,32.54999923706055,32.5,32.5,10100,0.0,0.0
2024-03-15 13:05:00+08:00,32.5,32.5,32.45000076293945,32.45000076293945,21201,0.0,0.0
2024-03-15 13:10:00+08:00,32.45000076293945,32.5,32.400001525878906,32.5,9043,0.0,0.0
2024-03-15 13:15:00+08:00,32.5,32.5,32.400001525878906,32.400001525878906,13002,0.0,0.0
2024-03-15 13:20:00+08:00,32.400001525878906,32.45000076293945,32.400001525878906,32.45000076293945,23009,0.0,0.0
2024-03-18 09:00:00+08:00,32.54999923706055,32.849998474121094,32.5,32.599998474121094,0,0.0,0.0
2024-03-18 09:10:00+08:00,32.75,32.75,32.75,32.75,10037,0.0,0.0
2024-03-18 09:15:00+08:00,32.75,32.79999923706055,32.70000076293945,32.79999923706055,12102,0.0,0.0
2024-03-18 09:20:00+08:00,32.75,32.79999923706055,32.75,32.75,16000,0.0,0.0
2024-03-18 09:25:00+08:00,32.75,32.75,32.650001525878906,32.70000076293945,20051,0.0,0.0
2024-03-18 09:30:00+08:00,32.75,32.75,32.75,32.75,1000,0.0,0.0
2024-03-18 09:35:00+08:00,32.75,32.849998474121094,32.75,32.79999923706055,33000,0.0,0.0
2024-03-18 09:40:00+08:00,32.849998474121094,32.849998474121094,32.79999923706055,32.849998474121094,6101,0.0,0.0
2024-03-18 09:45:00+08:00,32.849998474121094,32.900001525878906,32.849998474121094,32.900001525878906,6004,0.0,0.0
2024-03-18 09:50:00+08:00,32.900001525878906,32.900001525878906,32.849998474121094,32.849998474121094,11001,0.0,0.0
2024-03-18 09:55:00+08:00,32.900001525878906,32.900001525878906,32.849998474121094,32.900001525878906,13000,0.0,0.0
2024-03-18 10:00:00+08:00,32.900001525878906,32.900001525878906,32.79999923706055,32.79999923706055,30000,0.0,0.0
2024-03-18 10:05:00+08:00,32.75,32.79999923706055,32.75,32.75,5101,0.0,0.0
2024-03-18 10:10:00+08:00,32.849998474121094,32.849998474121094,32.75,32.75,7000,0.0,0.0
2024-03-18 10:15:00+08:00,32.75,32.75,32.70000076293945,32.70000076293945,12233,0.0,0.0
2024-03-18 10:20:00+08:00,32.70000076293945,32.70000076293945,32.70000076293945,32.70000076293945,3000,0.0,0.0
2024-03-18 10:25:00+08:00,32.70000076293945,32.70000076293945,32.599998474121094,32.650001525878906,36000,0.0,0.0
2024-03-18 10:30:00+08:00,32.650001525878906,32.650001525878906,32.650001525878906,32.650001525878906,4001,0.0,0.0
2024-03-18 10:35:00+08:00,32.650001525878906,32.650001525878906,32.650001525878906,32.650001525878906,5263,0.0,0.0
2024-03-18 10:40:00+08:00,32.650001525878906,32.79999923706055,32.599998474121094,32.79999923706055,22040,0.0,0.0
2024-03-18 10:45:00+08:00,32.79999923706055,32.849998474121094,32.79999923706055,32.849998474121094,57001,0.0,0.0
2024-03-18 10:50:00+08:00,32.79999923706055,32.79999923706055,32.79999923706055,32.79999923706055,10000,0.0,0.0
2024-03-18 10:55:00+08:00,32.75,32.75,32.75,32.75,6001,0.0,0.0
2024-03-18 11:00:00+08:00,32.75,32.75,32.70000076293945,32.70000076293945,16062,0.0,0.0
2024-03-18 11:05:00+08:00,32.70000076293945,32.70000076293945,32.70000076293945,32.70000076293945,6039,0.0,0.0
2024-03-18 11:10:00+08:00,32.70000076293945,32.70000076293945,32.70000076293945,32.70000076293945,3002,0.0,0.0
2024-03-18 11:15:00+08:00,32.70000076293945,32.75,32.70000076293945,32.75,7001,0.0,0.0
2024-03-18 11:20:00+08:00,32.79999923706055,32.79999923706055,32.70000076293945,32.75,7003,0.0,0.0
2024-03-18 11:25:00+08:00,32.79999923706055,32.79999923706055,32.70000076293945,32.70000076293945,4001,0.0,0.0
2024-03-18 11:30:00+08:00,32.70000076293945,32.70000076293945,32.70000076293945,32.70000076293945,4100,0.0,0.0
2024-03-18 11:35:00+08:00,32.70000076293945,32.75,32.70000076293945,32.70000076293945,3001,0.0,0.0
2024-03-18 11:40:00+08:00,32.70000076293945,32.75,32.70000076293945,32.75,8003,0.0,0.0
2024-03-18 11:45:00+08:00,32.70000076293945,32.70000076293945,32.70000076293945,32.70000076293945,1000,0.0,0.0
2024-03-18 11:50:00+08:00,32.70000076293945,32.70000076293945,32.70000076293945,32.70000076293945,2000,0.0,0.0
2024-03-18 11:55:00+08:00,32.79999923706055,32.79999923706055,32.79999923706055,32.79999923706055,15101,0.0,0.0
2024-03-18 12:00:00+08:00,32.70000076293945,32.75,32.70000076293945,32.75,2002,0.0,0.0
2024-03-18 12:05:00+08:00,32.75,32.75,32.75,32.75,4000,0.0,0.0
2024-03-18 12:10:00+08:00,32.75,32.75,32.75,32.75,8000,0.0,0.0
2024-03-18 12:15:00+08:00,32.75,32.79999923706055,32.75,32.79999923706055,31204,0.0,0.0
2024-03-18 12:25:00+08:00,32.75,32.79999923706055,32.75,32.75,7003,0.0,0.0
2024-03-18 12:30:00+08:00,32.75,32.79999923706055,32.75,32.75,5003,0.0,0.0
2024-03-18 12:35:00+08:00,32.75,32.79999923706055,32.75,32.75,4010,0.0,0.0
2024-03-18 12:40:00+08:00,32.75,32.79999923706055,32.75,32.79999923706055,4001,0.0,0.0
2024-03-18 12:45:00+08:00,32.79999923706055,32.79999923706055,32.75,32.79999923706055,6000,0.0,0.0
2024-03-18 12:50:00+08:00,32.79999923706055,32.79999923706055,32.70000076293945,32.70000076293945,22000,0.0,0.0
2024-03-18 12:55:00+08:00,32.75,32.79999923706055,32.75,32.79999923706055,34000,0.0,0.0
2024-03-18 13:00:00+08:00,32.79999923706055,32.79999923706055,32.79999923706055,32.79999923706055,7063,0.0,0.0
2024-03-18 13:05:00+08:00,32.79999923706055,32.79999923706055,32.75,32.75,6000,0.0,0.0
2024-03-18 13:10:00+08:00,32.75,32.75,32.75,32.75,8700,0.0,0.0
2024-03-18 13:15:00+08:00,32.75,32.75,32.70000076293945,32.70000076293945,26515,0.0,0.0
2024-03-18 13:20:00+08:00,32.75,32.79999923706055,32.70000076293945,32.79999923706055,25047,0.0,0.0
2024-03-19 09:00:00+08:00,32.900001525878906,32.900001525878906,32.75,32.75,41000,0.0,0.0
2024-03-19 09:05:00+08:00,32.79999923706055,32.95000076293945,32.75,32.95000076293945,70000,0.0,0.0
2024-03-19 09:10:00+08:00,33.0,33.04999923706055,32.95000076293945,33.04999923706055,29860,0.0,0.0
2024-03-19 09:15:00+08:00,33.0,33.04999923706055,32.95000076293945,33.04999923706055,34518,0.0,0.0
2024-03-19 09:20:00+08:00,33.04999923706055,33.04999923706055,33.04999923706055,33.04999923706055,8045,0.0,0.0
2024-03-19 09:25:00+08:00,33.04999923706055,33.04999923706055,33.0,33.0,24200,0.0,0.0
2024-03-19 09:30:00+08:00,32.95000076293945,33.0,32.95000076293945,33.0,9000,0.0,0.0
2024-03-19 09:35:00+08:00,33.04999923706055,33.04999923706055,33.0,33.0,7050,0.0,0.0
2024-03-19 09:40:00+08:00,32.95000076293945,33.0,32.95000076293945,33.0,3021,0.0,0.0
2024-03-19 09:45:00+08:00,33.0,33.0,32.900001525878906,32.900001525878906,11101,0.0,0.0
2024-03-19 09:50:00+08:00,32.95000076293945,32.95000076293945,32.900001525878906,32.95000076293945,5004,0.0,0.0
2024-03-19 09:55:00+08:00,32.95000076293945,32.95000076293945,32.95000076293945,32.95000076293945,11034,0.0,0.0
2024-03-19 10:00:00+08:00,33.0,33.099998474121094,32.95000076293945,32.95000076293945,57000,0.0,0.0
2024-03-19 10:05:00+08:00,33.0,33.099998474121094,33.0,33.04999923706055,16318,0.0,0.0
2024-03-19 10:10:00+08:00,33.04999923706055,33.099998474121094,33.04999923706055,33.099998474121094,3002,0.0,0.0
2024-03-19 10:15:00+08:00,33.099998474121094,33.099998474121094,33.099998474121094,33.099998474121094,14050,0.0,0.0
2024-03-19 10:20:00+08:00,33.099998474121094,33.150001525878906,33.04999923706055,33.04999923706055,16050,0.0,0.0
2024-03-19 10:25:00+08:00,33.099998474121094,33.150001525878906,33.099998474121094,33.099998474121094,3051,0.0,0.0
2024-03-19 10:30:00+08:00,33.04999923706055,33.04999923706055,32.95000076293945,33.0,48000,0.0,0.0
2024-03-19 10:35:00+08:00,33.04999923706055,33.04999923706055,33.0,33.04999923706055,7000,0.0,0.0
2024-03-19 10:40:00+08:00,33.04999923706055,33.150001525878906,33.04999923706055,33.099998474121094,47002,0.0,0.0
2024-03-19 10:45:00+08:00,33.150001525878906,33.20000076293945,33.150001525878906,33.20000076293945,5995,0.0,0.0
2024-03-19 10:50:00+08:00,33.20000076293945,33.20000076293945,33.150001525878906,33.20000076293945,24385,0.0,0.0
2024-03-19 10:55:00+08:00,33.150001525878906,33.150001525878906,33.150001525878906,33.150001525878906,3008,0.0,0.0
2024-03-19 11:00:00+08:00,33.150001525878906,33.20000076293945,33.150001525878906,33.20000076293945,29000,0.0,0.0
2024-03-19 11:05:00+08:00,33.20000076293945,33.25,33.20000076293945,33.20000076293945,11005,0.0,0.0
2024-03-19 11:10:00+08:00,33.20000076293945,33.25,33.20000076293945,33.25,7111,0.0,0.0
2024-03-19 11:15:00+08:00,33.25,33.29999923706055,33.25,33.29999923706055,18200,0.0,0.0
2024-03-19 11:20:00+08:00,33.29999923706055,33.29999923706055,33.25,33.25,17001,0.0,0.0
2024-03-19 11:25:00+08:00,33.25,33.25,33.25,33.25,8027,0.0,0.0
2024-03-19 11:30:00+08:00,33.29999923706055,33.29999923706055,33.25,33.25,12001,0.0,0.0
2024-03-19 11:35:00+08:00,33.25,33.29999923706055,33.25,33.29999923706055,31000,0.0,0.0
2024-03-19 11:40:00+08:00,33.29999923706055,33.29999923706055,33.29999923706055,33.29999923706055,8000,0.0,0.0
2024-03-19 11:45:00+08:00,33.25,33.29999923706055,33.25,33.29999923706055,27000,0.0,0.0
2024-03-19 11:50:00+08:00,33.20000076293945,33.20000076293945,33.20000076293945,33.20000076293945,27000,0.0,0.0
2024-03-19 11:55:00+08:00,33.20000076293945,33.20000076293945,33.099998474121094,33.099998474121094,11003,0.0,0.0
2024-03-19 12:05:00+08:00,33.099998474121094,33.150001525878906,33.099998474121094,33.150001525878906,3001,0.0,0.0
2024-03-19 12:10:00+08:00,33.150001525878906,33.20000076293945,33.150001525878906,33.20000076293945,11321,0.0,0.0
2024-03-19 12:15:00+08:00,33.20000076293945,33.20000076293945,33.20000076293945,33.20000076293945,3042,0.0,0.0
2024-03-19 12:25:00+08:00,33.20000076293945,33.20000076293945,33.20000076293945,33.20000076293945,7003,0.0,0.0
2024-03-19 12:30:00+08:00,33.20000076293945,33.20000076293945,33.20000076293945,33.20000076293945,15000,0.0,0.0
2024-03-19 12:35:00+08:00,33.20000076293945,33.20000076293945,33.150001525878906,33.150001525878906,12000,0.0,0.0
2024-03-19 12:40:00+08:00,33.150001525878906,33.150001525878906,33.150001525878906,33.150001525878906,5138,0.0,0.0
2024-03-19 12:45:00+08:00,33.150001525878906,33.25,33.150001525878906,33.25,41753,0.0,0.0
2024-03-19 12:50:00+08:00,33.25,33.25,33.25,33.25,5188,0.0,0.0
2024-03-19 12:55:00+08:00,33.25,33.25,33.25,33.25,2002,0.0,0.0
2024-03-19 13:00:00+08:00,33.25,33.25,33.25,33.25,6000,0.0,0.0
2024-03-19 13:05:00+08:00,33.20000076293945,33.20000076293945,33.099998474121094,33.099998474121094,28001,0.0,0.0
2024-03-19 13:10:00+08:00,33.099998474121094,33.150001525878906,33.099998474121094,33.150001525878906,25000,0.0,0.0
2024-03-19 13:15:00+08:00,33.20000076293945,33.25,33.20000076293945,33.20000076293945,23205,0.0,0.0
2024-03-19 13:20:00+08:00,33.150001525878906,33.29999923706055,33.150001525878906,33.20000076293945,43026,0.0,0.0
2024-03-20 09:00:00+08:00,33.29999923706055,33.5,33.29999923706055,33.5,0,0.0,0.0
2024-03-20 09:05:00+08:00,33.45000076293945,33.45000076293945,33.400001525878906,33.45000076293945,18162,0.0,0.0
2024-03-20 09:10:00+08:00,33.400001525878906,33.400001525878906,33.29999923706055,33.349998474121094,41389,0.0,0.0
2024-03-20 09:15:00+08:00,33.25,33.25,33.150001525878906,33.150001525878906,33274,0.0,0.0
2024-03-20 09:20:00+08:00,33.150001525878906,33.150001525878906,33.0,33.0,29253,0.0,0.0
2024-03-20 09:25:00+08:00,33.0,33.04999923706055,33.0,33.04999923706055,24011,0.0,0.0
2024-03-20 09:30:00+08:00,33.04999923706055,33.04999923706055,33.0,33.0,14000,0.0,0.0
2024-03-20 09:35:00+08:00,33.0,33.04999923706055,33.0,33.04999923706055,33867,0.0,0.0
2024-03-20 09:40:00+08:00,33.099998474121094,33.099998474121094,33.04999923706055,33.04999923706055,11000,0.0,0.0
2024-03-20 09:45:00+08:00,33.04999923706055,33.099998474121094,33.04999923706055,33.04999923706055,22054,0.0,0.0
2024-03-20 09:50:00+08:00,33.04999923706055,33.04999923706055,33.04999923706055,33.04999923706055,7274,0.0,0.0
2024-03-20 09:55:00+08:00,33.0,33.0,33.0,33.0,6000,0.0,0.0
2024-03-20 10:00:00+08:00,33.04999923706055,33.04999923706055,33.0,33.0,24020,0.0,0.0
2024-03-20 10:05:00+08:00,33.099998474121094,33.099998474121094,33.04999923706055,33.04999923706055,3000,0.0,0.0
2024-03-20 10:10:00+08:00,33.04999923706055,33.150001525878906,33.04999923706055,33.150001525878906,19000,0.0,0.0
2024-03-20 10:15:00+08:00,33.150001525878906,33.150001525878906,33.150001525878906,33.150001525878906,4000,0.0,0.0
2024-03-20 10:20:00+08:00,33.099998474121094,33.099998474121094,33.0,33.04999923706055,28611,0.0,0.0
2024-03-20 10:25:00+08:00,33.04999923706055,33.04999923706055,33.04999923706055,33.04999923706055,9000,0.0,0.0
2024-03-20 10:30:00+08:00,33.04999923706055,33.04999923706055,33.04999923706055,33.04999923706055,1300,0.0,0.0
2024-03-20 10:35:00+08:00,33.04999923706055,33.04999923706055,33.04999923706055,33.04999923706055,1000,0.0,0.0
2024-03-20 10:40:00+08:00,33.04999923706055,33.04999923706055,33.04999923706055,33.04999923706055,1010,0.0,0.0
2024-03-20 10:45:00+08:00,33.04999923706055,33.04999923706055,33.04999923706055,33.04999923706055,2000,0.0,0.0
2024-03-20 10:50:00+08:00,33.0,33.0,33.0,33.0,10001,0.0,0.0
2024-03-20 11:00:00+08:00,33.0,33.04999923706055,33.0,33.04999923706055,10000,0.0,0.0
2024-03-20 11:05:00+08:00,33.04999923706055,33.04999923706055,33.04999923706055,33.04999923706055,4051,0.0,0.0
2024-03-20 11:10:00+08:00,33.04999923706055,33.099998474121094,33.04999923706055,33.099998474121094,15051,0.0,0.0
2024-03-20 11:15:00+08:00,33.099998474121094,33.20000076293945,33.099998474121094,33.20000076293945,25001,0.0,0.0
2024-03-20 11:20:00+08:00,33.20000076293945,33.20000076293945,33.20000076293945,33.20000076293945,2000,0.0,0.0
2024-03-20 11:25:00+08:00,33.20000076293945,33.20000076293945,33.20000076293945,33.20000076293945,2000,0.0,0.0
2024-03-20 11:30:00+08:00,33.25,33.29999923706055,33.25,33.25,73009,0.0,0.0
2024-03-20 11:35:00+08:00,33.25,33.25,33.20000076293945,33.20000076293945,12126,0.0,0.0
2024-03-20 11:40:00+08:00,33.20000076293945,33.20000076293945,33.20000076293945,33.20000076293945,60381,0.0,0.0
2024-03-20 11:50:00+08:00,33.20000076293945,33.20000076293945,33.20000076293945,33.20000076293945,3000,0.0,0.0
2024-03-20 11:55:00+08:00,33.20000076293945,33.25,33.150001525878906,33.25,20336,0.0,0.0
2024-03-20 12:05:00+08:00,33.20000076293945,33.20000076293945,33.150001525878906,33.150001525878906,13118,0.0,0.0
2024-03-20 12:10:00+08:00,33.150001525878906,33.150001525878906,33.150001525878906,33.150001525878906,12071,0.0,0.0
2024-03-20 12:15:00+08:00,33.099998474121094,33.099998474121094,33.099998474121094,33.099998474121094,2000,0.0,0.0
2024-03-20 12:20:00+08:00,33.099998474121094,33.099998474121094,33.099998474121094,33.099998474121094,10001,0.0,0.0
2024-03-20 12:25:00+08:00,33.099998474121094,33.150001525878906,33.099998474121094,33.150001525878906,8111,0.0,0.0
2024-03-20 12:30:00+08:00,33.099998474121094,33.099998474121094,33.099998474121094,33.099998474121094,4002,0.0,0.0
2024-03-20 12:35:00+08:00,33.099998474121094,33.150001525878906,33.04999923706055,33.150001525878906,11012,0.0,0.0
2024-03-20 12:45:00+08:00,33.099998474121094,33.099998474121094,33.099998474121094,33.099998474121094,11002,0.0,0.0
2024-03-20 12:50:00+08:00,33.04999923706055,33.04999923706055,33.04999923706055,33.04999923706055,2000,0.0,0.0
2024-03-20 12:55:00+08:00,33.04999923706055,33.04999923706055,33.04999923706055,33.04999923706055,2761,0.0,0.0
2024-03-20 13:00:00+08:00,33.04999923706055,33.099998474121094,33.04999923706055,33.099998474121094,19000,0.0,0.0
2024-03-20 13:05:00+08:00,33.04999923706055,33.04999923706055,33.0,33.0,76178,0.0,0.0
2024-03-20 13:10:00+08:00,33.0,33.0,32.95000076293945,32.95000076293945,20000,0.0,0.0
2024-03-20 13:15:00+08:00,32.95000076293945,32.95000076293945,32.95000076293945,32.95000076293945,10000,0.0,0.0
2024-03-20 13:20:00+08:00,32.95000076293945,33.0,32.900001525878906,32.900001525878906,16451,0.0,0.0
2024-03-21 09:00:00+08:00,33.099998474121094,33.25,33.099998474121094,33.25,0,0.0,0.0
2024-03-21 09:05:00+08:00,33.20000076293945,33.29999923706055,33.099998474121094,33.29999923706055,54484,0.0,0.0
2024-03-21 09:10:00+08:00,33.25,33.25,33.20000076293945,33.20000076293945,31019,0.0,0.0
2024-03-21 09:15:00+08:00,33.20000076293945,33.25,33.150001525878906,33.150001525878906,18024,0.0,0.0
2024-03-21 09:20:00+08:00,33.150001525878906,33.20000076293945,33.150001525878906,33.150001525878906,18122,0.0,0.0
2024-03-21 09:25:00+08:00,33.099998474121094,33.150001525878906,33.04999923706055,33.150001525878906,14000,0.0,0.0
2024-03-21 09:30:00+08:00,33.150001525878906,33.150001525878906,33.150001525878906,33.150001525878906,1000,0.0,0.0
2024-03-21 09:35:00+08:00,33.099998474121094,33.099998474121094,33.099998474121094,33.099998474121094,2700,0.0,0.0
2024-03-21 09:40:00+08:00,33.099998474121094,33.150001525878906,33.099998474121094,33.099998474121094,8000,0.0,0.0
2024-03-21 09:45:00+08:00,33.099998474121094,33.099998474121094,33.099998474121094,33.099998474121094,19175,0.0,0.0
2024-03-21 09:50:00+08:00,33.099998474121094,33.150001525878906,33.099998474121094,33.150001525878906,5020,0.0,0.0
2024-03-21 09:55:00+08:00,33.150001525878906,33.150001525878906,33.099998474121094,33.099998474121094,2153,0.0,0.0
2024-03-21 10:05:00+08:00,33.099998474121094,33.150001525878906,33.099998474121094,33.150001525878906,14001,0.0,0.0
2024-03-21 10:10:00+08:00,33.150001525878906,33.150001525878906,33.099998474121094,33.099998474121094,35000,0.0,0.0
2024-03-21 10:15:00+08:00,33.04999923706055,33.04999923706055,33.04999923706055,33.04999923706055,7000,0.0,0.0
2024-03-21 10:20:00+08:00,33.099998474121094,33.099998474121094,33.099998474121094,33.099998474121094,2007,0.0,0.0
2024-03-21 10:25:00+08:00,33.150001525878906,33.150001525878906,33.150001525878906,33.150001525878906,4306,0.0,0.0
2024-03-21 10:30:00+08:00,33.150001525878906,33.150001525878906,33.150001525878906,33.150001525878906,2021,0.0,0.0
2024-03-21 10:35:00+08:00,33.150001525878906,33.150001525878906,33.150001525878906,33.150001525878906,1050,0.0,0.0
2024-03-21 10:40:00+08:00,33.099998474121094,33.099998474121094,33.099998474121094,33.099998474121094,2005,0.0,0.0
2024-03-21 10:45:00+08:00,33.099998474121094,33.099998474121094,33.099998474121094,33.099998474121094,5001,0.0,0.0
2024-03-21 10:50:00+08:00,33.099998474121094,33.099998474121094,33.099998474121094,33.099998474121094,2000,0.0,0.0
2024-03-21 10:55:00+08:00,33.099998474121094,33.150001525878906,33.099998474121094,33.099998474121094,15030,0.0,0.0
2024-03-21 11:00:00+08:00,33.099998474121094,33.099998474121094,33.099998474121094,33.099998474121094,4335,0.0,0.0
2024-03-21 11:05:00+08:00,33.04999923706055,33.099998474121094,33.04999923706055,33.099998474121094,7011,0.0,0.0
2024-03-21 11:10:00+08:00,33.099998474121094,33.099998474121094,33.0,33.099998474121094,32226,0.0,0.0
2024-03-21 11:20:00+08:00,33.0,33.0,33.0,33.0,1000,0.0,0.0
2024-03-21 11:25:00+08:00,33.04999923706055,33.099998474121094,33.04999923706055,33.099998474121094,7050,0.0,0.0
2024-03-21 11:30:00+08:00,33.099998474121094,33.099998474121094,33.04999923706055,33.099998474121094,18000,0.0,0.0
2024-03-21 11:35:00+08:00,33.099998474121094,33.099998474121094,33.099998474121094,33.099998474121094,14000,0.0,0.0
2024-03-21 11:40:00+08:00,33.099998474121094,33.099998474121094,33.099998474121094,33.099998474121094,21000,0.0,0.0
2024-03-21 11:45:00+08:00,33.099998474121094,33.099998474121094,33.099998474121094,33.099998474121094,17000,0.0,0.0
2024-03-21 11:50:00+08:00,33.04999923706055,33.25,33.04999923706055,33.25,127000,0.0,0.0
2024-03-21 11:55:00+08:00,33.25,33.29999923706055,33.25,33.29999923706055,21310,0.0,0.0
2024-03-21 12:00:00+08:00,33.25,33.25,33.20000076293945,33.25,28000,0.0,0.0
2024-03-21 12:05:00+08:00,33.25,33.25,33.25,33.25,1003,0.0,0.0
2024-03-21 12:10:00+08:00,33.20000076293945,33.20000076293945,33.20000076293945,33.20000076293945,10546,0.0,0.0
2024-03-21 12:15:00+08:00,33.150001525878906,33.150001525878906,33.150001525878906,33.150001525878906,2000,0.0,0.0
2024-03-21 12:20:00+08:00,33.150001525878906,33.150001525878906,33.150001525878906,33.150001525878906,2000,0.0,0.0
2024-03-21 12:25:00+08:00,33.150001525878906,33.150001525878906,33.150001525878906,33.150001525878906,15000,0.0,0.0
2024-03-21 12:30:00+08:00,33.20000076293945,33.20000076293945,33.099998474121094,33.099998474121094,17005,0.0,0.0
2024-03-21 12:35:00+08:00,33.099998474121094,33.099998474121094,33.0,33.099998474121094,36001,0.0,0.0
2024-03-21 12:40:00+08:00,33.099998474121094,33.150001525878906,33.099998474121094,33.150001525878906,5000,0.0,0.0
2024-03-21 12:45:00+08:00,33.099998474121094,33.099998474121094,33.0,33.0,14081,0.0,0.0
2024-03-21 12:50:00+08:00,33.0,33.04999923706055,33.0,33.0,45119,0.0,0.0
2024-03-21 12:55:00+08:00,33.0,33.0,33.0,33.0,16000,0.0,0.0
2024-03-21 13:00:00+08:00,33.099998474121094,33.099998474121094,33.099998474121094,33.099998474121094,15030,0.0,0.0
2024-03-21 13:05:00+08:00,33.099998474121094,33.099998474121094,33.04999923706055,33.04999923706055,11001,0.0,0.0
2024-03-21 13:10:00+08:00,33.04999923706055,33.099998474121094,33.04999923706055,33.04999923706055,14000,0.0,0.0
2024-03-21 13:15:00+08:00,33.04999923706055,33.099998474121094,33.04999923706055,33.099998474121094,32007,0.0,0.0
2024-03-21 13:20:00+08:00,33.150001525878906,33.150001525878906,33.04999923706055,33.150001525878906,5177,0.0,0.0
2024-03-22 09:00:00+08:00,33.349998474121094,33.400001525878906,33.29999923706055,33.29999923706055,0,0.0,0.0
2024-03-22 09:05:00+08:00,33.29999923706055,33.29999923706055,33.29999923706055,33.29999923706055,46000,0.0,0.0
2024-03-22 09:10:00+08:00,33.349998474121094,33.349998474121094,33.25,33.29999923706055,18060,0.0,0.0
2024-03-22 09:15:00+08:00,33.29999923706055,33.29999923706055,33.25,33.25,6102,0.0,0.0
2024-03-22 09:20:00+08:00,33.25,33.25,33.20000076293945,33.20000076293945,27001,0.0,0.0
2024-03-22 09:25:00+08:00,33.20000076293945,33.20000076293945,33.20000076293945,33.20000076293945,4170,0.0,0.0
2024-03-22 09:30:00+08:00,33.20000076293945,33.25,33.20000076293945,33.25,2101,0.0,0.0
2024-03-22 09:35:00+08:00,33.25,33.45000076293945,33.25,33.45000076293945,62399,0.0,0.0
2024-03-22 09:40:00+08:00,33.45000076293945,33.45000076293945,33.400001525878906,33.45000076293945,10201,0.0,0.0
2024-03-22 09:45:00+08:00,33.5,33.54999923706055,33.5,33.54999923706055,53241,0.0,0.0
2024-03-22 09:50:00+08:00,33.54999923706055,33.54999923706055,33.400001525878906,33.45000076293945,62001,0.0,0.0
2024-03-22 09:55:00+08:00,33.45000076293945,33.45000076293945,33.400001525878906,33.400001525878906,13014,0.0,0.0
2024-03-22 10:00:00+08:00,33.400001525878906,33.400001525878906,33.400001525878906,33.400001525878906,4000,0.0,0.0
2024-03-22 10:05:00+08:00,33.349998474121094,33.400001525878906,33.349998474121094,33.400001525878906,2000,0.0,0.0
2024-03-22 10:10:00+08:00,33.349998474121094,33.349998474121094,33.20000076293945,33.20000076293945,74200,0.0,0.0
2024-03-22 10:15:00+08:00,33.25,33.29999923706055,33.25,33.29999923706055,4000,0.0,0.0
2024-03-22 10:25:00+08:00,33.29999923706055,33.29999923706055,33.25,33.25,9112,0.0,0.0
2024-03-22 10:30:00+08:00,33.20000076293945,33.20000076293945,33.20000076293945,33.20000076293945,18125,0.0,0.0
2024-03-22 10:35:00+08:00,33.25,33.25,33.25,33.25,2000,0.0,0.0
2024-03-22 10:40:00+08:00,33.25,33.25,33.25,33.25,2048,0.0,0.0
2024-03-22 10:45:00+08:00,33.20000076293945,33.25,33.20000076293945,33.25,3000,0.0,0.0
2024-03-22 10:50:00+08:00,33.25,33.25,33.150001525878906,33.150001525878906,23301,0.0,0.0
2024-03-22 10:55:00+08:00,33.25,33.25,33.099998474121094,33.099998474121094,17201,0.0,0.0
2024-03-22 11:00:00+08:00,33.099998474121094,33.099998474121094,33.04999923706055,33.04999923706055,18000,0.0,0.0
2024-03-22 11:05:00+08:00,33.099998474121094,33.099998474121094,33.04999923706055,33.04999923706055,10000,0.0,0.0
2024-03-22 11:10:00+08:00,33.04999923706055,33.04999923706055,33.04999923706055,33.04999923706055,18000,0.0,0.0
2024-03-22 11:15:00+08:00,33.099998474121094,33.099998474121094,33.099998474121094,33.099998474121094,6000,0.0,0.0
2024-03-22 11:20:00+08:00,33.099998474121094,33.150001525878906,33.099998474121094,33.099998474121094,17037,0.0,0.0
2024-03-22 11:25:00+08:00,33.150001525878906,33.150001525878906,33.099998474121094,33.099998474121094,11113,0.0,0.0
2024-03-22 11:30:00+08:00,33.099998474121094,33.099998474121094,33.099998474121094,33.099998474121094,13000,0.0,0.0
2024-03-22 11:35:00+08:00,33.099998474121094,33.099998474121094,33.099998474121094,33.099998474121094,1000,0.0,0.0
2024-03-22 11:45:00+08:00,33.099998474121094,33.099998474121094,33.099998474121094,33.099998474121094,4000,0.0,0.0
2024-03-22 11:50:00+08:00,33.099998474121094,33.099998474121094,33.04999923706055,33.04999923706055,10072,0.0,0.0
2024-03-22 11:55:00+08:00,33.150001525878906,33.20000076293945,33.150001525878906,33.20000076293945,10000,0.0,0.0
2024-03-22 12:00:00+08:00,33.150001525878906,33.20000076293945,33.150001525878906,33.20000076293945,7050,0.0,0.0
2024-03-22 12:05:00+08:00,33.20000076293945,33.20000076293945,33.20000076293945,33.20000076293945,2000,0.0,0.0
2024-03-22 12:10:00+08:00,33.20000076293945,33.20000076293945,33.20000076293945,33.20000076293945,1050,0.0,0.0
2024-03-22 12:15:00+08:00,33.150001525878906,33.150001525878906,33.150001525878906,33.150001525878906,11000,0.0,0.0
2024-03-22 12:20:00+08:00,33.150001525878906,33.150001525878906,33.150001525878906,33.150001525878906,22072,0.0,0.0
2024-03-22 12:35:00+08:00,33.150001525878906,33.20000076293945,33.150001525878906,33.20000076293945,51051,0.0,0.0
2024-03-22 12:40:00+08:00,33.20000076293945,33.20000076293945,33.20000076293945,33.20000076293945,1396,0.0,0.0
2024-03-22 12:45:00+08:00,33.20000076293945,33.20000076293945,33.150001525878906,33.150001525878906,3002,0.0,0.0
2024-03-22 12:50:00+08:00,33.150001525878906,33.20000076293945,33.150001525878906,33.20000076293945,22003,0.0,0.0
2024-03-22 12:55:00+08:00,33.25,33.25,33.25,33.25,10149,0.0,0.0
2024-03-22 13:00:00+08:00,33.25,33.25,33.20000076293945,33.20000076293945,6666,0.0,0.0
2024-03-22 13:05:00+08:00,33.25,33.25,33.20000076293945,33.20000076293945,18151,0.0,0.0
2024-03-22 13:10:00+08:00,33.25,33.25,33.25,33.25,8359,0.0,0.0
2024-03-22 13:15:00+08:00,33.25,33.25,33.20000076293945,33.20000076293945,20000,0.0,0.0
2024-03-22 13:20:00+08:00,33.20000076293945,33.25,33.20000076293945,33.20000076293945,13007,0.0,0.0
2024-03-25 09:00:00+08:00,33.150001525878906,33.349998474121094,33.150001525878906,33.29999923706055,0,0.0,0.0
2024-03-25 09:05:00+08:00,33.29999923706055,33.45000076293945,33.29999923706055,33.45000076293945,19000,0.0,0.0
2024-03-25 09:10:00+08:00,33.5,33.5,33.45000076293945,33.45000076293945,16295,0.0,0.0
2024-03-25 09:15:00+08:00,33.45000076293945,33.5,33.45000076293945,33.5,56555,0.0,0.0
2024-03-25 09:20:00+08:00,33.5,33.650001525878906,33.5,33.54999923706055,64477,0.0,0.0
2024-03-25 09:25:00+08:00,33.5,33.5,33.45000076293945,33.45000076293945,9000,0.0,0.0
2024-03-25 09:30:00+08:00,33.5,33.5,33.349998474121094,33.349998474121094,16001,0.0,0.0
2024-03-25 09:35:00+08:00,33.349998474121094,33.400001525878906,33.349998474121094,33.400001525878906,6060,0.0,0.0
2024-03-25 09:40:00+08:00,33.349998474121094,33.400001525878906,33.349998474121094,33.400001525878906,6206,0.0,0.0
2024-03-25 09:45:00+08:00,33.400001525878906,33.400001525878906,33.400001525878906,33.400001525878906,1001,0.0,0.0
2024-03-25 09:50:00+08:00,33.400001525878906,33.400001525878906,33.400001525878906,33.400001525878906,1001,0.0,0.0
2024-03-25 09:55:00+08:00,33.400001525878906,33.400001525878906,33.349998474121094,33.400001525878906,6140,0.0,0.0
2024-03-25 10:00:00+08:00,33.400001525878906,33.400001525878906,33.400001525878906,33.400001525878906,14015,0.0,0.0
2024-03-25 10:05:00+08:00,33.45000076293945,33.45000076293945,33.45000076293945,33.45000076293945,4006,0.0,0.0
2024-03-25 10:10:00+08:00,33.400001525878906,33.45000076293945,33.400001525878906,33.400001525878906,5001,0.0,0.0
2024-03-25 10:15:00+08:00,33.45000076293945,33.45000076293945,33.45000076293945,33.45000076293945,6000,0.0,0.0
2024-03-25 10:20:00+08:00,33.45000076293945,33.45000076293945,33.400001525878906,33.400001525878906,17001,0.0,0.0
2024-03-25 10:25:00+08:00,33.45000076293945,33.45000076293945,33.45000076293945,33.45000076293945,1000,0.0,0.0
2024-03-25 10:30:00+08:00,33.45000076293945,33.45000076293945,33.45000076293945,33.45000076293945,2001,0.0,0.0
2024-03-25 10:35:00+08:00,33.400001525878906,33.45000076293945,33.400001525878906,33.45000076293945,10196,0.0,0.0
2024-03-25 10:40:00+08:00,33.45000076293945,33.5,33.400001525878906,33.5,16026,0.0,0.0
2024-03-25 10:45:00+08:00,33.5,33.5,33.45000076293945,33.45000076293945,9000,0.0,0.0
2024-03-25 10:50:00+08:00,33.45000076293945,33.5,33.45000076293945,33.45000076293945,4000,0.0,0.0
2024-03-25 10:55:00+08:00,33.45000076293945,33.45000076293945,33.45000076293945,33.45000076293945,7050,0.0,0.0
2024-03-25 11:00:00+08:00,33.5,33.5,33.45000076293945,33.5,64000,0.0,0.0
2024-03-25 11:05:00+08:00,33.5,33.5,33.5,33.5,2012,0.0,0.0
2024-03-25 11:10:00+08:00,33.5,33.5,33.5,33.5,3000,0.0,0.0
2024-03-25 11:15:00+08:00,33.5,33.54999923706055,33.5,33.54999923706055,9003,0.0,0.0
2024-03-25 11:20:00+08:00,33.54999923706055,33.54999923706055,33.54999923706055,33.54999923706055,3000,0.0,0.0
2024-03-25 11:25:00+08:00,33.54999923706055,33.599998474121094,33.54999923706055,33.599998474121094,6054,0.0,0.0
2024-03-25 11:30:00+08:00,33.599998474121094,33.599998474121094,33.54999923706055,33.54999923706055,7055,0.0,0.0
2024-03-25 11:35:00+08:00,33.599998474121094,33.599998474121094,33.54999923706055,33.54999923706055,3000,0.0,0.0
2024-03-25 11:40:00+08:00,33.54999923706055,33.54999923706055,33.5,33.5,6000,0.0,0.0
2024-03-25 11:45:00+08:00,33.5,33.5,33.5,33.5,1000,0.0,0.0
2024-03-25 11:50:00+08:00,33.54999923706055,33.54999923706055,33.54999923706055,33.54999923706055,27144,0.0,0.0
2024-03-25 11:55:00+08:00,33.54999923706055,33.54999923706055,33.54999923706055,33.54999923706055,1000,0.0,0.0
2024-03-25 12:00:00+08:00,33.54999923706055,33.599998474121094,33.54999923706055,33.54999923706055,6003,0.0,0.0
2024-03-25 12:05:00+08:00,33.54999923706055,33.54999923706055,33.54999923706055,33.54999923706055,5000,0.0,0.0
2024-03-25 12:10:00+08:00,33.54999923706055,33.54999923706055,33.54999923706055,33.54999923706055,7001,0.0,0.0
2024-03-25 12:15:00+08:00,33.54999923706055,33.54999923706055,33.54999923706055,33.54999923706055,2000,0.0,0.0
2024-03-25 12:20:00+08:00,33.5,33.5,33.5,33.5,1000,0.0,0.0
2024-03-25 12:25:00+08:00,33.54999923706055,33.54999923706055,33.54999923706055,33.54999923706055,6003,0.0,0.0
2024-03-25 12:30:00+08:00,33.54999923706055,33.54999923706055,33.54999923706055,33.54999923706055,11021,0.0,0.0
2024-03-25 12:35:00+08:00,33.54999923706055,33.54999923706055,33.54999923706055,33.54999923706055,15199,0.0,0.0
2024-03-25 12:40:00+08:00,33.54999923706055,33.54999923706055,33.5,33.5,20000,0.0,0.0
2024-03-25 12:45:00+08:00,33.5,33.5,33.5,33.5,22121,0.0,0.0
2024-03-25 12:50:00+08:00,33.45000076293945,33.5,33.45000076293945,33.45000076293945,34148,0.0,0.0
2024-03-25 12:55:00+08:00,33.45000076293945,33.45000076293945,33.45000076293945,33.45000076293945,9000,0.0,0.0
2024-03-25 13:00:00+08:00,33.5,33.54999923706055,33.5,33.54999923706055,6283,0.0,0.0
2024-03-25 13:05:00+08:00,33.54999923706055,33.54999923706055,33.45000076293945,33.45000076293945,6068,0.0,0.0
2024-03-25 13:10:00+08:00,33.5,33.5,33.5,33.5,2000,0.0,0.0
2024-03-25 13:15:00+08:00,33.5,33.5,33.5,33.5,10000,0.0,0.0
2024-03-25 13:20:00+08:00,33.45000076293945,33.54999923706055,33.45000076293945,33.54999923706055,14000,0.0,0.0
2024-03-26 09:00:00+08:00,33.79999923706055,33.79999923706055,33.54999923706055,33.54999923706055,33000,0.0,0.0
2024-03-26 09:05:00+08:00,33.599998474121094,33.599998474121094,33.599998474121094,33.599998474121094,12130,0.0,0.0
2024-03-26 09:10:00+08:00,33.599998474121094,33.599998474121094,33.599998474121094,33.599998474121094,11228,0.0,0.0
2024-03-26 09:15:00+08:00,33.650001525878906,33.650001525878906,33.54999923706055,33.54999923706055,16025,0.0,0.0
2024-03-26 09:20:00+08:00,33.54999923706055,33.54999923706055,33.45000076293945,33.45000076293945,75719,0.0,0.0
2024-03-26 09:25:00+08:00,33.400001525878906,33.400001525878906,33.349998474121094,33.400001525878906,31626,0.0,0.0
2024-03-26 09:30:00+08:00,33.349998474121094,33.349998474121094,33.29999923706055,33.349998474121094,24057,0.0,0.0
2024-03-26 09:35:00+08:00,33.349998474121094,33.349998474121094,33.25,33.29999923706055,91171,0.0,0.0
2024-03-26 09:40:00+08:00,33.349998474121094,33.349998474121094,33.349998474121094,33.349998474121094,12000,0.0,0.0
2024-03-26 09:45:00+08:00,33.349998474121094,33.349998474121094,33.25,33.25,59018,0.0,0.0
2024-03-26 09:50:00+08:00,33.20000076293945,33.25,33.20000076293945,33.25,4139,0.0,0.0
2024-03-26 09:55:00+08:00,33.20000076293945,33.25,33.20000076293945,33.25,17015,0.0,0.0
2024-03-26 10:00:00+08:00,33.25,33.25,33.25,33.25,5000,0.0,0.0
2024-03-26 10:05:00+08:00,33.25,33.25,33.20000076293945,33.25,10052,0.0,0.0
2024-03-26 10:10:00+08:00,33.29999923706055,33.29999923706055,33.29999923706055,33.29999923706055,1001,0.0,0.0
2024-03-26 10:15:00+08:00,33.349998474121094,33.349998474121094,33.29999923706055,33.29999923706055,14000,0.0,0.0
2024-03-26 10:20:00+08:00,33.400001525878906,33.400001525878906,33.400001525878906,33.400001525878906,12306,0.0,0.0
2024-03-26 10:25:00+08:00,33.400001525878906,33.45000076293945,33.400001525878906,33.45000076293945,7051,0.0,0.0
2024-03-26 10:30:00+08:00,33.45000076293945,33.45000076293945,33.400001525878906,33.400001525878906,2000,0.0,0.0
2024-03-26 10:35:00+08:00,33.349998474121094,33.349998474121094,33.29999923706055,33.29999923706055,12000,0.0,0.0
2024-03-26 10:40:00+08:00,33.29999923706055,33.29999923706055,33.29999923706055,33.29999923706055,4010,0.0,0.0
2024-03-26 10:45:00+08:00,33.29999923706055,33.349998474121094,33.29999923706055,33.349998474121094,2000,0.0,0.0
2024-03-26 10:50:00+08:00,33.29999923706055,33.29999923706055,33.20000076293945,33.20000076293945,37000,0.0,0.0
2024-03-26 10:55:00+08:00,33.20000076293945,33.25,33.150001525878906,33.150001525878906,103000,0.0,0.0
2024-03-26 11:00:00+08:00,33.099998474121094,33.099998474121094,33.04999923706055,33.099998474121094,50063,0.0,0.0
2024-03-26 11:05:00+08:00,33.099998474121094,33.150001525878906,33.099998474121094,33.150001525878906,2000,0.0,0.0
2024-03-26 11:10:00+08:00,33.099998474121094,33.150001525878906,33.04999923706055,33.04999923706055,42001,0.0,0.0
2024-03-26 11:15:00+08:00,33.04999923706055,33.04999923706055,33.04999923706055,33.04999923706055,10053,0.0,0.0
2024-03-26 11:20:00+08:00,33.04999923706055,33.04999923706055,33.0,33.0,21002,0.0,0.0
2024-03-26 11:25:00+08:00,33.0,33.0,32.900001525878906,32.900001525878906,63298,0.0,0.0
2024-03-26 11:30:00+08:00,32.95000076293945,33.04999923706055,32.900001525878906,32.900001525878906,19301,0.0,0.0
2024-03-26 11:35:00+08:00,32.900001525878906,32.95000076293945,32.900001525878906,32.900001525878906,15500,0.0,0.0
2024-03-26 11:40:00+08:00,32.900001525878906,32.900001525878906,32.849998474121094,32.849998474121094,38091,0.0,0.0
2024-03-26 11:45:00+08:00,32.900001525878906,32.900001525878906,32.849998474121094,32.900001525878906,7003,0.0,0.0
2024-03-26 11:50:00+08:00,32.95000076293945,32.95000076293945,32.900001525878906,32.95000076293945,6056,0.0,0.0
2024-03-26 11:55:00+08:00,32.900001525878906,32.95000076293945,32.900001525878906,32.95000076293945,8000,0.0,0.0
2024-03-26 12:00:00+08:00,32.95000076293945,32.95000076293945,32.900001525878906,32.900001525878906,3000,0.0,0.0
2024-03-26 12:05:00+08:00,32.900001525878906,32.95000076293945,32.900001525878906,32.95000076293945,8001,0.0,0.0
2024-03-26 12:10:00+08:00,32.95000076293945,32.95000076293945,32.95000076293945,32.95000076293945,2002,0.0,0.0
2024-03-26 12:15:00+08:00,32.95000076293945,32.95000076293945,32.900001525878906,32.95000076293945,6001,0.0,0.0
2024-03-26 12:20:00+08:00,32.95000076293945,32.95000076293945,32.900001525878906,32.900001525878906,9100,0.0,0.0
2024-03-26 12:25:00+08:00,32.95000076293945,32.95000076293945,32.95000076293945,32.95000076293945,7095,0.0,0.0
2024-03-26 12:30:00+08:00,33.0,33.0,32.95000076293945,32.95000076293945,5400,0.0,0.0
2024-03-26 12:35:00+08:00,32.95000076293945,32.95000076293945,32.95000076293945,32.95000076293945,1000,0.0,0.0
2024-03-26 12:40:00+08:00,32.900001525878906,33.0,32.900001525878906,32.95000076293945,6013,0.0,0.0
2024-03-26 12:50:00+08:00,32.95000076293945,32.95000076293945,32.95000076293945,32.95000076293945,3000,0.0,0.0
2024-03-26 12:55:00+08:00,33.0,33.0,33.0,33.0,4000,0.0,0.0
2024-03-26 13:00:00+08:00,33.0,33.0,33.0,33.0,12000,0.0,0.0
2024-03-26 13:05:00+08:00,33.0,33.0,33.0,33.0,9001,0.0,0.0
2024-03-26 13:10:00+08:00,33.0,33.0,32.95000076293945,32.95000076293945,21000,0.0,0.0
2024-03-26 13:15:00+08:00,32.95000076293945,32.95000076293945,32.95000076293945,32.95000076293945,2100,0.0,0.0
2024-03-26 13:20:00+08:00,32.95000076293945,33.0,32.95000076293945,33.0,9000,0.0,0.0
2024-03-27 09:00:00+08:00,32.95000076293945,33.0,32.900001525878906,32.95000076293945,0,0.0,0.0
2024-03-27 09:05:00+08:00,32.95000076293945,32.95000076293945,32.95000076293945,32.95000076293945,4227,0.0,0.0
2024-03-27 09:10:00+08:00,32.900001525878906,33.099998474121094,32.900001525878906,33.099998474121094,62001,0.0,0.0
2024-03-27 09:15:00+08:00,33.099998474121094,33.150001525878906,33.099998474121094,33.099998474121094,23001,0.0,0.0
2024-03-27 09:20:00+08:00,33.099998474121094,33.099998474121094,33.099998474121094,33.099998474121094,16023,0.0,0.0
2024-03-27 09:25:00+08:00,33.150001525878906,33.20000076293945,33.099998474121094,33.20000076293945,14003,0.0,0.0
2024-03-27 09:30:00+08:00,33.20000076293945,33.20000076293945,33.20000076293945,33.20000076293945,4075,0.0,0.0
2024-03-27 09:35:00+08:00,33.25,33.25,33.20000076293945,33.20000076293945,25050,0.0,0.0
2024-03-27 09:40:00+08:00,33.20000076293945,33.20000076293945,33.20000076293945,33.20000076293945,2001,0.0,0.0
2024-03-27 09:45:00+08:00,33.20000076293945,33.20000076293945,33.150001525878906,33.20000076293945,21003,0.0,0.0
2024-03-27 09:50:00+08:00,33.25,33.349998474121094,33.20000076293945,33.349998474121094,46119,0.0,0.0
2024-03-27 09:55:00+08:00,33.29999923706055,33.29999923706055,33.29999923706055,33.29999923706055,5000,0.0,0.0
2024-03-27 10:00:00+08:00,33.29999923706055,33.29999923706055,33.29999923706055,33.29999923706055,3000,0.0,0.0
2024-03-27 10:05:00+08:00,33.25,33.29999923706055,33.25,33.29999923706055,3000,0.0,0.0
2024-03-27 10:10:00+08:00,33.29999923706055,33.29999923706055,33.25,33.29999923706055,7001,0.0,0.0
2024-03-27 10:15:00+08:00,33.29999923706055,33.29999923706055,33.25,33.25,4000,0.0,0.0
2024-03-27 10:20:00+08:00,33.25,33.25,33.25,33.25,3000,0.0,0.0
2024-03-27 10:25:00+08:00,33.25,33.25,33.25,33.25,5001,0.0,0.0
2024-03-27 10:30:00+08:00,33.25,33.25,33.25,33.25,1031,0.0,0.0
2024-03-27 10:40:00+08:00,33.20000076293945,33.20000076293945,33.20000076293945,33.20000076293945,11000,0.0,0.0
2024-03-27 10:45:00+08:00,33.150001525878906,33.150001525878906,33.150001525878906,33.150001525878906,3006,0.0,0.0
2024-03-27 10:50:00+08:00,33.150001525878906,33.150001525878906,33.150001525878906,33.150001525878906,2001,0.0,0.0
2024-03-27 10:55:00+08:00,33.099998474121094,33.099998474121094,33.099998474121094,33.099998474121094,2090,0.0,0.0
2024-03-27 11:10:00+08:00,33.20000076293945,33.20000076293945,33.20000076293945,33.20000076293945,5000,0.0,0.0
2024-03-27 11:15:00+08:00,33.150001525878906,33.150001525878906,33.150001525878906,33.150001525878906,4000,0.0,0.0
2024-03-27 11:20:00+08:00,33.150001525878906,33.150001525878906,33.150001525878906,33.150001525878906,1000,0.0,0.0
2024-03-27 11:25:00+08:00,33.150001525878906,33.150001525878906,33.150001525878906,33.150001525878906,1000,0.0,0.0
2024-03-27 11:30:00+08:00,33.150001525878906,33.150001525878906,33.099998474121094,33.099998474121094,10300,0.0,0.0
2024-03-27 11:35:00+08:00,33.099998474121094,33.099998474121094,33.099998474121094,33.099998474121094,10000,0.0,0.0
2024-03-27 11:40:00+08:00,33.099998474121094,33.099998474121094,33.099998474121094,33.099998474121094,2000,0.0,0.0
2024-03-27 11:45:00+08:00,33.099998474121094,33.099998474121094,33.099998474121094,33.099998474121094,8000,0.0,0.0
2024-03-27 11:50:00+08:00,33.099998474121094,33.099998474121094,33.099998474121094,33.099998474121094,2080,0.0,0.0
2024-03-27 11:55:00+08:00,33.04999923706055,33.04999923706055,33.0,33.04999923706055,27100,0.0,0.0
2024-03-27 12:00:00+08:00,33.04999923706055,33.04999923706055,33.0,33.0,4000,0.0,0.0
2024-03-27 12:05:00+08:00,33.0,33.0,33.0,33.0,12000,0.0,0.0
2024-03-27 12:10:00+08:00,33.0,33.0,33.0,33.0,19000,0.0,0.0
2024-03-27 12:15:00+08:00,33.0,33.0,33.0,33.0,10001,0.0,0.0
2024-03-27 12:20:00+08:00,33.0,33.0,33.0,33.0,4000,0.0,0.0
2024-03-27 12:25:00+08:00,32.95000076293945,33.0,32.95000076293945,33.0,5003,0.0,0.0
2024-03-27 12:30:00+08:00,33.0,33.0,33.0,33.0,3000,0.0,0.0
2024-03-27 12:35:00+08:00,33.0,33.0,32.95000076293945,32.95000076293945,22000,0.0,0.0
2024-03-27 12:40:00+08:00,33.0,33.0,33.0,33.0,3000,0.0,0.0
2024-03-27 12:45:00+08:00,33.0,33.0,32.95000076293945,33.0,13000,0.0,0.0
2024-03-27 12:50:00+08:00,33.0,33.0,33.0,33.0,9000,0.0,0.0
2024-03-27 12:55:00+08:00,33.0,33.0,33.0,33.0,1001,0.0,0.0
2024-03-27 13:00:00+08:00,33.0,33.0,32.95000076293945,32.95000076293945,6267,0.0,0.0
2024-03-27 13:10:00+08:00,32.95000076293945,32.95000076293945,32.95000076293945,32.95000076293945,9004,0.0,0.0
2024-03-27 13:15:00+08:00,32.95000076293945,33.0,32.95000076293945,32.95000076293945,16002,0.0,0.0
2024-03-27 13:20:00+08:00,33.0,33.0,32.95000076293945,32.95000076293945,25001,0.0,0.0
2024-03-28 09:00:00+08:00,33.099998474121094,33.25,33.099998474121094,33.25,0,0.0,0.0
2024-03-28 09:05:00+08:00,33.20000076293945,33.349998474121094,33.20000076293945,33.349998474121094,27027,0.0,0.0
2024-03-28 09:10:00+08:00,33.400001525878906,33.45000076293945,33.400001525878906,33.45000076293945,25033,0.0,0.0
2024-03-28 09:15:00+08:00,33.400001525878906,33.400001525878906,33.349998474121094,33.349998474121094,15000,0.0,0.0
2024-03-28 09:20:00+08:00,33.349998474121094,33.349998474121094,33.29999923706055,33.29999923706055,9428,0.0,0.0
2024-03-28 09:25:00+08:00,33.29999923706055,33.29999923706055,33.20000076293945,33.20000076293945,12135,0.0,0.0
2024-03-28 09:30:00+08:00,33.20000076293945,33.20000076293945,33.099998474121094,33.099998474121094,11160,0.0,0.0
2024-03-28 09:35:00+08:00,33.150001525878906,33.20000076293945,33.150001525878906,33.20000076293945,5029,0.0,0.0
2024-03-28 09:45:00+08:00,33.25,33.25,33.20000076293945,33.20000076293945,3040,0.0,0.0
2024-03-28 09:50:00+08:00,33.25,33.25,33.25,33.25,2120,0.0,0.0
2024-03-28 09:55:00+08:00,33.25,33.25,33.20000076293945,33.20000076293945,8000,0.0,0.0
2024-03-28 10:05:00+08:00,33.20000076293945,33.20000076293945,33.150001525878906,33.150001525878906,24081,0.0,0.0
2024-03-28 10:10:00+08:00,33.150001525878906,33.150001525878906,33.099998474121094,33.099998474121094,3002,0.0,0.0
2024-03-28 10:15:00+08:00,33.150001525878906,33.150001525878906,33.150001525878906,33.150001525878906,2000,0.0,0.0
2024-03-28 10:20:00+08:00,33.150001525878906,33.150001525878906,33.04999923706055,33.099998474121094,26100,0.0,0.0
2024-03-28 10:25:00+08:00,33.099998474121094,33.099998474121094,33.099998474121094,33.099998474121094,2000,0.0,0.0
2024-03-28 10:30:00+08:00,33.099998474121094,33.099998474121094,33.099998474121094,33.099998474121094,2000,0.0,0.0
2024-03-28 10:35:00+08:00,33.150001525878906,33.150001525878906,33.150001525878906,33.150001525878906,2000,0.0,0.0
2024-03-28 10:40:00+08:00,33.150001525878906,33.25,33.150001525878906,33.25,35000,0.0,0.0
2024-03-28 10:45:00+08:00,33.25,33.25,33.25,33.25,2020,0.0,0.0
2024-03-28 10:50:00+08:00,33.29999923706055,33.29999923706055,33.29999923706055,33.29999923706055,2002,0.0,0.0
2024-03-28 10:55:00+08:00,33.25,33.25,33.25,33.25,10007,0.0,0.0
2024-03-28 11:00:00+08:00,33.20000076293945,33.20000076293945,33.20000076293945,33.20000076293945,2002,0.0,0.0
2024-03-28 11:10:00+08:00,33.20000076293945,33.25,33.20000076293945,33.20000076293945,17001,0.0,0.0
2024-03-28 11:20:00+08:00,33.25,33.25,33.25,33.25,3041,0.0,0.0
2024-03-28 11:30:00+08:00,33.20000076293945,33.25,33.150001525878906,33.150001525878906,33001,0.0,0.0
2024-03-28 11:35:00+08:00,33.150001525878906,33.150001525878906,33.150001525878906,33.150001525878906,1001,0.0,0.0
2024-03-28 11:40:00+08:00,33.099998474121094,33.099998474121094,33.099998474121094,33.099998474121094,14008,0.0,0.0
2024-03-28 11:45:00+08:00,33.099998474121094,33.099998474121094,33.099998474121094,33.099998474121094,1490,0.0,0.0
2024-03-28 11:50:00+08:00,33.099998474121094,33.099998474121094,33.099998474121094,33.099998474121094,3170,0.0,0.0
2024-03-28 11:55:00+08:00,33.099998474121094,33.099998474121094,33.04999923706055,33.04999923706055,6001,0.0,0.0
2024-03-28 12:10:00+08:00,33.04999923706055,33.04999923706055,33.04999923706055,33.04999923706055,6000,0.0,0.0
2024-03-28 12:15:00+08:00,33.04999923706055,33.04999923706055,33.04999923706055,33.04999923706055,26000,0.0,0.0
2024-03-28 12:20:00+08:00,33.0,33.04999923706055,33.0,33.0,12002,0.0,0.0
2024-03-28 12:25:00+08:00,33.04999923706055,33.04999923706055,33.0,33.0,6010,0.0,0.0
2024-03-28 12:30:00+08:00,33.04999923706055,33.04999923706055,33.04999923706055,33.04999923706055,2000,0.0,0.0
2024-03-28 12:35:00+08:00,33.04999923706055,33.04999923706055,33.04999923706055,33.04999923706055,3120,0.0,0.0
2024-03-28 12:40:00+08:00,33.04999923706055,33.04999923706055,33.04999923706055,33.04999923706055,1000,0.0,0.0
2024-03-28 12:45:00+08:00,33.0,33.04999923706055,33.0,33.04999923706055,5000,0.0,0.0
2024-03-28 12:50:00+08:00,33.04999923706055,33.099998474121094,33.04999923706055,33.099998474121094,10000,0.0,0.0
2024-03-28 12:55:00+08:00,33.04999923706055,33.04999923706055,33.04999923706055,33.04999923706055,3000,0.0,0.0
2024-03-28 13:00:00+08:00,33.04999923706055,33.04999923706055,33.0,33.0,5001,0.0,0.0
2024-03-28 13:05:00+08:00,33.0,33.0,33.0,33.0,33039,0.0,0.0
2024-03-28 13:10:00+08:00,33.0,33.04999923706055,33.0,33.04999923706055,6000,0.0,0.0
2024-03-28 13:15:00+08:00,33.04999923706055,33.099998474121094,33.04999923706055,33.099998474121094,12292,0.0,0.0
2024-03-28 13:20:00+08:00,33.04999923706055,33.099998474121094,33.0,33.0,30000,0.0,0.0
2024-03-29 09:00:00+08:00,33.04999923706055,33.04999923706055,33.04999923706055,33.04999923706055,19000,0.0,0.0
2024-03-29 09:05:00+08:00,33.04999923706055,33.04999923706055,33.04999923706055,33.04999923706055,46070,0.0,0.0
2024-03-29 09:10:00+08:00,33.099998474121094,33.099998474121094,33.099998474121094,33.099998474121094,2000,0.0,0.0
2024-03-29 09:15:00+08:00,33.099998474121094,33.099998474121094,33.099998474121094,33.099998474121094,4031,0.0,0.0
2024-03-29 09:20:00+08:00,33.099998474121094,33.099998474121094,32.95000076293945,32.95000076293945,31000,0.0,0.0
2024-03-29 09:25:00+08:00,32.900001525878906,32.900001525878906,32.900001525878906,32.900001525878906,7072,0.0,0.0
2024-03-29 09:30:00+08:00,32.95000076293945,33.04999923706055,32.95000076293945,33.04999923706055,3020,0.0,0.0
2024-03-29 09:35:00+08:00,33.04999923706055,33.04999923706055,33.0,33.0,3000,0.0,0.0
2024-03-29 09:40:00+08:00,33.0,33.0,33.0,33.0,22000,0.0,0.0
2024-03-29 09:45:00+08:00,33.0,33.0,32.95000076293945,32.95000076293945,9000,0.0,0.0
2024-03-29 09:50:00+08:00,33.0,33.0,32.95000076293945,32.95000076293945,7001,0.0,0.0
2024-03-29 10:05:00+08:00,33.0,33.0,33.0,33.0,1050,0.0,0.0
2024-03-29 10:15:00+08:00,33.0,33.0,32.849998474121094,32.849998474121094,64099,0.0,0.0
2024-03-29 10:20:00+08:00,32.849998474121094,32.849998474121094,32.849998474121094,32.849998474121094,21000,0.0,0.0
2024-03-29 10:25:00+08:00,32.849998474121094,32.849998474121094,32.849998474121094,32.849998474121094,1419,0.0,0.0
2024-03-29 10:30:00+08:00,32.900001525878906,32.900001525878906,32.900001525878906,32.900001525878906,2000,0.0,0.0
2024-03-29 10:35:00+08:00,32.95000076293945,32.95000076293945,32.95000076293945,32.95000076293945,2001,0.0,0.0
2024-03-29 10:40:00+08:00,32.95000076293945,32.95000076293945,32.95000076293945,32.95000076293945,5050,0.0,0.0
2024-03-29 10:45:00+08:00,32.900001525878906,32.900001525878906,32.900001525878906,32.900001525878906,7657,0.0,0.0
2024-03-29 10:50:00+08:00,32.900001525878906,32.900001525878906,32.900001525878906,32.900001525878906,1111,0.0,0.0
2024-03-29 10:55:00+08:00,32.900001525878906,32.900001525878906,32.900001525878906,32.900001525878906,2050,0.0,0.0
2024-03-29 11:00:00+08:00,32.95000076293945,32.95000076293945,32.95000076293945,32.95000076293945,2000,0.0,0.0
2024-03-29 11:05:00+08:00,32.95000076293945,32.95000076293945,32.95000076293945,32.95000076293945,2000,0.0,0.0
2024-03-29 11:10:00+08:00,32.900001525878906,32.900001525878906,32.900001525878906,32.900001525878906,8000,0.0,0.0
2024-03-29 11:15:00+08:00,32.900001525878906,32.900001525878906,32.75,32.79999923706055,100800,0.0,0.0
2024-03-29 11:20:00+08:00,32.79999923706055,32.79999923706055,32.75,32.79999923706055,8000,0.0,0.0
2024-03-29 11:25:00+08:00,32.79999923706055,32.79999923706055,32.79999923706055,32.79999923706055,2001,0.0,0.0
2024-03-29 11:30:00+08:00,32.79999923706055,32.79999923706055,32.75,32.75,31000,0.0,0.0
2024-03-29 11:35:00+08:00,32.79999923706055,32.79999923706055,32.79999923706055,32.79999923706055,1000,0.0,0.0
2024-03-29 11:40:00+08:00,32.79999923706055,32.79999923706055,32.79999923706055,32.79999923706055,6001,0.0,0.0
2024-03-29 11:45:00+08:00,32.75,32.75,32.75,32.75,9091,0.0,0.0
2024-03-29 11:50:00+08:00,32.75,32.75,32.75,32.75,8000,0.0,0.0
2024-03-29 11:55:00+08:00,32.75,32.75,32.70000076293945,32.70000076293945,3010,0.0,0.0
2024-03-29 12:00:00+08:00,32.75,32.75,32.75,32.75,15001,0.0,0.0
2024-03-29 12:05:00+08:00,32.75,32.79999923706055,32.75,32.79999923706055,5400,0.0,0.0
2024-03-29 12:10:00+08:00,32.79999923706055,32.79999923706055,32.79999923706055,32.79999923706055,1002,0.0,0.0
2024-03-29 12:25:00+08:00,32.75,32.79999923706055,32.75,32.79999923706055,13004,0.0,0.0
2024-03-29 12:30:00+08:00,32.79999923706055,32.79999923706055,32.79999923706055,32.79999923706055,8003,0.0,0.0
2024-03-29 12:35:00+08:00,32.75,32.75,32.75,32.75,9000,0.0,0.0
2024-03-29 12:40:00+08:00,32.75,32.79999923706055,32.75,32.75,29002,0.0,0.0
2024-03-29 12:45:00+08:00,32.75,32.75,32.75,32.75,4037,0.0,0.0
2024-03-29 12:50:00+08:00,32.75,32.79999923706055,32.75,32.79999923706055,25009,0.0,0.0
2024-03-29 12:55:00+08:00,32.79999923706055,32.849998474121094,32.79999923706055,32.79999923706055,11978,0.0,0.0
2024-03-29 13:00:00+08:00,32.75,32.75,32.75,32.75,16052,0.0,0.0
2024-03-29 13:05:00+08:00,32.75,32.75,32.75,32.75,16014,0.0,0.0
2024-03-29 13:10:00+08:00,32.75,32.79999923706055,32.75,32.79999923706055,10053,0.0,0.0
2024-03-29 13:15:00+08:00,32.79999923706055,32.79999923706055,32.79999923706055,32.79999923706055,5000,0.0,0.0
2024-03-29 13:20:00+08:00,32.79999923706055,32.849998474121094,32.75,32.75,16103,0.0,0.0
2024-04-01 09:00:00+08:00,32.900001525878906,33.20000076293945,32.900001525878906,33.20000076293945,0,0.0,0.0
2024-04-01 09:05:00+08:00,33.20000076293945,33.20000076293945,33.150001525878906,33.20000076293945,14020,0.0,0.0
2024-04-01 09:10:00+08:00,33.25,33.29999923706055,33.20000076293945,33.29999923706055,43168,0.0,0.0
2024-04-01 09:20:00+08:00,33.25,33.349998474121094,33.25,33.349998474121094,31000,0.0,0.0
2024-04-01 09:25:00+08:00,33.349998474121094,33.45000076293945,33.349998474121094,33.45000076293945,33060,0.0,0.0
2024-04-01 09:30:00+08:00,33.45000076293945,33.45000076293945,33.400001525878906,33.400001525878906,19102,0.0,0.0
2024-04-01 09:35:00+08:00,33.400001525878906,33.400001525878906,33.349998474121094,33.349998474121094,16005,0.0,0.0
2024-04-01 09:40:00+08:00,33.349998474121094,33.349998474121094,33.349998474121094,33.349998474121094,3000,0.0,0.0
2024-04-01 09:45:00+08:00,33.349998474121094,33.349998474121094,33.29999923706055,33.29999923706055,19002,0.0,0.0
2024-04-01 09:50:00+08:00,33.349998474121094,33.5,33.349998474121094,33.45000076293945,60228,0.0,0.0
2024-04-01 09:55:00+08:00,33.45000076293945,33.45000076293945,33.349998474121094,33.349998474121094,38000,0.0,0.0
2024-04-01 10:00:00+08:00,33.349998474121094,33.400001525878906,33.349998474121094,33.400001525878906,13002,0.0,0.0
2024-04-01 10:05:00+08:00,33.400001525878906,33.400001525878906,33.29999923706055,33.29999923706055,45001,0.0,0.0
2024-04-01 10:10:00+08:00,33.29999923706055,33.349998474121094,33.29999923706055,33.349998474121094,16004,0.0,0.0
2024-04-01 10:15:00+08:00,33.349998474121094,33.349998474121094,33.29999923706055,33.349998474121094,17000,0.0,0.0
2024-04-01 10:20:00+08:00,33.349998474121094,33.349998474121094,33.349998474121094,33.349998474121094,17001,0.0,0.0
2024-04-01 10:25:00+08:00,33.349998474121094,33.349998474121094,33.349998474121094,33.349998474121094,3001,0.0,0.0
2024-04-01 10:30:00+08:00,33.349998474121094,33.349998474121094,33.349998474121094,33.349998474121094,8103,0.0,0.0
2024-04-01 10:35:00+08:00,33.349998474121094,33.349998474121094,33.349998474121094,33.349998474121094,26000,0.0,0.0
2024-04-01 10:40:00+08:00,33.349998474121094,33.45000076293945,33.349998474121094,33.45000076293945,49261,0.0,0.0
2024-04-01 10:45:00+08:00,33.45000076293945,33.45000076293945,33.400001525878906,33.400001525878906,7001,0.0,0.0
2024-04-01 10:50:00+08:00,33.400001525878906,33.400001525878906,33.400001525878906,33.400001525878906,3002,0.0,0.0
2024-04-01 10:55:00+08:00,33.400001525878906,33.400001525878906,33.400001525878906,33.400001525878906,2001,0.0,0.0
2024-04-01 11:00:00+08:00,33.400001525878906,33.400001525878906,33.349998474121094,33.349998474121094,2000,0.0,0.0
2024-04-01 11:05:00+08:00,33.400001525878906,33.400001525878906,33.400001525878906,33.400001525878906,2003,0.0,0.0
2024-04-01 11:10:00+08:00,33.45000076293945,33.45000076293945,33.45000076293945,33.45000076293945,6000,0.0,0.0
2024-04-01 11:15:00+08:00,33.45000076293945,33.45000076293945,33.400001525878906,33.400001525878906,15000,0.0,0.0
2024-04-01 11:20:00+08:00,33.400001525878906,33.400001525878906,33.400001525878906,33.400001525878906,6100,0.0,0.0
2024-04-01 11:25:00+08:00,33.400001525878906,33.400001525878906,33.400001525878906,33.400001525878906,3000,0.0,0.0
2024-04-01 11:30:00+08:00,33.400001525878906,33.400001525878906,33.400001525878906,33.400001525878906,5100,0.0,0.0
2024-04-01 11:40:00+08:00,33.400001525878906,33.45000076293945,33.400001525878906,33.45000076293945,9010,0.0,0.0
2024-04-01 11:45:00+08:00,33.45000076293945,33.45000076293945,33.45000076293945,33.45000076293945,1001,0.0,0.0
2024-04-01 11:50:00+08:00,33.45000076293945,33.45000076293945,33.45000076293945,33.45000076293945,1061,0.0,0.0
2024-04-01 12:00:00+08:00,33.45000076293945,33.45000076293945,33.400001525878906,33.400001525878906,21004,0.0,0.0
2024-04-01 12:05:00+08:00,33.400001525878906,33.400001525878906,33.349998474121094,33.349998474121094,16001,0.0,0.0
2024-04-01 12:15:00+08:00,33.349998474121094,33.349998474121094,33.349998474121094,33.349998474121094,3000,0.0,0.0
2024-04-01 12:20:00+08:00,33.349998474121094,33.400001525878906,33.349998474121094,33.349998474121094,21001,0.0,0.0
2024-04-01 12:25:00+08:00,33.349998474121094,33.400001525878906,33.349998474121094,33.400001525878906,11053,0.0,0.0
2024-04-01 12:30:00+08:00,33.400001525878906,33.400001525878906,33.400001525878906,33.400001525878906,5000,0.0,0.0
2024-04-01 12:35:00+08:00,33.349998474121094,33.400001525878906,33.349998474121094,33.400001525878906,2454,0.0,0.0
2024-04-01 12:40:00+08:00,33.400001525878906,33.400001525878906,33.400001525878906,33.400001525878906,1103,0.0,0.0
2024-04-01 12:50:00+08:00,33.400001525878906,33.400001525878906,33.400001525878906,33.400001525878906,3101,0.0,0.0
2024-04-01 12:55:00+08:00,33.349998474121094,33.349998474121094,33.29999923706055,33.29999923706055,53101,0.0,0.0
2024-04-01 13:00:00+08:00,33.29999923706055,33.29999923706055,33.29999923706055,33.29999923706055,13032,0.0,0.0
2024-04-01 13:05:00+08:00,33.29999923706055,33.29999923706055,33.25,33.25,10002,0.0,0.0
2024-04-01 13:10:00+08:00,33.25,33.25,33.25,33.25,7000,0.0,0.0
2024-04-01 13:15:00+08:00,33.25,33.29999923706055,33.20000076293945,33.29999923706055,17000,0.0,0.0
2024-04-01 13:20:00+08:00,33.25,33.25,33.20000076293945,33.25,8051,0.0,0.0
2024-04-02 09:00:00+08:00,33.400001525878906,33.400001525878906,33.25,33.25,0,0.0,0.0
2024-04-02 09:05:00+08:00,33.20000076293945,33.20000076293945,33.150001525878906,33.150001525878906,13150,0.0,0.0
2024-04-02 09:10:00+08:00,33.29999923706055,33.29999923706055,33.29999923706055,33.29999923706055,10000,0.0,0.0
2024-04-02 09:15:00+08:00,33.29999923706055,33.29999923706055,33.29999923706055,33.29999923706055,2000,0.0,0.0
2024-04-02 09:20:00+08:00,33.25,33.25,33.099998474121094,33.150001525878906,23002,0.0,0.0
2024-04-02 09:25:00+08:00,33.20000076293945,33.20000076293945,33.150001525878906,33.150001525878906,4004,0.0,0.0
2024-04-02 09:30:00+08:00,33.150001525878906,33.150001525878906,33.150001525878906,33.150001525878906,2003,0.0,0.0
2024-04-02 09:35:00+08:00,33.150001525878906,33.150001525878906,33.150001525878906,33.150001525878906,3101,0.0,0.0
2024-04-02 09:40:00+08:00,33.150001525878906,33.150001525878906,33.04999923706055,33.04999923706055,20044,0.0,0.0
2024-04-02 09:50:00+08:00,33.099998474121094,33.099998474121094,33.099998474121094,33.099998474121094,2000,0.0,0.0
2024-04-02 09:55:00+08:00,33.099998474121094,33.150001525878906,33.099998474121094,33.150001525878906,4058,0.0,0.0
2024-04-02 10:00:00+08:00,33.150001525878906,33.150001525878906,33.150001525878906,33.150001525878906,5000,0.0,0.0
2024-04-02 10:05:00+08:00,33.150001525878906,33.150001525878906,33.150001525878906,33.150001525878906,3335,0.0,0.0
2024-04-02 10:10:00+08:00,33.150001525878906,33.150001525878906,33.150001525878906,33.150001525878906,2001,0.0,0.0
2024-04-02 10:15:00+08:00,33.099998474121094,33.099998474121094,33.0,33.0,45115,0.0,0.0
2024-04-02 10:20:00+08:00,33.0,33.0,33.0,33.0,1002,0.0,0.0
2024-04-02 10:30:00+08:00,33.04999923706055,33.04999923706055,33.04999923706055,33.04999923706055,6100,0.0,0.0
2024-04-02 10:35:00+08:00,33.04999923706055,33.04999923706055,33.04999923706055,33.04999923706055,1201,0.0,0.0
2024-04-02 10:40:00+08:00,33.04999923706055,33.04999923706055,33.04999923706055,33.04999923706055,13000,0.0,0.0
2024-04-02 10:45:00+08:00,33.04999923706055,33.04999923706055,33.0,33.0,10001,0.0,0.0
2024-04-02 10:50:00+08:00,33.0,33.04999923706055,33.0,33.04999923706055,3001,0.0,0.0
2024-04-02 10:55:00+08:00,33.04999923706055,33.04999923706055,33.04999923706055,33.04999923706055,8001,0.0,0.0
2024-04-02 11:00:00+08:00,33.04999923706055,33.04999923706055,33.04999923706055,33.04999923706055,8002,0.0,0.0
2024-04-02 11:05:00+08:00,33.04999923706055,33.04999923706055,33.04999923706055,33.04999923706055,8001,0.0,0.0
2024-04-02 11:10:00+08:00,33.0,33.0,33.0,33.0,9000,0.0,0.0
2024-04-02 11:15:00+08:00,33.04999923706055,33.04999923706055,33.04999923706055,33.04999923706055,4201,0.0,0.0
2024-04-02 11:20:00+08:00,33.0,33.0,33.0,33.0,1001,0.0,0.0
2024-04-02 11:25:00+08:00,33.04999923706055,33.04999923706055,33.04999923706055,33.04999923706055,2001,0.0,0.0
2024-04-02 11:30:00+08:00,33.0,33.04999923706055,33.0,33.0,9001,0.0,0.0
2024-04-02 11:35:00+08:00,33.0,33.0,32.95000076293945,32.95000076293945,55000,0.0,0.0
2024-04-02 11:40:00+08:00,32.95000076293945,32.95000076293945,32.95000076293945,32.95000076293945,9201,0.0,0.0
2024-04-02 11:45:00+08:00,32.95000076293945,32.95000076293945,32.900001525878906,32.900001525878906,45001,0.0,0.0
2024-04-02 11:50:00+08:00,32.900001525878906,32.900001525878906,32.900001525878906,32.900001525878906,2001,0.0,0.0
2024-04-02 12:00:00+08:00,32.95000076293945,32.95000076293945,32.95000076293945,32.95000076293945,2000,0.0,0.0
2024-04-02 12:05:00+08:00,32.95000076293945,32.95000076293945,32.900001525878906,32.900001525878906,14190,0.0,0.0
2024-04-02 12:10:00+08:00,32.900001525878906,32.95000076293945,32.900001525878906,32.95000076293945,4000,0.0,0.0
2024-04-02 12:15:00+08:00,32.95000076293945,32.95000076293945,32.95000076293945,32.95000076293945,5001,0.0,0.0
2024-04-02 12:25:00+08:00,32.95000076293945,32.95000076293945,32.95000076293945,32.95000076293945,9001,0.0,0.0
2024-04-02 12:30:00+08:00,32.95000076293945,32.95000076293945,32.95000076293945,32.95000076293945,11052,0.0,0.0
2024-04-02 12:35:00+08:00,33.0,33.04999923706055,33.0,33.04999923706055,13000,0.0,0.0
2024-04-02 12:40:00+08:00,33.04999923706055,33.04999923706055,33.04999923706055,33.04999923706055,1001,0.0,0.0
2024-04-02 12:45:00+08:00,33.04999923706055,33.04999923706055,33.04999923706055,33.04999923706055,7105,0.0,0.0
2024-04-02 12:55:00+08:00,33.04999923706055,33.04999923706055,33.04999923706055,33.04999923706055,1021,0.0,0.0
2024-04-02 13:00:00+08:00,33.04999923706055,33.04999923706055,33.04999923706055,33.04999923706055,5000,0.0,0.0
2024-04-02 13:05:00+08:00,33.04999923706055,33.04999923706055,33.0,33.04999923706055,15001,0.0,0.0
2024-04-02 13:10:00+08:00,33.0,33.0,33.0,33.0,6001,0.0,0.0
2024-04-02 13:15:00+08:00,33.04999923706055,33.04999923706055,33.0,33.0,7010,0.0,0.0
2024-04-02 13:20:00+08:00,33.0,33.099998474121094,33.0,33.099998474121094,19455,0.0,0.0
2024-04-03 09:00:00+08:00,33.0,33.0,32.95000076293945,33.0,0,0.0,0.0
2024-04-03 09:05:00+08:00,33.04999923706055,33.150001525878906,33.04999923706055,33.04999923706055,29492,0.0,0.0
2024-04-03 09:15:00+08:00,33.04999923706055,33.04999923706055,33.04999923706055,33.04999923706055,7000,0.0,0.0
2024-04-03 09:20:00+08:00,33.0,33.0,33.0,33.0,8112,0.0,0.0
2024-04-03 09:25:00+08:00,33.0,33.0,33.0,33.0,2010,0.0,0.0
2024-04-03 09:30:00+08:00,33.0,33.0,33.0,33.0,2095,0.0,0.0
2024-04-03 09:35:00+08:00,32.95000076293945,32.95000076293945,32.900001525878906,32.95000076293945,14000,0.0,0.0
2024-04-03 09:40:00+08:00,32.900001525878906,32.900001525878906,32.849998474121094,32.900001525878906,44102,0.0,0.0
2024-04-03 09:55:00+08:00,33.0,33.0,32.900001525878906,32.900001525878906,9168,0.0,0.0
2024-04-03 10:05:00+08:00,32.900001525878906,32.900001525878906,32.849998474121094,32.900001525878906,32049,0.0,0.0
2024-04-03 10:10:00+08:00,32.849998474121094,32.900001525878906,32.849998474121094,32.900001525878906,5002,0.0,0.0
2024-04-03 10:15:00+08:00,32.900001525878906,32.900001525878906,32.900001525878906,32.900001525878906,4000,0.0,0.0
2024-04-03 10:20:00+08:00,32.95000076293945,32.95000076293945,32.95000076293945,32.95000076293945,13007,0.0,0.0
2024-04-03 10:30:00+08:00,32.95000076293945,32.95000076293945,32.900001525878906,32.900001525878906,8114,0.0,0.0
2024-04-03 10:35:00+08:00,32.95000076293945,32.95000076293945,32.95000076293945,32.95000076293945,1000,0.0,0.0
2024-04-03 10:40:00+08:00,33.0,33.0,32.95000076293945,32.95000076293945,29004,0.0,0.0
2024-04-03 10:55:00+08:00,32.95000076293945,32.95000076293945,32.95000076293945,32.95000076293945,3001,0.0,0.0
2024-04-03 11:05:00+08:00,32.95000076293945,32.95000076293945,32.95000076293945,32.95000076293945,1002,0.0,0.0
2024-04-03 11:10:00+08:00,33.0,33.0,33.0,33.0,1000,0.0,0.0
2024-04-03 11:20:00+08:00,33.0,33.0,33.0,33.0,1003,0.0,0.0
2024-04-03 11:25:00+08:00,33.0,33.0,33.0,33.0,1000,0.0,0.0
2024-04-03 11:30:00+08:00,33.0,33.0,33.0,33.0,1501,0.0,0.0
2024-04-03 11:35:00+08:00,33.0,33.0,33.0,33.0,0,0.0,0.0
2024-04-03 11:45:00+08:00,33.04999923706055,33.04999923706055,33.04999923706055,33.04999923706055,251964,0.0,0.0
2024-04-03 11:55:00+08:00,33.0,33.0,33.0,33.0,3001,0.0,0.0
2024-04-03 12:00:00+08:00,33.0,33.0,33.0,33.0,19000,0.0,0.0
2024-04-03 12:05:00+08:00,32.95000076293945,32.95000076293945,32.95000076293945,32.95000076293945,13003,0.0,0.0
2024-04-03 12:15:00+08:00,33.0,33.099998474121094,33.0,33.099998474121094,41101,0.0,0.0
2024-04-03 12:20:00+08:00,33.099998474121094,33.099998474121094,33.099998474121094,33.099998474121094,7000,0.0,0.0
2024-04-03 12:25:00+08:00,33.0,33.0,33.0,33.0,3056,0.0,0.0
2024-04-03 12:30:00+08:00,33.04999923706055,33.04999923706055,33.04999923706055,33.04999923706055,3001,0.0,0.0
2024-04-03 12:35:00+08:00,33.04999923706055,33.04999923706055,33.04999923706055,33.04999923706055,1201,0.0,0.0
2024-04-03 12:40:00+08:00,33.04999923706055,33.04999923706055,32.95000076293945,33.0,25002,0.0,0.0
2024-04-03 12:45:00+08:00,33.04999923706055,33.04999923706055,33.0,33.0,5002,0.0,0.0
2024-04-03 12:50:00+08:00,32.95000076293945,33.0,32.95000076293945,33.0,7002,0.0,0.0
2024-04-03 12:55:00+08:00,33.0,33.0,33.0,33.0,4002,0.0,0.0
2024-04-03 13:00:00+08:00,33.0,33.04999923706055,33.0,33.0,9002,0.0,0.0
2024-04-03 13:05:00+08:00,33.0,33.0,33.0,33.0,10002,0.0,0.0
2024-04-03 13:10:00+08:00,33.0,33.0,33.0,33.0,12001,0.0,0.0
2024-04-03 13:15:00+08:00,33.04999923706055,33.04999923706055,32.95000076293945,32.95000076293945,6001,0.0,0.0
2024-04-03 13:20:00+08:00,32.95000076293945,33.0,32.95000076293945,32.95000076293945,21001,0.0,0.0
2024-04-08 09:00:00+08:00,33.0,33.150001525878906,33.0,33.150001525878906,0,0.0,0.0
2024-04-08 09:05:00+08:00,33.150001525878906,33.20000076293945,33.150001525878906,33.150001525878906,20000,0.0,0.0
2024-04-08 09:10:00+08:00,33.25,33.45000076293945,33.25,33.45000076293945,78222,0.0,0.0
2024-04-08 09:15:00+08:00,33.45000076293945,33.5,33.400001525878906,33.400001525878906,44342,0.0,0.0
2024-04-08 09:20:00+08:00,33.400001525878906,33.54999923706055,33.400001525878906,33.54999923706055,78001,0.0,0.0
2024-04-08 09:25:00+08:00,33.54999923706055,33.650001525878906,33.54999923706055,33.599998474121094,93790,0.0,0.0
2024-04-08 09:30:00+08:00,33.599998474121094,33.650001525878906,33.599998474121094,33.650001525878906,36263,0.0,0.0
2024-04-08 09:35:00+08:00,33.650001525878906,33.650001525878906,33.599998474121094,33.599998474121094,31001,0.0,0.0
2024-04-08 09:40:00+08:00,33.599998474121094,33.599998474121094,33.54999923706055,33.54999923706055,22503,0.0,0.0
2024-04-08 09:45:00+08:00,33.54999923706055,33.54999923706055,33.54999923706055,33.54999923706055,2000,0.0,0.0
2024-04-08 09:50:00+08:00,33.54999923706055,33.54999923706055,33.5,33.54999923706055,43002,0.0,0.0
2024-04-08 09:55:00+08:00,33.54999923706055,33.54999923706055,33.54999923706055,33.54999923706055,6155,0.0,0.0
2024-04-08 10:00:00+08:00,33.54999923706055,33.54999923706055,33.54999923706055,33.54999923706055,12021,0.0,0.0
2024-04-08 10:05:00+08:00,33.54999923706055,33.54999923706055,33.54999923706055,33.54999923706055,11100,0.0,0.0
2024-04-08 10:10:00+08:00,33.54999923706055,33.599998474121094,33.54999923706055,33.54999923706055,10102,0.0,0.0
2024-04-08 10:15:00+08:00,33.599998474121094,33.599998474121094,33.54999923706055,33.54999923706055,11000,0.0,0.0
2024-04-08 10:20:00+08:00,33.599998474121094,33.599998474121094,33.599998474121094,33.599998474121094,45001,0.0,0.0
2024-04-08 10:25:00+08:00,33.599998474121094,33.599998474121094,33.599998474121094,33.599998474121094,19102,0.0,0.0
2024-04-08 10:30:00+08:00,33.599998474121094,33.599998474121094,33.599998474121094,33.599998474121094,9271,0.0,0.0
2024-04-08 10:35:00+08:00,33.599998474121094,33.599998474121094,33.599998474121094,33.599998474121094,10108,0.0,0.0
2024-04-08 10:40:00+08:00,33.599998474121094,33.599998474121094,33.599998474121094,33.599998474121094,10002,0.0,0.0
2024-04-08 10:45:00+08:00,33.599998474121094,33.599998474121094,33.599998474121094,33.599998474121094,9000,0.0,0.0
2024-04-08 10:50:00+08:00,33.650001525878906,33.650001525878906,33.650001525878906,33.650001525878906,10002,0.0,0.0
2024-04-08 10:55:00+08:00,33.650001525878906,33.650001525878906,33.599998474121094,33.650001525878906,8000,0.0,0.0
2024-04-08 11:00:00+08:00,33.650001525878906,33.650001525878906,33.650001525878906,33.650001525878906,32200,0.0,0.0
2024-04-08 11:05:00+08:00,33.650001525878906,33.650001525878906,33.650001525878906,33.650001525878906,5050,0.0,0.0
2024-04-08 11:10:00+08:00,33.650001525878906,33.650001525878906,33.599998474121094,33.599998474121094,8000,0.0,0.0
2024-04-08 11:15:00+08:00,33.650001525878906,33.650001525878906,33.599998474121094,33.599998474121094,4013,0.0,0.0
2024-04-08 11:20:00+08:00,33.650001525878906,33.650001525878906,33.650001525878906,33.650001525878906,12017,0.0,0.0
2024-04-08 11:25:00+08:00,33.70000076293945,33.70000076293945,33.70000076293945,33.70000076293945,2000,0.0,0.0
2024-04-08 11:30:00+08:00,33.650001525878906,33.650001525878906,33.650001525878906,33.650001525878906,13013,0.0,0.0
2024-04-08 11:35:00+08:00,33.650001525878906,33.650001525878906,33.599998474121094,33.599998474121094,21002,0.0,0.0
2024-04-08 11:40:00+08:00,33.599998474121094,33.599998474121094,33.599998474121094,33.599998474121094,4001,0.0,0.0
2024-04-08 11:45:00+08:00,33.599998474121094,33.650001525878906,33.599998474121094,33.599998474121094,3000,0.0,0.0
2024-04-08 11:50:00+08:00,33.599998474121094,33.650001525878906,33.54999923706055,33.54999923706055,34106,0.0,0.0
2024-04-08 11:55:00+08:00,33.650001525878906,33.650001525878906,33.599998474121094,33.599998474121094,3011,0.0,0.0
2024-04-08 12:00:00+08:00,33.650001525878906,33.650001525878906,33.650001525878906,33.650001525878906,10005,0.0,0.0
2024-04-08 12:05:00+08:00,33.599998474121094,33.599998474121094,33.599998474121094,33.599998474121094,12210,0.0,0.0
2024-04-08 12:15:00+08:00,33.650001525878906,33.70000076293945,33.599998474121094,33.650001525878906,58010,0.0,0.0
2024-04-08 12:20:00+08:00,33.650001525878906,33.650001525878906,33.650001525878906,33.650001525878906,4001,0.0,0.0
2024-04-08 12:25:00+08:00,33.599998474121094,33.650001525878906,33.599998474121094,33.650001525878906,7006,0.0,0.0
2024-04-08 12:30:00+08:00,33.650001525878906,33.70000076293945,33.54999923706055,33.54999923706055,30001,0.0,0.0
2024-04-08 12:35:00+08:00,33.54999923706055,33.54999923706055,33.54999923706055,33.54999923706055,4001,0.0,0.0
2024-04-08 12:40:00+08:00,33.599998474121094,33.650001525878906,33.54999923706055,33.54999923706055,11004,0.0,0.0
2024-04-08 12:45:00+08:00,33.599998474121094,33.599998474121094,33.599998474121094,33.599998474121094,4119,0.0,0.0
2024-04-08 12:50:00+08:00,33.650001525878906,33.650001525878906,33.650001525878906,33.650001525878906,4000,0.0,0.0
2024-04-08 12:55:00+08:00,33.650001525878906,33.650001525878906,33.599998474121094,33.650001525878906,14027,0.0,0.0
2024-04-08 13:00:00+08:00,33.650001525878906,33.650001525878906,33.650001525878906,33.650001525878906,26009,0.0,0.0
2024-04-08 13:05:00+08:00,33.650001525878906,33.650001525878906,33.599998474121094,33.650001525878906,12105,0.0,0.0
2024-04-08 13:10:00+08:00,33.599998474121094,33.650001525878906,33.599998474121094,33.599998474121094,26204,0.0,0.0
2024-04-08 13:15:00+08:00,33.599998474121094,33.599998474121094,33.54999923706055,33.54999923706055,14443,0.0,0.0
2024-04-08 13:20:00+08:00,33.599998474121094,33.650001525878906,33.599998474121094,33.650001525878906,32106,0.0,0.0
2024-04-09 09:00:00+08:00,33.75,33.79999923706055,33.70000076293945,33.79999923706055,0,0.0,0.0
2024-04-09 09:05:00+08:00,33.70000076293945,33.70000076293945,33.599998474121094,33.599998474121094,66036,0.0,0.0
2024-04-09 09:10:00+08:00,33.650001525878906,33.75,33.650001525878906,33.650001525878906,19242,0.0,0.0
2024-04-09 09:15:00+08:00,33.650001525878906,33.650001525878906,33.599998474121094,33.650001525878906,13064,0.0,0.0
2024-04-09 09:20:00+08:00,33.650001525878906,33.70000076293945,33.599998474121094,33.599998474121094,35161,0.0,0.0
2024-04-09 09:25:00+08:00,33.54999923706055,33.54999923706055,33.5,33.5,44884,0.0,0.0
2024-04-09 09:30:00+08:00,33.5,33.5,33.5,33.5,9774,0.0,0.0
2024-04-09 09:35:00+08:00,33.5,33.5,33.400001525878906,33.400001525878906,35092,0.0,0.0
2024-04-09 09:40:00+08:00,33.349998474121094,33.45000076293945,33.349998474121094,33.45000076293945,13051,0.0,0.0
2024-04-09 09:45:00+08:00,33.45000076293945,33.45000076293945,33.349998474121094,33.400001525878906,10001,0.0,0.0
2024-04-09 09:50:00+08:00,33.400001525878906,33.400001525878906,33.400001525878906,33.400001525878906,9033,0.0,0.0
2024-04-09 09:55:00+08:00,33.400001525878906,33.400001525878906,33.349998474121094,33.400001525878906,16135,0.0,0.0
2024-04-09 10:00:00+08:00,33.400001525878906,33.5,33.349998474121094,33.349998474121094,69001,0.0,0.0
2024-04-09 10:05:00+08:00,33.349998474121094,33.349998474121094,33.349998474121094,33.349998474121094,10002,0.0,0.0
2024-04-09 10:10:00+08:00,33.349998474121094,33.349998474121094,33.349998474121094,33.349998474121094,5504,0.0,0.0
2024-04-09 10:15:00+08:00,33.400001525878906,33.400001525878906,33.349998474121094,33.349998474121094,4000,0.0,0.0
2024-04-09 10:20:00+08:00,33.400001525878906,33.400001525878906,33.349998474121094,33.400001525878906,16066,0.0,0.0
2024-04-09 10:25:00+08:00,33.400001525878906,33.400001525878906,33.400001525878906,33.400001525878906,4001,0.0,0.0
2024-04-09 10:30:00+08:00,33.349998474121094,33.349998474121094,33.29999923706055,33.349998474121094,19002,0.0,0.0
2024-04-09 10:35:00+08:00,33.29999923706055,33.29999923706055,33.29999923706055,33.29999923706055,1024,0.0,0.0
2024-04-09 10:40:00+08:00,33.349998474121094,33.349998474121094,33.349998474121094,33.349998474121094,17451,0.0,0.0
2024-04-09 10:45:00+08:00,33.349998474121094,33.349998474121094,33.349998474121094,33.349998474121094,15343,0.0,0.0
2024-04-09 10:50:00+08:00,33.349998474121094,33.349998474121094,33.29999923706055,33.29999923706055,31002,0.0,0.0
2024-04-09 10:55:00+08:00,33.29999923706055,33.349998474121094,33.29999923706055,33.349998474121094,3001,0.0,0.0
2024-04-09 11:00:00+08:00,33.349998474121094,33.400001525878906,33.349998474121094,33.349998474121094,12306,0.0,0.0
2024-04-09 11:10:00+08:00,33.400001525878906,33.5,33.400001525878906,33.5,23056,0.0,0.0
2024-04-09 11:15:00+08:00,33.5,33.5,33.5,33.5,10000,0.0,0.0
2024-04-09 11:20:00+08:00,33.54999923706055,33.54999923706055,33.54999923706055,33.54999923706055,3004,0.0,0.0
2024-04-09 11:25:00+08:00,33.5,33.5,33.5,33.5,2001,0.0,0.0
2024-04-09 11:30:00+08:00,33.45000076293945,33.45000076293945,33.45000076293945,33.45000076293945,8002,0.0,0.0
2024-04-09 11:35:00+08:00,33.400001525878906,33.5,33.400001525878906,33.5,11001,0.0,0.0
2024-04-09 11:40:00+08:00,33.45000076293945,33.45000076293945,33.45000076293945,33.45000076293945,1016,0.0,0.0
2024-04-09 11:50:00+08:00,33.400001525878906,33.400001525878906,33.349998474121094,33.349998474121094,18013,0.0,0.0
2024-04-09 11:55:00+08:00,33.400001525878906,33.400001525878906,33.400001525878906,33.400001525878906,7000,0.0,0.0
2024-04-09 12:00:00+08:00,33.400001525878906,33.400001525878906,33.349998474121094,33.349998474121094,9008,0.0,0.0
2024-04-09 12:10:00+08:00,33.400001525878906,33.400001525878906,33.349998474121094,33.349998474121094,2004,0.0,0.0
2024-04-09 12:15:00+08:00,33.349998474121094,33.400001525878906,33.349998474121094,33.349998474121094,17005,0.0,0.0
2024-04-09 12:20:00+08:00,33.349998474121094,33.400001525878906,33.349998474121094,33.349998474121094,13184,0.0,0.0
2024-04-09 12:35:00+08:00,33.45000076293945,33.45000076293945,33.45000076293945,33.45000076293945,1003,0.0,0.0
2024-04-09 12:40:00+08:00,33.45000076293945,33.45000076293945,33.45000076293945,33.45000076293945,2000,0.0,0.0
2024-04-09 12:45:00+08:00,33.45000076293945,33.45000076293945,33.400001525878906,33.400001525878906,14003,0.0,0.0
2024-04-09 12:50:00+08:00,33.400001525878906,33.400001525878906,33.400001525878906,33.400001525878906,10001,0.0,0.0
2024-04-09 12:55:00+08:00,33.45000076293945,33.45000076293945,33.400001525878906,33.400001525878906,5005,0.0,0.0
2024-04-09 13:00:00+08:00,33.45000076293945,33.45000076293945,33.400001525878906,33.400001525878906,9004,0.0,0.0
2024-04-09 13:05:00+08:00,33.400001525878906,33.400001525878906,33.400001525878906,33.400001525878906,25000,0.0,0.0
2024-04-09 13:10:00+08:00,33.349998474121094,33.400001525878906,33.349998474121094,33.349998474121094,7151,0.0,0.0
2024-04-09 13:15:00+08:00,33.349998474121094,33.400001525878906,33.349998474121094,33.349998474121094,34000,0.0,0.0
2024-04-09 13:20:00+08:00,33.400001525878906,33.400001525878906,33.349998474121094,33.349998474121094,48123,0.0,0.0
2024-04-09 09:00:00+08:00,33.75,33.79999923706055,33.70000076293945,33.79999923706055,0,0.0,0.0
2024-04-09 09:05:00+08:00,33.70000076293945,33.70000076293945,33.599998474121094,33.599998474121094,66036,0.0,0.0
2024-04-09 09:10:00+08:00,33.650001525878906,33.75,33.650001525878906,33.650001525878906,19242,0.0,0.0
2024-04-09 09:15:00+08:00,33.650001525878906,33.650001525878906,33.599998474121094,33.650001525878906,13064,0.0,0.0
2024-04-09 09:20:00+08:00,33.650001525878906,33.70000076293945,33.599998474121094,33.599998474121094,35161,0.0,0.0
2024-04-09 09:25:00+08:00,33.54999923706055,33.54999923706055,33.5,33.5,44884,0.0,0.0
2024-04-09 09:30:00+08:00,33.5,33.5,33.5,33.5,9774,0.0,0.0
2024-04-09 09:35:00+08:00,33.5,33.5,33.400001525878906,33.400001525878906,35092,0.0,0.0
2024-04-09 09:40:00+08:00,33.349998474121094,33.45000076293945,33.349998474121094,33.45000076293945,13051,0.0,0.0
2024-04-09 09:45:00+08:00,33.45000076293945,33.45000076293945,33.349998474121094,33.400001525878906,10001,0.0,0.0
2024-04-09 09:50:00+08:00,33.400001525878906,33.400001525878906,33.400001525878906,33.400001525878906,9033,0.0,0.0
2024-04-09 09:55:00+08:00,33.400001525878906,33.400001525878906,33.349998474121094,33.400001525878906,16135,0.0,0.0
2024-04-09 10:00:00+08:00,33.400001525878906,33.5,33.349998474121094,33.349998474121094,69001,0.0,0.0
2024-04-09 10:05:00+08:00,33.349998474121094,33.349998474121094,33.349998474121094,33.349998474121094,10002,0.0,0.0
2024-04-09 10:10:00+08:00,33.349998474121094,33.349998474121094,33.349998474121094,33.349998474121094,5504,0.0,0.0
2024-04-09 10:15:00+08:00,33.400001525878906,33.400001525878906,33.349998474121094,33.349998474121094,4000,0.0,0.0
2024-04-09 10:20:00+08:00,33.400001525878906,33.400001525878906,33.349998474121094,33.400001525878906,16066,0.0,0.0
2024-04-09 10:25:00+08:00,33.400001525878906,33.400001525878906,33.400001525878906,33.400001525878906,4001,0.0,0.0
2024-04-09 10:30:00+08:00,33.349998474121094,33.349998474121094,33.29999923706055,33.349998474121094,19002,0.0,0.0
2024-04-09 10:35:00+08:00,33.29999923706055,33.29999923706055,33.29999923706055,33.29999923706055,1024,0.0,0.0
2024-04-09 10:40:00+08:00,33.349998474121094,33.349998474121094,33.349998474121094,33.349998474121094,17451,0.0,0.0
2024-04-09 10:45:00+08:00,33.349998474121094,33.349998474121094,33.349998474121094,33.349998474121094,15343,0.0,0.0
2024-04-09 10:50:00+08:00,33.349998474121094,33.349998474121094,33.29999923706055,33.29999923706055,31002,0.0,0.0
2024-04-09 10:55:00+08:00,33.29999923706055,33.349998474121094,33.29999923706055,33.349998474121094,3001,0.0,0.0
2024-04-09 11:00:00+08:00,33.349998474121094,33.400001525878906,33.349998474121094,33.349998474121094,12306,0.0,0.0
2024-04-09 11:10:00+08:00,33.400001525878906,33.5,33.400001525878906,33.5,23056,0.0,0.0
2024-04-09 11:15:00+08:00,33.5,33.5,33.5,33.5,10000,0.0,0.0
2024-04-09 11:20:00+08:00,33.54999923706055,33.54999923706055,33.54999923706055,33.54999923706055,3004,0.0,0.0
2024-04-09 11:25:00+08:00,33.5,33.5,33.5,33.5,2001,0.0,0.0
2024-04-09 11:30:00+08:00,33.45000076293945,33.45000076293945,33.45000076293945,33.45000076293945,8002,0.0,0.0
2024-04-09 11:35:00+08:00,33.400001525878906,33.5,33.400001525878906,33.5,11001,0.0,0.0
2024-04-09 11:40:00+08:00,33.45000076293945,33.45000076293945,33.45000076293945,33.45000076293945,1016,0.0,0.0
2024-04-09 11:50:00+08:00,33.400001525878906,33.400001525878906,33.349998474121094,33.349998474121094,18013,0.0,0.0
2024-04-09 11:55:00+08:00,33.400001525878906,33.400001525878906,33.400001525878906,33.400001525878906,7000,0.0,0.0
2024-04-09 12:00:00+08:00,33.400001525878906,33.400001525878906,33.349998474121094,33.349998474121094,9008,0.0,0.0
2024-04-09 12:10:00+08:00,33.400001525878906,33.400001525878906,33.349998474121094,33.349998474121094,2004,0.0,0.0
2024-04-09 12:15:00+08:00,33.349998474121094,33.400001525878906,33.349998474121094,33.349998474121094,17005,0.0,0.0
2024-04-09 12:20:00+08:00,33.349998474121094,33.400001525878906,33.349998474121094,33.349998474121094,13184,0.0,0.0
2024-04-09 12:35:00+08:00,33.45000076293945,33.45000076293945,33.45000076293945,33.45000076293945,1003,0.0,0.0
2024-04-09 12:40:00+08:00,33.45000076293945,33.45000076293945,33.45000076293945,33.45000076293945,2000,0.0,0.0
2024-04-09 12:45:00+08:00,33.45000076293945,33.45000076293945,33.400001525878906,33.400001525878906,14003,0.0,0.0
2024-04-09 12:50:00+08:00,33.400001525878906,33.400001525878906,33.400001525878906,33.400001525878906,10001,0.0,0.0
2024-04-09 12:55:00+08:00,33.45000076293945,33.45000076293945,33.400001525878906,33.400001525878906,5005,0.0,0.0
2024-04-09 13:00:00+08:00,33.45000076293945,33.45000076293945,33.400001525878906,33.400001525878906,9004,0.0,0.0
2024-04-09 13:05:00+08:00,33.400001525878906,33.400001525878906,33.400001525878906,33.400001525878906,25000,0.0,0.0
2024-04-09 13:10:00+08:00,33.349998474121094,33.400001525878906,33.349998474121094,33.349998474121094,7151,0.0,0.0
2024-04-09 13:15:00+08:00,33.349998474121094,33.400001525878906,33.349998474121094,33.349998474121094,34000,0.0,0.0
2024-04-09 13:20:00+08:00,33.400001525878906,33.400001525878906,33.349998474121094,33.349998474121094,48123,0.0,0.0
2024-04-09 09:00:00+08:00,33.75,33.79999923706055,33.70000076293945,33.79999923706055,0,0.0,0.0
2024-04-09 09:05:00+08:00,33.70000076293945,33.70000076293945,33.599998474121094,33.599998474121094,66036,0.0,0.0
2024-04-09 09:10:00+08:00,33.650001525878906,33.75,33.650001525878906,33.650001525878906,19242,0.0,0.0
2024-04-09 09:15:00+08:00,33.650001525878906,33.650001525878906,33.599998474121094,33.650001525878906,13064,0.0,0.0
2024-04-09 09:20:00+08:00,33.650001525878906,33.70000076293945,33.599998474121094,33.599998474121094,35161,0.0,0.0
2024-04-09 09:25:00+08:00,33.54999923706055,33.54999923706055,33.5,33.5,44884,0.0,0.0
2024-04-09 09:30:00+08:00,33.5,33.5,33.5,33.5,9774,0.0,0.0
2024-04-09 09:35:00+08:00,33.5,33.5,33.400001525878906,33.400001525878906,35092,0.0,0.0
2024-04-09 09:40:00+08:00,33.349998474121094,33.45000076293945,33.349998474121094,33.45000076293945,13051,0.0,0.0
2024-04-09 09:45:00+08:00,33.45000076293945,33.45000076293945,33.349998474121094,33.400001525878906,10001,0.0,0.0
2024-04-09 09:50:00+08:00,33.400001525878906,33.400001525878906,33.400001525878906,33.400001525878906,9033,0.0,0.0
2024-04-09 09:55:00+08:00,33.400001525878906,33.400001525878906,33.349998474121094,33.400001525878906,16135,0.0,0.0
2024-04-09 10:00:00+08:00,33.400001525878906,33.5,33.349998474121094,33.349998474121094,69001,0.0,0.0
2024-04-09 10:05:00+08:00,33.349998474121094,33.349998474121094,33.349998474121094,33.349998474121094,10002,0.0,0.0
2024-04-09 10:10:00+08:00,33.349998474121094,33.349998474121094,33.349998474121094,33.349998474121094,5504,0.0,0.0
2024-04-09 10:15:00+08:00,33.400001525878906,33.400001525878906,33.349998474121094,33.349998474121094,4000,0.0,0.0
2024-04-09 10:20:00+08:00,33.400001525878906,33.400001525878906,33.349998474121094,33.400001525878906,16066,0.0,0.0
2024-04-09 10:25:00+08:00,33.400001525878906,33.400001525878906,33.400001525878906,33.400001525878906,4001,0.0,0.0
2024-04-09 10:30:00+08:00,33.349998474121094,33.349998474121094,33.29999923706055,33.349998474121094,19002,0.0,0.0
2024-04-09 10:35:00+08:00,33.29999923706055,33.29999923706055,33.29999923706055,33.29999923706055,1024,0.0,0.0
2024-04-09 10:40:00+08:00,33.349998474121094,33.349998474121094,33.349998474121094,33.349998474121094,17451,0.0,0.0
2024-04-09 10:45:00+08:00,33.349998474121094,33.349998474121094,33.349998474121094,33.349998474121094,15343,0.0,0.0
2024-04-09 10:50:00+08:00,33.349998474121094,33.349998474121094,33.29999923706055,33.29999923706055,31002,0.0,0.0
2024-04-09 10:55:00+08:00,33.29999923706055,33.349998474121094,33.29999923706055,33.349998474121094,3001,0.0,0.0
2024-04-09 11:00:00+08:00,33.349998474121094,33.400001525878906,33.349998474121094,33.349998474121094,12306,0.0,0.0
2024-04-09 11:10:00+08:00,33.400001525878906,33.5,33.400001525878906,33.5,23056,0.0,0.0
2024-04-09 11:15:00+08:00,33.5,33.5,33.5,33.5,10000,0.0,0.0
2024-04-09 11:20:00+08:00,33.54999923706055,33.54999923706055,33.54999923706055,33.54999923706055,3004,0.0,0.0
2024-04-09 11:25:00+08:00,33.5,33.5,33.5,33.5,2001,0.0,0.0
2024-04-09 11:30:00+08:00,33.45000076293945,33.45000076293945,33.45000076293945,33.45000076293945,8002,0.0,0.0
2024-04-09 11:35:00+08:00,33.400001525878906,33.5,33.400001525878906,33.5,11001,0.0,0.0
2024-04-09 11:40:00+08:00,33.45000076293945,33.45000076293945,33.45000076293945,33.45000076293945,1016,0.0,0.0
2024-04-09 11:50:00+08:00,33.400001525878906,33.400001525878906,33.349998474121094,33.349998474121094,18013,0.0,0.0
2024-04-09 11:55:00+08:00,33.400001525878906,33.400001525878906,33.400001525878906,33.400001525878906,7000,0.0,0.0
2024-04-09 12:00:00+08:00,33.400001525878906,33.400001525878906,33.349998474121094,33.349998474121094,9008,0.0,0.0
2024-04-09 12:10:00+08:00,33.400001525878906,33.400001525878906,33.349998474121094,33.349998474121094,2004,0.0,0.0
2024-04-09 12:15:00+08:00,33.349998474121094,33.400001525878906,33.349998474121094,33.349998474121094,17005,0.0,0.0
2024-04-09 12:20:00+08:00,33.349998474121094,33.400001525878906,33.349998474121094,33.349998474121094,13184,0.0,0.0
2024-04-09 12:35:00+08:00,33.45000076293945,33.45000076293945,33.45000076293945,33.45000076293945,1003,0.0,0.0
2024-04-09 12:40:00+08:00,33.45000076293945,33.45000076293945,33.45000076293945,33.45000076293945,2000,0.0,0.0
2024-04-09 12:45:00+08:00,33.45000076293945,33.45000076293945,33.400001525878906,33.400001525878906,14003,0.0,0.0
2024-04-09 12:50:00+08:00,33.400001525878906,33.400001525878906,33.400001525878906,33.400001525878906,10001,0.0,0.0
2024-04-09 12:55:00+08:00,33.45000076293945,33.45000076293945,33.400001525878906,33.400001525878906,5005,0.0,0.0
2024-04-09 13:00:00+08:00,33.45000076293945,33.45000076293945,33.400001525878906,33.400001525878906,9004,0.0,0.0
2024-04-09 13:05:00+08:00,33.400001525878906,33.400001525878906,33.400001525878906,33.400001525878906,25000,0.0,0.0
2024-04-09 13:10:00+08:00,33.349998474121094,33.400001525878906,33.349998474121094,33.349998474121094,7151,0.0,0.0
2024-04-09 13:15:00+08:00,33.349998474121094,33.400001525878906,33.349998474121094,33.349998474121094,34000,0.0,0.0
2024-04-09 13:20:00+08:00,33.400001525878906,33.400001525878906,33.349998474121094,33.349998474121094,48123,0.0,0.0
2024-04-10 09:00:00+08:00,33.5,33.54999923706055,33.45000076293945,33.45000076293945,26000,0.0,0.0
2024-04-10 09:05:00+08:00,33.45000076293945,33.599998474121094,33.400001525878906,33.54999923706055,61000,0.0,0.0
2024-04-10 09:10:00+08:00,33.54999923706055,33.70000076293945,33.5,33.70000076293945,45186,0.0,0.0
2024-04-10 09:15:00+08:00,33.70000076293945,33.75,33.70000076293945,33.75,35268,0.0,0.0
2024-04-10 09:20:00+08:00,33.70000076293945,33.849998474121094,33.70000076293945,33.79999923706055,43100,0.0,0.0
2024-04-10 09:25:00+08:00,33.79999923706055,33.900001525878906,33.79999923706055,33.900001525878906,66069,0.0,0.0
2024-04-10 09:30:00+08:00,33.900001525878906,33.900001525878906,33.79999923706055,33.79999923706055,51008,0.0,0.0
2024-04-10 09:35:00+08:00,33.79999923706055,33.900001525878906,33.75,33.900001525878906,57332,0.0,0.0
2024-04-10 09:40:00+08:00,33.849998474121094,33.849998474121094,33.849998474121094,33.849998474121094,8131,0.0,0.0
2024-04-10 09:45:00+08:00,33.849998474121094,33.849998474121094,33.79999923706055,33.79999923706055,21032,0.0,0.0
2024-04-10 09:50:00+08:00,33.79999923706055,33.79999923706055,33.79999923706055,33.79999923706055,19015,0.0,0.0
2024-04-10 09:55:00+08:00,33.79999923706055,33.79999923706055,33.79999923706055,33.79999923706055,10006,0.0,0.0
2024-04-10 10:00:00+08:00,33.79999923706055,33.849998474121094,33.75,33.79999923706055,52186,0.0,0.0
2024-04-10 10:05:00+08:00,33.849998474121094,33.849998474121094,33.849998474121094,33.849998474121094,2004,0.0,0.0
2024-04-10 10:10:00+08:00,33.849998474121094,33.900001525878906,33.849998474121094,33.849998474121094,11005,0.0,0.0
2024-04-10 10:15:00+08:00,33.849998474121094,33.900001525878906,33.849998474121094,33.849998474121094,13232,0.0,0.0
2024-04-10 10:20:00+08:00,33.900001525878906,33.900001525878906,33.900001525878906,33.900001525878906,37146,0.0,0.0
2024-04-10 10:25:00+08:00,33.900001525878906,33.900001525878906,33.849998474121094,33.849998474121094,9053,0.0,0.0
2024-04-10 10:30:00+08:00,33.900001525878906,33.900001525878906,33.849998474121094,33.849998474121094,9006,0.0,0.0
2024-04-10 10:35:00+08:00,33.849998474121094,33.849998474121094,33.849998474121094,33.849998474121094,2003,0.0,0.0
2024-04-10 10:40:00+08:00,33.79999923706055,33.849998474121094,33.79999923706055,33.849998474121094,15082,0.0,0.0
2024-04-10 10:45:00+08:00,33.849998474121094,33.849998474121094,33.849998474121094,33.849998474121094,2104,0.0,0.0
2024-04-10 10:50:00+08:00,33.849998474121094,33.849998474121094,33.849998474121094,33.849998474121094,10103,0.0,0.0
2024-04-10 10:55:00+08:00,33.849998474121094,33.849998474121094,33.79999923706055,33.79999923706055,5001,0.0,0.0
2024-04-10 11:00:00+08:00,33.79999923706055,33.79999923706055,33.79999923706055,33.79999923706055,10040,0.0,0.0
2024-04-10 11:05:00+08:00,33.79999923706055,33.79999923706055,33.79999923706055,33.79999923706055,22001,0.0,0.0
2024-04-10 11:10:00+08:00,33.79999923706055,33.79999923706055,33.75,33.75,3217,0.0,0.0
2024-04-10 11:15:00+08:00,33.75,33.75,33.75,33.75,28002,0.0,0.0
2024-04-10 11:20:00+08:00,33.70000076293945,33.70000076293945,33.70000076293945,33.70000076293945,22727,0.0,0.0
2024-04-10 11:25:00+08:00,33.70000076293945,33.70000076293945,33.650001525878906,33.650001525878906,10453,0.0,0.0
2024-04-10 11:30:00+08:00,33.70000076293945,33.70000076293945,33.650001525878906,33.650001525878906,7102,0.0,0.0
2024-04-10 11:35:00+08:00,33.650001525878906,33.650001525878906,33.650001525878906,33.650001525878906,15033,0.0,0.0
2024-04-10 11:40:00+08:00,33.650001525878906,33.650001525878906,33.650001525878906,33.650001525878906,3004,0.0,0.0
2024-04-10 11:50:00+08:00,33.650001525878906,33.650001525878906,33.599998474121094,33.599998474121094,19002,0.0,0.0
2024-04-10 11:55:00+08:00,33.54999923706055,33.54999923706055,33.54999923706055,33.54999923706055,13002,0.0,0.0
2024-04-10 12:00:00+08:00,33.54999923706055,33.650001525878906,33.54999923706055,33.650001525878906,25001,0.0,0.0
2024-04-10 12:05:00+08:00,33.599998474121094,33.599998474121094,33.599998474121094,33.599998474121094,1002,0.0,0.0
2024-04-10 12:10:00+08:00,33.54999923706055,33.599998474121094,33.54999923706055,33.599998474121094,3001,0.0,0.0
2024-04-10 12:15:00+08:00,33.599998474121094,33.599998474121094,33.54999923706055,33.54999923706055,2004,0.0,0.0
2024-04-10 12:20:00+08:00,33.599998474121094,33.599998474121094,33.599998474121094,33.599998474121094,12002,0.0,0.0
2024-04-10 12:25:00+08:00,33.599998474121094,33.599998474121094,33.54999923706055,33.599998474121094,14524,0.0,0.0
2024-04-10 12:30:00+08:00,33.599998474121094,33.599998474121094,33.54999923706055,33.54999923706055,12003,0.0,0.0
2024-04-10 12:40:00+08:00,33.54999923706055,33.54999923706055,33.5,33.54999923706055,19008,0.0,0.0
2024-04-10 12:45:00+08:00,33.54999923706055,33.54999923706055,33.54999923706055,33.54999923706055,1001,0.0,0.0
2024-04-10 12:50:00+08:00,33.54999923706055,33.54999923706055,33.5,33.5,15006,0.0,0.0
2024-04-10 12:55:00+08:00,33.54999923706055,33.54999923706055,33.54999923706055,33.54999923706055,7001,0.0,0.0
2024-04-10 13:00:00+08:00,33.54999923706055,33.599998474121094,33.54999923706055,33.54999923706055,12004,0.0,0.0
2024-04-10 13:05:00+08:00,33.54999923706055,33.54999923706055,33.54999923706055,33.54999923706055,4002,0.0,0.0
2024-04-10 13:10:00+08:00,33.54999923706055,33.54999923706055,33.54999923706055,33.54999923706055,6000,0.0,0.0
2024-04-10 13:15:00+08:00,33.54999923706055,33.599998474121094,33.54999923706055,33.54999923706055,25302,0.0,0.0
2024-04-10 13:20:00+08:00,33.54999923706055,33.599998474121094,33.54999923706055,33.54999923706055,20164,0.0,0.0
2024-04-10 09:00:00+08:00,33.5,33.54999923706055,33.45000076293945,33.45000076293945,0,0.0,0.0
2024-04-10 09:05:00+08:00,33.45000076293945,33.599998474121094,33.400001525878906,33.54999923706055,61000,0.0,0.0
2024-04-10 09:10:00+08:00,33.54999923706055,33.70000076293945,33.5,33.70000076293945,45186,0.0,0.0
2024-04-10 09:15:00+08:00,33.70000076293945,33.75,33.70000076293945,33.75,35268,0.0,0.0
2024-04-10 09:20:00+08:00,33.70000076293945,33.849998474121094,33.70000076293945,33.79999923706055,43100,0.0,0.0
2024-04-10 09:25:00+08:00,33.79999923706055,33.900001525878906,33.79999923706055,33.900001525878906,66069,0.0,0.0
2024-04-10 09:30:00+08:00,33.900001525878906,33.900001525878906,33.79999923706055,33.79999923706055,51008,0.0,0.0
2024-04-10 09:35:00+08:00,33.79999923706055,33.900001525878906,33.75,33.900001525878906,57332,0.0,0.0
2024-04-10 09:40:00+08:00,33.849998474121094,33.849998474121094,33.849998474121094,33.849998474121094,8131,0.0,0.0
2024-04-10 09:45:00+08:00,33.849998474121094,33.849998474121094,33.79999923706055,33.79999923706055,21032,0.0,0.0
2024-04-10 09:50:00+08:00,33.79999923706055,33.79999923706055,33.79999923706055,33.79999923706055,19015,0.0,0.0
2024-04-10 09:55:00+08:00,33.79999923706055,33.79999923706055,33.79999923706055,33.79999923706055,10006,0.0,0.0
2024-04-10 10:00:00+08:00,33.79999923706055,33.849998474121094,33.75,33.79999923706055,52186,0.0,0.0
2024-04-10 10:05:00+08:00,33.849998474121094,33.849998474121094,33.849998474121094,33.849998474121094,2004,0.0,0.0
2024-04-10 10:10:00+08:00,33.849998474121094,33.900001525878906,33.849998474121094,33.849998474121094,11005,0.0,0.0
2024-04-10 10:15:00+08:00,33.849998474121094,33.900001525878906,33.849998474121094,33.849998474121094,13232,0.0,0.0
2024-04-10 10:20:00+08:00,33.900001525878906,33.900001525878906,33.900001525878906,33.900001525878906,37146,0.0,0.0
2024-04-10 10:25:00+08:00,33.900001525878906,33.900001525878906,33.849998474121094,33.849998474121094,9053,0.0,0.0
2024-04-10 10:30:00+08:00,33.900001525878906,33.900001525878906,33.849998474121094,33.849998474121094,9006,0.0,0.0
2024-04-10 10:35:00+08:00,33.849998474121094,33.849998474121094,33.849998474121094,33.849998474121094,2003,0.0,0.0
2024-04-10 10:40:00+08:00,33.79999923706055,33.849998474121094,33.79999923706055,33.849998474121094,15082,0.0,0.0
2024-04-10 10:45:00+08:00,33.849998474121094,33.849998474121094,33.849998474121094,33.849998474121094,2104,0.0,0.0
2024-04-10 10:50:00+08:00,33.849998474121094,33.849998474121094,33.849998474121094,33.849998474121094,10103,0.0,0.0
2024-04-10 10:55:00+08:00,33.849998474121094,33.849998474121094,33.79999923706055,33.79999923706055,5001,0.0,0.0
2024-04-10 11:00:00+08:00,33.79999923706055,33.79999923706055,33.79999923706055,33.79999923706055,10040,0.0,0.0
2024-04-10 11:05:00+08:00,33.79999923706055,33.79999923706055,33.79999923706055,33.79999923706055,22001,0.0,0.0
2024-04-10 11:10:00+08:00,33.79999923706055,33.79999923706055,33.75,33.75,3217,0.0,0.0
2024-04-10 11:15:00+08:00,33.75,33.75,33.75,33.75,28002,0.0,0.0
2024-04-10 11:20:00+08:00,33.70000076293945,33.70000076293945,33.70000076293945,33.70000076293945,22727,0.0,0.0
2024-04-10 11:25:00+08:00,33.70000076293945,33.70000076293945,33.650001525878906,33.650001525878906,10453,0.0,0.0
2024-04-10 11:30:00+08:00,33.70000076293945,33.70000076293945,33.650001525878906,33.650001525878906,7102,0.0,0.0
2024-04-10 11:35:00+08:00,33.650001525878906,33.650001525878906,33.650001525878906,33.650001525878906,15033,0.0,0.0
2024-04-10 11:40:00+08:00,33.650001525878906,33.650001525878906,33.650001525878906,33.650001525878906,3004,0.0,0.0
2024-04-10 11:50:00+08:00,33.650001525878906,33.650001525878906,33.599998474121094,33.599998474121094,19002,0.0,0.0
2024-04-10 11:55:00+08:00,33.54999923706055,33.54999923706055,33.54999923706055,33.54999923706055,13002,0.0,0.0
2024-04-10 12:00:00+08:00,33.54999923706055,33.650001525878906,33.54999923706055,33.650001525878906,25001,0.0,0.0
2024-04-10 12:05:00+08:00,33.599998474121094,33.599998474121094,33.599998474121094,33.599998474121094,1002,0.0,0.0
2024-04-10 12:10:00+08:00,33.54999923706055,33.599998474121094,33.54999923706055,33.599998474121094,3001,0.0,0.0
2024-04-10 12:15:00+08:00,33.599998474121094,33.599998474121094,33.54999923706055,33.54999923706055,2004,0.0,0.0
2024-04-10 12:20:00+08:00,33.599998474121094,33.599998474121094,33.599998474121094,33.599998474121094,12002,0.0,0.0
2024-04-10 12:25:00+08:00,33.599998474121094,33.599998474121094,33.54999923706055,33.599998474121094,14524,0.0,0.0
2024-04-10 12:30:00+08:00,33.599998474121094,33.599998474121094,33.54999923706055,33.54999923706055,12003,0.0,0.0
2024-04-10 12:40:00+08:00,33.54999923706055,33.54999923706055,33.5,33.54999923706055,19008,0.0,0.0
2024-04-10 12:45:00+08:00,33.54999923706055,33.54999923706055,33.54999923706055,33.54999923706055,1001,0.0,0.0
2024-04-10 12:50:00+08:00,33.54999923706055,33.54999923706055,33.5,33.5,15006,0.0,0.0
2024-04-10 12:55:00+08:00,33.54999923706055,33.54999923706055,33.54999923706055,33.54999923706055,7001,0.0,0.0
2024-04-10 13:00:00+08:00,33.54999923706055,33.599998474121094,33.54999923706055,33.54999923706055,12004,0.0,0.0
2024-04-10 13:05:00+08:00,33.54999923706055,33.54999923706055,33.54999923706055,33.54999923706055,4002,0.0,0.0
2024-04-10 13:10:00+08:00,33.54999923706055,33.54999923706055,33.54999923706055,33.54999923706055,6000,0.0,0.0
2024-04-10 13:15:00+08:00,33.54999923706055,33.599998474121094,33.54999923706055,33.54999923706055,25302,0.0,0.0
2024-04-10 13:20:00+08:00,33.54999923706055,33.599998474121094,33.54999923706055,33.54999923706055,20164,0.0,0.0
2024-04-10 09:00:00+08:00,33.5,33.54999923706055,33.45000076293945,33.45000076293945,0,0.0,0.0
2024-04-10 09:05:00+08:00,33.45000076293945,33.54999923706055,33.400001525878906,33.54999923706055,61000,0.0,0.0
2024-04-10 09:10:00+08:00,33.54999923706055,33.70000076293945,33.5,33.70000076293945,45186,0.0,0.0
2024-04-10 09:15:00+08:00,33.70000076293945,33.75,33.70000076293945,33.75,35268,0.0,0.0
2024-04-10 09:20:00+08:00,33.70000076293945,33.849998474121094,33.70000076293945,33.79999923706055,43100,0.0,0.0
2024-04-10 09:25:00+08:00,33.79999923706055,33.900001525878906,33.79999923706055,33.900001525878906,66069,0.0,0.0
2024-04-10 09:30:00+08:00,33.900001525878906,33.900001525878906,33.79999923706055,33.79999923706055,51008,0.0,0.0
2024-04-10 09:35:00+08:00,33.79999923706055,33.900001525878906,33.75,33.900001525878906,57332,0.0,0.0
2024-04-10 09:40:00+08:00,33.849998474121094,33.849998474121094,33.849998474121094,33.849998474121094,8131,0.0,0.0
2024-04-10 09:45:00+08:00,33.849998474121094,33.849998474121094,33.79999923706055,33.79999923706055,21032,0.0,0.0
2024-04-10 09:50:00+08:00,33.79999923706055,33.79999923706055,33.79999923706055,33.79999923706055,19015,0.0,0.0
2024-04-10 09:55:00+08:00,33.79999923706055,33.79999923706055,33.79999923706055,33.79999923706055,10006,0.0,0.0
2024-04-10 10:00:00+08:00,33.79999923706055,33.849998474121094,33.75,33.79999923706055,52186,0.0,0.0
2024-04-10 10:05:00+08:00,33.849998474121094,33.849998474121094,33.849998474121094,33.849998474121094,2004,0.0,0.0
2024-04-10 10:10:00+08:00,33.849998474121094,33.900001525878906,33.849998474121094,33.849998474121094,11005,0.0,0.0
2024-04-10 10:15:00+08:00,33.849998474121094,33.900001525878906,33.849998474121094,33.849998474121094,13232,0.0,0.0
2024-04-10 10:20:00+08:00,33.900001525878906,33.900001525878906,33.900001525878906,33.900001525878906,37146,0.0,0.0
2024-04-10 10:25:00+08:00,33.900001525878906,33.900001525878906,33.849998474121094,33.849998474121094,9053,0.0,0.0
2024-04-10 10:30:00+08:00,33.900001525878906,33.900001525878906,33.849998474121094,33.849998474121094,9006,0.0,0.0
2024-04-10 10:35:00+08:00,33.849998474121094,33.849998474121094,33.849998474121094,33.849998474121094,2003,0.0,0.0
2024-04-10 10:40:00+08:00,33.79999923706055,33.849998474121094,33.79999923706055,33.849998474121094,15082,0.0,0.0
2024-04-10 10:45:00+08:00,33.849998474121094,33.849998474121094,33.849998474121094,33.849998474121094,2104,0.0,0.0
2024-04-10 10:50:00+08:00,33.849998474121094,33.849998474121094,33.849998474121094,33.849998474121094,10103,0.0,0.0
2024-04-10 10:55:00+08:00,33.849998474121094,33.849998474121094,33.79999923706055,33.79999923706055,5001,0.0,0.0
2024-04-10 11:00:00+08:00,33.79999923706055,33.79999923706055,33.79999923706055,33.79999923706055,10040,0.0,0.0
2024-04-10 11:05:00+08:00,33.79999923706055,33.79999923706055,33.79999923706055,33.79999923706055,22001,0.0,0.0
2024-04-10 11:10:00+08:00,33.79999923706055,33.79999923706055,33.75,33.75,3217,0.0,0.0
2024-04-10 11:15:00+08:00,33.75,33.75,33.75,33.75,28002,0.0,0.0
2024-04-10 11:20:00+08:00,33.70000076293945,33.70000076293945,33.70000076293945,33.70000076293945,22727,0.0,0.0
2024-04-10 11:25:00+08:00,33.70000076293945,33.70000076293945,33.650001525878906,33.650001525878906,10453,0.0,0.0
2024-04-10 11:30:00+08:00,33.70000076293945,33.70000076293945,33.650001525878906,33.650001525878906,7102,0.0,0.0
2024-04-10 11:35:00+08:00,33.650001525878906,33.650001525878906,33.650001525878906,33.650001525878906,15033,0.0,0.0
2024-04-10 11:40:00+08:00,33.650001525878906,33.650001525878906,33.650001525878906,33.650001525878906,3004,0.0,0.0
2024-04-10 11:50:00+08:00,33.650001525878906,33.650001525878906,33.599998474121094,33.599998474121094,19002,0.0,0.0
2024-04-10 11:55:00+08:00,33.54999923706055,33.54999923706055,33.54999923706055,33.54999923706055,13002,0.0,0.0
2024-04-10 12:00:00+08:00,33.54999923706055,33.650001525878906,33.54999923706055,33.650001525878906,25001,0.0,0.0
2024-04-10 12:05:00+08:00,33.599998474121094,33.599998474121094,33.599998474121094,33.599998474121094,1002,0.0,0.0
2024-04-10 12:10:00+08:00,33.54999923706055,33.599998474121094,33.54999923706055,33.599998474121094,3001,0.0,0.0
2024-04-10 12:15:00+08:00,33.599998474121094,33.599998474121094,33.54999923706055,33.54999923706055,2004,0.0,0.0
2024-04-10 12:20:00+08:00,33.599998474121094,33.599998474121094,33.599998474121094,33.599998474121094,12002,0.0,0.0
2024-04-10 12:25:00+08:00,33.599998474121094,33.599998474121094,33.54999923706055,33.599998474121094,14524,0.0,0.0
2024-04-10 12:30:00+08:00,33.599998474121094,33.599998474121094,33.54999923706055,33.54999923706055,12003,0.0,0.0
2024-04-10 12:40:00+08:00,33.54999923706055,33.54999923706055,33.5,33.54999923706055,19008,0.0,0.0
2024-04-10 12:45:00+08:00,33.54999923706055,33.54999923706055,33.54999923706055,33.54999923706055,1001,0.0,0.0
2024-04-10 12:50:00+08:00,33.54999923706055,33.54999923706055,33.5,33.5,15006,0.0,0.0
2024-04-10 12:55:00+08:00,33.54999923706055,33.54999923706055,33.54999923706055,33.54999923706055,7001,0.0,0.0
2024-04-10 13:00:00+08:00,33.54999923706055,33.599998474121094,33.54999923706055,33.54999923706055,12004,0.0,0.0
2024-04-10 13:05:00+08:00,33.54999923706055,33.54999923706055,33.54999923706055,33.54999923706055,4002,0.0,0.0
2024-04-10 13:10:00+08:00,33.54999923706055,33.54999923706055,33.54999923706055,33.54999923706055,6000,0.0,0.0
2024-04-10 13:15:00+08:00,33.54999923706055,33.599998474121094,33.54999923706055,33.54999923706055,25302,0.0,0.0
2024-04-10 13:20:00+08:00,33.54999923706055,33.599998474121094,33.54999923706055,33.54999923706055,20164,0.0,0.0
2024-04-11 09:00:00+08:00,33.45000076293945,33.45000076293945,32.70000076293945,32.75,0,0.0,0.0
2024-04-11 09:05:00+08:00,32.75,32.79999923706055,32.650001525878906,32.75,80664,0.0,0.0
2024-04-11 09:10:00+08:00,32.79999923706055,32.849998474121094,32.70000076293945,32.70000076293945,134850,0.0,0.0
2024-04-11 09:15:00+08:00,32.70000076293945,32.75,32.70000076293945,32.75,32097,0.0,0.0
2024-04-11 09:20:00+08:00,32.75,32.75,32.70000076293945,32.70000076293945,63310,0.0,0.0
2024-04-11 09:25:00+08:00,32.650001525878906,32.70000076293945,32.650001525878906,32.70000076293945,74823,0.0,0.0
2024-04-11 09:30:00+08:00,32.70000076293945,32.70000076293945,32.54999923706055,32.54999923706055,101670,0.0,0.0
2024-04-11 09:35:00+08:00,32.54999923706055,32.599998474121094,32.54999923706055,32.599998474121094,38006,0.0,0.0
2024-04-11 09:40:00+08:00,32.650001525878906,32.650001525878906,32.599998474121094,32.599998474121094,10306,0.0,0.0
2024-04-11 09:45:00+08:00,32.650001525878906,32.70000076293945,32.650001525878906,32.650001525878906,21005,0.0,0.0
2024-04-11 09:50:00+08:00,32.650001525878906,32.70000076293945,32.650001525878906,32.70000076293945,22004,0.0,0.0
2024-04-11 09:55:00+08:00,32.70000076293945,32.75,32.70000076293945,32.70000076293945,13002,0.0,0.0
2024-04-11 10:00:00+08:00,32.75,32.79999923706055,32.75,32.75,9353,0.0,0.0
2024-04-11 10:05:00+08:00,32.75,32.75,32.75,32.75,9001,0.0,0.0
2024-04-11 10:10:00+08:00,32.75,32.79999923706055,32.75,32.79999923706055,12152,0.0,0.0
2024-04-11 10:15:00+08:00,32.79999923706055,32.79999923706055,32.75,32.75,27003,0.0,0.0
2024-04-11 10:20:00+08:00,32.75,32.75,32.75,32.75,9001,0.0,0.0
2024-04-11 10:25:00+08:00,32.75,32.75,32.75,32.75,2208,0.0,0.0
2024-04-11 10:35:00+08:00,32.75,32.75,32.70000076293945,32.70000076293945,47070,0.0,0.0
2024-04-11 10:40:00+08:00,32.70000076293945,32.70000076293945,32.70000076293945,32.70000076293945,8000,0.0,0.0
2024-04-11 10:45:00+08:00,32.75,32.75,32.75,32.75,3270,0.0,0.0
2024-04-11 10:50:00+08:00,32.75,32.75,32.70000076293945,32.70000076293945,3030,0.0,0.0
2024-04-11 10:55:00+08:00,32.75,32.75,32.75,32.75,10045,0.0,0.0
2024-04-11 11:00:00+08:00,32.75,32.75,32.75,32.75,12001,0.0,0.0
2024-04-11 11:05:00+08:00,32.75,32.75,32.70000076293945,32.70000076293945,14001,0.0,0.0
2024-04-11 11:10:00+08:00,32.70000076293945,32.75,32.70000076293945,32.75,12000,0.0,0.0
2024-04-11 11:15:00+08:00,32.75,32.75,32.70000076293945,32.70000076293945,8000,0.0,0.0
2024-04-11 11:20:00+08:00,32.70000076293945,32.75,32.70000076293945,32.75,6002,0.0,0.0
2024-04-11 11:25:00+08:00,32.70000076293945,32.70000076293945,32.70000076293945,32.70000076293945,1553,0.0,0.0
2024-04-11 11:30:00+08:00,32.70000076293945,32.75,32.70000076293945,32.70000076293945,15044,0.0,0.0
2024-04-11 11:35:00+08:00,32.70000076293945,32.70000076293945,32.70000076293945,32.70000076293945,5057,0.0,0.0
2024-04-11 11:40:00+08:00,32.70000076293945,32.70000076293945,32.650001525878906,32.650001525878906,16001,0.0,0.0
2024-04-11 11:45:00+08:00,32.650001525878906,32.70000076293945,32.650001525878906,32.650001525878906,14030,0.0,0.0
2024-04-11 11:50:00+08:00,32.70000076293945,32.70000076293945,32.70000076293945,32.70000076293945,6207,0.0,0.0
2024-04-11 12:00:00+08:00,32.650001525878906,32.650001525878906,32.650001525878906,32.650001525878906,2000,0.0,0.0
2024-04-11 12:05:00+08:00,32.70000076293945,32.70000076293945,32.650001525878906,32.650001525878906,6500,0.0,0.0
2024-04-11 12:10:00+08:00,32.650001525878906,32.70000076293945,32.650001525878906,32.70000076293945,5000,0.0,0.0
2024-04-11 12:15:00+08:00,32.70000076293945,32.70000076293945,32.70000076293945,32.70000076293945,5000,0.0,0.0
2024-04-11 12:20:00+08:00,32.70000076293945,32.70000076293945,32.70000076293945,32.70000076293945,6000,0.0,0.0
2024-04-11 12:25:00+08:00,32.75,32.75,32.650001525878906,32.70000076293945,23000,0.0,0.0
2024-04-11 12:30:00+08:00,32.70000076293945,32.70000076293945,32.650001525878906,32.70000076293945,4350,0.0,0.0
2024-04-11 12:35:00+08:00,32.650001525878906,32.70000076293945,32.650001525878906,32.70000076293945,3050,0.0,0.0
2024-04-11 12:40:00+08:00,32.70000076293945,32.70000076293945,32.70000076293945,32.70000076293945,13091,0.0,0.0
2024-04-11 12:45:00+08:00,32.70000076293945,32.70000076293945,32.599998474121094,32.599998474121094,93009,0.0,0.0
2024-04-11 12:50:00+08:00,32.599998474121094,32.650001525878906,32.599998474121094,32.650001525878906,40306,0.0,0.0
2024-04-11 12:55:00+08:00,32.650001525878906,32.650001525878906,32.599998474121094,32.599998474121094,55530,0.0,0.0
2024-04-11 13:00:00+08:00,32.599998474121094,32.75,32.599998474121094,32.70000076293945,36057,0.0,0.0
2024-04-11 13:05:00+08:00,32.70000076293945,32.70000076293945,32.650001525878906,32.70000076293945,3060,0.0,0.0
2024-04-11 13:10:00+08:00,32.70000076293945,32.70000076293945,32.70000076293945,32.70000076293945,8103,0.0,0.0
2024-04-11 13:15:00+08:00,32.650001525878906,32.70000076293945,32.650001525878906,32.70000076293945,27630,0.0,0.0
2024-04-11 13:20:00+08:00,32.70000076293945,32.70000076293945,32.599998474121094,32.650001525878906,29083,0.0,0.0
2024-04-11 09:00:00+08:00,33.45000076293945,33.45000076293945,32.70000076293945,32.75,0,0.0,0.0
2024-04-11 09:05:00+08:00,32.75,32.79999923706055,32.650001525878906,32.75,80664,0.0,0.0
2024-04-11 09:10:00+08:00,32.79999923706055,32.849998474121094,32.70000076293945,32.70000076293945,134850,0.0,0.0
2024-04-11 09:15:00+08:00,32.70000076293945,32.75,32.70000076293945,32.75,32097,0.0,0.0
2024-04-11 09:20:00+08:00,32.75,32.75,32.70000076293945,32.70000076293945,63310,0.0,0.0
2024-04-11 09:25:00+08:00,32.650001525878906,32.70000076293945,32.650001525878906,32.70000076293945,74823,0.0,0.0
2024-04-11 09:30:00+08:00,32.70000076293945,32.70000076293945,32.54999923706055,32.54999923706055,101670,0.0,0.0
2024-04-11 09:35:00+08:00,32.54999923706055,32.599998474121094,32.54999923706055,32.599998474121094,38006,0.0,0.0
2024-04-11 09:40:00+08:00,32.650001525878906,32.650001525878906,32.599998474121094,32.599998474121094,10306,0.0,0.0
2024-04-11 09:45:00+08:00,32.650001525878906,32.70000076293945,32.650001525878906,32.650001525878906,21005,0.0,0.0
2024-04-11 09:50:00+08:00,32.650001525878906,32.70000076293945,32.650001525878906,32.70000076293945,22004,0.0,0.0
2024-04-11 09:55:00+08:00,32.70000076293945,32.75,32.70000076293945,32.70000076293945,13002,0.0,0.0
2024-04-11 10:00:00+08:00,32.75,32.79999923706055,32.75,32.75,9353,0.0,0.0
2024-04-11 10:05:00+08:00,32.75,32.75,32.75,32.75,9001,0.0,0.0
2024-04-11 10:10:00+08:00,32.75,32.79999923706055,32.75,32.79999923706055,12152,0.0,0.0
2024-04-11 10:15:00+08:00,32.79999923706055,32.79999923706055,32.75,32.75,27003,0.0,0.0
2024-04-11 10:20:00+08:00,32.75,32.75,32.75,32.75,9001,0.0,0.0
2024-04-11 10:25:00+08:00,32.75,32.75,32.75,32.75,2208,0.0,0.0
2024-04-11 10:35:00+08:00,32.75,32.75,32.70000076293945,32.70000076293945,47070,0.0,0.0
2024-04-11 10:40:00+08:00,32.70000076293945,32.70000076293945,32.70000076293945,32.70000076293945,8000,0.0,0.0
2024-04-11 10:45:00+08:00,32.75,32.75,32.75,32.75,3270,0.0,0.0
2024-04-11 10:50:00+08:00,32.75,32.75,32.70000076293945,32.70000076293945,3030,0.0,0.0
2024-04-11 10:55:00+08:00,32.75,32.75,32.75,32.75,10045,0.0,0.0
2024-04-11 11:00:00+08:00,32.75,32.75,32.75,32.75,12001,0.0,0.0
2024-04-11 11:05:00+08:00,32.75,32.75,32.70000076293945,32.70000076293945,14001,0.0,0.0
2024-04-11 11:10:00+08:00,32.70000076293945,32.75,32.70000076293945,32.75,12000,0.0,0.0
2024-04-11 11:15:00+08:00,32.75,32.75,32.70000076293945,32.70000076293945,8000,0.0,0.0
2024-04-11 11:20:00+08:00,32.70000076293945,32.75,32.70000076293945,32.75,6002,0.0,0.0
2024-04-11 11:25:00+08:00,32.70000076293945,32.70000076293945,32.70000076293945,32.70000076293945,1553,0.0,0.0
2024-04-11 11:30:00+08:00,32.70000076293945,32.75,32.70000076293945,32.70000076293945,15044,0.0,0.0
2024-04-11 11:35:00+08:00,32.70000076293945,32.70000076293945,32.70000076293945,32.70000076293945,5057,0.0,0.0
2024-04-11 11:40:00+08:00,32.70000076293945,32.70000076293945,32.650001525878906,32.650001525878906,16001,0.0,0.0
2024-04-11 11:45:00+08:00,32.650001525878906,32.70000076293945,32.650001525878906,32.650001525878906,14030,0.0,0.0
2024-04-11 11:50:00+08:00,32.70000076293945,32.70000076293945,32.70000076293945,32.70000076293945,6207,0.0,0.0
2024-04-11 12:00:00+08:00,32.650001525878906,32.650001525878906,32.650001525878906,32.650001525878906,2000,0.0,0.0
2024-04-11 12:05:00+08:00,32.70000076293945,32.70000076293945,32.650001525878906,32.650001525878906,6500,0.0,0.0
2024-04-11 12:10:00+08:00,32.650001525878906,32.70000076293945,32.650001525878906,32.70000076293945,5000,0.0,0.0
2024-04-11 12:15:00+08:00,32.70000076293945,32.70000076293945,32.70000076293945,32.70000076293945,5000,0.0,0.0
2024-04-11 12:20:00+08:00,32.70000076293945,32.70000076293945,32.70000076293945,32.70000076293945,6000,0.0,0.0
2024-04-11 12:25:00+08:00,32.75,32.75,32.650001525878906,32.70000076293945,23000,0.0,0.0
2024-04-11 12:30:00+08:00,32.70000076293945,32.70000076293945,32.650001525878906,32.70000076293945,4350,0.0,0.0
2024-04-11 12:35:00+08:00,32.650001525878906,32.70000076293945,32.650001525878906,32.70000076293945,3050,0.0,0.0
2024-04-11 12:40:00+08:00,32.70000076293945,32.70000076293945,32.70000076293945,32.70000076293945,13091,0.0,0.0
2024-04-11 12:45:00+08:00,32.70000076293945,32.70000076293945,32.599998474121094,32.599998474121094,93009,0.0,0.0
2024-04-11 12:50:00+08:00,32.599998474121094,32.650001525878906,32.599998474121094,32.650001525878906,40306,0.0,0.0
2024-04-11 12:55:00+08:00,32.650001525878906,32.650001525878906,32.599998474121094,32.599998474121094,55530,0.0,0.0
2024-04-11 13:00:00+08:00,32.599998474121094,32.75,32.599998474121094,32.70000076293945,36057,0.0,0.0
2024-04-11 13:05:00+08:00,32.70000076293945,32.70000076293945,32.650001525878906,32.70000076293945,3060,0.0,0.0
2024-04-11 13:10:00+08:00,32.70000076293945,32.70000076293945,32.70000076293945,32.70000076293945,8103,0.0,0.0
2024-04-11 13:15:00+08:00,32.650001525878906,32.70000076293945,32.650001525878906,32.70000076293945,27630,0.0,0.0
2024-04-11 13:20:00+08:00,32.70000076293945,32.70000076293945,32.599998474121094,32.650001525878906,29083,0.0,0.0
2024-04-12 09:00:00+08:00,32.650001525878906,32.650001525878906,32.45000076293945,32.5,121000,0.0,0.0
2024-04-12 09:05:00+08:00,32.45000076293945,32.54999923706055,32.45000076293945,32.54999923706055,37000,0.0,0.0
2024-04-12 09:10:00+08:00,32.54999923706055,32.54999923706055,32.45000076293945,32.5,21109,0.0,0.0
2024-04-12 09:15:00+08:00,32.5,32.5,32.349998474121094,32.349998474121094,91707,0.0,0.0
2024-04-12 09:20:00+08:00,32.349998474121094,32.349998474121094,32.20000076293945,32.20000076293945,58724,0.0,0.0
2024-04-12 09:25:00+08:00,32.20000076293945,32.25,32.20000076293945,32.25,15149,0.0,0.0
2024-04-12 09:30:00+08:00,32.25,32.25,32.150001525878906,32.25,105617,0.0,0.0
2024-04-12 09:35:00+08:00,32.25,32.25,32.20000076293945,32.20000076293945,19002,0.0,0.0
2024-04-12 09:40:00+08:00,32.20000076293945,32.25,32.20000076293945,32.25,17000,0.0,0.0
2024-04-12 09:45:00+08:00,32.25,32.25,32.25,32.25,9001,0.0,0.0
2024-04-12 09:50:00+08:00,32.25,32.29999923706055,32.25,32.29999923706055,9042,0.0,0.0
2024-04-12 09:55:00+08:00,32.20000076293945,32.25,32.20000076293945,32.20000076293945,6101,0.0,0.0
2024-04-12 10:00:00+08:00,32.20000076293945,32.29999923706055,32.20000076293945,32.29999923706055,17108,0.0,0.0
2024-04-12 10:05:00+08:00,32.29999923706055,32.29999923706055,32.25,32.25,4001,0.0,0.0
2024-04-12 10:10:00+08:00,32.25,32.29999923706055,32.25,32.29999923706055,2064,0.0,0.0
2024-04-12 10:15:00+08:00,32.29999923706055,32.29999923706055,32.20000076293945,32.20000076293945,13167,0.0,0.0
2024-04-12 10:20:00+08:00,32.20000076293945,32.25,32.150001525878906,32.20000076293945,45168,0.0,0.0
2024-04-12 10:25:00+08:00,32.20000076293945,32.20000076293945,32.20000076293945,32.20000076293945,5000,0.0,0.0
2024-04-12 10:30:00+08:00,32.25,32.25,32.20000076293945,32.20000076293945,4286,0.0,0.0
2024-04-12 10:35:00+08:00,32.25,32.29999923706055,32.25,32.29999923706055,30081,0.0,0.0
2024-04-12 10:40:00+08:00,32.25,32.25,32.25,32.25,1085,0.0,0.0
2024-04-12 10:45:00+08:00,32.29999923706055,32.349998474121094,32.25,32.349998474121094,25253,0.0,0.0
2024-04-12 10:55:00+08:00,32.400001525878906,32.400001525878906,32.29999923706055,32.29999923706055,8001,0.0,0.0
2024-04-12 11:00:00+08:00,32.29999923706055,32.29999923706055,32.29999923706055,32.29999923706055,2001,0.0,0.0
2024-04-12 11:05:00+08:00,32.29999923706055,32.29999923706055,32.29999923706055,32.29999923706055,1001,0.0,0.0
2024-04-12 11:10:00+08:00,32.29999923706055,32.29999923706055,32.29999923706055,32.29999923706055,10120,0.0,0.0
2024-04-12 11:15:00+08:00,32.25,32.29999923706055,32.25,32.29999923706055,22000,0.0,0.0
2024-04-12 11:20:00+08:00,32.29999923706055,32.29999923706055,32.29999923706055,32.29999923706055,5100,0.0,0.0
2024-04-12 11:25:00+08:00,32.25,32.25,32.25,32.25,27001,0.0,0.0
2024-04-12 11:30:00+08:00,32.25,32.25,32.25,32.25,1001,0.0,0.0
2024-04-12 11:35:00+08:00,32.25,32.25,32.25,32.25,2000,0.0,0.0
2024-04-12 11:40:00+08:00,32.25,32.25,32.25,32.25,19001,0.0,0.0
2024-04-12 11:45:00+08:00,32.25,32.29999923706055,32.25,32.29999923706055,9000,0.0,0.0
2024-04-12 11:55:00+08:00,32.25,32.25,32.25,32.25,9360,0.0,0.0
2024-04-12 12:00:00+08:00,32.25,32.25,32.25,32.25,33139,0.0,0.0
2024-04-12 12:05:00+08:00,32.20000076293945,32.20000076293945,32.20000076293945,32.20000076293945,18000,0.0,0.0
2024-04-12 12:10:00+08:00,32.25,32.25,32.20000076293945,32.25,19000,0.0,0.0
2024-04-12 12:15:00+08:00,32.25,32.25,32.25,32.25,5000,0.0,0.0
2024-04-12 12:20:00+08:00,32.25,32.29999923706055,32.20000076293945,32.29999923706055,4035,0.0,0.0
2024-04-12 12:25:00+08:00,32.25,32.29999923706055,32.25,32.29999923706055,21100,0.0,0.0
2024-04-12 12:30:00+08:00,32.25,32.25,32.20000076293945,32.20000076293945,7450,0.0,0.0
2024-04-12 12:35:00+08:00,32.25,32.25,32.25,32.25,4002,0.0,0.0
2024-04-12 12:40:00+08:00,32.25,32.29999923706055,32.25,32.25,8477,0.0,0.0
2024-04-12 12:45:00+08:00,32.25,32.25,32.25,32.25,14309,0.0,0.0
2024-04-12 12:55:00+08:00,32.25,32.25,32.25,32.25,14092,0.0,0.0
2024-04-12 13:00:00+08:00,32.25,32.25,32.25,32.25,15000,0.0,0.0
2024-04-12 13:05:00+08:00,32.20000076293945,32.25,32.20000076293945,32.20000076293945,11250,0.0,0.0
2024-04-12 13:10:00+08:00,32.25,32.25,32.20000076293945,32.20000076293945,15432,0.0,0.0
2024-04-12 13:15:00+08:00,32.20000076293945,32.20000076293945,32.20000076293945,32.20000076293945,49002,0.0,0.0
2024-04-12 13:20:00+08:00,32.20000076293945,32.25,32.20000076293945,32.25,16031,0.0,0.0
2024-04-12 09:00:00+08:00,32.650001525878906,32.650001525878906,32.45000076293945,32.5,0,0.0,0.0
2024-04-12 09:05:00+08:00,32.45000076293945,32.54999923706055,32.45000076293945,32.54999923706055,37000,0.0,0.0
2024-04-12 09:10:00+08:00,32.54999923706055,32.54999923706055,32.45000076293945,32.5,21109,0.0,0.0
2024-04-12 09:15:00+08:00,32.5,32.5,32.349998474121094,32.349998474121094,91707,0.0,0.0
2024-04-12 09:20:00+08:00,32.349998474121094,32.349998474121094,32.20000076293945,32.20000076293945,58724,0.0,0.0
2024-04-12 09:25:00+08:00,32.20000076293945,32.25,32.20000076293945,32.25,15149,0.0,0.0
2024-04-12 09:30:00+08:00,32.25,32.25,32.150001525878906,32.25,105617,0.0,0.0
2024-04-12 09:35:00+08:00,32.25,32.25,32.20000076293945,32.20000076293945,19002,0.0,0.0
2024-04-12 09:40:00+08:00,32.20000076293945,32.25,32.20000076293945,32.25,17000,0.0,0.0
2024-04-12 09:45:00+08:00,32.25,32.25,32.25,32.25,9001,0.0,0.0
2024-04-12 09:50:00+08:00,32.25,32.29999923706055,32.25,32.29999923706055,9042,0.0,0.0
2024-04-12 09:55:00+08:00,32.20000076293945,32.25,32.20000076293945,32.20000076293945,6101,0.0,0.0
2024-04-12 10:00:00+08:00,32.20000076293945,32.29999923706055,32.20000076293945,32.29999923706055,17108,0.0,0.0
2024-04-12 10:05:00+08:00,32.29999923706055,32.29999923706055,32.25,32.25,4001,0.0,0.0
2024-04-12 10:10:00+08:00,32.25,32.29999923706055,32.25,32.29999923706055,2064,0.0,0.0
2024-04-12 10:15:00+08:00,32.29999923706055,32.29999923706055,32.20000076293945,32.20000076293945,13167,0.0,0.0
2024-04-12 10:20:00+08:00,32.20000076293945,32.25,32.150001525878906,32.20000076293945,45168,0.0,0.0
2024-04-12 10:25:00+08:00,32.20000076293945,32.20000076293945,32.20000076293945,32.20000076293945,5000,0.0,0.0
2024-04-12 10:30:00+08:00,32.25,32.25,32.20000076293945,32.20000076293945,4286,0.0,0.0
2024-04-12 10:35:00+08:00,32.25,32.29999923706055,32.25,32.29999923706055,30081,0.0,0.0
2024-04-12 10:40:00+08:00,32.25,32.25,32.25,32.25,1085,0.0,0.0
2024-04-12 10:45:00+08:00,32.29999923706055,32.349998474121094,32.25,32.349998474121094,25253,0.0,0.0
2024-04-12 10:55:00+08:00,32.400001525878906,32.400001525878906,32.29999923706055,32.29999923706055,8001,0.0,0.0
2024-04-12 11:00:00+08:00,32.29999923706055,32.29999923706055,32.29999923706055,32.29999923706055,2001,0.0,0.0
2024-04-12 11:05:00+08:00,32.29999923706055,32.29999923706055,32.29999923706055,32.29999923706055,1001,0.0,0.0
2024-04-12 11:10:00+08:00,32.29999923706055,32.29999923706055,32.29999923706055,32.29999923706055,10120,0.0,0.0
2024-04-12 11:15:00+08:00,32.25,32.29999923706055,32.25,32.29999923706055,22000,0.0,0.0
2024-04-12 11:20:00+08:00,32.29999923706055,32.29999923706055,32.29999923706055,32.29999923706055,5100,0.0,0.0
2024-04-12 11:25:00+08:00,32.25,32.25,32.25,32.25,27001,0.0,0.0
2024-04-12 11:30:00+08:00,32.25,32.25,32.25,32.25,1001,0.0,0.0
2024-04-12 11:35:00+08:00,32.25,32.25,32.25,32.25,2000,0.0,0.0
2024-04-12 11:40:00+08:00,32.25,32.25,32.25,32.25,19001,0.0,0.0
2024-04-12 11:45:00+08:00,32.25,32.29999923706055,32.25,32.29999923706055,9000,0.0,0.0
2024-04-12 11:55:00+08:00,32.25,32.25,32.25,32.25,9360,0.0,0.0
2024-04-12 12:00:00+08:00,32.25,32.25,32.25,32.25,33139,0.0,0.0
2024-04-12 12:05:00+08:00,32.20000076293945,32.20000076293945,32.20000076293945,32.20000076293945,18000,0.0,0.0
2024-04-12 12:10:00+08:00,32.25,32.25,32.20000076293945,32.25,19000,0.0,0.0
2024-04-12 12:15:00+08:00,32.25,32.25,32.25,32.25,5000,0.0,0.0
2024-04-12 12:20:00+08:00,32.25,32.29999923706055,32.20000076293945,32.29999923706055,4035,0.0,0.0
2024-04-12 12:25:00+08:00,32.25,32.29999923706055,32.25,32.29999923706055,21100,0.0,0.0
2024-04-12 12:30:00+08:00,32.25,32.25,32.20000076293945,32.20000076293945,7450,0.0,0.0
2024-04-12 12:35:00+08:00,32.25,32.25,32.25,32.25,4002,0.0,0.0
2024-04-12 12:40:00+08:00,32.25,32.29999923706055,32.25,32.25,8477,0.0,0.0
2024-04-12 12:45:00+08:00,32.25,32.25,32.25,32.25,14309,0.0,0.0
2024-04-12 12:55:00+08:00,32.25,32.25,32.25,32.25,14092,0.0,0.0
2024-04-12 13:00:00+08:00,32.25,32.25,32.25,32.25,15000,0.0,0.0
2024-04-12 13:05:00+08:00,32.20000076293945,32.25,32.20000076293945,32.20000076293945,11250,0.0,0.0
2024-04-12 13:10:00+08:00,32.25,32.25,32.20000076293945,32.20000076293945,15432,0.0,0.0
2024-04-12 13:15:00+08:00,32.20000076293945,32.20000076293945,32.20000076293945,32.20000076293945,49002,0.0,0.0
2024-04-12 13:20:00+08:00,32.20000076293945,32.25,32.20000076293945,32.25,16031,0.0,0.0
2024-04-12 09:00:00+08:00,32.650001525878906,32.650001525878906,32.45000076293945,32.5,0,0.0,0.0
2024-04-12 09:05:00+08:00,32.45000076293945,32.54999923706055,32.45000076293945,32.54999923706055,37000,0.0,0.0
2024-04-12 09:10:00+08:00,32.54999923706055,32.54999923706055,32.45000076293945,32.5,21109,0.0,0.0
2024-04-12 09:15:00+08:00,32.5,32.5,32.349998474121094,32.349998474121094,91707,0.0,0.0
2024-04-12 09:20:00+08:00,32.349998474121094,32.349998474121094,32.20000076293945,32.20000076293945,58724,0.0,0.0
2024-04-12 09:25:00+08:00,32.20000076293945,32.25,32.20000076293945,32.25,15149,0.0,0.0
2024-04-12 09:30:00+08:00,32.25,32.25,32.150001525878906,32.25,105617,0.0,0.0
2024-04-12 09:35:00+08:00,32.25,32.25,32.20000076293945,32.20000076293945,19002,0.0,0.0
2024-04-12 09:40:00+08:00,32.20000076293945,32.25,32.20000076293945,32.25,17000,0.0,0.0
2024-04-12 09:45:00+08:00,32.25,32.25,32.25,32.25,9001,0.0,0.0
2024-04-12 09:50:00+08:00,32.25,32.29999923706055,32.25,32.29999923706055,9042,0.0,0.0
2024-04-12 09:55:00+08:00,32.20000076293945,32.25,32.20000076293945,32.20000076293945,6101,0.0,0.0
2024-04-12 10:00:00+08:00,32.20000076293945,32.29999923706055,32.20000076293945,32.29999923706055,17108,0.0,0.0
2024-04-12 10:05:00+08:00,32.29999923706055,32.29999923706055,32.25,32.25,4001,0.0,0.0
2024-04-12 10:10:00+08:00,32.25,32.29999923706055,32.25,32.29999923706055,2064,0.0,0.0
2024-04-12 10:15:00+08:00,32.29999923706055,32.29999923706055,32.20000076293945,32.20000076293945,13167,0.0,0.0
2024-04-12 10:20:00+08:00,32.20000076293945,32.25,32.150001525878906,32.20000076293945,45168,0.0,0.0
2024-04-12 10:25:00+08:00,32.20000076293945,32.20000076293945,32.20000076293945,32.20000076293945,5000,0.0,0.0
2024-04-12 10:30:00+08:00,32.25,32.25,32.20000076293945,32.20000076293945,4286,0.0,0.0
2024-04-12 10:35:00+08:00,32.25,32.29999923706055,32.25,32.29999923706055,30081,0.0,0.0
2024-04-12 10:40:00+08:00,32.25,32.25,32.25,32.25,1085,0.0,0.0
2024-04-12 10:45:00+08:00,32.29999923706055,32.349998474121094,32.25,32.349998474121094,25253,0.0,0.0
2024-04-12 10:55:00+08:00,32.400001525878906,32.400001525878906,32.29999923706055,32.29999923706055,8001,0.0,0.0
2024-04-12 11:00:00+08:00,32.29999923706055,32.29999923706055,32.29999923706055,32.29999923706055,2001,0.0,0.0
2024-04-12 11:05:00+08:00,32.29999923706055,32.29999923706055,32.29999923706055,32.29999923706055,1001,0.0,0.0
2024-04-12 11:10:00+08:00,32.29999923706055,32.29999923706055,32.29999923706055,32.29999923706055,10120,0.0,0.0
2024-04-12 11:15:00+08:00,32.25,32.29999923706055,32.25,32.29999923706055,22000,0.0,0.0
2024-04-12 11:20:00+08:00,32.29999923706055,32.29999923706055,32.29999923706055,32.29999923706055,5100,0.0,0.0
2024-04-12 11:25:00+08:00,32.25,32.25,32.25,32.25,27001,0.0,0.0
2024-04-12 11:30:00+08:00,32.25,32.25,32.25,32.25,1001,0.0,0.0
2024-04-12 11:35:00+08:00,32.25,32.25,32.25,32.25,2000,0.0,0.0
2024-04-12 11:40:00+08:00,32.25,32.25,32.25,32.25,19001,0.0,0.0
2024-04-12 11:45:00+08:00,32.25,32.29999923706055,32.25,32.29999923706055,9000,0.0,0.0
2024-04-12 11:55:00+08:00,32.25,32.25,32.25,32.25,9360,0.0,0.0
2024-04-12 12:00:00+08:00,32.25,32.25,32.25,32.25,33139,0.0,0.0
2024-04-12 12:05:00+08:00,32.20000076293945,32.20000076293945,32.20000076293945,32.20000076293945,18000,0.0,0.0
2024-04-12 12:10:00+08:00,32.25,32.25,32.20000076293945,32.25,19000,0.0,0.0
2024-04-12 12:15:00+08:00,32.25,32.25,32.25,32.25,5000,0.0,0.0
2024-04-12 12:20:00+08:00,32.25,32.29999923706055,32.20000076293945,32.29999923706055,4035,0.0,0.0
2024-04-12 12:25:00+08:00,32.25,32.29999923706055,32.25,32.29999923706055,21100,0.0,0.0
2024-04-12 12:30:00+08:00,32.25,32.25,32.20000076293945,32.20000076293945,7450,0.0,0.0
2024-04-12 12:35:00+08:00,32.25,32.25,32.25,32.25,4002,0.0,0.0
2024-04-12 12:40:00+08:00,32.25,32.29999923706055,32.25,32.25,8477,0.0,0.0
2024-04-12 12:45:00+08:00,32.25,32.25,32.25,32.25,14309,0.0,0.0
2024-04-12 12:55:00+08:00,32.25,32.25,32.25,32.25,14092,0.0,0.0
2024-04-12 13:00:00+08:00,32.25,32.25,32.25,32.25,15000,0.0,0.0
2024-04-12 13:05:00+08:00,32.20000076293945,32.25,32.20000076293945,32.20000076293945,11250,0.0,0.0
2024-04-12 13:10:00+08:00,32.25,32.25,32.20000076293945,32.20000076293945,15432,0.0,0.0
2024-04-12 13:15:00+08:00,32.20000076293945,32.20000076293945,32.20000076293945,32.20000076293945,49002,0.0,0.0
2024-04-12 13:20:00+08:00,32.20000076293945,32.25,32.20000076293945,32.25,16031,0.0,0.0
2024-04-12 09:00:00+08:00,32.650001525878906,32.650001525878906,32.45000076293945,32.5,0,0.0,0.0
2024-04-12 09:05:00+08:00,32.45000076293945,32.54999923706055,32.45000076293945,32.54999923706055,37000,0.0,0.0
2024-04-12 09:10:00+08:00,32.54999923706055,32.54999923706055,32.45000076293945,32.5,21109,0.0,0.0
2024-04-12 09:15:00+08:00,32.5,32.5,32.349998474121094,32.349998474121094,91707,0.0,0.0
2024-04-12 09:20:00+08:00,32.349998474121094,32.349998474121094,32.20000076293945,32.20000076293945,58724,0.0,0.0
2024-04-12 09:25:00+08:00,32.20000076293945,32.25,32.20000076293945,32.25,15149,0.0,0.0
2024-04-12 09:30:00+08:00,32.25,32.25,32.150001525878906,32.25,105617,0.0,0.0
2024-04-12 09:35:00+08:00,32.25,32.25,32.20000076293945,32.20000076293945,19002,0.0,0.0
2024-04-12 09:40:00+08:00,32.20000076293945,32.25,32.20000076293945,32.25,17000,0.0,0.0
2024-04-12 09:45:00+08:00,32.25,32.25,32.25,32.25,9001,0.0,0.0
2024-04-12 09:50:00+08:00,32.25,32.29999923706055,32.25,32.29999923706055,9042,0.0,0.0
2024-04-12 09:55:00+08:00,32.20000076293945,32.25,32.20000076293945,32.20000076293945,6101,0.0,0.0
2024-04-12 10:00:00+08:00,32.20000076293945,32.29999923706055,32.20000076293945,32.29999923706055,17108,0.0,0.0
2024-04-12 10:05:00+08:00,32.29999923706055,32.29999923706055,32.25,32.25,4001,0.0,0.0
2024-04-12 10:10:00+08:00,32.25,32.29999923706055,32.25,32.29999923706055,2064,0.0,0.0
2024-04-12 10:15:00+08:00,32.29999923706055,32.29999923706055,32.20000076293945,32.20000076293945,13167,0.0,0.0
2024-04-12 10:20:00+08:00,32.20000076293945,32.25,32.150001525878906,32.20000076293945,45168,0.0,0.0
2024-04-12 10:25:00+08:00,32.20000076293945,32.20000076293945,32.20000076293945,32.20000076293945,5000,0.0,0.0
2024-04-12 10:30:00+08:00,32.25,32.25,32.20000076293945,32.20000076293945,4286,0.0,0.0
2024-04-12 10:35:00+08:00,32.25,32.29999923706055,32.25,32.29999923706055,30081,0.0,0.0
2024-04-12 10:40:00+08:00,32.25,32.25,32.25,32.25,1085,0.0,0.0
2024-04-12 10:45:00+08:00,32.29999923706055,32.349998474121094,32.25,32.349998474121094,25253,0.0,0.0
2024-04-12 10:55:00+08:00,32.400001525878906,32.400001525878906,32.29999923706055,32.29999923706055,8001,0.0,0.0
2024-04-12 11:00:00+08:00,32.29999923706055,32.29999923706055,32.29999923706055,32.29999923706055,2001,0.0,0.0
2024-04-12 11:05:00+08:00,32.29999923706055,32.29999923706055,32.29999923706055,32.29999923706055,1001,0.0,0.0
2024-04-12 11:10:00+08:00,32.29999923706055,32.29999923706055,32.29999923706055,32.29999923706055,10120,0.0,0.0
2024-04-12 11:15:00+08:00,32.25,32.29999923706055,32.25,32.29999923706055,22000,0.0,0.0
2024-04-12 11:20:00+08:00,32.29999923706055,32.29999923706055,32.29999923706055,32.29999923706055,5100,0.0,0.0
2024-04-12 11:25:00+08:00,32.25,32.25,32.25,32.25,27001,0.0,0.0
2024-04-12 11:30:00+08:00,32.25,32.25,32.25,32.25,1001,0.0,0.0
2024-04-12 11:35:00+08:00,32.25,32.25,32.25,32.25,2000,0.0,0.0
2024-04-12 11:40:00+08:00,32.25,32.25,32.25,32.25,19001,0.0,0.0
2024-04-12 11:45:00+08:00,32.25,32.29999923706055,32.25,32.29999923706055,9000,0.0,0.0
2024-04-12 11:55:00+08:00,32.25,32.25,32.25,32.25,9360,0.0,0.0
2024-04-12 12:00:00+08:00,32.25,32.25,32.25,32.25,33139,0.0,0.0
2024-04-12 12:05:00+08:00,32.20000076293945,32.20000076293945,32.20000076293945,32.20000076293945,18000,0.0,0.0
2024-04-12 12:10:00+08:00,32.25,32.25,32.20000076293945,32.25,19000,0.0,0.0
2024-04-12 12:15:00+08:00,32.25,32.25,32.25,32.25,5000,0.0,0.0
2024-04-12 12:20:00+08:00,32.25,32.29999923706055,32.20000076293945,32.29999923706055,4035,0.0,0.0
2024-04-12 12:25:00+08:00,32.25,32.29999923706055,32.25,32.29999923706055,21100,0.0,0.0
2024-04-12 12:30:00+08:00,32.25,32.25,32.20000076293945,32.20000076293945,7450,0.0,0.0
2024-04-12 12:35:00+08:00,32.25,32.25,32.25,32.25,4002,0.0,0.0
2024-04-12 12:40:00+08:00,32.25,32.29999923706055,32.25,32.25,8477,0.0,0.0
2024-04-12 12:45:00+08:00,32.25,32.25,32.25,32.25,14309,0.0,0.0
2024-04-12 12:55:00+08:00,32.25,32.25,32.25,32.25,14092,0.0,0.0
2024-04-12 13:00:00+08:00,32.25,32.25,32.25,32.25,15000,0.0,0.0
2024-04-12 13:05:00+08:00,32.20000076293945,32.25,32.20000076293945,32.20000076293945,11250,0.0,0.0
2024-04-12 13:10:00+08:00,32.25,32.25,32.20000076293945,32.20000076293945,15432,0.0,0.0
2024-04-12 13:15:00+08:00,32.20000076293945,32.20000076293945,32.20000076293945,32.20000076293945,49002,0.0,0.0
2024-04-12 13:20:00+08:00,32.20000076293945,32.25,32.20000076293945,32.25,16031,0.0,0.0
2024-04-15 09:00:00+08:00,32.0,32.0,31.600000381469727,31.700000762939453,0,0.0,0.0
2024-04-15 09:05:00+08:00,31.75,31.75,31.600000381469727,31.600000381469727,106800,0.0,0.0
2024-04-15 09:10:00+08:00,31.600000381469727,31.75,31.549999237060547,31.75,76702,0.0,0.0
2024-04-15 09:15:00+08:00,31.799999237060547,31.799999237060547,31.700000762939453,31.799999237060547,24010,0.0,0.0
2024-04-15 09:20:00+08:00,31.799999237060547,31.899999618530277,31.799999237060547,31.850000381469727,19001,0.0,0.0
2024-04-15 09:25:00+08:00,31.950000762939453,32.0,31.899999618530277,32.0,8000,0.0,0.0
2024-04-15 09:30:00+08:00,31.950000762939453,32.0,31.950000762939453,32.0,13000,0.0,0.0
2024-04-15 09:35:00+08:00,32.0,32.099998474121094,32.0,32.099998474121094,7001,0.0,0.0
2024-04-15 09:40:00+08:00,32.04999923706055,32.04999923706055,32.04999923706055,32.04999923706055,6077,0.0,0.0
2024-04-15 09:45:00+08:00,32.0,32.04999923706055,32.0,32.04999923706055,9000,0.0,0.0
2024-04-15 09:50:00+08:00,32.0,32.0,32.0,32.0,2000,0.0,0.0
2024-04-15 09:55:00+08:00,32.0,32.0,32.0,32.0,6000,0.0,0.0
2024-04-15 10:00:00+08:00,32.0,32.04999923706055,32.0,32.04999923706055,6000,0.0,0.0
2024-04-15 10:05:00+08:00,32.04999923706055,32.04999923706055,32.0,32.0,5101,0.0,0.0
2024-04-15 10:15:00+08:00,32.0,32.0,31.950000762939453,31.950000762939453,35140,0.0,0.0
2024-04-15 10:20:00+08:00,31.950000762939453,31.950000762939453,31.950000762939453,31.950000762939453,2000,0.0,0.0
2024-04-15 10:25:00+08:00,31.950000762939453,31.950000762939453,31.899999618530277,31.950000762939453,16007,0.0,0.0
2024-04-15 10:30:00+08:00,31.950000762939453,32.0,31.950000762939453,32.0,4129,0.0,0.0
2024-04-15 10:35:00+08:00,32.0,32.0,32.0,32.0,1002,0.0,0.0
2024-04-15 10:40:00+08:00,32.0,32.04999923706055,32.0,32.04999923706055,21000,0.0,0.0
2024-04-15 10:45:00+08:00,32.04999923706055,32.150001525878906,32.04999923706055,32.04999923706055,26100,0.0,0.0
2024-04-15 10:50:00+08:00,32.04999923706055,32.04999923706055,32.04999923706055,32.04999923706055,1222,0.0,0.0
2024-04-15 10:55:00+08:00,32.099998474121094,32.150001525878906,32.099998474121094,32.150001525878906,10043,0.0,0.0
2024-04-15 11:00:00+08:00,32.150001525878906,32.150001525878906,32.099998474121094,32.099998474121094,12004,0.0,0.0
2024-04-15 11:05:00+08:00,32.0,32.0,32.0,32.0,2000,0.0,0.0
2024-04-15 11:10:00+08:00,32.0,32.0,32.0,32.0,14085,0.0,0.0
2024-04-15 11:20:00+08:00,31.950000762939453,31.950000762939453,31.950000762939453,31.950000762939453,10285,0.0,0.0
2024-04-15 11:25:00+08:00,31.950000762939453,31.950000762939453,31.950000762939453,31.950000762939453,19001,0.0,0.0
2024-04-15 11:30:00+08:00,31.950000762939453,31.950000762939453,31.950000762939453,31.950000762939453,6000,0.0,0.0
2024-04-15 11:35:00+08:00,31.950000762939453,31.950000762939453,31.950000762939453,31.950000762939453,2002,0.0,0.0
2024-04-15 11:40:00+08:00,31.950000762939453,31.950000762939453,31.950000762939453,31.950000762939453,1100,0.0,0.0
2024-04-15 11:45:00+08:00,31.899999618530277,31.899999618530277,31.899999618530277,31.899999618530277,2501,0.0,0.0
2024-04-15 11:50:00+08:00,31.899999618530277,31.899999618530277,31.899999618530277,31.899999618530277,5001,0.0,0.0
2024-04-15 11:55:00+08:00,31.899999618530277,31.899999618530277,31.899999618530277,31.899999618530277,21001,0.0,0.0
2024-04-15 12:00:00+08:00,31.850000381469727,31.899999618530277,31.850000381469727,31.899999618530277,10574,0.0,0.0
2024-04-15 12:05:00+08:00,31.850000381469727,31.850000381469727,31.850000381469727,31.850000381469727,7001,0.0,0.0
2024-04-15 12:10:00+08:00,31.850000381469727,31.850000381469727,31.799999237060547,31.799999237060547,8000,0.0,0.0
2024-04-15 12:15:00+08:00,31.799999237060547,31.799999237060547,31.799999237060547,31.799999237060547,13002,0.0,0.0
2024-04-15 12:20:00+08:00,31.799999237060547,31.799999237060547,31.799999237060547,31.799999237060547,6014,0.0,0.0
2024-04-15 12:25:00+08:00,31.799999237060547,31.799999237060547,31.75,31.75,9567,0.0,0.0
2024-04-15 12:30:00+08:00,31.799999237060547,31.799999237060547,31.799999237060547,31.799999237060547,8062,0.0,0.0
2024-04-15 12:35:00+08:00,31.799999237060547,31.799999237060547,31.799999237060547,31.799999237060547,1000,0.0,0.0
2024-04-15 12:40:00+08:00,31.799999237060547,31.799999237060547,31.799999237060547,31.799999237060547,2101,0.0,0.0
2024-04-15 12:45:00+08:00,31.799999237060547,31.799999237060547,31.700000762939453,31.75,30355,0.0,0.0
2024-04-15 12:50:00+08:00,31.799999237060547,31.799999237060547,31.75,31.75,2004,0.0,0.0
2024-04-15 12:55:00+08:00,31.75,31.75,31.700000762939453,31.700000762939453,15031,0.0,0.0
2024-04-15 13:00:00+08:00,31.700000762939453,31.75,31.700000762939453,31.700000762939453,25095,0.0,0.0
2024-04-15 13:05:00+08:00,31.700000762939453,31.700000762939453,31.700000762939453,31.700000762939453,6946,0.0,0.0
2024-04-15 13:10:00+08:00,31.700000762939453,31.700000762939453,31.649999618530277,31.649999618530277,20106,0.0,0.0
2024-04-15 13:15:00+08:00,31.649999618530277,31.649999618530277,31.649999618530277,31.649999618530277,17001,0.0,0.0
2024-04-15 13:20:00+08:00,31.649999618530277,31.700000762939453,31.649999618530277,31.649999618530277,16005,0.0,0.0
2024-04-15 09:00:00+08:00,32.0,32.0,31.600000381469727,31.700000762939453,0,0.0,0.0
2024-04-15 09:05:00+08:00,31.75,31.75,31.600000381469727,31.600000381469727,106800,0.0,0.0
2024-04-15 09:10:00+08:00,31.600000381469727,31.75,31.549999237060547,31.75,76702,0.0,0.0
2024-04-15 09:15:00+08:00,31.799999237060547,31.799999237060547,31.700000762939453,31.799999237060547,24010,0.0,0.0
2024-04-15 09:20:00+08:00,31.799999237060547,31.899999618530277,31.799999237060547,31.850000381469727,19001,0.0,0.0
2024-04-15 09:25:00+08:00,31.950000762939453,32.0,31.899999618530277,32.0,8000,0.0,0.0
2024-04-15 09:30:00+08:00,31.950000762939453,32.0,31.950000762939453,32.0,13000,0.0,0.0
2024-04-15 09:35:00+08:00,32.0,32.099998474121094,32.0,32.099998474121094,7001,0.0,0.0
2024-04-15 09:40:00+08:00,32.04999923706055,32.04999923706055,32.04999923706055,32.04999923706055,6077,0.0,0.0
2024-04-15 09:45:00+08:00,32.0,32.04999923706055,32.0,32.04999923706055,9000,0.0,0.0
2024-04-15 09:50:00+08:00,32.0,32.0,32.0,32.0,2000,0.0,0.0
2024-04-15 09:55:00+08:00,32.0,32.0,32.0,32.0,6000,0.0,0.0
2024-04-15 10:00:00+08:00,32.0,32.04999923706055,32.0,32.04999923706055,6000,0.0,0.0
2024-04-15 10:05:00+08:00,32.04999923706055,32.04999923706055,32.0,32.0,5101,0.0,0.0
2024-04-15 10:15:00+08:00,32.0,32.0,31.950000762939453,31.950000762939453,35140,0.0,0.0
2024-04-15 10:20:00+08:00,31.950000762939453,31.950000762939453,31.950000762939453,31.950000762939453,2000,0.0,0.0
2024-04-15 10:25:00+08:00,31.950000762939453,31.950000762939453,31.899999618530277,31.950000762939453,16007,0.0,0.0
2024-04-15 10:30:00+08:00,31.950000762939453,32.0,31.950000762939453,32.0,4129,0.0,0.0
2024-04-15 10:35:00+08:00,32.0,32.0,32.0,32.0,1002,0.0,0.0
2024-04-15 10:40:00+08:00,32.0,32.04999923706055,32.0,32.04999923706055,21000,0.0,0.0
2024-04-15 10:45:00+08:00,32.04999923706055,32.150001525878906,32.04999923706055,32.04999923706055,26100,0.0,0.0
2024-04-15 10:50:00+08:00,32.04999923706055,32.04999923706055,32.04999923706055,32.04999923706055,1222,0.0,0.0
2024-04-15 10:55:00+08:00,32.099998474121094,32.150001525878906,32.099998474121094,32.150001525878906,10043,0.0,0.0
2024-04-15 11:00:00+08:00,32.150001525878906,32.150001525878906,32.099998474121094,32.099998474121094,12004,0.0,0.0
2024-04-15 11:05:00+08:00,32.0,32.0,32.0,32.0,2000,0.0,0.0
2024-04-15 11:10:00+08:00,32.0,32.0,32.0,32.0,14085,0.0,0.0
2024-04-15 11:20:00+08:00,31.950000762939453,31.950000762939453,31.950000762939453,31.950000762939453,10285,0.0,0.0
2024-04-15 11:25:00+08:00,31.950000762939453,31.950000762939453,31.950000762939453,31.950000762939453,19001,0.0,0.0
2024-04-15 11:30:00+08:00,31.950000762939453,31.950000762939453,31.950000762939453,31.950000762939453,6000,0.0,0.0
2024-04-15 11:35:00+08:00,31.950000762939453,31.950000762939453,31.950000762939453,31.950000762939453,2002,0.0,0.0
2024-04-15 11:40:00+08:00,31.950000762939453,31.950000762939453,31.950000762939453,31.950000762939453,1100,0.0,0.0
2024-04-15 11:45:00+08:00,31.899999618530277,31.899999618530277,31.899999618530277,31.899999618530277,2501,0.0,0.0
2024-04-15 11:50:00+08:00,31.899999618530277,31.899999618530277,31.899999618530277,31.899999618530277,5001,0.0,0.0
2024-04-15 11:55:00+08:00,31.899999618530277,31.899999618530277,31.899999618530277,31.899999618530277,21001,0.0,0.0
2024-04-15 12:00:00+08:00,31.850000381469727,31.899999618530277,31.850000381469727,31.899999618530277,10574,0.0,0.0
2024-04-15 12:05:00+08:00,31.850000381469727,31.850000381469727,31.850000381469727,31.850000381469727,7001,0.0,0.0
2024-04-15 12:10:00+08:00,31.850000381469727,31.850000381469727,31.799999237060547,31.799999237060547,8000,0.0,0.0
2024-04-15 12:15:00+08:00,31.799999237060547,31.799999237060547,31.799999237060547,31.799999237060547,13002,0.0,0.0
2024-04-15 12:20:00+08:00,31.799999237060547,31.799999237060547,31.799999237060547,31.799999237060547,6014,0.0,0.0
2024-04-15 12:25:00+08:00,31.799999237060547,31.799999237060547,31.75,31.75,9567,0.0,0.0
2024-04-15 12:30:00+08:00,31.799999237060547,31.799999237060547,31.799999237060547,31.799999237060547,8062,0.0,0.0
2024-04-15 12:35:00+08:00,31.799999237060547,31.799999237060547,31.799999237060547,31.799999237060547,1000,0.0,0.0
2024-04-15 12:40:00+08:00,31.799999237060547,31.799999237060547,31.799999237060547,31.799999237060547,2101,0.0,0.0
2024-04-15 12:45:00+08:00,31.799999237060547,31.799999237060547,31.700000762939453,31.75,30355,0.0,0.0
2024-04-15 12:50:00+08:00,31.799999237060547,31.799999237060547,31.75,31.75,2004,0.0,0.0
2024-04-15 12:55:00+08:00,31.75,31.75,31.700000762939453,31.700000762939453,15031,0.0,0.0
2024-04-15 13:00:00+08:00,31.700000762939453,31.75,31.700000762939453,31.700000762939453,25095,0.0,0.0
2024-04-15 13:05:00+08:00,31.700000762939453,31.700000762939453,31.700000762939453,31.700000762939453,6946,0.0,0.0
2024-04-15 13:10:00+08:00,31.700000762939453,31.700000762939453,31.649999618530277,31.649999618530277,20106,0.0,0.0
2024-04-15 13:15:00+08:00,31.649999618530277,31.649999618530277,31.649999618530277,31.649999618530277,17001,0.0,0.0
2024-04-15 13:20:00+08:00,31.649999618530277,31.700000762939453,31.649999618530277,31.649999618530277,16005,0.0,0.0
2024-04-16 09:00:00+08:00,31.5,31.5,31.25,31.25,125000,0.0,0.0
2024-04-16 09:05:00+08:00,31.299999237060547,31.299999237060547,31.149999618530277,31.149999618530277,35000,0.0,0.0
2024-04-16 09:10:00+08:00,31.200000762939453,31.200000762939453,30.899999618530277,31.0,97516,0.0,0.0
2024-04-16 09:15:00+08:00,30.950000762939453,30.950000762939453,30.700000762939453,30.700000762939453,71676,0.0,0.0
2024-04-16 09:20:00+08:00,30.700000762939453,30.75,30.600000381469727,30.75,32212,0.0,0.0
2024-04-16 09:25:00+08:00,30.700000762939453,30.850000381469727,30.700000762939453,30.799999237060547,49001,0.0,0.0
2024-04-16 09:30:00+08:00,30.850000381469727,30.950000762939453,30.850000381469727,30.950000762939453,14000,0.0,0.0
2024-04-16 09:35:00+08:00,31.0,31.0,30.850000381469727,30.850000381469727,49061,0.0,0.0
2024-04-16 09:40:00+08:00,30.899999618530277,31.0,30.899999618530277,31.0,5090,0.0,0.0
2024-04-16 09:45:00+08:00,31.0,31.0,30.899999618530277,30.899999618530277,10120,0.0,0.0
2024-04-16 09:50:00+08:00,30.899999618530277,30.899999618530277,30.850000381469727,30.850000381469727,17000,0.0,0.0
2024-04-16 09:55:00+08:00,30.850000381469727,30.850000381469727,30.850000381469727,30.850000381469727,2021,0.0,0.0
2024-04-16 10:00:00+08:00,30.799999237060547,30.799999237060547,30.799999237060547,30.799999237060547,24001,0.0,0.0
2024-04-16 10:05:00+08:00,30.799999237060547,30.799999237060547,30.799999237060547,30.799999237060547,13541,0.0,0.0
2024-04-16 10:10:00+08:00,30.799999237060547,30.799999237060547,30.799999237060547,30.799999237060547,7163,0.0,0.0
2024-04-16 10:15:00+08:00,30.850000381469727,30.850000381469727,30.75,30.75,22002,0.0,0.0
2024-04-16 10:20:00+08:00,30.799999237060547,30.850000381469727,30.799999237060547,30.850000381469727,5000,0.0,0.0
2024-04-16 10:25:00+08:00,30.799999237060547,30.799999237060547,30.799999237060547,30.799999237060547,4102,0.0,0.0
2024-04-16 10:30:00+08:00,30.799999237060547,30.799999237060547,30.799999237060547,30.799999237060547,16171,0.0,0.0
2024-04-16 10:35:00+08:00,30.799999237060547,30.799999237060547,30.799999237060547,30.799999237060547,3042,0.0,0.0
2024-04-16 10:40:00+08:00,30.799999237060547,30.799999237060547,30.75,30.75,11001,0.0,0.0
2024-04-16 10:45:00+08:00,30.799999237060547,30.850000381469727,30.799999237060547,30.850000381469727,19430,0.0,0.0
2024-04-16 10:55:00+08:00,30.899999618530277,30.899999618530277,30.850000381469727,30.850000381469727,4002,0.0,0.0
2024-04-16 11:00:00+08:00,30.850000381469727,30.850000381469727,30.75,30.799999237060547,26501,0.0,0.0
2024-04-16 11:05:00+08:00,30.799999237060547,30.799999237060547,30.799999237060547,30.799999237060547,1237,0.0,0.0
2024-04-16 11:10:00+08:00,30.799999237060547,30.799999237060547,30.799999237060547,30.799999237060547,8021,0.0,0.0
2024-04-16 11:15:00+08:00,30.799999237060547,30.850000381469727,30.799999237060547,30.799999237060547,0,0.0,0.0
2024-04-16 11:20:00+08:00,30.850000381469727,30.850000381469727,30.799999237060547,30.799999237060547,704913,0.0,0.0
2024-04-16 11:25:00+08:00,30.75,30.799999237060547,30.75,30.799999237060547,5001,0.0,0.0
2024-04-16 11:30:00+08:00,30.75,30.799999237060547,30.75,30.799999237060547,5002,0.0,0.0
2024-04-16 11:35:00+08:00,30.75,30.75,30.75,30.75,24692,0.0,0.0
2024-04-16 11:40:00+08:00,30.700000762939453,30.700000762939453,30.700000762939453,30.700000762939453,11001,0.0,0.0
2024-04-16 11:45:00+08:00,30.700000762939453,30.75,30.700000762939453,30.75,5001,0.0,0.0
2024-04-16 11:50:00+08:00,30.75,30.75,30.75,30.75,2000,0.0,0.0
2024-04-16 11:55:00+08:00,30.75,30.75,30.75,30.75,7000,0.0,0.0
2024-04-16 12:00:00+08:00,30.75,30.75,30.700000762939453,30.700000762939453,57546,0.0,0.0
2024-04-16 12:05:00+08:00,30.700000762939453,30.700000762939453,30.649999618530277,30.649999618530277,10858,0.0,0.0
2024-04-16 12:10:00+08:00,30.649999618530277,30.649999618530277,30.649999618530277,30.649999618530277,2167,0.0,0.0
2024-04-16 12:15:00+08:00,30.649999618530277,30.649999618530277,30.649999618530277,30.649999618530277,4000,0.0,0.0
2024-04-16 12:20:00+08:00,30.649999618530277,30.649999618530277,30.600000381469727,30.649999618530277,80946,0.0,0.0
2024-04-16 12:25:00+08:00,30.649999618530277,30.649999618530277,30.600000381469727,30.600000381469727,17071,0.0,0.0
2024-04-16 12:30:00+08:00,30.600000381469727,30.649999618530277,30.600000381469727,30.649999618530277,7334,0.0,0.0
2024-04-16 12:35:00+08:00,30.600000381469727,30.649999618530277,30.600000381469727,30.600000381469727,7339,0.0,0.0
2024-04-16 12:40:00+08:00,30.649999618530277,30.700000762939453,30.649999618530277,30.649999618530277,7147,0.0,0.0
2024-04-16 12:45:00+08:00,30.700000762939453,30.700000762939453,30.700000762939453,30.700000762939453,2201,0.0,0.0
2024-04-16 12:50:00+08:00,30.700000762939453,30.700000762939453,30.700000762939453,30.700000762939453,6103,0.0,0.0
2024-04-16 12:55:00+08:00,30.649999618530277,30.649999618530277,30.649999618530277,30.649999618530277,2050,0.0,0.0
2024-04-16 13:00:00+08:00,30.649999618530277,30.75,30.649999618530277,30.75,27000,0.0,0.0
2024-04-16 13:05:00+08:00,30.700000762939453,30.700000762939453,30.700000762939453,30.700000762939453,7150,0.0,0.0
2024-04-16 13:10:00+08:00,30.649999618530277,30.700000762939453,30.649999618530277,30.700000762939453,29106,0.0,0.0
2024-04-16 13:15:00+08:00,30.700000762939453,30.700000762939453,30.700000762939453,30.700000762939453,13000,0.0,0.0
2024-04-16 13:20:00+08:00,30.75,30.799999237060547,30.700000762939453,30.700000762939453,23400,0.0,0.0
2024-04-16 09:00:00+08:00,31.5,31.5,31.25,31.25,0,0.0,0.0
2024-04-16 09:05:00+08:00,31.299999237060547,31.299999237060547,31.149999618530277,31.149999618530277,35000,0.0,0.0
2024-04-16 09:10:00+08:00,31.200000762939453,31.200000762939453,30.899999618530277,31.0,97516,0.0,0.0
2024-04-16 09:15:00+08:00,30.950000762939453,30.950000762939453,30.700000762939453,30.700000762939453,71676,0.0,0.0
2024-04-16 09:20:00+08:00,30.700000762939453,30.75,30.600000381469727,30.75,32212,0.0,0.0
2024-04-16 09:25:00+08:00,30.700000762939453,30.850000381469727,30.700000762939453,30.799999237060547,49001,0.0,0.0
2024-04-16 09:30:00+08:00,30.850000381469727,30.950000762939453,30.850000381469727,30.950000762939453,14000,0.0,0.0
2024-04-16 09:35:00+08:00,31.0,31.0,30.850000381469727,30.850000381469727,49061,0.0,0.0
2024-04-16 09:40:00+08:00,30.899999618530277,31.0,30.899999618530277,31.0,5090,0.0,0.0
2024-04-16 09:45:00+08:00,31.0,31.0,30.899999618530277,30.899999618530277,10120,0.0,0.0
2024-04-16 09:50:00+08:00,30.899999618530277,30.899999618530277,30.850000381469727,30.850000381469727,17000,0.0,0.0
2024-04-16 09:55:00+08:00,30.850000381469727,30.850000381469727,30.850000381469727,30.850000381469727,2021,0.0,0.0
2024-04-16 10:00:00+08:00,30.799999237060547,30.799999237060547,30.799999237060547,30.799999237060547,24001,0.0,0.0
2024-04-16 10:05:00+08:00,30.799999237060547,30.799999237060547,30.799999237060547,30.799999237060547,13541,0.0,0.0
2024-04-16 10:10:00+08:00,30.799999237060547,30.799999237060547,30.799999237060547,30.799999237060547,7163,0.0,0.0
2024-04-16 10:15:00+08:00,30.850000381469727,30.850000381469727,30.75,30.75,22002,0.0,0.0
2024-04-16 10:20:00+08:00,30.799999237060547,30.850000381469727,30.799999237060547,30.850000381469727,5000,0.0,0.0
2024-04-16 10:25:00+08:00,30.799999237060547,30.799999237060547,30.799999237060547,30.799999237060547,4102,0.0,0.0
2024-04-16 10:30:00+08:00,30.799999237060547,30.799999237060547,30.799999237060547,30.799999237060547,16171,0.0,0.0
2024-04-16 10:35:00+08:00,30.799999237060547,30.799999237060547,30.799999237060547,30.799999237060547,3042,0.0,0.0
2024-04-16 10:40:00+08:00,30.799999237060547,30.799999237060547,30.75,30.75,11001,0.0,0.0
2024-04-16 10:45:00+08:00,30.799999237060547,30.850000381469727,30.799999237060547,30.850000381469727,19430,0.0,0.0
2024-04-16 10:55:00+08:00,30.899999618530277,30.899999618530277,30.850000381469727,30.850000381469727,4002,0.0,0.0
2024-04-16 11:00:00+08:00,30.850000381469727,30.850000381469727,30.75,30.799999237060547,26501,0.0,0.0
2024-04-16 11:05:00+08:00,30.799999237060547,30.799999237060547,30.799999237060547,30.799999237060547,1237,0.0,0.0
2024-04-16 11:10:00+08:00,30.799999237060547,30.799999237060547,30.799999237060547,30.799999237060547,8021,0.0,0.0
2024-04-16 11:15:00+08:00,30.799999237060547,30.850000381469727,30.799999237060547,30.799999237060547,0,0.0,0.0
2024-04-16 11:20:00+08:00,30.850000381469727,30.850000381469727,30.799999237060547,30.799999237060547,704913,0.0,0.0
2024-04-16 11:25:00+08:00,30.75,30.799999237060547,30.75,30.799999237060547,5001,0.0,0.0
2024-04-16 11:30:00+08:00,30.75,30.799999237060547,30.75,30.799999237060547,5002,0.0,0.0
2024-04-16 11:35:00+08:00,30.75,30.75,30.75,30.75,24692,0.0,0.0
2024-04-16 11:40:00+08:00,30.700000762939453,30.700000762939453,30.700000762939453,30.700000762939453,11001,0.0,0.0
2024-04-16 11:45:00+08:00,30.700000762939453,30.75,30.700000762939453,30.75,5001,0.0,0.0
2024-04-16 11:50:00+08:00,30.75,30.75,30.75,30.75,2000,0.0,0.0
2024-04-16 11:55:00+08:00,30.75,30.75,30.75,30.75,7000,0.0,0.0
2024-04-16 12:00:00+08:00,30.75,30.75,30.700000762939453,30.700000762939453,57546,0.0,0.0
2024-04-16 12:05:00+08:00,30.700000762939453,30.700000762939453,30.649999618530277,30.649999618530277,10858,0.0,0.0
2024-04-16 12:10:00+08:00,30.649999618530277,30.649999618530277,30.649999618530277,30.649999618530277,2167,0.0,0.0
2024-04-16 12:15:00+08:00,30.649999618530277,30.649999618530277,30.649999618530277,30.649999618530277,4000,0.0,0.0
2024-04-16 12:20:00+08:00,30.649999618530277,30.649999618530277,30.600000381469727,30.649999618530277,80946,0.0,0.0
2024-04-16 12:25:00+08:00,30.649999618530277,30.649999618530277,30.600000381469727,30.600000381469727,17071,0.0,0.0
2024-04-16 12:30:00+08:00,30.600000381469727,30.649999618530277,30.600000381469727,30.649999618530277,7334,0.0,0.0
2024-04-16 12:35:00+08:00,30.600000381469727,30.649999618530277,30.600000381469727,30.600000381469727,7339,0.0,0.0
2024-04-16 12:40:00+08:00,30.649999618530277,30.700000762939453,30.649999618530277,30.649999618530277,7147,0.0,0.0
2024-04-16 12:45:00+08:00,30.700000762939453,30.700000762939453,30.700000762939453,30.700000762939453,2201,0.0,0.0
2024-04-16 12:50:00+08:00,30.700000762939453,30.700000762939453,30.700000762939453,30.700000762939453,6103,0.0,0.0
2024-04-16 12:55:00+08:00,30.649999618530277,30.649999618530277,30.649999618530277,30.649999618530277,2050,0.0,0.0
2024-04-16 13:00:00+08:00,30.649999618530277,30.75,30.649999618530277,30.75,27000,0.0,0.0
2024-04-16 13:05:00+08:00,30.700000762939453,30.700000762939453,30.700000762939453,30.700000762939453,7150,0.0,0.0
2024-04-16 13:10:00+08:00,30.649999618530277,30.700000762939453,30.649999618530277,30.700000762939453,29106,0.0,0.0
2024-04-16 13:15:00+08:00,30.700000762939453,30.700000762939453,30.700000762939453,30.700000762939453,13000,0.0,0.0
2024-04-16 13:20:00+08:00,30.75,30.799999237060547,30.700000762939453,30.700000762939453,23400,0.0,0.0
2024-04-17 09:00:00+08:00,30.649999618530277,30.850000381469727,30.649999618530277,30.850000381469727,0,0.0,0.0
2024-04-17 09:05:00+08:00,30.899999618530277,31.0,30.899999618530277,31.0,17000,0.0,0.0
2024-04-17 09:10:00+08:00,30.950000762939453,31.100000381469727,30.950000762939453,31.049999237060547,30201,0.0,0.0
2024-04-17 09:15:00+08:00,31.049999237060547,31.049999237060547,30.950000762939453,31.0,22035,0.0,0.0
2024-04-17 09:20:00+08:00,30.950000762939453,31.049999237060547,30.950000762939453,31.049999237060547,10377,0.0,0.0
2024-04-17 09:25:00+08:00,31.0,31.100000381469727,31.0,31.100000381469727,13093,0.0,0.0
2024-04-17 09:30:00+08:00,31.049999237060547,31.100000381469727,31.049999237060547,31.049999237060547,22010,0.0,0.0
2024-04-17 09:35:00+08:00,31.049999237060547,31.049999237060547,30.950000762939453,30.950000762939453,16500,0.0,0.0
2024-04-17 09:40:00+08:00,30.950000762939453,30.950000762939453,30.950000762939453,30.950000762939453,8200,0.0,0.0
2024-04-17 09:45:00+08:00,31.0,31.100000381469727,30.950000762939453,31.100000381469727,35000,0.0,0.0
2024-04-17 09:55:00+08:00,31.049999237060547,31.049999237060547,30.950000762939453,31.049999237060547,9001,0.0,0.0
2024-04-17 10:00:00+08:00,31.049999237060547,31.100000381469727,31.049999237060547,31.100000381469727,7001,0.0,0.0
2024-04-17 10:05:00+08:00,31.100000381469727,31.100000381469727,31.049999237060547,31.049999237060547,3100,0.0,0.0
2024-04-17 10:10:00+08:00,31.049999237060547,31.149999618530277,31.049999237060547,31.149999618530277,36003,0.0,0.0
2024-04-17 10:15:00+08:00,31.149999618530277,31.149999618530277,31.049999237060547,31.149999618530277,7002,0.0,0.0
2024-04-17 10:20:00+08:00,31.149999618530277,31.149999618530277,31.149999618530277,31.149999618530277,4003,0.0,0.0
2024-04-17 10:25:00+08:00,31.149999618530277,31.149999618530277,31.100000381469727,31.100000381469727,2001,0.0,0.0
2024-04-17 10:30:00+08:00,31.149999618530277,31.149999618530277,31.149999618530277,31.149999618530277,3008,0.0,0.0
2024-04-17 10:35:00+08:00,31.149999618530277,31.149999618530277,31.149999618530277,31.149999618530277,2001,0.0,0.0
2024-04-17 10:40:00+08:00,31.149999618530277,31.200000762939453,31.100000381469727,31.100000381469727,32002,0.0,0.0
2024-04-17 10:45:00+08:00,31.100000381469727,31.100000381469727,31.100000381469727,31.100000381469727,1197,0.0,0.0
2024-04-17 10:50:00+08:00,31.100000381469727,31.100000381469727,31.100000381469727,31.100000381469727,2002,0.0,0.0
2024-04-17 10:55:00+08:00,31.149999618530277,31.149999618530277,31.149999618530277,31.149999618530277,2000,0.0,0.0
2024-04-17 11:00:00+08:00,31.149999618530277,31.149999618530277,31.149999618530277,31.149999618530277,3001,0.0,0.0
2024-04-17 11:05:00+08:00,31.100000381469727,31.149999618530277,31.100000381469727,31.100000381469727,5000,0.0,0.0
2024-04-17 11:10:00+08:00,31.049999237060547,31.049999237060547,31.049999237060547,31.049999237060547,10503,0.0,0.0
2024-04-17 11:15:00+08:00,31.049999237060547,31.149999618530277,31.049999237060547,31.149999618530277,55000,0.0,0.0
2024-04-17 11:20:00+08:00,31.149999618530277,31.149999618530277,31.149999618530277,31.149999618530277,1000,0.0,0.0
2024-04-17 11:30:00+08:00,31.149999618530277,31.149999618530277,31.149999618530277,31.149999618530277,3001,0.0,0.0
2024-04-17 11:35:00+08:00,31.100000381469727,31.100000381469727,31.100000381469727,31.100000381469727,2001,0.0,0.0
2024-04-17 11:45:00+08:00,31.100000381469727,31.100000381469727,31.100000381469727,31.100000381469727,15000,0.0,0.0
2024-04-17 11:50:00+08:00,31.100000381469727,31.149999618530277,31.100000381469727,31.149999618530277,2000,0.0,0.0
2024-04-17 11:55:00+08:00,31.149999618530277,31.149999618530277,31.149999618530277,31.149999618530277,1000,0.0,0.0
2024-04-17 12:05:00+08:00,31.149999618530277,31.149999618530277,31.049999237060547,31.049999237060547,17000,0.0,0.0
2024-04-17 12:10:00+08:00,31.100000381469727,31.100000381469727,31.100000381469727,31.100000381469727,4000,0.0,0.0
2024-04-17 12:15:00+08:00,31.100000381469727,31.100000381469727,31.100000381469727,31.100000381469727,4000,0.0,0.0
2024-04-17 12:20:00+08:00,31.049999237060547,31.049999237060547,31.049999237060547,31.049999237060547,1175,0.0,0.0
2024-04-17 12:25:00+08:00,31.100000381469727,31.100000381469727,31.100000381469727,31.100000381469727,1183,0.0,0.0
2024-04-17 12:30:00+08:00,31.100000381469727,31.100000381469727,31.100000381469727,31.100000381469727,12001,0.0,0.0
2024-04-17 12:35:00+08:00,31.049999237060547,31.049999237060547,31.049999237060547,31.049999237060547,1251,0.0,0.0
2024-04-17 12:40:00+08:00,31.100000381469727,31.100000381469727,31.100000381469727,31.100000381469727,1001,0.0,0.0
2024-04-17 12:50:00+08:00,31.100000381469727,31.100000381469727,31.100000381469727,31.100000381469727,2033,0.0,0.0
2024-04-17 12:55:00+08:00,31.100000381469727,31.100000381469727,31.100000381469727,31.100000381469727,5031,0.0,0.0
2024-04-17 13:00:00+08:00,31.100000381469727,31.100000381469727,31.100000381469727,31.100000381469727,7001,0.0,0.0
2024-04-17 13:05:00+08:00,31.100000381469727,31.100000381469727,31.049999237060547,31.100000381469727,14124,0.0,0.0
2024-04-17 13:10:00+08:00,31.149999618530277,31.149999618530277,31.100000381469727,31.100000381469727,6003,0.0,0.0
2024-04-17 13:15:00+08:00,31.049999237060547,31.100000381469727,31.049999237060547,31.100000381469727,5001,0.0,0.0
2024-04-17 13:20:00+08:00,31.100000381469727,31.149999618530277,31.100000381469727,31.100000381469727,4091,0.0,0.0
2024-04-18 01:00:00+00:00,30.899999618530273,30.899999618530273,30.850000381469727,30.850000381469727,0,0.0,0.0
2024-04-18 01:05:00+00:00,30.850000381469727,30.850000381469727,30.850000381469727,30.850000381469727,6458,0.0,0.0
2024-04-18 01:10:00+00:00,30.850000381469727,31.049999237060547,30.850000381469727,31.049999237060547,10047,0.0,0.0
2024-04-18 01:15:00+00:00,31.0,31.049999237060547,31.0,31.049999237060547,10000,0.0,0.0
2024-04-18 01:20:00+00:00,31.049999237060547,31.149999618530273,31.049999237060547,31.149999618530273,36048,0.0,0.0
2024-04-18 01:25:00+00:00,31.149999618530273,31.149999618530273,31.149999618530273,31.149999618530273,2000,0.0,0.0
2024-04-18 01:30:00+00:00,31.149999618530273,31.149999618530273,31.149999618530273,31.149999618530273,9000,0.0,0.0
2024-04-18 01:35:00+00:00,31.200000762939453,31.200000762939453,31.200000762939453,31.200000762939453,11201,0.0,0.0
2024-04-18 01:40:00+00:00,31.25,31.299999237060547,31.149999618530273,31.149999618530273,34007,0.0,0.0
2024-04-18 01:45:00+00:00,31.149999618530273,31.149999618530273,31.149999618530273,31.149999618530273,1000,0.0,0.0
2024-04-18 01:55:00+00:00,31.200000762939453,31.200000762939453,31.200000762939453,31.200000762939453,4000,0.0,0.0
2024-04-18 02:00:00+00:00,31.200000762939453,31.25,31.200000762939453,31.25,2044,0.0,0.0
2024-04-18 02:05:00+00:00,31.299999237060547,31.350000381469727,31.299999237060547,31.350000381469727,8000,0.0,0.0
2024-04-18 02:10:00+00:00,31.350000381469727,31.350000381469727,31.350000381469727,31.350000381469727,1000,0.0,0.0
2024-04-18 02:15:00+00:00,31.350000381469727,31.350000381469727,31.350000381469727,31.350000381469727,10000,0.0,0.0
2024-04-18 02:25:00+00:00,31.350000381469727,31.350000381469727,31.350000381469727,31.350000381469727,5506,0.0,0.0
2024-04-18 02:35:00+00:00,31.350000381469727,31.350000381469727,31.350000381469727,31.350000381469727,1236,0.0,0.0
2024-04-18 02:40:00+00:00,31.399999618530273,31.399999618530273,31.350000381469727,31.399999618530273,3000,0.0,0.0
2024-04-18 02:45:00+00:00,31.399999618530273,31.399999618530273,31.399999618530273,31.399999618530273,8000,0.0,0.0
2024-04-18 02:50:00+00:00,31.399999618530273,31.399999618530273,31.399999618530273,31.399999618530273,1264,0.0,0.0
2024-04-18 02:55:00+00:00,31.399999618530273,31.399999618530273,31.399999618530273,31.399999618530273,12057,0.0,0.0
2024-04-18 03:00:00+00:00,31.399999618530273,31.399999618530273,31.399999618530273,31.399999618530273,1000,0.0,0.0
2024-04-18 03:05:00+00:00,31.399999618530273,31.399999618530273,31.399999618530273,31.399999618530273,6300,0.0,0.0
2024-04-18 03:10:00+00:00,31.399999618530273,31.399999618530273,31.399999618530273,31.399999618530273,2071,0.0,0.0
2024-04-18 03:15:00+00:00,31.399999618530273,31.399999618530273,31.399999618530273,31.399999618530273,11094,0.0,0.0
2024-04-18 03:20:00+00:00,31.399999618530273,31.399999618530273,31.399999618530273,31.399999618530273,3000,0.0,0.0
2024-04-18 03:25:00+00:00,31.350000381469727,31.350000381469727,31.350000381469727,31.350000381469727,3100,0.0,0.0
2024-04-18 03:30:00+00:00,31.350000381469727,31.350000381469727,31.299999237060547,31.299999237060547,3250,0.0,0.0
2024-04-18 03:35:00+00:00,31.299999237060547,31.299999237060547,31.299999237060547,31.299999237060547,2100,0.0,0.0
2024-04-18 03:40:00+00:00,31.299999237060547,31.299999237060547,31.299999237060547,31.299999237060547,9300,0.0,0.0
2024-04-18 03:45:00+00:00,31.25,31.25,31.200000762939453,31.25,10001,0.0,0.0
2024-04-18 03:50:00+00:00,31.200000762939453,31.200000762939453,31.200000762939453,31.200000762939453,10006,0.0,0.0
2024-04-18 03:55:00+00:00,31.149999618530273,31.149999618530273,31.149999618530273,31.149999618530273,1237,0.0,0.0
2024-04-18 04:00:00+00:00,31.149999618530273,31.149999618530273,31.149999618530273,31.149999618530273,10000,0.0,0.0
2024-04-18 04:05:00+00:00,31.200000762939453,31.25,31.200000762939453,31.25,10000,0.0,0.0
2024-04-18 04:10:00+00:00,31.25,31.25,31.25,31.25,2001,0.0,0.0
2024-04-18 04:15:00+00:00,31.200000762939453,31.25,31.200000762939453,31.25,3000,0.0,0.0
2024-04-18 04:20:00+00:00,31.200000762939453,31.200000762939453,31.149999618530273,31.149999618530273,20140,0.0,0.0
2024-04-18 04:25:00+00:00,31.200000762939453,31.200000762939453,31.200000762939453,31.200000762939453,3039,0.0,0.0
2024-04-18 04:30:00+00:00,31.25,31.25,31.200000762939453,31.200000762939453,7000,0.0,0.0
2024-04-18 04:40:00+00:00,31.200000762939453,31.200000762939453,31.200000762939453,31.200000762939453,1000,0.0,0.0
2024-04-18 04:45:00+00:00,31.200000762939453,31.200000762939453,31.200000762939453,31.200000762939453,3000,0.0,0.0
2024-04-18 04:50:00+00:00,31.200000762939453,31.200000762939453,31.200000762939453,31.200000762939453,3001,0.0,0.0
2024-04-18 04:55:00+00:00,31.200000762939453,31.200000762939453,31.200000762939453,31.200000762939453,7025,0.0,0.0
2024-04-18 05:10:00+00:00,31.25,31.25,31.200000762939453,31.200000762939453,3000,0.0,0.0
2024-04-18 05:15:00+00:00,31.200000762939453,31.200000762939453,31.200000762939453,31.200000762939453,1000,0.0,0.0
2024-04-18 05:20:00+00:00,31.200000762939453,31.25,31.200000762939453,31.200000762939453,6050,0.0,0.0
2024-04-19 01:00:00+00:00,31.049999237060547,31.100000381469727,31.0,31.0,0,0.0,0.0
2024-04-19 01:05:00+00:00,31.100000381469727,31.149999618530273,31.100000381469727,31.149999618530273,8100,0.0,0.0
2024-04-19 01:10:00+00:00,31.149999618530273,31.25,31.149999618530273,31.25,38000,0.0,0.0
2024-04-19 01:15:00+00:00,31.200000762939453,31.200000762939453,31.200000762939453,31.200000762939453,11000,0.0,0.0
2024-04-19 01:20:00+00:00,31.25,31.299999237060547,31.25,31.25,8000,0.0,0.0
2024-04-19 01:25:00+00:00,31.200000762939453,31.299999237060547,31.200000762939453,31.299999237060547,7048,0.0,0.0
2024-04-19 01:30:00+00:00,31.299999237060547,31.350000381469727,31.200000762939453,31.200000762939453,9062,0.0,0.0
2024-04-19 01:35:00+00:00,31.200000762939453,31.200000762939453,31.100000381469727,31.149999618530273,68020,0.0,0.0
2024-04-19 01:40:00+00:00,31.100000381469727,31.100000381469727,31.0,31.0,60000,0.0,0.0
2024-04-19 01:45:00+00:00,30.950000762939453,30.950000762939453,30.950000762939453,30.950000762939453,17099,0.0,0.0
2024-04-19 01:50:00+00:00,30.950000762939453,30.950000762939453,30.899999618530273,30.950000762939453,10081,0.0,0.0
2024-04-19 01:55:00+00:00,30.899999618530273,30.899999618530273,30.899999618530273,30.899999618530273,4350,0.0,0.0
2024-04-19 02:00:00+00:00,30.950000762939453,30.950000762939453,30.899999618530273,30.899999618530273,20427,0.0,0.0
2024-04-19 02:05:00+00:00,30.899999618530273,30.899999618530273,30.899999618530273,30.899999618530273,12000,0.0,0.0
2024-04-19 02:10:00+00:00,30.850000381469727,30.850000381469727,30.799999237060547,30.799999237060547,18525,0.0,0.0
2024-04-19 02:15:00+00:00,30.799999237060547,30.799999237060547,30.700000762939453,30.75,52043,0.0,0.0
2024-04-19 02:20:00+00:00,30.700000762939453,30.700000762939453,30.600000381469727,30.600000381469727,73912,0.0,0.0
2024-04-19 02:25:00+00:00,30.549999237060547,30.549999237060547,30.5,30.549999237060547,15423,0.0,0.0
2024-04-19 02:30:00+00:00,30.549999237060547,30.549999237060547,30.5,30.5,15000,0.0,0.0
2024-04-19 02:35:00+00:00,30.5,30.549999237060547,30.450000762939453,30.450000762939453,45637,0.0,0.0
2024-04-19 02:40:00+00:00,30.450000762939453,30.450000762939453,30.350000381469727,30.350000381469727,24716,0.0,0.0
2024-04-19 02:45:00+00:00,30.299999237060547,30.350000381469727,30.100000381469727,30.100000381469727,36420,0.0,0.0
2024-04-19 02:50:00+00:00,30.200000762939453,30.200000762939453,30.100000381469727,30.200000762939453,41047,0.0,0.0
2024-04-19 02:55:00+00:00,30.200000762939453,30.200000762939453,30.049999237060547,30.049999237060547,38000,0.0,0.0
2024-04-19 03:00:00+00:00,30.049999237060547,30.049999237060547,29.799999237060547,29.899999618530273,136378,0.0,0.0
2024-04-19 03:05:00+00:00,29.850000381469727,30.149999618530273,29.850000381469727,30.149999618530273,15051,0.0,0.0
2024-04-19 03:10:00+00:00,30.200000762939453,30.25,30.100000381469727,30.200000762939453,8136,0.0,0.0
2024-04-19 03:15:00+00:00,30.200000762939453,30.200000762939453,30.200000762939453,30.200000762939453,30351,0.0,0.0
2024-04-19 03:20:00+00:00,30.25,30.25,30.25,30.25,5000,0.0,0.0
2024-04-19 03:25:00+00:00,30.25,30.299999237060547,30.25,30.25,10089,0.0,0.0
2024-04-19 03:30:00+00:00,30.299999237060547,30.399999618530273,30.299999237060547,30.399999618530273,16034,0.0,0.0
2024-04-19 03:35:00+00:00,30.350000381469727,30.399999618530273,30.350000381469727,30.399999618530273,9004,0.0,0.0
2024-04-19 03:40:00+00:00,30.350000381469727,30.350000381469727,30.299999237060547,30.299999237060547,8000,0.0,0.0
2024-04-19 03:45:00+00:00,30.350000381469727,30.399999618530273,30.350000381469727,30.399999618530273,2000,0.0,0.0
2024-04-19 03:50:00+00:00,30.399999618530273,30.5,30.350000381469727,30.5,16000,0.0,0.0
2024-04-19 03:55:00+00:00,30.350000381469727,30.350000381469727,30.350000381469727,30.350000381469727,3084,0.0,0.0
2024-04-19 04:00:00+00:00,30.350000381469727,30.350000381469727,30.350000381469727,30.350000381469727,9516,0.0,0.0
2024-04-19 04:05:00+00:00,30.450000762939453,30.5,30.450000762939453,30.5,2001,0.0,0.0
2024-04-19 04:10:00+00:00,30.450000762939453,30.450000762939453,30.450000762939453,30.450000762939453,3000,0.0,0.0
2024-04-19 04:15:00+00:00,30.399999618530273,30.399999618530273,30.399999618530273,30.399999618530273,2000,0.0,0.0
2024-04-19 04:20:00+00:00,30.450000762939453,30.450000762939453,30.450000762939453,30.450000762939453,3208,0.0,0.0
2024-04-19 04:25:00+00:00,30.450000762939453,30.549999237060547,30.450000762939453,30.549999237060547,8002,0.0,0.0
2024-04-19 04:30:00+00:00,30.549999237060547,30.549999237060547,30.549999237060547,30.549999237060547,13123,0.0,0.0
2024-04-19 04:35:00+00:00,30.549999237060547,30.549999237060547,30.5,30.549999237060547,11126,0.0,0.0
2024-04-19 04:40:00+00:00,30.5,30.5,30.5,30.5,6000,0.0,0.0
2024-04-19 04:45:00+00:00,30.549999237060547,30.600000381469727,30.549999237060547,30.600000381469727,35001,0.0,0.0
2024-04-19 04:50:00+00:00,30.649999618530273,30.649999618530273,30.649999618530273,30.649999618530273,5050,0.0,0.0
2024-04-19 04:55:00+00:00,30.649999618530273,30.75,30.649999618530273,30.75,11000,0.0,0.0
2024-04-19 05:00:00+00:00,30.700000762939453,30.75,30.700000762939453,30.700000762939453,13100,0.0,0.0
2024-04-19 05:05:00+00:00,30.75,30.75,30.700000762939453,30.700000762939453,20000,0.0,0.0
2024-04-19 05:10:00+00:00,30.700000762939453,30.700000762939453,30.649999618530273,30.649999618530273,4000,0.0,0.0
2024-04-19 05:15:00+00:00,30.649999618530273,30.649999618530273,30.600000381469727,30.600000381469727,24000,0.0,0.0
2024-04-19 05:20:00+00:00,30.649999618530273,30.649999618530273,30.600000381469727,30.600000381469727,13006,0.0,0.0
2024-04-22 01:00:00+00:00,30.649999618530273,30.649999618530273,30.5,30.549999237060547,0,0.0,0.0
2024-04-22 01:05:00+00:00,30.5,30.649999618530273,30.5,30.649999618530273,21275,0.0,0.0
2024-04-22 01:10:00+00:00,30.700000762939453,30.75,30.700000762939453,30.75,2025,0.0,0.0
2024-04-22 01:15:00+00:00,30.75,30.75,30.700000762939453,30.700000762939453,12590,0.0,0.0
2024-04-22 01:20:00+00:00,30.700000762939453,30.700000762939453,30.700000762939453,30.700000762939453,5000,0.0,0.0
2024-04-22 01:25:00+00:00,30.700000762939453,30.700000762939453,30.649999618530273,30.700000762939453,9037,0.0,0.0
2024-04-22 01:30:00+00:00,30.700000762939453,30.700000762939453,30.600000381469727,30.600000381469727,16427,0.0,0.0
2024-04-22 01:35:00+00:00,30.600000381469727,30.600000381469727,30.600000381469727,30.600000381469727,1003,0.0,0.0
2024-04-22 01:40:00+00:00,30.600000381469727,30.600000381469727,30.549999237060547,30.549999237060547,5000,0.0,0.0
2024-04-22 01:45:00+00:00,30.549999237060547,30.549999237060547,30.549999237060547,30.549999237060547,3000,0.0,0.0
2024-04-22 01:50:00+00:00,30.549999237060547,30.600000381469727,30.549999237060547,30.600000381469727,9102,0.0,0.0
2024-04-22 01:55:00+00:00,30.549999237060547,30.549999237060547,30.549999237060547,30.549999237060547,1001,0.0,0.0
2024-04-22 02:05:00+00:00,30.600000381469727,30.600000381469727,30.600000381469727,30.600000381469727,2100,0.0,0.0
2024-04-22 02:10:00+00:00,30.600000381469727,30.600000381469727,30.600000381469727,30.600000381469727,8000,0.0,0.0
2024-04-22 02:15:00+00:00,30.600000381469727,30.600000381469727,30.600000381469727,30.600000381469727,4163,0.0,0.0
2024-04-22 02:20:00+00:00,30.600000381469727,30.600000381469727,30.600000381469727,30.600000381469727,2293,0.0,0.0
2024-04-22 02:25:00+00:00,30.549999237060547,30.600000381469727,30.549999237060547,30.549999237060547,21004,0.0,0.0
2024-04-22 02:30:00+00:00,30.549999237060547,30.549999237060547,30.5,30.5,6003,0.0,0.0
2024-04-22 02:35:00+00:00,30.5,30.5,30.450000762939453,30.450000762939453,55006,0.0,0.0
2024-04-22 02:40:00+00:00,30.399999618530273,30.399999618530273,30.399999618530273,30.399999618530273,20451,0.0,0.0
2024-04-22 02:45:00+00:00,30.399999618530273,30.399999618530273,30.350000381469727,30.350000381469727,5011,0.0,0.0
2024-04-22 02:50:00+00:00,30.350000381469727,30.350000381469727,30.350000381469727,30.350000381469727,1000,0.0,0.0
2024-04-22 02:55:00+00:00,30.350000381469727,30.399999618530273,30.350000381469727,30.350000381469727,11000,0.0,0.0
2024-04-22 03:00:00+00:00,30.350000381469727,30.399999618530273,30.350000381469727,30.350000381469727,8040,0.0,0.0
2024-04-22 03:05:00+00:00,30.399999618530273,30.399999618530273,30.350000381469727,30.350000381469727,6155,0.0,0.0
2024-04-22 03:10:00+00:00,30.399999618530273,30.399999618530273,30.399999618530273,30.399999618530273,7296,0.0,0.0
2024-04-22 03:15:00+00:00,30.399999618530273,30.399999618530273,30.399999618530273,30.399999618530273,1051,0.0,0.0
2024-04-22 03:20:00+00:00,30.399999618530273,30.399999618530273,30.399999618530273,30.399999618530273,3000,0.0,0.0
2024-04-22 03:25:00+00:00,30.399999618530273,30.399999618530273,30.399999618530273,30.399999618530273,1000,0.0,0.0
2024-04-22 03:30:00+00:00,30.299999237060547,30.299999237060547,30.299999237060547,30.299999237060547,14000,0.0,0.0
2024-04-22 03:35:00+00:00,30.299999237060547,30.299999237060547,30.299999237060547,30.299999237060547,24007,0.0,0.0
2024-04-22 03:40:00+00:00,30.25,30.25,30.25,30.25,4035,0.0,0.0
2024-04-22 03:45:00+00:00,30.25,30.299999237060547,30.25,30.299999237060547,8100,0.0,0.0
2024-04-22 03:50:00+00:00,30.25,30.25,30.25,30.25,7020,0.0,0.0
2024-04-22 03:55:00+00:00,30.25,30.25,30.25,30.25,11391,0.0,0.0
2024-04-22 04:00:00+00:00,30.25,30.25,30.25,30.25,11000,0.0,0.0
2024-04-22 04:05:00+00:00,30.25,30.25,30.200000762939453,30.200000762939453,26100,0.0,0.0
2024-04-22 04:10:00+00:00,30.299999237060547,30.299999237060547,30.299999237060547,30.299999237060547,5000,0.0,0.0
2024-04-22 04:15:00+00:00,30.299999237060547,30.299999237060547,30.200000762939453,30.200000762939453,9167,0.0,0.0
2024-04-22 04:20:00+00:00,30.200000762939453,30.200000762939453,30.200000762939453,30.200000762939453,5000,0.0,0.0
2024-04-22 04:25:00+00:00,30.350000381469727,30.350000381469727,30.299999237060547,30.350000381469727,12000,0.0,0.0
2024-04-22 04:30:00+00:00,30.350000381469727,30.350000381469727,30.350000381469727,30.350000381469727,12000,0.0,0.0
2024-04-22 04:35:00+00:00,30.299999237060547,30.299999237060547,30.299999237060547,30.299999237060547,2001,0.0,0.0
2024-04-22 04:40:00+00:00,30.350000381469727,30.350000381469727,30.350000381469727,30.350000381469727,5000,0.0,0.0
2024-04-22 04:45:00+00:00,30.350000381469727,30.399999618530273,30.299999237060547,30.399999618530273,6548,0.0,0.0
2024-04-22 04:50:00+00:00,30.399999618530273,30.399999618530273,30.299999237060547,30.299999237060547,13040,0.0,0.0
2024-04-22 05:00:00+00:00,30.350000381469727,30.350000381469727,30.350000381469727,30.350000381469727,1100,0.0,0.0
2024-04-22 05:05:00+00:00,30.399999618530273,30.399999618530273,30.299999237060547,30.299999237060547,10000,0.0,0.0
2024-04-22 05:10:00+00:00,30.299999237060547,30.299999237060547,30.299999237060547,30.299999237060547,1100,0.0,0.0
2024-04-22 05:15:00+00:00,30.299999237060547,30.299999237060547,30.299999237060547,30.299999237060547,6005,0.0,0.0
2024-04-22 05:20:00+00:00,30.25,30.399999618530273,30.25,30.25,22000,0.0,0.0
2024-04-23 01:00:00+00:00,30.5,30.5,30.399999618530273,30.5,0,0.0,0.0
2024-04-23 01:05:00+00:00,30.549999237060547,30.549999237060547,30.5,30.5,12002,0.0,0.0
2024-04-23 01:10:00+00:00,30.5,30.5,30.399999618530273,30.399999618530273,25000,0.0,0.0
2024-04-23 01:15:00+00:00,30.5,30.5,30.5,30.5,2049,0.0,0.0
2024-04-23 01:20:00+00:00,30.450000762939453,30.450000762939453,30.399999618530273,30.399999618530273,10163,0.0,0.0
2024-04-23 01:25:00+00:00,30.350000381469727,30.350000381469727,30.299999237060547,30.299999237060547,10398,0.0,0.0
2024-04-23 01:30:00+00:00,30.350000381469727,30.350000381469727,30.299999237060547,30.299999237060547,4100,0.0,0.0
2024-04-23 01:35:00+00:00,30.299999237060547,30.350000381469727,30.299999237060547,30.299999237060547,10069,0.0,0.0
2024-04-23 01:40:00+00:00,30.299999237060547,30.299999237060547,30.299999237060547,30.299999237060547,7195,0.0,0.0
2024-04-23 01:45:00+00:00,30.299999237060547,30.299999237060547,30.200000762939453,30.200000762939453,40000,0.0,0.0
2024-04-23 01:50:00+00:00,30.200000762939453,30.200000762939453,30.149999618530273,30.200000762939453,13000,0.0,0.0
2024-04-23 01:55:00+00:00,30.149999618530273,30.149999618530273,30.149999618530273,30.149999618530273,6000,0.0,0.0
2024-04-23 02:00:00+00:00,30.149999618530273,30.149999618530273,30.149999618530273,30.149999618530273,1000,0.0,0.0
2024-04-23 02:05:00+00:00,30.149999618530273,30.149999618530273,30.149999618530273,30.149999618530273,2431,0.0,0.0
2024-04-23 02:10:00+00:00,30.149999618530273,30.149999618530273,30.100000381469727,30.149999618530273,16075,0.0,0.0
2024-04-23 02:15:00+00:00,30.149999618530273,30.149999618530273,30.149999618530273,30.149999618530273,4004,0.0,0.0
2024-04-23 02:20:00+00:00,30.200000762939453,30.200000762939453,30.200000762939453,30.200000762939453,18000,0.0,0.0
2024-04-23 02:25:00+00:00,30.200000762939453,30.200000762939453,30.200000762939453,30.200000762939453,8000,0.0,0.0
2024-04-23 02:35:00+00:00,30.200000762939453,30.200000762939453,30.149999618530273,30.149999618530273,20000,0.0,0.0
2024-04-23 02:40:00+00:00,30.149999618530273,30.149999618530273,30.149999618530273,30.149999618530273,1000,0.0,0.0
2024-04-23 02:45:00+00:00,30.200000762939453,30.200000762939453,30.200000762939453,30.200000762939453,1201,0.0,0.0
2024-04-23 02:55:00+00:00,30.200000762939453,30.200000762939453,30.200000762939453,30.200000762939453,1000,0.0,0.0
2024-04-23 03:00:00+00:00,30.200000762939453,30.25,30.200000762939453,30.25,17000,0.0,0.0
2024-04-23 03:05:00+00:00,30.25,30.299999237060547,30.25,30.299999237060547,71073,0.0,0.0
2024-04-23 03:10:00+00:00,30.299999237060547,30.299999237060547,30.299999237060547,30.299999237060547,2051,0.0,0.0
2024-04-23 03:15:00+00:00,30.299999237060547,30.299999237060547,30.25,30.25,3113,0.0,0.0
2024-04-23 03:30:00+00:00,30.25,30.299999237060547,30.25,30.299999237060547,2000,0.0,0.0
2024-04-23 03:35:00+00:00,30.25,30.299999237060547,30.25,30.299999237060547,12000,0.0,0.0
2024-04-23 03:45:00+00:00,30.299999237060547,30.350000381469727,30.299999237060547,30.350000381469727,4000,0.0,0.0
2024-04-23 03:50:00+00:00,30.350000381469727,30.350000381469727,30.350000381469727,30.350000381469727,1043,0.0,0.0
2024-04-23 04:05:00+00:00,30.350000381469727,30.350000381469727,30.350000381469727,30.350000381469727,9000,0.0,0.0
2024-04-23 04:15:00+00:00,30.399999618530273,30.399999618530273,30.399999618530273,30.399999618530273,1000,0.0,0.0
2024-04-23 04:20:00+00:00,30.399999618530273,30.399999618530273,30.399999618530273,30.399999618530273,3000,0.0,0.0
2024-04-23 04:25:00+00:00,30.399999618530273,30.399999618530273,30.399999618530273,30.399999618530273,11000,0.0,0.0
2024-04-23 04:30:00+00:00,30.399999618530273,30.399999618530273,30.399999618530273,30.399999618530273,3000,0.0,0.0
2024-04-23 04:35:00+00:00,30.399999618530273,30.399999618530273,30.399999618530273,30.399999618530273,3000,0.0,0.0
2024-04-23 04:40:00+00:00,30.399999618530273,30.399999618530273,30.399999618530273,30.399999618530273,3109,0.0,0.0
2024-04-23 04:50:00+00:00,30.399999618530273,30.399999618530273,30.399999618530273,30.399999618530273,2198,0.0,0.0
2024-04-23 04:55:00+00:00,30.399999618530273,30.399999618530273,30.399999618530273,30.399999618530273,2188,0.0,0.0
2024-04-23 05:00:00+00:00,30.399999618530273,30.450000762939453,30.399999618530273,30.450000762939453,6012,0.0,0.0
2024-04-23 05:05:00+00:00,30.450000762939453,30.450000762939453,30.450000762939453,30.450000762939453,11100,0.0,0.0
2024-04-23 05:15:00+00:00,30.5,30.5,30.5,30.5,12270,0.0,0.0
2024-04-23 05:20:00+00:00,30.5,30.5,30.450000762939453,30.450000762939453,15030,0.0,0.0
2024-04-24 01:00:00+00:00,30.549999237060547,30.700000762939453,30.549999237060547,30.700000762939453,0,0.0,0.0
2024-04-24 01:05:00+00:00,30.700000762939453,30.75,30.649999618530273,30.649999618530273,33050,0.0,0.0
2024-04-24 01:10:00+00:00,30.700000762939453,30.700000762939453,30.700000762939453,30.700000762939453,2000,0.0,0.0
2024-04-24 01:15:00+00:00,30.700000762939453,30.700000762939453,30.700000762939453,30.700000762939453,1000,0.0,0.0
2024-04-24 01:20:00+00:00,30.75,30.75,30.700000762939453,30.700000762939453,11052,0.0,0.0
2024-04-24 01:25:00+00:00,30.75,30.75,30.75,30.75,2000,0.0,0.0
2024-04-24 01:35:00+00:00,30.700000762939453,30.700000762939453,30.649999618530273,30.700000762939453,22000,0.0,0.0
2024-04-24 01:40:00+00:00,30.700000762939453,30.700000762939453,30.649999618530273,30.649999618530273,3020,0.0,0.0
2024-04-24 01:45:00+00:00,30.700000762939453,30.75,30.700000762939453,30.75,31000,0.0,0.0
2024-04-24 01:50:00+00:00,30.799999237060547,30.850000381469727,30.75,30.850000381469727,10000,0.0,0.0
2024-04-24 01:55:00+00:00,30.799999237060547,30.799999237060547,30.799999237060547,30.799999237060547,15000,0.0,0.0
2024-04-24 02:00:00+00:00,30.799999237060547,30.799999237060547,30.75,30.75,4000,0.0,0.0
2024-04-24 02:05:00+00:00,30.75,30.75,30.75,30.75,4000,0.0,0.0
2024-04-24 02:10:00+00:00,30.75,30.75,30.700000762939453,30.700000762939453,5000,0.0,0.0
2024-04-24 02:15:00+00:00,30.700000762939453,30.700000762939453,30.700000762939453,30.700000762939453,1001,0.0,0.0
2024-04-24 02:20:00+00:00,30.700000762939453,30.700000762939453,30.700000762939453,30.700000762939453,1033,0.0,0.0
2024-04-24 02:25:00+00:00,30.700000762939453,30.75,30.700000762939453,30.75,10100,0.0,0.0
2024-04-24 02:30:00+00:00,30.799999237060547,30.799999237060547,30.799999237060547,30.799999237060547,17064,0.0,0.0
2024-04-24 02:35:00+00:00,30.799999237060547,30.799999237060547,30.799999237060547,30.799999237060547,6001,0.0,0.0
2024-04-24 02:40:00+00:00,30.799999237060547,30.799999237060547,30.75,30.75,10000,0.0,0.0
2024-04-24 02:45:00+00:00,30.799999237060547,30.799999237060547,30.75,30.75,7000,0.0,0.0
2024-04-24 02:50:00+00:00,30.799999237060547,30.799999237060547,30.799999237060547,30.799999237060547,3000,0.0,0.0
2024-04-24 02:55:00+00:00,30.850000381469727,30.899999618530273,30.850000381469727,30.899999618530273,31273,0.0,0.0
2024-04-24 03:05:00+00:00,30.899999618530273,30.899999618530273,30.850000381469727,30.850000381469727,2000,0.0,0.0
2024-04-24 03:10:00+00:00,30.850000381469727,30.899999618530273,30.850000381469727,30.850000381469727,5104,0.0,0.0
2024-04-24 03:20:00+00:00,30.850000381469727,30.850000381469727,30.850000381469727,30.850000381469727,10000,0.0,0.0
2024-04-24 03:25:00+00:00,30.850000381469727,30.850000381469727,30.850000381469727,30.850000381469727,4000,0.0,0.0
2024-04-24 03:30:00+00:00,30.850000381469727,30.850000381469727,30.850000381469727,30.850000381469727,2050,0.0,0.0
2024-04-24 03:40:00+00:00,30.899999618530273,30.899999618530273,30.850000381469727,30.850000381469727,25100,0.0,0.0
2024-04-24 03:45:00+00:00,30.850000381469727,30.850000381469727,30.799999237060547,30.799999237060547,6000,0.0,0.0
2024-04-24 03:55:00+00:00,30.850000381469727,30.850000381469727,30.850000381469727,30.850000381469727,6000,0.0,0.0
2024-04-24 04:00:00+00:00,30.799999237060547,30.799999237060547,30.799999237060547,30.799999237060547,1013,0.0,0.0
2024-04-24 04:05:00+00:00,30.799999237060547,30.799999237060547,30.799999237060547,30.799999237060547,1301,0.0,0.0
2024-04-24 04:20:00+00:00,30.799999237060547,30.850000381469727,30.799999237060547,30.850000381469727,7000,0.0,0.0
2024-04-24 04:30:00+00:00,30.850000381469727,30.850000381469727,30.799999237060547,30.799999237060547,5000,0.0,0.0
2024-04-24 04:35:00+00:00,30.850000381469727,30.850000381469727,30.850000381469727,30.850000381469727,1000,0.0,0.0
2024-04-24 04:40:00+00:00,30.899999618530273,30.899999618530273,30.850000381469727,30.850000381469727,5326,0.0,0.0
2024-04-24 04:50:00+00:00,30.899999618530273,30.899999618530273,30.850000381469727,30.850000381469727,6303,0.0,0.0
2024-04-24 04:55:00+00:00,30.850000381469727,30.899999618530273,30.850000381469727,30.899999618530273,2000,0.0,0.0
2024-04-24 05:00:00+00:00,30.899999618530273,30.950000762939453,30.850000381469727,30.950000762939453,9000,0.0,0.0
2024-04-24 05:05:00+00:00,30.950000762939453,30.950000762939453,30.850000381469727,30.850000381469727,2486,0.0,0.0
2024-04-24 05:10:00+00:00,30.950000762939453,30.950000762939453,30.850000381469727,30.899999618530273,8009,0.0,0.0
2024-04-24 05:15:00+00:00,30.899999618530273,30.950000762939453,30.899999618530273,30.950000762939453,3003,0.0,0.0
2024-04-24 05:20:00+00:00,30.950000762939453,31.0,30.850000381469727,30.850000381469727,24000,0.0,0.0
2024-04-25 01:00:00+00:00,30.899999618530273,30.950000762939453,30.899999618530273,30.950000762939453,0,0.0,0.0
2024-04-25 01:05:00+00:00,31.0,31.0,30.950000762939453,31.0,10102,0.0,0.0
2024-04-25 01:10:00+00:00,31.0,31.0,31.0,31.0,2227,0.0,0.0
2024-04-25 01:15:00+00:00,31.049999237060547,31.100000381469727,31.049999237060547,31.100000381469727,10000,0.0,0.0
2024-04-25 01:20:00+00:00,31.149999618530273,31.450000762939453,31.149999618530273,31.399999618530273,66027,0.0,0.0
2024-04-25 01:25:00+00:00,31.399999618530273,31.399999618530273,31.350000381469727,31.350000381469727,25003,0.0,0.0
2024-04-25 01:30:00+00:00,31.350000381469727,31.5,31.350000381469727,31.450000762939453,31322,0.0,0.0
2024-04-25 01:35:00+00:00,31.450000762939453,31.450000762939453,31.399999618530273,31.399999618530273,12003,0.0,0.0
2024-04-25 01:40:00+00:00,31.399999618530273,31.399999618530273,31.350000381469727,31.350000381469727,23020,0.0,0.0
2024-04-25 01:45:00+00:00,31.350000381469727,31.549999237060547,31.299999237060547,31.549999237060547,56321,0.0,0.0
2024-04-25 01:50:00+00:00,31.549999237060547,31.549999237060547,31.5,31.549999237060547,34125,0.0,0.0
2024-04-25 01:55:00+00:00,31.549999237060547,31.549999237060547,31.5,31.5,13192,0.0,0.0
2024-04-25 02:00:00+00:00,31.549999237060547,31.600000381469727,31.549999237060547,31.600000381469727,2000,0.0,0.0
2024-04-25 02:05:00+00:00,31.600000381469727,31.600000381469727,31.5,31.549999237060547,12000,0.0,0.0
2024-04-25 02:10:00+00:00,31.549999237060547,31.549999237060547,31.5,31.5,18000,0.0,0.0
2024-04-25 02:15:00+00:00,31.5,31.5,31.5,31.5,3100,0.0,0.0
2024-04-25 02:20:00+00:00,31.5,31.5,31.5,31.5,2000,0.0,0.0
2024-04-25 02:25:00+00:00,31.5,31.549999237060547,31.5,31.549999237060547,13000,0.0,0.0
2024-04-25 02:30:00+00:00,31.549999237060547,31.649999618530273,31.549999237060547,31.649999618530273,47000,0.0,0.0
2024-04-25 02:35:00+00:00,31.700000762939453,31.700000762939453,31.649999618530273,31.649999618530273,10769,0.0,0.0
2024-04-25 02:40:00+00:00,31.649999618530273,31.649999618530273,31.649999618530273,31.649999618530273,3004,0.0,0.0
2024-04-25 02:45:00+00:00,31.600000381469727,31.600000381469727,31.549999237060547,31.549999237060547,20018,0.0,0.0
2024-04-25 02:50:00+00:00,31.600000381469727,31.649999618530273,31.600000381469727,31.649999618530273,5000,0.0,0.0
2024-04-25 02:55:00+00:00,31.600000381469727,31.600000381469727,31.600000381469727,31.600000381469727,1050,0.0,0.0
2024-04-25 03:00:00+00:00,31.649999618530273,31.649999618530273,31.600000381469727,31.600000381469727,21000,0.0,0.0
2024-04-25 03:05:00+00:00,31.600000381469727,31.600000381469727,31.600000381469727,31.600000381469727,1000,0.0,0.0
2024-04-25 03:10:00+00:00,31.600000381469727,31.600000381469727,31.549999237060547,31.549999237060547,4000,0.0,0.0
2024-04-25 03:15:00+00:00,31.549999237060547,31.549999237060547,31.549999237060547,31.549999237060547,8079,0.0,0.0
2024-04-25 03:25:00+00:00,31.549999237060547,31.549999237060547,31.549999237060547,31.549999237060547,3100,0.0,0.0
2024-04-25 03:30:00+00:00,31.600000381469727,31.600000381469727,31.600000381469727,31.600000381469727,1000,0.0,0.0
2024-04-25 03:35:00+00:00,31.549999237060547,31.549999237060547,31.5,31.5,5000,0.0,0.0
2024-04-25 03:40:00+00:00,31.549999237060547,31.600000381469727,31.549999237060547,31.600000381469727,6000,0.0,0.0
2024-04-25 03:45:00+00:00,31.600000381469727,31.600000381469727,31.549999237060547,31.549999237060547,4000,0.0,0.0
2024-04-25 04:00:00+00:00,31.549999237060547,31.549999237060547,31.5,31.5,20000,0.0,0.0
2024-04-25 04:05:00+00:00,31.5,31.549999237060547,31.5,31.5,10000,0.0,0.0
2024-04-25 04:10:00+00:00,31.5,31.5,31.5,31.5,2000,0.0,0.0
2024-04-25 04:15:00+00:00,31.5,31.5,31.450000762939453,31.450000762939453,19250,0.0,0.0
2024-04-25 04:20:00+00:00,31.450000762939453,31.450000762939453,31.450000762939453,31.450000762939453,1000,0.0,0.0
2024-04-25 04:25:00+00:00,31.450000762939453,31.5,31.450000762939453,31.450000762939453,3448,0.0,0.0
2024-04-25 04:35:00+00:00,31.450000762939453,31.5,31.450000762939453,31.5,2050,0.0,0.0
2024-04-25 04:40:00+00:00,31.450000762939453,31.450000762939453,31.450000762939453,31.450000762939453,1000,0.0,0.0
2024-04-25 04:45:00+00:00,31.5,31.5,31.5,31.5,1000,0.0,0.0
2024-04-25 04:50:00+00:00,31.450000762939453,31.450000762939453,31.399999618530273,31.399999618530273,24003,0.0,0.0
2024-04-25 04:55:00+00:00,31.399999618530273,31.450000762939453,31.399999618530273,31.450000762939453,10000,0.0,0.0
2024-04-25 05:00:00+00:00,31.450000762939453,31.450000762939453,31.450000762939453,31.450000762939453,8100,0.0,0.0
2024-04-25 05:05:00+00:00,31.450000762939453,31.450000762939453,31.450000762939453,31.450000762939453,4000,0.0,0.0
2024-04-25 05:10:00+00:00,31.450000762939453,31.450000762939453,31.450000762939453,31.450000762939453,24000,0.0,0.0
2024-04-25 05:15:00+00:00,31.399999618530273,31.399999618530273,31.399999618530273,31.399999618530273,1200,0.0,0.0
2024-04-25 05:20:00+00:00,31.450000762939453,31.450000762939453,31.450000762939453,31.450000762939453,6050,0.0,0.0
2024-04-26 01:00:00+00:00,31.450000762939453,31.450000762939453,31.200000762939453,31.25,0,0.0,0.0
2024-04-26 01:05:00+00:00,31.350000381469727,31.450000762939453,31.350000381469727,31.450000762939453,4002,0.0,0.0
2024-04-26 01:10:00+00:00,31.450000762939453,31.600000381469727,31.399999618530273,31.600000381469727,32000,0.0,0.0
2024-04-26 01:15:00+00:00,31.5,31.549999237060547,31.5,31.549999237060547,18049,0.0,0.0
2024-04-26 01:20:00+00:00,31.549999237060547,31.600000381469727,31.549999237060547,31.600000381469727,8000,0.0,0.0
2024-04-26 01:25:00+00:00,31.600000381469727,31.600000381469727,31.600000381469727,31.600000381469727,1000,0.0,0.0
2024-04-26 01:30:00+00:00,31.549999237060547,31.600000381469727,31.549999237060547,31.600000381469727,8002,0.0,0.0
2024-04-26 01:35:00+00:00,31.549999237060547,31.549999237060547,31.549999237060547,31.549999237060547,10000,0.0,0.0
2024-04-26 01:40:00+00:00,31.549999237060547,31.549999237060547,31.5,31.5,2000,0.0,0.0
2024-04-26 01:45:00+00:00,31.5,31.549999237060547,31.450000762939453,31.450000762939453,8000,0.0,0.0
2024-04-26 01:50:00+00:00,31.450000762939453,31.450000762939453,31.450000762939453,31.450000762939453,1100,0.0,0.0
2024-04-26 02:00:00+00:00,31.5,31.5,31.5,31.5,4000,0.0,0.0
2024-04-26 02:10:00+00:00,31.549999237060547,31.549999237060547,31.549999237060547,31.549999237060547,2000,0.0,0.0
2024-04-26 02:20:00+00:00,31.5,31.5,31.450000762939453,31.5,20000,0.0,0.0
2024-04-26 02:25:00+00:00,31.5,31.5,31.5,31.5,3050,0.0,0.0
2024-04-26 02:30:00+00:00,31.5,31.5,31.5,31.5,18080,0.0,0.0
2024-04-26 02:35:00+00:00,31.549999237060547,31.600000381469727,31.549999237060547,31.600000381469727,7000,0.0,0.0
2024-04-26 02:40:00+00:00,31.549999237060547,31.549999237060547,31.5,31.5,8000,0.0,0.0
2024-04-26 02:45:00+00:00,31.5,31.5,31.5,31.5,4000,0.0,0.0
2024-04-26 02:55:00+00:00,31.5,31.5,31.450000762939453,31.450000762939453,3000,0.0,0.0
2024-04-26 03:05:00+00:00,31.450000762939453,31.450000762939453,31.450000762939453,31.450000762939453,1000,0.0,0.0
2024-04-26 03:10:00+00:00,31.5,31.5,31.5,31.5,1030,0.0,0.0
2024-04-26 03:20:00+00:00,31.5,31.5,31.5,31.5,1000,0.0,0.0
2024-04-26 03:35:00+00:00,31.5,31.549999237060547,31.5,31.549999237060547,17386,0.0,0.0
2024-04-26 03:50:00+00:00,31.549999237060547,31.549999237060547,31.5,31.5,13000,0.0,0.0
2024-04-26 03:55:00+00:00,31.450000762939453,31.450000762939453,31.450000762939453,31.450000762939453,3002,0.0,0.0
2024-04-26 04:00:00+00:00,31.450000762939453,31.5,31.450000762939453,31.5,2000,0.0,0.0
2024-04-26 04:05:00+00:00,31.5,31.5,31.5,31.5,2088,0.0,0.0
2024-04-26 04:15:00+00:00,31.5,31.5,31.5,31.5,1159,0.0,0.0
2024-04-26 04:25:00+00:00,31.5,31.5,31.5,31.5,3300,0.0,0.0
2024-04-26 04:30:00+00:00,31.450000762939453,31.450000762939453,31.450000762939453,31.450000762939453,3000,0.0,0.0
2024-04-26 04:35:00+00:00,31.5,31.5,31.5,31.5,3000,0.0,0.0
2024-04-26 04:40:00+00:00,31.450000762939453,31.450000762939453,31.450000762939453,31.450000762939453,4000,0.0,0.0
2024-04-26 04:45:00+00:00,31.450000762939453,31.450000762939453,31.450000762939453,31.450000762939453,1001,0.0,0.0
2024-04-26 04:50:00+00:00,31.450000762939453,31.450000762939453,31.450000762939453,31.450000762939453,2000,0.0,0.0
2024-04-26 04:55:00+00:00,31.450000762939453,31.450000762939453,31.450000762939453,31.450000762939453,5421,0.0,0.0
2024-04-26 05:00:00+00:00,31.450000762939453,31.450000762939453,31.450000762939453,31.450000762939453,3000,0.0,0.0
2024-04-26 05:05:00+00:00,31.450000762939453,31.450000762939453,31.399999618530273,31.399999618530273,39000,0.0,0.0
2024-04-26 05:10:00+00:00,31.399999618530273,31.399999618530273,31.399999618530273,31.399999618530273,2001,0.0,0.0
2024-04-26 05:15:00+00:00,31.399999618530273,31.399999618530273,31.399999618530273,31.399999618530273,7000,0.0,0.0
2024-04-26 05:20:00+00:00,31.450000762939453,31.450000762939453,31.399999618530273,31.399999618530273,4001,0.0,0.0
2024-04-29 01:00:00+00:00,31.450000762939453,31.649999618530273,31.450000762939453,31.600000381469727,0,0.0,0.0
2024-04-29 01:05:00+00:00,31.600000381469727,31.600000381469727,31.600000381469727,31.600000381469727,2000,0.0,0.0
2024-04-29 01:10:00+00:00,31.600000381469727,31.649999618530273,31.600000381469727,31.649999618530273,16220,0.0,0.0
2024-04-29 01:15:00+00:00,31.700000762939453,31.700000762939453,31.549999237060547,31.549999237060547,19048,0.0,0.0
2024-04-29 01:20:00+00:00,31.649999618530273,31.700000762939453,31.649999618530273,31.649999618530273,40244,0.0,0.0
2024-04-29 01:25:00+00:00,31.649999618530273,31.649999618530273,31.5,31.600000381469727,16010,0.0,0.0
2024-04-29 01:30:00+00:00,31.600000381469727,31.600000381469727,31.549999237060547,31.549999237060547,2007,0.0,0.0
2024-04-29 01:35:00+00:00,31.549999237060547,31.649999618530273,31.5,31.649999618530273,13030,0.0,0.0
2024-04-29 01:45:00+00:00,31.600000381469727,31.600000381469727,31.549999237060547,31.600000381469727,7810,0.0,0.0
2024-04-29 02:05:00+00:00,31.600000381469727,31.600000381469727,31.549999237060547,31.549999237060547,4001,0.0,0.0
2024-04-29 02:10:00+00:00,31.549999237060547,31.549999237060547,31.549999237060547,31.549999237060547,2000,0.0,0.0
2024-04-29 02:15:00+00:00,31.549999237060547,31.600000381469727,31.549999237060547,31.600000381469727,3500,0.0,0.0
2024-04-29 02:20:00+00:00,31.5,31.5,31.5,31.5,28000,0.0,0.0
2024-04-29 02:25:00+00:00,31.5,31.5,31.5,31.5,1000,0.0,0.0
2024-04-29 02:30:00+00:00,31.5,31.549999237060547,31.5,31.549999237060547,3000,0.0,0.0
2024-04-29 02:35:00+00:00,31.549999237060547,31.549999237060547,31.5,31.5,4043,0.0,0.0
2024-04-29 02:45:00+00:00,31.549999237060547,31.549999237060547,31.549999237060547,31.549999237060547,3000,0.0,0.0
2024-04-29 02:50:00+00:00,31.549999237060547,31.549999237060547,31.549999237060547,31.549999237060547,1000,0.0,0.0
2024-04-29 02:55:00+00:00,31.5,31.5,31.5,31.5,1000,0.0,0.0
2024-04-29 03:00:00+00:00,31.5,31.5,31.5,31.5,1000,0.0,0.0
2024-04-29 03:05:00+00:00,31.5,31.5,31.5,31.5,1000,0.0,0.0
2024-04-29 03:10:00+00:00,31.5,31.5,31.5,31.5,6406,0.0,0.0
2024-04-29 03:15:00+00:00,31.450000762939453,31.5,31.450000762939453,31.5,2000,0.0,0.0
2024-04-29 03:20:00+00:00,31.450000762939453,31.450000762939453,31.450000762939453,31.450000762939453,1650,0.0,0.0
2024-04-29 03:25:00+00:00,31.5,31.5,31.450000762939453,31.450000762939453,2100,0.0,0.0
2024-04-29 03:30:00+00:00,31.5,31.549999237060547,31.5,31.549999237060547,6000,0.0,0.0
2024-04-29 03:45:00+00:00,31.549999237060547,31.549999237060547,31.5,31.5,5100,0.0,0.0
2024-04-29 03:50:00+00:00,31.5,31.5,31.5,31.5,11000,0.0,0.0
2024-04-29 03:55:00+00:00,31.5,31.5,31.5,31.5,3095,0.0,0.0
2024-04-29 04:00:00+00:00,31.5,31.5,31.5,31.5,15012,0.0,0.0
2024-04-29 04:05:00+00:00,31.5,31.5,31.5,31.5,11064,0.0,0.0
2024-04-29 04:10:00+00:00,31.5,31.5,31.5,31.5,2501,0.0,0.0
2024-04-29 04:25:00+00:00,31.5,31.5,31.5,31.5,3000,0.0,0.0
2024-04-29 04:30:00+00:00,31.549999237060547,31.549999237060547,31.5,31.5,4454,0.0,0.0
2024-04-29 04:45:00+00:00,31.5,31.5,31.5,31.5,6030,0.0,0.0
2024-04-29 04:50:00+00:00,31.5,31.549999237060547,31.5,31.549999237060547,3001,0.0,0.0
2024-04-29 04:55:00+00:00,31.5,31.5,31.450000762939453,31.450000762939453,6100,0.0,0.0
2024-04-29 05:00:00+00:00,31.450000762939453,31.5,31.450000762939453,31.5,35001,0.0,0.0
2024-04-29 05:05:00+00:00,31.450000762939453,31.450000762939453,31.450000762939453,31.450000762939453,4014,0.0,0.0
2024-04-29 05:10:00+00:00,31.450000762939453,31.450000762939453,31.450000762939453,31.450000762939453,19006,0.0,0.0
2024-04-29 05:15:00+00:00,31.399999618530273,31.450000762939453,31.399999618530273,31.399999618530273,13001,0.0,0.0
2024-04-29 05:20:00+00:00,31.450000762939453,31.450000762939453,31.399999618530273,31.450000762939453,23003,0.0,0.0
2024-04-30 01:00:00+00:00,31.5,31.5,31.5,31.5,0,0.0,0.0
2024-04-30 01:05:00+00:00,31.5,31.5,31.450000762939453,31.450000762939453,11000,0.0,0.0
2024-04-30 01:10:00+00:00,31.5,31.5,31.5,31.5,12003,0.0,0.0
2024-04-30 01:15:00+00:00,31.549999237060547,31.600000381469727,31.549999237060547,31.600000381469727,4000,0.0,0.0
2024-04-30 01:20:00+00:00,31.600000381469727,31.75,31.549999237060547,31.75,31048,0.0,0.0
2024-04-30 01:25:00+00:00,31.700000762939453,31.700000762939453,31.649999618530273,31.649999618530273,6000,0.0,0.0
2024-04-30 01:30:00+00:00,31.649999618530273,31.649999618530273,31.600000381469727,31.600000381469727,5200,0.0,0.0
2024-04-30 01:35:00+00:00,31.600000381469727,31.600000381469727,31.549999237060547,31.549999237060547,2000,0.0,0.0
2024-04-30 01:40:00+00:00,31.549999237060547,31.549999237060547,31.549999237060547,31.549999237060547,4001,0.0,0.0
2024-04-30 01:50:00+00:00,31.549999237060547,31.549999237060547,31.549999237060547,31.549999237060547,3002,0.0,0.0
2024-04-30 01:55:00+00:00,31.549999237060547,31.549999237060547,31.5,31.5,18300,0.0,0.0
2024-04-30 02:05:00+00:00,31.5,31.5,31.5,31.5,5001,0.0,0.0
2024-04-30 02:10:00+00:00,31.5,31.5,31.450000762939453,31.450000762939453,6000,0.0,0.0
2024-04-30 02:20:00+00:00,31.450000762939453,31.450000762939453,31.450000762939453,31.450000762939453,1000,0.0,0.0
2024-04-30 02:25:00+00:00,31.450000762939453,31.450000762939453,31.450000762939453,31.450000762939453,16001,0.0,0.0
2024-04-30 02:30:00+00:00,31.399999618530273,31.450000762939453,31.399999618530273,31.450000762939453,11000,0.0,0.0
2024-04-30 02:35:00+00:00,31.450000762939453,31.450000762939453,31.450000762939453,31.450000762939453,12001,0.0,0.0
2024-04-30 02:50:00+00:00,31.450000762939453,31.450000762939453,31.450000762939453,31.450000762939453,1000,0.0,0.0
2024-04-30 02:55:00+00:00,31.5,31.5,31.5,31.5,2001,0.0,0.0
2024-04-30 03:00:00+00:00,31.5,31.5,31.5,31.5,9000,0.0,0.0
2024-04-30 03:10:00+00:00,31.549999237060547,31.549999237060547,31.549999237060547,31.549999237060547,2001,0.0,0.0
2024-04-30 03:15:00+00:00,31.5,31.5,31.5,31.5,5000,0.0,0.0
2024-04-30 03:20:00+00:00,31.5,31.5,31.5,31.5,8004,0.0,0.0
2024-04-30 03:25:00+00:00,31.5,31.5,31.5,31.5,1000,0.0,0.0
2024-04-30 03:35:00+00:00,31.450000762939453,31.450000762939453,31.450000762939453,31.450000762939453,1000,0.0,0.0
2024-04-30 03:40:00+00:00,31.5,31.5,31.5,31.5,7001,0.0,0.0
2024-04-30 03:45:00+00:00,31.5,31.5,31.5,31.5,4018,0.0,0.0
2024-04-30 03:50:00+00:00,31.5,31.5,31.5,31.5,2000,0.0,0.0
2024-04-30 03:55:00+00:00,31.549999237060547,31.600000381469727,31.549999237060547,31.549999237060547,12101,0.0,0.0
2024-04-30 04:00:00+00:00,31.549999237060547,31.600000381469727,31.549999237060547,31.600000381469727,8000,0.0,0.0
2024-04-30 04:25:00+00:00,31.549999237060547,31.549999237060547,31.5,31.5,11060,0.0,0.0
2024-04-30 04:30:00+00:00,31.5,31.5,31.5,31.5,4000,0.0,0.0
2024-04-30 04:35:00+00:00,31.5,31.5,31.5,31.5,1000,0.0,0.0
2024-04-30 04:40:00+00:00,31.5,31.5,31.5,31.5,3000,0.0,0.0
2024-04-30 04:45:00+00:00,31.5,31.5,31.5,31.5,4057,0.0,0.0
2024-04-30 04:50:00+00:00,31.5,31.5,31.5,31.5,1000,0.0,0.0
2024-04-30 04:55:00+00:00,31.549999237060547,31.549999237060547,31.549999237060547,31.549999237060547,5001,0.0,0.0
2024-04-30 05:00:00+00:00,31.5,31.5,31.5,31.5,3100,0.0,0.0
2024-04-30 05:05:00+00:00,31.549999237060547,31.549999237060547,31.5,31.549999237060547,4000,0.0,0.0
2024-04-30 05:10:00+00:00,31.549999237060547,31.549999237060547,31.450000762939453,31.450000762939453,33205,0.0,0.0
2024-04-30 05:20:00+00:00,31.5,31.549999237060547,31.5,31.5,6244,0.0,0.0
2024-05-02 01:00:00+00:00,32.099998474121094,32.349998474121094,31.899999618530273,31.950000762939453,0,0.0,0.0
2024-05-02 01:05:00+00:00,31.899999618530273,32.0,31.850000381469727,31.950000762939453,63105,0.0,0.0
2024-05-02 01:10:00+00:00,31.950000762939453,32.04999923706055,31.950000762939453,32.0,52010,0.0,0.0
2024-05-02 01:15:00+00:00,32.0,32.29999923706055,32.0,32.150001525878906,81200,0.0,0.0
2024-05-02 01:20:00+00:00,32.150001525878906,32.150001525878906,32.150001525878906,32.150001525878906,27000,0.0,0.0
2024-05-02 01:25:00+00:00,32.150001525878906,32.150001525878906,32.04999923706055,32.04999923706055,44047,0.0,0.0
2024-05-02 01:30:00+00:00,32.04999923706055,32.04999923706055,32.0,32.04999923706055,35115,0.0,0.0
2024-05-02 01:35:00+00:00,32.099998474121094,32.099998474121094,32.099998474121094,32.099998474121094,6000,0.0,0.0
2024-05-02 01:40:00+00:00,32.099998474121094,32.099998474121094,32.099998474121094,32.099998474121094,18140,0.0,0.0
2024-05-02 01:45:00+00:00,32.099998474121094,32.25,32.099998474121094,32.25,39126,0.0,0.0
2024-05-02 01:50:00+00:00,32.20000076293945,32.20000076293945,32.150001525878906,32.150001525878906,25559,0.0,0.0
2024-05-02 01:55:00+00:00,32.150001525878906,32.150001525878906,32.099998474121094,32.150001525878906,9400,0.0,0.0
2024-05-02 02:00:00+00:00,32.099998474121094,32.20000076293945,32.099998474121094,32.20000076293945,7106,0.0,0.0
2024-05-02 02:05:00+00:00,32.150001525878906,32.150001525878906,32.150001525878906,32.150001525878906,6081,0.0,0.0
2024-05-02 02:10:00+00:00,32.099998474121094,32.099998474121094,32.04999923706055,32.04999923706055,34647,0.0,0.0
2024-05-02 02:15:00+00:00,32.04999923706055,32.04999923706055,31.950000762939453,31.950000762939453,50860,0.0,0.0
2024-05-02 02:20:00+00:00,32.0,32.04999923706055,32.0,32.04999923706055,7000,0.0,0.0
2024-05-02 02:25:00+00:00,32.0,32.0,32.0,32.0,2000,0.0,0.0
2024-05-02 02:30:00+00:00,32.0,32.0,32.0,32.0,4000,0.0,0.0
2024-05-02 02:35:00+00:00,32.04999923706055,32.04999923706055,31.899999618530273,31.899999618530273,56000,0.0,0.0
2024-05-02 02:40:00+00:00,31.950000762939453,31.950000762939453,31.950000762939453,31.950000762939453,1000,0.0,0.0
2024-05-02 02:45:00+00:00,32.0,32.0,32.0,32.0,6000,0.0,0.0
2024-05-02 02:50:00+00:00,32.0,32.0,32.0,32.0,6000,0.0,0.0
2024-05-02 02:55:00+00:00,32.0,32.0,32.0,32.0,15000,0.0,0.0
2024-05-02 03:00:00+00:00,32.0,32.0,32.0,32.0,1218,0.0,0.0
2024-05-02 03:05:00+00:00,32.0,32.0,31.950000762939453,31.950000762939453,6001,0.0,0.0
2024-05-02 03:10:00+00:00,31.950000762939453,31.950000762939453,31.950000762939453,31.950000762939453,2000,0.0,0.0
2024-05-02 03:15:00+00:00,31.950000762939453,31.950000762939453,31.950000762939453,31.950000762939453,5000,0.0,0.0
2024-05-02 03:20:00+00:00,31.950000762939453,32.0,31.950000762939453,32.0,7100,0.0,0.0
2024-05-02 03:25:00+00:00,32.0,32.0,32.0,32.0,10000,0.0,0.0
2024-05-02 03:30:00+00:00,32.0,32.0,32.0,32.0,17001,0.0,0.0
2024-05-02 03:40:00+00:00,32.0,32.0,31.950000762939453,31.950000762939453,15000,0.0,0.0
2024-05-02 03:45:00+00:00,32.0,32.0,32.0,32.0,11300,0.0,0.0
2024-05-02 03:50:00+00:00,32.04999923706055,32.04999923706055,32.04999923706055,32.04999923706055,2001,0.0,0.0
2024-05-02 03:55:00+00:00,32.04999923706055,32.04999923706055,32.04999923706055,32.04999923706055,1151,0.0,0.0
2024-05-02 04:00:00+00:00,32.04999923706055,32.04999923706055,32.04999923706055,32.04999923706055,1000,0.0,0.0
2024-05-02 04:05:00+00:00,32.04999923706055,32.04999923706055,32.04999923706055,32.04999923706055,13000,0.0,0.0
2024-05-02 04:10:00+00:00,32.04999923706055,32.04999923706055,32.04999923706055,32.04999923706055,3000,0.0,0.0
2024-05-02 04:15:00+00:00,32.04999923706055,32.04999923706055,32.04999923706055,32.04999923706055,10000,0.0,0.0
2024-05-02 04:20:00+00:00,32.0,32.0,32.0,32.0,2000,0.0,0.0
2024-05-02 04:25:00+00:00,32.0,32.0,32.0,32.0,2000,0.0,0.0
2024-05-02 04:30:00+00:00,32.0,32.0,32.0,32.0,9337,0.0,0.0
2024-05-02 04:35:00+00:00,32.0,32.0,32.0,32.0,2052,0.0,0.0
2024-05-02 04:50:00+00:00,32.04999923706055,32.04999923706055,32.0,32.04999923706055,10004,0.0,0.0
2024-05-02 04:55:00+00:00,32.04999923706055,32.04999923706055,32.04999923706055,32.04999923706055,3002,0.0,0.0
2024-05-02 05:00:00+00:00,32.04999923706055,32.04999923706055,32.04999923706055,32.04999923706055,3004,0.0,0.0
2024-05-02 05:05:00+00:00,32.04999923706055,32.04999923706055,32.0,32.0,12004,0.0,0.0
2024-05-02 05:10:00+00:00,32.0,32.0,32.0,32.0,2000,0.0,0.0
2024-05-02 05:15:00+00:00,32.0,32.04999923706055,32.0,32.04999923706055,9003,0.0,0.0
2024-05-02 05:20:00+00:00,32.04999923706055,32.04999923706055,32.0,32.0,43004,0.0,0.0
2024-05-03 01:00:00+00:00,32.099998474121094,32.099998474121094,32.0,32.0,0,0.0,0.0
2024-05-03 01:05:00+00:00,32.099998474121094,32.099998474121094,32.0,32.0,2001,0.0,0.0
2024-05-03 01:10:00+00:00,32.0,32.04999923706055,32.0,32.04999923706055,5000,0.0,0.0
2024-05-03 01:15:00+00:00,32.0,32.04999923706055,32.0,32.0,9000,0.0,0.0
2024-05-03 01:20:00+00:00,32.0,32.0,32.0,32.0,6119,0.0,0.0
2024-05-03 01:25:00+00:00,32.0,32.04999923706055,32.0,32.0,33001,0.0,0.0
2024-05-03 01:30:00+00:00,32.0,32.0,32.0,32.0,5047,0.0,0.0
2024-05-03 01:35:00+00:00,32.0,32.0,31.950000762939453,31.950000762939453,18002,0.0,0.0
2024-05-03 01:40:00+00:00,31.950000762939453,32.0,31.899999618530273,32.0,5567,0.0,0.0
2024-05-03 01:45:00+00:00,32.0,32.0,32.0,32.0,1005,0.0,0.0
2024-05-03 01:50:00+00:00,31.950000762939453,31.950000762939453,31.950000762939453,31.950000762939453,2001,0.0,0.0
2024-05-03 01:55:00+00:00,31.899999618530273,31.899999618530273,31.899999618530273,31.899999618530273,23000,0.0,0.0
2024-05-03 02:00:00+00:00,31.899999618530273,32.0,31.899999618530273,31.899999618530273,26101,0.0,0.0
2024-05-03 02:05:00+00:00,31.950000762939453,31.950000762939453,31.950000762939453,31.950000762939453,13002,0.0,0.0
2024-05-03 02:10:00+00:00,31.950000762939453,31.950000762939453,31.950000762939453,31.950000762939453,2200,0.0,0.0
2024-05-03 02:15:00+00:00,31.950000762939453,31.950000762939453,31.850000381469727,31.850000381469727,20001,0.0,0.0
2024-05-03 02:20:00+00:00,31.950000762939453,31.950000762939453,31.950000762939453,31.950000762939453,4049,0.0,0.0
2024-05-03 02:25:00+00:00,31.899999618530273,31.899999618530273,31.899999618530273,31.899999618530273,2002,0.0,0.0
2024-05-03 02:30:00+00:00,31.899999618530273,31.899999618530273,31.899999618530273,31.899999618530273,3012,0.0,0.0
2024-05-03 02:35:00+00:00,31.899999618530273,31.950000762939453,31.899999618530273,31.950000762939453,5001,0.0,0.0
2024-05-03 02:40:00+00:00,31.950000762939453,31.950000762939453,31.950000762939453,31.950000762939453,6202,0.0,0.0
2024-05-03 02:50:00+00:00,31.899999618530273,31.899999618530273,31.899999618530273,31.899999618530273,5132,0.0,0.0
2024-05-03 02:55:00+00:00,31.899999618530273,31.899999618530273,31.899999618530273,31.899999618530273,2100,0.0,0.0
2024-05-03 03:00:00+00:00,31.899999618530273,31.899999618530273,31.899999618530273,31.899999618530273,1002,0.0,0.0
2024-05-03 03:05:00+00:00,31.899999618530273,31.950000762939453,31.899999618530273,31.950000762939453,5000,0.0,0.0
2024-05-03 03:10:00+00:00,31.899999618530273,31.899999618530273,31.899999618530273,31.899999618530273,17036,0.0,0.0
2024-05-03 03:15:00+00:00,31.899999618530273,31.899999618530273,31.899999618530273,31.899999618530273,6001,0.0,0.0
2024-05-03 03:20:00+00:00,31.899999618530273,31.899999618530273,31.899999618530273,31.899999618530273,17000,0.0,0.0
2024-05-03 03:25:00+00:00,31.899999618530273,31.899999618530273,31.850000381469727,31.850000381469727,11413,0.0,0.0
2024-05-03 03:30:00+00:00,31.850000381469727,31.850000381469727,31.850000381469727,31.850000381469727,5000,0.0,0.0
2024-05-03 03:40:00+00:00,31.850000381469727,31.850000381469727,31.850000381469727,31.850000381469727,39000,0.0,0.0
2024-05-03 03:45:00+00:00,31.850000381469727,31.850000381469727,31.850000381469727,31.850000381469727,1000,0.0,0.0
2024-05-03 03:50:00+00:00,31.850000381469727,31.850000381469727,31.850000381469727,31.850000381469727,2000,0.0,0.0
2024-05-03 03:55:00+00:00,31.850000381469727,31.850000381469727,31.850000381469727,31.850000381469727,4001,0.0,0.0
2024-05-03 04:00:00+00:00,31.850000381469727,31.850000381469727,31.850000381469727,31.850000381469727,3030,0.0,0.0
2024-05-03 04:05:00+00:00,31.850000381469727,31.850000381469727,31.850000381469727,31.850000381469727,14000,0.0,0.0
2024-05-03 04:10:00+00:00,31.850000381469727,31.850000381469727,31.850000381469727,31.850000381469727,9000,0.0,0.0
2024-05-03 04:15:00+00:00,31.850000381469727,31.850000381469727,31.850000381469727,31.850000381469727,4000,0.0,0.0
2024-05-03 04:20:00+00:00,31.850000381469727,31.850000381469727,31.799999237060547,31.799999237060547,13200,0.0,0.0
2024-05-03 04:25:00+00:00,31.799999237060547,31.799999237060547,31.799999237060547,31.799999237060547,50001,0.0,0.0
2024-05-03 04:30:00+00:00,31.75,31.75,31.75,31.75,30000,0.0,0.0
2024-05-03 04:35:00+00:00,31.75,31.75,31.75,31.75,2000,0.0,0.0
2024-05-03 04:40:00+00:00,31.75,31.799999237060547,31.75,31.799999237060547,16099,0.0,0.0
2024-05-03 04:50:00+00:00,31.850000381469727,31.850000381469727,31.850000381469727,31.850000381469727,12000,0.0,0.0
2024-05-03 04:55:00+00:00,31.850000381469727,31.850000381469727,31.850000381469727,31.850000381469727,2051,0.0,0.0
2024-05-03 05:00:00+00:00,31.850000381469727,31.850000381469727,31.850000381469727,31.850000381469727,3000,0.0,0.0
2024-05-03 05:10:00+00:00,31.799999237060547,31.799999237060547,31.799999237060547,31.799999237060547,20000,0.0,0.0
2024-05-03 05:15:00+00:00,31.75,31.799999237060547,31.75,31.799999237060547,27000,0.0,0.0
2024-05-03 05:20:00+00:00,31.799999237060547,31.799999237060547,31.75,31.75,42000,0.0,0.0
2024-05-06 01:00:00+00:00,31.799999237060547,31.899999618530273,31.799999237060547,31.850000381469727,0,0.0,0.0
2024-05-06 01:05:00+00:00,31.850000381469727,31.899999618530273,31.850000381469727,31.899999618530273,7000,0.0,0.0
2024-05-06 01:10:00+00:00,32.0,32.0,31.850000381469727,31.850000381469727,17086,0.0,0.0
2024-05-06 01:15:00+00:00,31.950000762939453,31.950000762939453,31.950000762939453,31.950000762939453,7047,0.0,0.0
2024-05-06 01:20:00+00:00,31.950000762939453,31.950000762939453,31.950000762939453,31.950000762939453,3000,0.0,0.0
2024-05-06 01:30:00+00:00,31.899999618530273,31.899999618530273,31.899999618530273,31.899999618530273,26008,0.0,0.0
2024-05-06 01:35:00+00:00,31.899999618530273,31.899999618530273,31.899999618530273,31.899999618530273,14000,0.0,0.0
2024-05-06 01:40:00+00:00,31.899999618530273,31.899999618530273,31.850000381469727,31.850000381469727,26252,0.0,0.0
2024-05-06 01:45:00+00:00,31.899999618530273,31.899999618530273,31.850000381469727,31.850000381469727,31060,0.0,0.0
2024-05-06 01:50:00+00:00,31.850000381469727,31.899999618530273,31.850000381469727,31.899999618530273,28000,0.0,0.0
2024-05-06 01:55:00+00:00,31.899999618530273,31.950000762939453,31.899999618530273,31.950000762939453,31000,0.0,0.0
2024-05-06 02:00:00+00:00,32.0,32.04999923706055,32.0,32.04999923706055,14000,0.0,0.0
2024-05-06 02:05:00+00:00,32.0,32.04999923706055,31.950000762939453,32.0,18323,0.0,0.0
2024-05-06 02:10:00+00:00,32.0,32.0,32.0,32.0,17000,0.0,0.0
2024-05-06 02:15:00+00:00,31.950000762939453,32.0,31.950000762939453,32.0,2000,0.0,0.0
2024-05-06 02:20:00+00:00,31.950000762939453,31.950000762939453,31.950000762939453,31.950000762939453,10000,0.0,0.0
2024-05-06 02:25:00+00:00,31.899999618530273,31.950000762939453,31.850000381469727,31.950000762939453,16001,0.0,0.0
2024-05-06 02:30:00+00:00,32.0,32.0,32.0,32.0,1199,0.0,0.0
2024-05-06 02:35:00+00:00,32.0,32.0,32.0,32.0,1045,0.0,0.0
2024-05-06 02:40:00+00:00,31.950000762939453,31.950000762939453,31.950000762939453,31.950000762939453,7000,0.0,0.0
2024-05-06 02:45:00+00:00,31.950000762939453,31.950000762939453,31.950000762939453,31.950000762939453,2000,0.0,0.0
2024-05-06 02:50:00+00:00,31.950000762939453,31.950000762939453,31.950000762939453,31.950000762939453,1000,0.0,0.0
2024-05-06 02:55:00+00:00,31.899999618530273,31.899999618530273,31.899999618530273,31.899999618530273,1000,0.0,0.0
2024-05-06 03:00:00+00:00,31.950000762939453,32.0,31.950000762939453,32.0,9001,0.0,0.0
2024-05-06 03:05:00+00:00,32.0,32.0,32.0,32.0,26000,0.0,0.0
2024-05-06 03:10:00+00:00,32.0,32.0,32.0,32.0,3001,0.0,0.0
2024-05-06 03:20:00+00:00,32.04999923706055,32.04999923706055,32.04999923706055,32.04999923706055,2145,0.0,0.0
2024-05-06 03:25:00+00:00,32.0,32.0,32.0,32.0,3000,0.0,0.0
2024-05-06 03:35:00+00:00,32.0,32.0,32.0,32.0,0,0.0,0.0
2024-05-06 03:40:00+00:00,32.0,32.0,32.0,32.0,334568,0.0,0.0
2024-05-06 03:45:00+00:00,32.0,32.0,32.0,32.0,1000,0.0,0.0
2024-05-06 03:50:00+00:00,32.0,32.0,32.0,32.0,24000,0.0,0.0
2024-05-06 03:55:00+00:00,32.0,32.0,31.950000762939453,31.950000762939453,8000,0.0,0.0
2024-05-06 04:00:00+00:00,31.950000762939453,32.0,31.950000762939453,32.0,13000,0.0,0.0
2024-05-06 04:05:00+00:00,31.950000762939453,31.950000762939453,31.950000762939453,31.950000762939453,2151,0.0,0.0
2024-05-06 04:20:00+00:00,31.950000762939453,32.0,31.950000762939453,32.0,5400,0.0,0.0
2024-05-06 04:25:00+00:00,32.0,32.0,32.0,32.0,2000,0.0,0.0
2024-05-06 04:35:00+00:00,32.0,32.0,32.0,32.0,1000,0.0,0.0
2024-05-06 04:40:00+00:00,31.950000762939453,32.0,31.950000762939453,32.0,2000,0.0,0.0
2024-05-06 04:45:00+00:00,32.0,32.0,32.0,32.0,1000,0.0,0.0
2024-05-06 04:50:00+00:00,32.0,32.0,32.0,32.0,1004,0.0,0.0
2024-05-06 05:00:00+00:00,31.950000762939453,31.950000762939453,31.950000762939453,31.950000762939453,1000,0.0,0.0
2024-05-06 05:05:00+00:00,31.950000762939453,31.950000762939453,31.950000762939453,31.950000762939453,1001,0.0,0.0
2024-05-06 05:10:00+00:00,32.0,32.0,31.950000762939453,31.950000762939453,19000,0.0,0.0
2024-05-06 05:15:00+00:00,32.0,32.0,32.0,32.0,31001,0.0,0.0
2024-05-06 05:20:00+00:00,32.0,32.0,31.950000762939453,31.950000762939453,11098,0.0,0.0
2024-05-07 01:00:00+00:00,32.0,32.29999923706055,32.0,32.29999923706055,0,0.0,0.0
2024-05-07 01:05:00+00:00,32.25,32.25,32.20000076293945,32.20000076293945,8113,0.0,0.0
2024-05-07 01:10:00+00:00,32.20000076293945,32.20000076293945,32.20000076293945,32.20000076293945,11000,0.0,0.0
2024-05-07 01:15:00+00:00,32.150001525878906,32.150001525878906,32.099998474121094,32.099998474121094,3000,0.0,0.0
2024-05-07 01:20:00+00:00,32.099998474121094,32.099998474121094,32.0,32.0,18140,0.0,0.0
2024-05-07 01:25:00+00:00,32.0,32.04999923706055,32.0,32.04999923706055,2069,0.0,0.0
2024-05-07 01:30:00+00:00,32.04999923706055,32.04999923706055,32.04999923706055,32.04999923706055,12001,0.0,0.0
2024-05-07 01:35:00+00:00,32.0,32.04999923706055,32.0,32.04999923706055,8000,0.0,0.0
2024-05-07 01:40:00+00:00,32.04999923706055,32.04999923706055,31.950000762939453,31.950000762939453,18244,0.0,0.0
2024-05-07 01:45:00+00:00,31.950000762939453,31.950000762939453,31.799999237060547,31.850000381469727,26055,0.0,0.0
2024-05-07 01:50:00+00:00,31.850000381469727,31.850000381469727,31.850000381469727,31.850000381469727,5021,0.0,0.0
2024-05-07 01:55:00+00:00,31.850000381469727,31.850000381469727,31.850000381469727,31.850000381469727,1035,0.0,0.0
2024-05-07 02:00:00+00:00,31.850000381469727,31.899999618530273,31.799999237060547,31.899999618530273,13029,0.0,0.0
2024-05-07 02:05:00+00:00,31.850000381469727,31.850000381469727,31.850000381469727,31.850000381469727,1000,0.0,0.0
2024-05-07 02:10:00+00:00,31.799999237060547,31.799999237060547,31.75,31.75,20021,0.0,0.0
2024-05-07 02:15:00+00:00,31.75,31.75,31.700000762939453,31.700000762939453,11050,0.0,0.0
2024-05-07 02:20:00+00:00,31.700000762939453,31.700000762939453,31.649999618530273,31.649999618530273,6100,0.0,0.0
2024-05-07 02:25:00+00:00,31.700000762939453,31.700000762939453,31.649999618530273,31.649999618530273,3002,0.0,0.0
2024-05-07 02:30:00+00:00,31.649999618530273,31.649999618530273,31.649999618530273,31.649999618530273,28000,0.0,0.0
2024-05-07 02:35:00+00:00,31.649999618530273,31.649999618530273,31.649999618530273,31.649999618530273,1000,0.0,0.0
2024-05-07 02:40:00+00:00,31.649999618530273,31.700000762939453,31.649999618530273,31.700000762939453,12000,0.0,0.0
2024-05-07 02:45:00+00:00,31.75,31.75,31.75,31.75,4000,0.0,0.0
2024-05-07 02:55:00+00:00,31.700000762939453,31.700000762939453,31.700000762939453,31.700000762939453,7001,0.0,0.0
2024-05-07 03:00:00+00:00,31.799999237060547,31.899999618530273,31.799999237060547,31.899999618530273,11001,0.0,0.0
2024-05-07 03:10:00+00:00,31.75,31.75,31.75,31.75,2157,0.0,0.0
2024-05-07 03:15:00+00:00,31.75,31.75,31.75,31.75,2459,0.0,0.0
2024-05-07 03:20:00+00:00,31.75,31.75,31.75,31.75,5113,0.0,0.0
2024-05-07 03:30:00+00:00,31.75,31.75,31.75,31.75,1037,0.0,0.0
2024-05-07 03:55:00+00:00,31.75,31.75,31.75,31.75,2000,0.0,0.0
2024-05-07 04:00:00+00:00,31.75,31.799999237060547,31.75,31.799999237060547,9080,0.0,0.0
2024-05-07 04:15:00+00:00,31.799999237060547,31.850000381469727,31.799999237060547,31.850000381469727,5400,0.0,0.0
2024-05-07 04:20:00+00:00,31.850000381469727,31.850000381469727,31.850000381469727,31.850000381469727,7000,0.0,0.0
2024-05-07 04:25:00+00:00,31.850000381469727,31.850000381469727,31.799999237060547,31.799999237060547,14000,0.0,0.0
2024-05-07 04:30:00+00:00,31.850000381469727,31.850000381469727,31.850000381469727,31.850000381469727,3020,0.0,0.0
2024-05-07 04:35:00+00:00,31.850000381469727,31.850000381469727,31.799999237060547,31.850000381469727,9000,0.0,0.0
2024-05-07 04:45:00+00:00,31.850000381469727,31.850000381469727,31.799999237060547,31.799999237060547,8000,0.0,0.0
2024-05-07 04:50:00+00:00,31.850000381469727,31.899999618530273,31.850000381469727,31.850000381469727,9000,0.0,0.0
2024-05-07 04:55:00+00:00,31.850000381469727,31.850000381469727,31.850000381469727,31.850000381469727,3000,0.0,0.0
2024-05-07 05:00:00+00:00,31.899999618530273,31.899999618530273,31.899999618530273,31.899999618530273,26143,0.0,0.0
2024-05-07 05:05:00+00:00,31.899999618530273,31.899999618530273,31.899999618530273,31.899999618530273,1000,0.0,0.0
2024-05-07 05:10:00+00:00,31.950000762939453,32.0,31.950000762939453,31.950000762939453,12314,0.0,0.0
2024-05-07 05:15:00+00:00,31.950000762939453,31.950000762939453,31.950000762939453,31.950000762939453,5000,0.0,0.0
2024-05-07 05:20:00+00:00,31.899999618530273,31.899999618530273,31.850000381469727,31.899999618530273,8001,0.0,0.0
2024-05-08 01:00:00+00:00,32.04999923706055,32.29999923706055,32.04999923706055,32.29999923706055,0,0.0,0.0
2024-05-08 01:05:00+00:00,32.29999923706055,32.29999923706055,32.25,32.25,38503,0.0,0.0
2024-05-08 01:10:00+00:00,32.25,32.29999923706055,32.20000076293945,32.29999923706055,34092,0.0,0.0
2024-05-08 01:15:00+00:00,32.349998474121094,32.45000076293945,32.29999923706055,32.45000076293945,62358,0.0,0.0
2024-05-08 01:20:00+00:00,32.400001525878906,32.400001525878906,32.349998474121094,32.400001525878906,42000,0.0,0.0
2024-05-08 01:25:00+00:00,32.400001525878906,32.45000076293945,32.349998474121094,32.400001525878906,33000,0.0,0.0
2024-05-08 01:30:00+00:00,32.349998474121094,32.400001525878906,32.349998474121094,32.400001525878906,19120,0.0,0.0
2024-05-08 01:35:00+00:00,32.400001525878906,32.5,32.400001525878906,32.5,87830,0.0,0.0
2024-05-08 01:40:00+00:00,32.5,32.5,32.45000076293945,32.5,26252,0.0,0.0
2024-05-08 01:45:00+00:00,32.5,32.54999923706055,32.5,32.54999923706055,35121,0.0,0.0
2024-05-08 01:50:00+00:00,32.5,32.5,32.45000076293945,32.45000076293945,8000,0.0,0.0
2024-05-08 01:55:00+00:00,32.45000076293945,32.45000076293945,32.400001525878906,32.400001525878906,20000,0.0,0.0
2024-05-08 02:00:00+00:00,32.400001525878906,32.400001525878906,32.400001525878906,32.400001525878906,22000,0.0,0.0
2024-05-08 02:05:00+00:00,32.400001525878906,32.400001525878906,32.400001525878906,32.400001525878906,7000,0.0,0.0
2024-05-08 02:10:00+00:00,32.400001525878906,32.400001525878906,32.400001525878906,32.400001525878906,1000,0.0,0.0
2024-05-08 02:15:00+00:00,32.400001525878906,32.400001525878906,32.400001525878906,32.400001525878906,5000,0.0,0.0
2024-05-08 02:20:00+00:00,32.400001525878906,32.400001525878906,32.349998474121094,32.349998474121094,5000,0.0,0.0
2024-05-08 02:25:00+00:00,32.349998474121094,32.349998474121094,32.349998474121094,32.349998474121094,1000,0.0,0.0
2024-05-08 02:30:00+00:00,32.349998474121094,32.349998474121094,32.349998474121094,32.349998474121094,5000,0.0,0.0
2024-05-08 02:35:00+00:00,32.349998474121094,32.349998474121094,32.29999923706055,32.29999923706055,33010,0.0,0.0
2024-05-08 02:40:00+00:00,32.29999923706055,32.29999923706055,32.29999923706055,32.29999923706055,3000,0.0,0.0
2024-05-08 02:45:00+00:00,32.400001525878906,32.400001525878906,32.400001525878906,32.400001525878906,17000,0.0,0.0
2024-05-08 02:50:00+00:00,32.400001525878906,32.400001525878906,32.349998474121094,32.349998474121094,4000,0.0,0.0
2024-05-08 02:55:00+00:00,32.349998474121094,32.349998474121094,32.349998474121094,32.349998474121094,2000,0.0,0.0
2024-05-08 03:00:00+00:00,32.400001525878906,32.400001525878906,32.400001525878906,32.400001525878906,2001,0.0,0.0
2024-05-08 03:05:00+00:00,32.400001525878906,32.400001525878906,32.400001525878906,32.400001525878906,3000,0.0,0.0
2024-05-08 03:10:00+00:00,32.400001525878906,32.400001525878906,32.400001525878906,32.400001525878906,5085,0.0,0.0
2024-05-08 03:15:00+00:00,32.400001525878906,32.400001525878906,32.400001525878906,32.400001525878906,1000,0.0,0.0
2024-05-08 03:20:00+00:00,32.400001525878906,32.400001525878906,32.400001525878906,32.400001525878906,7005,0.0,0.0
2024-05-08 03:25:00+00:00,32.400001525878906,32.400001525878906,32.400001525878906,32.400001525878906,1000,0.0,0.0
2024-05-08 03:30:00+00:00,32.400001525878906,32.400001525878906,32.349998474121094,32.349998474121094,4086,0.0,0.0
2024-05-08 03:35:00+00:00,32.349998474121094,32.349998474121094,32.349998474121094,32.349998474121094,6000,0.0,0.0
2024-05-08 03:40:00+00:00,32.349998474121094,32.349998474121094,32.349998474121094,32.349998474121094,2000,0.0,0.0
2024-05-08 03:45:00+00:00,32.349998474121094,32.349998474121094,32.349998474121094,32.349998474121094,7050,0.0,0.0
2024-05-08 04:00:00+00:00,32.349998474121094,32.349998474121094,32.349998474121094,32.349998474121094,3000,0.0,0.0
2024-05-08 04:05:00+00:00,32.349998474121094,32.349998474121094,32.349998474121094,32.349998474121094,2037,0.0,0.0
2024-05-08 04:15:00+00:00,32.349998474121094,32.349998474121094,32.349998474121094,32.349998474121094,4100,0.0,0.0
2024-05-08 04:20:00+00:00,32.349998474121094,32.349998474121094,32.349998474121094,32.349998474121094,1000,0.0,0.0
2024-05-08 04:25:00+00:00,32.349998474121094,32.349998474121094,32.29999923706055,32.29999923706055,17000,0.0,0.0
2024-05-08 04:30:00+00:00,32.25,32.25,32.25,32.25,4155,0.0,0.0
2024-05-08 04:50:00+00:00,32.25,32.349998474121094,32.25,32.25,5008,0.0,0.0
2024-05-08 04:55:00+00:00,32.25,32.25,32.25,32.25,4245,0.0,0.0
2024-05-08 05:05:00+00:00,32.25,32.25,32.25,32.25,12000,0.0,0.0
2024-05-08 05:10:00+00:00,32.25,32.29999923706055,32.25,32.29999923706055,2000,0.0,0.0
2024-05-08 05:15:00+00:00,32.349998474121094,32.349998474121094,32.349998474121094,32.349998474121094,2000,0.0,0.0
2024-05-08 05:20:00+00:00,32.349998474121094,32.349998474121094,32.349998474121094,32.349998474121094,15260,0.0,0.0
2024-05-09 01:00:00+00:00,32.400001525878906,32.45000076293945,32.400001525878906,32.45000076293945,0,0.0,0.0
2024-05-09 01:05:00+00:00,32.45000076293945,32.45000076293945,32.400001525878906,32.400001525878906,5001,0.0,0.0
2024-05-09 01:10:00+00:00,32.349998474121094,32.400001525878906,32.349998474121094,32.349998474121094,6100,0.0,0.0
2024-05-09 01:15:00+00:00,32.29999923706055,32.29999923706055,32.29999923706055,32.29999923706055,8226,0.0,0.0
2024-05-09 01:20:00+00:00,32.29999923706055,32.29999923706055,32.29999923706055,32.29999923706055,4038,0.0,0.0
2024-05-09 01:25:00+00:00,32.29999923706055,32.29999923706055,32.25,32.29999923706055,7000,0.0,0.0
2024-05-09 01:30:00+00:00,32.29999923706055,32.29999923706055,32.29999923706055,32.29999923706055,5001,0.0,0.0
2024-05-09 01:40:00+00:00,32.25,32.25,32.25,32.25,8000,0.0,0.0
2024-05-09 01:50:00+00:00,32.25,32.25,32.25,32.25,7161,0.0,0.0
2024-05-09 01:55:00+00:00,32.25,32.25,32.25,32.25,1000,0.0,0.0
2024-05-09 02:00:00+00:00,32.20000076293945,32.20000076293945,32.04999923706055,32.099998474121094,72001,0.0,0.0
2024-05-09 02:10:00+00:00,32.099998474121094,32.099998474121094,32.099998474121094,32.099998474121094,3100,0.0,0.0
2024-05-09 02:15:00+00:00,32.150001525878906,32.150001525878906,32.150001525878906,32.150001525878906,1001,0.0,0.0
2024-05-09 02:20:00+00:00,32.150001525878906,32.150001525878906,32.099998474121094,32.099998474121094,3000,0.0,0.0
2024-05-09 02:25:00+00:00,32.099998474121094,32.099998474121094,32.04999923706055,32.04999923706055,3002,0.0,0.0
2024-05-09 02:40:00+00:00,32.04999923706055,32.04999923706055,32.04999923706055,32.04999923706055,1000,0.0,0.0
2024-05-09 02:45:00+00:00,32.04999923706055,32.04999923706055,32.04999923706055,32.04999923706055,2050,0.0,0.0
2024-05-09 02:50:00+00:00,32.04999923706055,32.099998474121094,32.04999923706055,32.04999923706055,8001,0.0,0.0
2024-05-09 02:55:00+00:00,32.0,32.0,32.0,32.0,8412,0.0,0.0
2024-05-09 03:10:00+00:00,32.0,32.0,32.0,32.0,1570,0.0,0.0
2024-05-09 03:30:00+00:00,32.04999923706055,32.04999923706055,32.04999923706055,32.04999923706055,2001,0.0,0.0
2024-05-09 03:35:00+00:00,32.04999923706055,32.099998474121094,32.04999923706055,32.099998474121094,11051,0.0,0.0
2024-05-09 03:40:00+00:00,32.099998474121094,32.099998474121094,32.099998474121094,32.099998474121094,11149,0.0,0.0
2024-05-09 03:55:00+00:00,32.04999923706055,32.04999923706055,32.04999923706055,32.04999923706055,2001,0.0,0.0
2024-05-09 04:00:00+00:00,32.0,32.0,32.0,32.0,2000,0.0,0.0
2024-05-09 04:05:00+00:00,32.0,32.0,32.0,32.0,3000,0.0,0.0
2024-05-09 04:10:00+00:00,32.04999923706055,32.04999923706055,32.04999923706055,32.04999923706055,3100,0.0,0.0
2024-05-09 04:20:00+00:00,32.0,32.0,32.0,32.0,13151,0.0,0.0
2024-05-09 04:35:00+00:00,32.0,32.0,32.0,32.0,2040,0.0,0.0
2024-05-09 04:40:00+00:00,31.950000762939453,31.950000762939453,31.950000762939453,31.950000762939453,5000,0.0,0.0
2024-05-09 04:45:00+00:00,31.950000762939453,31.950000762939453,31.950000762939453,31.950000762939453,1000,0.0,0.0
2024-05-09 04:50:00+00:00,31.950000762939453,32.0,31.950000762939453,31.950000762939453,5009,0.0,0.0
2024-05-09 04:55:00+00:00,32.0,32.0,31.899999618530273,31.899999618530273,26428,0.0,0.0
2024-05-09 05:05:00+00:00,31.899999618530273,31.950000762939453,31.899999618530273,31.950000762939453,5000,0.0,0.0
2024-05-09 05:10:00+00:00,31.950000762939453,31.950000762939453,31.899999618530273,31.899999618530273,58443,0.0,0.0
2024-05-09 05:15:00+00:00,31.850000381469727,31.850000381469727,31.850000381469727,31.850000381469727,8000,0.0,0.0
2024-05-09 05:20:00+00:00,31.899999618530273,31.950000762939453,31.899999618530273,31.950000762939453,31442,0.0,0.0
2024-05-10 01:00:00+00:00,32.0,32.0,31.899999618530273,32.0,0,0.0,0.0
2024-05-10 01:05:00+00:00,32.0,32.04999923706055,32.0,32.0,28102,0.0,0.0
2024-05-10 01:10:00+00:00,32.0,32.0,31.850000381469727,31.850000381469727,20000,0.0,0.0
2024-05-10 01:15:00+00:00,31.899999618530273,32.0,31.899999618530273,32.0,4001,0.0,0.0
2024-05-10 01:25:00+00:00,32.0,32.0,31.899999618530273,31.899999618530273,5037,0.0,0.0
2024-05-10 01:30:00+00:00,31.899999618530273,31.950000762939453,31.899999618530273,31.950000762939453,6000,0.0,0.0
2024-05-10 01:35:00+00:00,31.950000762939453,31.950000762939453,31.950000762939453,31.950000762939453,7000,0.0,0.0
2024-05-10 01:40:00+00:00,31.899999618530273,31.899999618530273,31.899999618530273,31.899999618530273,10000,0.0,0.0
2024-05-10 01:45:00+00:00,31.899999618530273,31.899999618530273,31.850000381469727,31.850000381469727,10000,0.0,0.0
2024-05-10 01:50:00+00:00,31.850000381469727,31.950000762939453,31.850000381469727,31.950000762939453,6203,0.0,0.0
2024-05-10 01:55:00+00:00,31.950000762939453,31.950000762939453,31.950000762939453,31.950000762939453,3000,0.0,0.0
2024-05-10 02:00:00+00:00,31.899999618530273,31.899999618530273,31.899999618530273,31.899999618530273,2022,0.0,0.0
2024-05-10 02:05:00+00:00,31.899999618530273,31.899999618530273,31.899999618530273,31.899999618530273,4001,0.0,0.0
2024-05-10 02:10:00+00:00,31.899999618530273,31.899999618530273,31.899999618530273,31.899999618530273,24000,0.0,0.0
2024-05-10 02:15:00+00:00,31.850000381469727,31.850000381469727,31.850000381469727,31.850000381469727,14377,0.0,0.0
2024-05-10 02:20:00+00:00,31.850000381469727,31.850000381469727,31.850000381469727,31.850000381469727,5000,0.0,0.0
2024-05-10 02:25:00+00:00,31.950000762939453,31.950000762939453,31.899999618530273,31.899999618530273,16000,0.0,0.0
2024-05-10 02:30:00+00:00,31.950000762939453,31.950000762939453,31.950000762939453,31.950000762939453,2000,0.0,0.0
2024-05-10 02:40:00+00:00,31.899999618530273,31.899999618530273,31.899999618530273,31.899999618530273,3252,0.0,0.0
2024-05-10 02:55:00+00:00,31.899999618530273,31.899999618530273,31.899999618530273,31.899999618530273,2000,0.0,0.0
2024-05-10 03:00:00+00:00,31.899999618530273,31.899999618530273,31.899999618530273,31.899999618530273,1001,0.0,0.0
2024-05-10 03:05:00+00:00,31.899999618530273,31.950000762939453,31.899999618530273,31.950000762939453,13005,0.0,0.0
2024-05-10 03:10:00+00:00,31.899999618530273,31.899999618530273,31.899999618530273,31.899999618530273,3000,0.0,0.0
2024-05-10 03:15:00+00:00,31.899999618530273,31.899999618530273,31.899999618530273,31.899999618530273,10000,0.0,0.0
2024-05-10 03:20:00+00:00,31.950000762939453,32.099998474121094,31.950000762939453,32.099998474121094,144427,0.0,0.0
2024-05-10 03:25:00+00:00,32.04999923706055,32.04999923706055,32.0,32.0,16050,0.0,0.0
2024-05-10 03:40:00+00:00,31.950000762939453,31.950000762939453,31.950000762939453,31.950000762939453,1000,0.0,0.0
2024-05-10 03:45:00+00:00,32.0,32.0,32.0,32.0,1001,0.0,0.0
2024-05-10 03:55:00+00:00,31.950000762939453,31.950000762939453,31.950000762939453,31.950000762939453,6061,0.0,0.0
2024-05-10 04:05:00+00:00,32.0,32.0,32.0,32.0,1000,0.0,0.0
2024-05-10 04:10:00+00:00,32.0,32.0,31.950000762939453,31.950000762939453,4001,0.0,0.0
2024-05-10 04:20:00+00:00,31.950000762939453,31.950000762939453,31.950000762939453,31.950000762939453,12001,0.0,0.0
2024-05-10 04:25:00+00:00,32.0,32.0,32.0,32.0,1001,0.0,0.0
2024-05-10 04:30:00+00:00,32.0,32.0,32.0,32.0,5000,0.0,0.0
2024-05-10 04:35:00+00:00,32.0,32.0,31.950000762939453,31.950000762939453,8003,0.0,0.0
2024-05-10 04:45:00+00:00,31.950000762939453,31.950000762939453,31.950000762939453,31.950000762939453,2001,0.0,0.0
2024-05-10 05:00:00+00:00,31.950000762939453,32.0,31.950000762939453,32.0,49000,0.0,0.0
2024-05-10 05:05:00+00:00,32.0,32.04999923706055,32.0,32.04999923706055,3001,0.0,0.0
2024-05-10 05:10:00+00:00,32.0,32.0,32.0,32.0,14000,0.0,0.0
2024-05-10 05:15:00+00:00,32.04999923706055,32.04999923706055,32.04999923706055,32.04999923706055,2001,0.0,0.0
2024-05-10 05:20:00+00:00,32.0,32.04999923706055,32.0,32.0,5002,0.0,0.0
2024-05-13 01:00:00+00:00,32.04999923706055,32.04999923706055,31.799999237060547,31.799999237060547,0,0.0,0.0
2024-05-13 01:05:00+00:00,31.799999237060547,31.899999618530273,31.799999237060547,31.799999237060547,23035,0.0,0.0
2024-05-13 01:10:00+00:00,31.75,31.850000381469727,31.75,31.850000381469727,6101,0.0,0.0
2024-05-13 01:15:00+00:00,31.850000381469727,31.850000381469727,31.75,31.75,18291,0.0,0.0
2024-05-13 01:20:00+00:00,31.75,31.799999237060547,31.700000762939453,31.700000762939453,24038,0.0,0.0
2024-05-13 01:25:00+00:00,31.850000381469727,31.850000381469727,31.75,31.799999237060547,27201,0.0,0.0
2024-05-13 01:30:00+00:00,31.799999237060547,31.799999237060547,31.799999237060547,31.799999237060547,9180,0.0,0.0
2024-05-13 01:35:00+00:00,31.850000381469727,31.850000381469727,31.850000381469727,31.850000381469727,1000,0.0,0.0
2024-05-13 01:40:00+00:00,31.799999237060547,31.799999237060547,31.799999237060547,31.799999237060547,4000,0.0,0.0
2024-05-13 01:45:00+00:00,31.850000381469727,31.850000381469727,31.850000381469727,31.850000381469727,28000,0.0,0.0
2024-05-13 01:50:00+00:00,31.850000381469727,31.850000381469727,31.850000381469727,31.850000381469727,1000,0.0,0.0
2024-05-13 01:55:00+00:00,31.850000381469727,31.850000381469727,31.850000381469727,31.850000381469727,8000,0.0,0.0
2024-05-13 02:00:00+00:00,31.850000381469727,31.850000381469727,31.75,31.75,11000,0.0,0.0
2024-05-13 02:05:00+00:00,31.799999237060547,31.850000381469727,31.799999237060547,31.850000381469727,9000,0.0,0.0
2024-05-13 02:10:00+00:00,31.799999237060547,31.799999237060547,31.799999237060547,31.799999237060547,12335,0.0,0.0
2024-05-13 02:15:00+00:00,31.799999237060547,31.799999237060547,31.799999237060547,31.799999237060547,1000,0.0,0.0
2024-05-13 02:20:00+00:00,31.799999237060547,31.799999237060547,31.75,31.75,11000,0.0,0.0
2024-05-13 02:25:00+00:00,31.850000381469727,31.850000381469727,31.850000381469727,31.850000381469727,1001,0.0,0.0
2024-05-13 02:30:00+00:00,31.850000381469727,31.850000381469727,31.799999237060547,31.799999237060547,2022,0.0,0.0
2024-05-13 02:45:00+00:00,31.75,31.75,31.75,31.75,20289,0.0,0.0
2024-05-13 02:50:00+00:00,31.799999237060547,31.799999237060547,31.799999237060547,31.799999237060547,3002,0.0,0.0
2024-05-13 03:10:00+00:00,31.75,31.75,31.75,31.75,1020,0.0,0.0
2024-05-13 03:15:00+00:00,31.75,31.75,31.75,31.75,6000,0.0,0.0
2024-05-13 03:30:00+00:00,31.799999237060547,31.799999237060547,31.799999237060547,31.799999237060547,1000,0.0,0.0
2024-05-13 03:35:00+00:00,31.799999237060547,31.799999237060547,31.799999237060547,31.799999237060547,13000,0.0,0.0
2024-05-13 03:45:00+00:00,31.799999237060547,31.850000381469727,31.799999237060547,31.850000381469727,10000,0.0,0.0
2024-05-13 03:50:00+00:00,31.899999618530273,31.950000762939453,31.899999618530273,31.950000762939453,3379,0.0,0.0
2024-05-13 03:55:00+00:00,31.950000762939453,31.950000762939453,31.950000762939453,31.950000762939453,1000,0.0,0.0
2024-05-13 04:00:00+00:00,31.950000762939453,31.950000762939453,31.950000762939453,31.950000762939453,1434,0.0,0.0
2024-05-13 04:10:00+00:00,31.899999618530273,31.899999618530273,31.899999618530273,31.899999618530273,1001,0.0,0.0
2024-05-13 04:20:00+00:00,31.899999618530273,31.899999618530273,31.899999618530273,31.899999618530273,1000,0.0,0.0
2024-05-13 04:25:00+00:00,31.850000381469727,31.850000381469727,31.799999237060547,31.799999237060547,25300,0.0,0.0
2024-05-13 04:30:00+00:00,31.799999237060547,31.799999237060547,31.799999237060547,31.799999237060547,1002,0.0,0.0
2024-05-13 04:35:00+00:00,31.799999237060547,31.799999237060547,31.799999237060547,31.799999237060547,2100,0.0,0.0
2024-05-13 04:40:00+00:00,31.850000381469727,31.850000381469727,31.850000381469727,31.850000381469727,3105,0.0,0.0
2024-05-13 04:45:00+00:00,31.799999237060547,31.799999237060547,31.799999237060547,31.799999237060547,4000,0.0,0.0
2024-05-13 04:50:00+00:00,31.799999237060547,31.799999237060547,31.799999237060547,31.799999237060547,6017,0.0,0.0
2024-05-13 04:55:00+00:00,31.799999237060547,31.799999237060547,31.799999237060547,31.799999237060547,1000,0.0,0.0
2024-05-13 05:00:00+00:00,31.799999237060547,31.799999237060547,31.799999237060547,31.799999237060547,4000,0.0,0.0
2024-05-13 05:05:00+00:00,31.799999237060547,31.799999237060547,31.799999237060547,31.799999237060547,6000,0.0,0.0
2024-05-13 05:10:00+00:00,31.799999237060547,31.799999237060547,31.799999237060547,31.799999237060547,3000,0.0,0.0
2024-05-13 05:15:00+00:00,31.799999237060547,31.799999237060547,31.799999237060547,31.799999237060547,1000,0.0,0.0
2024-05-13 05:20:00+00:00,31.799999237060547,31.850000381469727,31.75,31.850000381469727,35000,0.0,0.0
2024-05-14 01:00:00+00:00,31.899999618530273,32.099998474121094,31.899999618530273,32.099998474121094,0,0.0,0.0
2024-05-14 01:05:00+00:00,32.099998474121094,32.20000076293945,32.099998474121094,32.150001525878906,26004,0.0,0.0
2024-05-14 01:10:00+00:00,32.150001525878906,32.20000076293945,32.150001525878906,32.20000076293945,15100,0.0,0.0
2024-05-14 01:15:00+00:00,32.20000076293945,32.25,32.20000076293945,32.20000076293945,47068,0.0,0.0
2024-05-14 01:20:00+00:00,32.20000076293945,32.25,32.20000076293945,32.25,20037,0.0,0.0
2024-05-14 01:25:00+00:00,32.25,32.29999923706055,32.25,32.29999923706055,23506,0.0,0.0
2024-05-14 01:30:00+00:00,32.29999923706055,32.29999923706055,32.25,32.25,8011,0.0,0.0
2024-05-14 01:35:00+00:00,32.25,32.25,32.20000076293945,32.25,12000,0.0,0.0
2024-05-14 01:40:00+00:00,32.29999923706055,32.349998474121094,32.29999923706055,32.29999923706055,11002,0.0,0.0
2024-05-14 01:45:00+00:00,32.25,32.29999923706055,32.25,32.29999923706055,2100,0.0,0.0
2024-05-14 01:50:00+00:00,32.29999923706055,32.29999923706055,32.29999923706055,32.29999923706055,2000,0.0,0.0
2024-05-14 01:55:00+00:00,32.29999923706055,32.29999923706055,32.29999923706055,32.29999923706055,11000,0.0,0.0
2024-05-14 02:00:00+00:00,32.25,32.25,32.20000076293945,32.20000076293945,6001,0.0,0.0
2024-05-14 02:05:00+00:00,32.25,32.25,32.20000076293945,32.25,3000,0.0,0.0
2024-05-14 02:10:00+00:00,32.25,32.25,32.20000076293945,32.20000076293945,4005,0.0,0.0
2024-05-14 02:15:00+00:00,32.25,32.25,32.25,32.25,2016,0.0,0.0
2024-05-14 02:20:00+00:00,32.25,32.25,32.25,32.25,2000,0.0,0.0
2024-05-14 02:30:00+00:00,32.25,32.25,32.150001525878906,32.150001525878906,13612,0.0,0.0
2024-05-14 02:40:00+00:00,32.150001525878906,32.150001525878906,32.099998474121094,32.099998474121094,24000,0.0,0.0
2024-05-14 02:55:00+00:00,32.150001525878906,32.150001525878906,32.150001525878906,32.150001525878906,0,0.0,0.0
2024-05-14 03:10:00+00:00,32.150001525878906,32.150001525878906,32.150001525878906,32.150001525878906,252463,0.0,0.0
2024-05-14 03:20:00+00:00,32.150001525878906,32.150001525878906,32.099998474121094,32.099998474121094,7000,0.0,0.0
2024-05-14 03:25:00+00:00,32.150001525878906,32.150001525878906,32.150001525878906,32.150001525878906,1000,0.0,0.0
2024-05-14 03:30:00+00:00,32.099998474121094,32.099998474121094,32.099998474121094,32.099998474121094,1000,0.0,0.0
2024-05-14 03:35:00+00:00,32.099998474121094,32.099998474121094,32.099998474121094,32.099998474121094,1000,0.0,0.0
2024-05-14 03:40:00+00:00,32.099998474121094,32.099998474121094,32.099998474121094,32.099998474121094,5001,0.0,0.0
2024-05-14 03:45:00+00:00,32.099998474121094,32.099998474121094,32.099998474121094,32.099998474121094,2000,0.0,0.0
2024-05-14 03:50:00+00:00,32.04999923706055,32.04999923706055,32.04999923706055,32.04999923706055,1001,0.0,0.0
2024-05-14 03:55:00+00:00,32.099998474121094,32.099998474121094,32.099998474121094,32.099998474121094,5045,0.0,0.0
2024-05-14 04:05:00+00:00,32.150001525878906,32.150001525878906,32.150001525878906,32.150001525878906,1000,0.0,0.0
2024-05-14 04:20:00+00:00,32.099998474121094,32.099998474121094,32.099998474121094,32.099998474121094,2113,0.0,0.0
2024-05-14 04:30:00+00:00,32.099998474121094,32.099998474121094,32.099998474121094,32.099998474121094,3000,0.0,0.0
2024-05-14 04:35:00+00:00,32.099998474121094,32.099998474121094,32.099998474121094,32.099998474121094,1000,0.0,0.0
2024-05-14 04:45:00+00:00,32.099998474121094,32.099998474121094,32.099998474121094,32.099998474121094,2027,0.0,0.0
2024-05-14 04:50:00+00:00,32.099998474121094,32.099998474121094,32.099998474121094,32.099998474121094,9000,0.0,0.0
2024-05-14 04:55:00+00:00,32.04999923706055,32.04999923706055,32.04999923706055,32.04999923706055,13413,0.0,0.0
2024-05-14 05:00:00+00:00,32.04999923706055,32.04999923706055,32.04999923706055,32.04999923706055,1000,0.0,0.0
2024-05-14 05:05:00+00:00,32.0,32.0,32.0,32.0,13036,0.0,0.0
2024-05-14 05:15:00+00:00,32.0,32.099998474121094,32.0,32.099998474121094,11000,0.0,0.0
2024-05-14 05:20:00+00:00,32.04999923706055,32.099998474121094,32.04999923706055,32.099998474121094,15100,0.0,0.0
2024-05-15 01:00:00+00:00,32.25,32.650001525878906,32.25,32.599998474121094,0,0.0,0.0
2024-05-15 01:05:00+00:00,32.5,32.54999923706055,32.400001525878906,32.400001525878906,7001,0.0,0.0
2024-05-15 01:10:00+00:00,32.349998474121094,32.349998474121094,32.349998474121094,32.349998474121094,1200,0.0,0.0
2024-05-15 01:15:00+00:00,32.349998474121094,32.349998474121094,32.29999923706055,32.29999923706055,5000,0.0,0.0
2024-05-15 01:20:00+00:00,32.29999923706055,32.29999923706055,32.29999923706055,32.29999923706055,24137,0.0,0.0
2024-05-15 01:25:00+00:00,32.29999923706055,32.29999923706055,32.25,32.25,10000,0.0,0.0
2024-05-15 01:30:00+00:00,32.25,32.25,32.25,32.25,9000,0.0,0.0
2024-05-15 01:35:00+00:00,32.25,32.25,32.25,32.25,14000,0.0,0.0
2024-05-15 01:40:00+00:00,32.20000076293945,32.20000076293945,32.150001525878906,32.20000076293945,16000,0.0,0.0
2024-05-15 01:45:00+00:00,32.20000076293945,32.20000076293945,32.150001525878906,32.150001525878906,6000,0.0,0.0
2024-05-15 01:50:00+00:00,32.150001525878906,32.150001525878906,32.150001525878906,32.150001525878906,11080,0.0,0.0
2024-05-15 01:55:00+00:00,32.20000076293945,32.20000076293945,32.150001525878906,32.20000076293945,7000,0.0,0.0
2024-05-15 02:00:00+00:00,32.20000076293945,32.25,32.150001525878906,32.25,7002,0.0,0.0
2024-05-15 02:05:00+00:00,32.20000076293945,32.20000076293945,32.150001525878906,32.150001525878906,7069,0.0,0.0
2024-05-15 02:10:00+00:00,32.150001525878906,32.150001525878906,32.150001525878906,32.150001525878906,9500,0.0,0.0
2024-05-15 02:15:00+00:00,32.150001525878906,32.150001525878906,32.150001525878906,32.150001525878906,8004,0.0,0.0
2024-05-15 02:20:00+00:00,32.150001525878906,32.25,32.150001525878906,32.25,22000,0.0,0.0
2024-05-15 02:25:00+00:00,32.20000076293945,32.25,32.150001525878906,32.20000076293945,7000,0.0,0.0
2024-05-15 02:30:00+00:00,32.150001525878906,32.20000076293945,32.150001525878906,32.20000076293945,12001,0.0,0.0
2024-05-15 02:35:00+00:00,32.150001525878906,32.150001525878906,32.150001525878906,32.150001525878906,3017,0.0,0.0
2024-05-15 02:40:00+00:00,32.150001525878906,32.150001525878906,32.099998474121094,32.150001525878906,11015,0.0,0.0
2024-05-15 02:45:00+00:00,32.150001525878906,32.150001525878906,32.150001525878906,32.150001525878906,1022,0.0,0.0
2024-05-15 02:50:00+00:00,32.150001525878906,32.150001525878906,32.150001525878906,32.150001525878906,2002,0.0,0.0
2024-05-15 02:55:00+00:00,32.150001525878906,32.150001525878906,32.150001525878906,32.150001525878906,1000,0.0,0.0
2024-05-15 03:05:00+00:00,32.150001525878906,32.150001525878906,32.150001525878906,32.150001525878906,2001,0.0,0.0
2024-05-15 03:10:00+00:00,32.20000076293945,32.20000076293945,32.20000076293945,32.20000076293945,23000,0.0,0.0
2024-05-15 03:15:00+00:00,32.20000076293945,32.20000076293945,32.20000076293945,32.20000076293945,2001,0.0,0.0
2024-05-15 03:30:00+00:00,32.20000076293945,32.20000076293945,32.20000076293945,32.20000076293945,9000,0.0,0.0
2024-05-15 03:35:00+00:00,32.20000076293945,32.20000076293945,32.20000076293945,32.20000076293945,4000,0.0,0.0
2024-05-15 03:40:00+00:00,32.20000076293945,32.20000076293945,32.20000076293945,32.20000076293945,3000,0.0,0.0
2024-05-15 03:50:00+00:00,32.20000076293945,32.20000076293945,32.150001525878906,32.150001525878906,21030,0.0,0.0
2024-05-15 04:00:00+00:00,32.099998474121094,32.150001525878906,32.099998474121094,32.150001525878906,2000,0.0,0.0
2024-05-15 04:05:00+00:00,32.099998474121094,32.099998474121094,32.099998474121094,32.099998474121094,2006,0.0,0.0
2024-05-15 04:15:00+00:00,32.150001525878906,32.150001525878906,32.150001525878906,32.150001525878906,1000,0.0,0.0
2024-05-15 04:20:00+00:00,32.099998474121094,32.099998474121094,32.099998474121094,32.099998474121094,3001,0.0,0.0
2024-05-15 04:35:00+00:00,32.150001525878906,32.20000076293945,32.099998474121094,32.099998474121094,5000,0.0,0.0
2024-05-15 04:40:00+00:00,32.20000076293945,32.20000076293945,32.20000076293945,32.20000076293945,1001,0.0,0.0
2024-05-15 04:45:00+00:00,32.150001525878906,32.150001525878906,32.150001525878906,32.150001525878906,4000,0.0,0.0
2024-05-15 04:50:00+00:00,32.150001525878906,32.150001525878906,32.099998474121094,32.099998474121094,44100,0.0,0.0
2024-05-15 04:55:00+00:00,32.099998474121094,32.099998474121094,32.099998474121094,32.099998474121094,5170,0.0,0.0
2024-05-15 05:00:00+00:00,32.099998474121094,32.099998474121094,32.099998474121094,32.099998474121094,2000,0.0,0.0
2024-05-15 05:05:00+00:00,32.099998474121094,32.099998474121094,32.099998474121094,32.099998474121094,22000,0.0,0.0
2024-05-15 05:10:00+00:00,32.150001525878906,32.150001525878906,32.099998474121094,32.099998474121094,11000,0.0,0.0
2024-05-15 05:15:00+00:00,32.099998474121094,32.099998474121094,32.099998474121094,32.099998474121094,7000,0.0,0.0
2024-05-15 05:20:00+00:00,32.04999923706055,32.099998474121094,32.04999923706055,32.04999923706055,26000,0.0,0.0
2024-05-16 01:00:00+00:00,32.29999923706055,32.400001525878906,32.29999923706055,32.400001525878906,0,0.0,0.0
2024-05-16 01:05:00+00:00,32.29999923706055,32.29999923706055,32.25,32.25,13062,0.0,0.0
2024-05-16 01:10:00+00:00,32.25,32.25,32.25,32.25,6000,0.0,0.0
2024-05-16 01:15:00+00:00,32.20000076293945,32.20000076293945,32.20000076293945,32.20000076293945,1000,0.0,0.0
2024-05-16 01:20:00+00:00,32.25,32.25,32.25,32.25,6042,0.0,0.0
2024-05-16 01:25:00+00:00,32.25,32.25,32.25,32.25,4010,0.0,0.0
2024-05-16 01:30:00+00:00,32.20000076293945,32.20000076293945,32.20000076293945,32.20000076293945,1000,0.0,0.0
2024-05-16 01:35:00+00:00,32.20000076293945,32.25,32.20000076293945,32.25,6000,0.0,0.0
2024-05-16 01:40:00+00:00,32.25,32.25,32.25,32.25,9000,0.0,0.0
2024-05-16 01:45:00+00:00,32.25,32.25,32.25,32.25,10000,0.0,0.0
2024-05-16 01:50:00+00:00,32.20000076293945,32.20000076293945,32.20000076293945,32.20000076293945,21328,0.0,0.0
2024-05-16 01:55:00+00:00,32.150001525878906,32.150001525878906,32.150001525878906,32.150001525878906,2199,0.0,0.0
2024-05-16 02:00:00+00:00,32.150001525878906,32.150001525878906,32.150001525878906,32.150001525878906,6043,0.0,0.0
2024-05-16 02:05:00+00:00,32.099998474121094,32.099998474121094,32.099998474121094,32.099998474121094,5050,0.0,0.0
2024-05-16 02:10:00+00:00,32.20000076293945,32.20000076293945,32.20000076293945,32.20000076293945,1000,0.0,0.0
2024-05-16 02:15:00+00:00,32.20000076293945,32.20000076293945,32.099998474121094,32.099998474121094,13000,0.0,0.0
2024-05-16 02:20:00+00:00,32.099998474121094,32.099998474121094,32.099998474121094,32.099998474121094,7000,0.0,0.0
2024-05-16 02:25:00+00:00,32.20000076293945,32.20000076293945,32.20000076293945,32.20000076293945,1250,0.0,0.0
2024-05-16 02:30:00+00:00,32.20000076293945,32.20000076293945,32.20000076293945,32.20000076293945,1004,0.0,0.0
2024-05-16 02:35:00+00:00,32.099998474121094,32.20000076293945,32.099998474121094,32.099998474121094,19046,0.0,0.0
2024-05-16 02:40:00+00:00,32.099998474121094,32.150001525878906,32.099998474121094,32.150001525878906,4299,0.0,0.0
2024-05-16 02:45:00+00:00,32.150001525878906,32.150001525878906,32.150001525878906,32.150001525878906,1000,0.0,0.0
2024-05-16 02:50:00+00:00,32.150001525878906,32.150001525878906,32.150001525878906,32.150001525878906,10000,0.0,0.0
2024-05-16 03:00:00+00:00,32.150001525878906,32.150001525878906,32.04999923706055,32.04999923706055,34000,0.0,0.0
2024-05-16 03:05:00+00:00,32.04999923706055,32.04999923706055,32.04999923706055,32.04999923706055,5000,0.0,0.0
2024-05-16 03:10:00+00:00,32.099998474121094,32.099998474121094,32.099998474121094,32.099998474121094,2003,0.0,0.0
2024-05-16 03:15:00+00:00,32.099998474121094,32.150001525878906,32.099998474121094,32.150001525878906,4000,0.0,0.0
2024-05-16 03:20:00+00:00,32.099998474121094,32.099998474121094,32.04999923706055,32.04999923706055,6000,0.0,0.0
2024-05-16 03:30:00+00:00,32.099998474121094,32.099998474121094,32.099998474121094,32.099998474121094,6000,0.0,0.0
2024-05-16 03:35:00+00:00,32.099998474121094,32.099998474121094,32.099998474121094,32.099998474121094,9117,0.0,0.0
2024-05-16 03:40:00+00:00,32.04999923706055,32.04999923706055,32.04999923706055,32.04999923706055,4000,0.0,0.0
2024-05-16 03:45:00+00:00,32.099998474121094,32.150001525878906,32.099998474121094,32.099998474121094,8000,0.0,0.0
2024-05-16 03:55:00+00:00,32.099998474121094,32.099998474121094,32.099998474121094,32.099998474121094,1000,0.0,0.0
2024-05-16 04:00:00+00:00,32.099998474121094,32.20000076293945,32.099998474121094,32.20000076293945,24985,0.0,0.0
2024-05-16 04:05:00+00:00,32.20000076293945,32.20000076293945,32.20000076293945,32.20000076293945,22000,0.0,0.0
2024-05-16 04:10:00+00:00,32.20000076293945,32.20000076293945,32.20000076293945,32.20000076293945,6001,0.0,0.0
2024-05-16 04:15:00+00:00,32.150001525878906,32.150001525878906,32.150001525878906,32.150001525878906,14900,0.0,0.0
2024-05-16 04:20:00+00:00,32.099998474121094,32.099998474121094,32.099998474121094,32.099998474121094,3000,0.0,0.0
2024-05-16 04:25:00+00:00,32.099998474121094,32.099998474121094,32.099998474121094,32.099998474121094,7002,0.0,0.0
2024-05-16 04:40:00+00:00,32.099998474121094,32.099998474121094,32.04999923706055,32.04999923706055,22000,0.0,0.0
2024-05-16 04:45:00+00:00,32.099998474121094,32.099998474121094,32.099998474121094,32.099998474121094,7000,0.0,0.0
2024-05-16 04:50:00+00:00,32.099998474121094,32.099998474121094,32.099998474121094,32.099998474121094,2000,0.0,0.0
2024-05-16 04:55:00+00:00,32.099998474121094,32.099998474121094,32.099998474121094,32.099998474121094,4098,0.0,0.0
2024-05-16 05:00:00+00:00,32.099998474121094,32.099998474121094,32.04999923706055,32.04999923706055,8001,0.0,0.0
2024-05-16 05:05:00+00:00,32.04999923706055,32.04999923706055,32.04999923706055,32.04999923706055,4003,0.0,0.0
2024-05-16 05:10:00+00:00,32.04999923706055,32.099998474121094,32.04999923706055,32.099998474121094,6002,0.0,0.0
2024-05-16 05:15:00+00:00,32.04999923706055,32.04999923706055,32.04999923706055,32.04999923706055,20161,0.0,0.0
2024-05-16 05:20:00+00:00,32.04999923706055,32.099998474121094,32.04999923706055,32.099998474121094,10001,0.0,0.0
2024-05-17 01:00:00+00:00,32.099998474121094,32.099998474121094,32.099998474121094,32.099998474121094,0,0.0,0.0
2024-05-17 01:05:00+00:00,32.04999923706055,32.04999923706055,32.04999923706055,32.04999923706055,4000,0.0,0.0
2024-05-17 01:10:00+00:00,32.150001525878906,32.150001525878906,32.04999923706055,32.04999923706055,40192,0.0,0.0
2024-05-17 01:15:00+00:00,32.150001525878906,32.150001525878906,32.150001525878906,32.150001525878906,1000,0.0,0.0
2024-05-17 01:20:00+00:00,32.04999923706055,32.099998474121094,32.04999923706055,32.099998474121094,20031,0.0,0.0
2024-05-17 01:25:00+00:00,32.150001525878906,32.20000076293945,32.150001525878906,32.20000076293945,20037,0.0,0.0
2024-05-17 01:30:00+00:00,32.25,32.25,32.099998474121094,32.20000076293945,39001,0.0,0.0
2024-05-17 01:35:00+00:00,32.20000076293945,32.20000076293945,32.20000076293945,32.20000076293945,5000,0.0,0.0
2024-05-17 01:40:00+00:00,32.25,32.25,32.25,32.25,9500,0.0,0.0
2024-05-17 01:45:00+00:00,32.25,32.25,32.20000076293945,32.20000076293945,6100,0.0,0.0
2024-05-17 01:50:00+00:00,32.20000076293945,32.20000076293945,32.20000076293945,32.20000076293945,1000,0.0,0.0
2024-05-17 01:55:00+00:00,32.20000076293945,32.20000076293945,32.20000076293945,32.20000076293945,20050,0.0,0.0
2024-05-17 02:00:00+00:00,32.25,32.25,32.25,32.25,4000,0.0,0.0
2024-05-17 02:05:00+00:00,32.25,32.25,32.150001525878906,32.150001525878906,13000,0.0,0.0
2024-05-17 02:15:00+00:00,32.20000076293945,32.20000076293945,32.20000076293945,32.20000076293945,2000,0.0,0.0
2024-05-17 02:20:00+00:00,32.20000076293945,32.25,32.150001525878906,32.25,7001,0.0,0.0
2024-05-17 02:25:00+00:00,32.25,32.25,32.25,32.25,8260,0.0,0.0
2024-05-17 02:30:00+00:00,32.25,32.25,32.25,32.25,6101,0.0,0.0
2024-05-17 02:45:00+00:00,32.25,32.25,32.25,32.25,15000,0.0,0.0
2024-05-17 02:50:00+00:00,32.25,32.25,32.25,32.25,1100,0.0,0.0
2024-05-17 02:55:00+00:00,32.25,32.25,32.25,32.25,1052,0.0,0.0
2024-05-17 03:00:00+00:00,32.20000076293945,32.25,32.20000076293945,32.20000076293945,7000,0.0,0.0
2024-05-17 03:05:00+00:00,32.20000076293945,32.25,32.150001525878906,32.150001525878906,4000,0.0,0.0
2024-05-17 03:10:00+00:00,32.150001525878906,32.150001525878906,32.099998474121094,32.099998474121094,16493,0.0,0.0
2024-05-17 03:20:00+00:00,32.150001525878906,32.150001525878906,32.150001525878906,32.150001525878906,6000,0.0,0.0
2024-05-17 03:30:00+00:00,32.150001525878906,32.150001525878906,32.150001525878906,32.150001525878906,3100,0.0,0.0
2024-05-17 03:40:00+00:00,32.099998474121094,32.099998474121094,32.099998474121094,32.099998474121094,17000,0.0,0.0
2024-05-17 03:45:00+00:00,32.099998474121094,32.150001525878906,32.099998474121094,32.150001525878906,20050,0.0,0.0
2024-05-17 03:50:00+00:00,32.04999923706055,32.04999923706055,32.04999923706055,32.04999923706055,1000,0.0,0.0
2024-05-17 03:55:00+00:00,32.04999923706055,32.04999923706055,32.04999923706055,32.04999923706055,1594,0.0,0.0
2024-05-17 04:00:00+00:00,32.099998474121094,32.099998474121094,32.04999923706055,32.099998474121094,20542,0.0,0.0
2024-05-17 04:05:00+00:00,32.150001525878906,32.150001525878906,32.099998474121094,32.150001525878906,44032,0.0,0.0
2024-05-17 04:15:00+00:00,32.20000076293945,32.20000076293945,32.20000076293945,32.20000076293945,4000,0.0,0.0
2024-05-17 04:20:00+00:00,32.150001525878906,32.150001525878906,32.150001525878906,32.150001525878906,1040,0.0,0.0
2024-05-17 04:25:00+00:00,32.150001525878906,32.150001525878906,32.150001525878906,32.150001525878906,21000,0.0,0.0
2024-05-17 04:35:00+00:00,32.150001525878906,32.150001525878906,32.150001525878906,32.150001525878906,4172,0.0,0.0
2024-05-17 04:40:00+00:00,32.150001525878906,32.150001525878906,32.150001525878906,32.150001525878906,1000,0.0,0.0
2024-05-17 04:45:00+00:00,32.150001525878906,32.150001525878906,32.150001525878906,32.150001525878906,5000,0.0,0.0
2024-05-17 04:50:00+00:00,32.099998474121094,32.099998474121094,32.099998474121094,32.099998474121094,1000,0.0,0.0
2024-05-17 04:55:00+00:00,32.099998474121094,32.150001525878906,32.099998474121094,32.150001525878906,7018,0.0,0.0
2024-05-17 05:00:00+00:00,32.150001525878906,32.150001525878906,32.150001525878906,32.150001525878906,26000,0.0,0.0
2024-05-17 05:05:00+00:00,32.150001525878906,32.150001525878906,32.150001525878906,32.150001525878906,11000,0.0,0.0
2024-05-17 05:10:00+00:00,32.150001525878906,32.150001525878906,32.150001525878906,32.150001525878906,8000,0.0,0.0
2024-05-17 05:15:00+00:00,32.099998474121094,32.099998474121094,32.099998474121094,32.099998474121094,15000,0.0,0.0
2024-05-17 05:20:00+00:00,32.099998474121094,32.099998474121094,32.099998474121094,32.099998474121094,6000,0.0,0.0
2024-05-20 01:00:00+00:00,32.099998474121094,32.25,32.099998474121094,32.25,0,0.0,0.0
2024-05-20 01:05:00+00:00,32.29999923706055,32.29999923706055,32.25,32.25,3102,0.0,0.0
2024-05-20 01:10:00+00:00,32.150001525878906,32.150001525878906,32.150001525878906,32.150001525878906,7002,0.0,0.0
2024-05-20 01:15:00+00:00,32.150001525878906,32.150001525878906,32.150001525878906,32.150001525878906,2001,0.0,0.0
2024-05-20 01:20:00+00:00,32.150001525878906,32.25,32.150001525878906,32.25,4037,0.0,0.0
2024-05-20 01:25:00+00:00,32.25,32.25,32.20000076293945,32.20000076293945,3001,0.0,0.0
2024-05-20 01:30:00+00:00,32.150001525878906,32.150001525878906,32.150001525878906,32.150001525878906,1012,0.0,0.0
2024-05-20 01:35:00+00:00,32.150001525878906,32.20000076293945,32.150001525878906,32.20000076293945,12017,0.0,0.0
2024-05-20 01:40:00+00:00,32.25,32.29999923706055,32.25,32.29999923706055,26009,0.0,0.0
2024-05-20 01:45:00+00:00,32.349998474121094,32.400001525878906,32.349998474121094,32.400001525878906,20601,0.0,0.0
2024-05-20 01:50:00+00:00,32.349998474121094,32.349998474121094,32.349998474121094,32.349998474121094,10000,0.0,0.0
2024-05-20 01:55:00+00:00,32.29999923706055,32.400001525878906,32.29999923706055,32.349998474121094,10001,0.0,0.0
2024-05-20 02:00:00+00:00,32.400001525878906,32.400001525878906,32.400001525878906,32.400001525878906,18110,0.0,0.0
2024-05-20 02:05:00+00:00,32.400001525878906,32.400001525878906,32.400001525878906,32.400001525878906,1000,0.0,0.0
2024-05-20 02:10:00+00:00,32.349998474121094,32.349998474121094,32.349998474121094,32.349998474121094,1050,0.0,0.0
2024-05-20 02:15:00+00:00,32.29999923706055,32.29999923706055,32.25,32.25,23000,0.0,0.0
2024-05-20 02:20:00+00:00,32.25,32.25,32.25,32.25,1000,0.0,0.0
2024-05-20 02:25:00+00:00,32.25,32.25,32.25,32.25,3000,0.0,0.0
2024-05-20 02:30:00+00:00,32.25,32.25,32.25,32.25,2000,0.0,0.0
2024-05-20 02:35:00+00:00,32.29999923706055,32.349998474121094,32.29999923706055,32.349998474121094,24155,0.0,0.0
2024-05-20 02:40:00+00:00,32.349998474121094,32.349998474121094,32.349998474121094,32.349998474121094,11001,0.0,0.0
2024-05-20 02:45:00+00:00,32.349998474121094,32.349998474121094,32.349998474121094,32.349998474121094,2351,0.0,0.0
2024-05-20 02:50:00+00:00,32.349998474121094,32.349998474121094,32.349998474121094,32.349998474121094,1452,0.0,0.0
2024-05-20 03:05:00+00:00,32.349998474121094,32.400001525878906,32.349998474121094,32.349998474121094,4000,0.0,0.0
2024-05-20 03:10:00+00:00,32.349998474121094,32.349998474121094,32.349998474121094,32.349998474121094,11000,0.0,0.0
2024-05-20 03:15:00+00:00,32.400001525878906,32.400001525878906,32.349998474121094,32.349998474121094,3007,0.0,0.0
2024-05-20 03:20:00+00:00,32.349998474121094,32.349998474121094,32.349998474121094,32.349998474121094,3000,0.0,0.0
2024-05-20 03:25:00+00:00,32.349998474121094,32.349998474121094,32.349998474121094,32.349998474121094,1002,0.0,0.0
2024-05-20 03:35:00+00:00,32.29999923706055,32.29999923706055,32.29999923706055,32.29999923706055,21000,0.0,0.0
2024-05-20 03:40:00+00:00,32.25,32.25,32.25,32.25,13550,0.0,0.0
2024-05-20 03:50:00+00:00,32.20000076293945,32.20000076293945,32.20000076293945,32.20000076293945,14426,0.0,0.0
2024-05-20 03:55:00+00:00,32.20000076293945,32.20000076293945,32.20000076293945,32.20000076293945,2100,0.0,0.0
2024-05-20 04:00:00+00:00,32.20000076293945,32.20000076293945,32.150001525878906,32.150001525878906,17020,0.0,0.0
2024-05-20 04:05:00+00:00,32.20000076293945,32.20000076293945,32.150001525878906,32.150001525878906,4096,0.0,0.0
2024-05-20 04:25:00+00:00,32.150001525878906,32.150001525878906,32.150001525878906,32.150001525878906,1099,0.0,0.0
2024-05-20 04:30:00+00:00,32.25,32.25,32.25,32.25,1000,0.0,0.0
2024-05-20 04:40:00+00:00,32.20000076293945,32.20000076293945,32.20000076293945,32.20000076293945,2200,0.0,0.0
2024-05-20 04:45:00+00:00,32.20000076293945,32.20000076293945,32.20000076293945,32.20000076293945,1000,0.0,0.0
2024-05-20 04:50:00+00:00,32.20000076293945,32.20000076293945,32.20000076293945,32.20000076293945,3159,0.0,0.0
2024-05-20 04:55:00+00:00,32.20000076293945,32.20000076293945,32.20000076293945,32.20000076293945,3150,0.0,0.0
2024-05-20 05:00:00+00:00,32.150001525878906,32.150001525878906,32.150001525878906,32.150001525878906,2001,0.0,0.0
2024-05-20 05:05:00+00:00,32.150001525878906,32.150001525878906,32.150001525878906,32.150001525878906,1622,0.0,0.0
2024-05-20 05:10:00+00:00,32.25,32.25,32.20000076293945,32.20000076293945,2000,0.0,0.0
2024-05-20 05:15:00+00:00,32.25,32.25,32.25,32.25,4000,0.0,0.0
2024-05-20 05:20:00+00:00,32.20000076293945,32.20000076293945,32.150001525878906,32.20000076293945,21000,0.0,0.0
2024-05-21 01:00:00+00:00,32.29999923706055,32.349998474121094,32.29999923706055,32.349998474121094,0,0.0,0.0
2024-05-21 01:05:00+00:00,32.349998474121094,32.349998474121094,32.349998474121094,32.349998474121094,2236,0.0,0.0
2024-05-21 01:10:00+00:00,32.349998474121094,32.349998474121094,32.349998474121094,32.349998474121094,14002,0.0,0.0
2024-05-21 01:15:00+00:00,32.29999923706055,32.29999923706055,32.29999923706055,32.29999923706055,2000,0.0,0.0
2024-05-21 01:20:00+00:00,32.29999923706055,32.29999923706055,32.29999923706055,32.29999923706055,4037,0.0,0.0
2024-05-21 01:35:00+00:00,32.29999923706055,32.29999923706055,32.20000076293945,32.20000076293945,5000,0.0,0.0
2024-05-21 01:40:00+00:00,32.25,32.29999923706055,32.25,32.29999923706055,3496,0.0,0.0
2024-05-21 01:45:00+00:00,32.29999923706055,32.349998474121094,32.25,32.25,5014,0.0,0.0
2024-05-21 01:50:00+00:00,32.29999923706055,32.29999923706055,32.29999923706055,32.29999923706055,2092,0.0,0.0
2024-05-21 01:55:00+00:00,32.25,32.25,32.20000076293945,32.20000076293945,11900,0.0,0.0
2024-05-21 02:00:00+00:00,32.20000076293945,32.25,32.20000076293945,32.20000076293945,23000,0.0,0.0
2024-05-21 02:10:00+00:00,32.20000076293945,32.20000076293945,32.20000076293945,32.20000076293945,1000,0.0,0.0
2024-05-21 02:15:00+00:00,32.150001525878906,32.150001525878906,32.150001525878906,32.150001525878906,3000,0.0,0.0
2024-05-21 02:25:00+00:00,32.20000076293945,32.20000076293945,32.20000076293945,32.20000076293945,2000,0.0,0.0
2024-05-21 02:35:00+00:00,32.20000076293945,32.20000076293945,32.20000076293945,32.20000076293945,6000,0.0,0.0
2024-05-21 02:40:00+00:00,32.20000076293945,32.20000076293945,32.150001525878906,32.150001525878906,4000,0.0,0.0
2024-05-21 02:45:00+00:00,32.150001525878906,32.150001525878906,32.150001525878906,32.150001525878906,12000,0.0,0.0
2024-05-21 02:50:00+00:00,32.20000076293945,32.20000076293945,32.150001525878906,32.150001525878906,4105,0.0,0.0
2024-05-21 03:00:00+00:00,32.20000076293945,32.20000076293945,32.20000076293945,32.20000076293945,5363,0.0,0.0
2024-05-21 03:10:00+00:00,32.20000076293945,32.25,32.20000076293945,32.25,6019,0.0,0.0
2024-05-21 03:15:00+00:00,32.20000076293945,32.20000076293945,32.20000076293945,32.20000076293945,6018,0.0,0.0
2024-05-21 03:20:00+00:00,32.150001525878906,32.150001525878906,32.150001525878906,32.150001525878906,6100,0.0,0.0
2024-05-21 03:25:00+00:00,32.20000076293945,32.20000076293945,32.20000076293945,32.20000076293945,3000,0.0,0.0
2024-05-21 03:30:00+00:00,32.20000076293945,32.20000076293945,32.20000076293945,32.20000076293945,6001,0.0,0.0
2024-05-21 03:40:00+00:00,32.20000076293945,32.25,32.20000076293945,32.25,2000,0.0,0.0
2024-05-21 03:45:00+00:00,32.150001525878906,32.20000076293945,32.150001525878906,32.20000076293945,2000,0.0,0.0
2024-05-21 03:50:00+00:00,32.20000076293945,32.20000076293945,32.20000076293945,32.20000076293945,2000,0.0,0.0
2024-05-21 03:55:00+00:00,32.20000076293945,32.20000076293945,32.20000076293945,32.20000076293945,6000,0.0,0.0
2024-05-21 04:00:00+00:00,32.20000076293945,32.20000076293945,32.20000076293945,32.20000076293945,1100,0.0,0.0
2024-05-21 04:05:00+00:00,32.20000076293945,32.20000076293945,32.20000076293945,32.20000076293945,3500,0.0,0.0
2024-05-21 04:10:00+00:00,32.20000076293945,32.20000076293945,32.20000076293945,32.20000076293945,5030,0.0,0.0
2024-05-21 04:15:00+00:00,32.20000076293945,32.25,32.20000076293945,32.25,3001,0.0,0.0
2024-05-21 04:25:00+00:00,32.25,32.25,32.25,32.25,1000,0.0,0.0
2024-05-21 04:30:00+00:00,32.20000076293945,32.20000076293945,32.20000076293945,32.20000076293945,3025,0.0,0.0
2024-05-21 04:35:00+00:00,32.20000076293945,32.20000076293945,32.20000076293945,32.20000076293945,17000,0.0,0.0
2024-05-21 04:40:00+00:00,32.20000076293945,32.20000076293945,32.150001525878906,32.150001525878906,13000,0.0,0.0
2024-05-21 04:45:00+00:00,32.25,32.25,32.25,32.25,8050,0.0,0.0
2024-05-21 04:50:00+00:00,32.25,32.25,32.25,32.25,1035,0.0,0.0
2024-05-21 04:55:00+00:00,32.25,32.25,32.25,32.25,6155,0.0,0.0
2024-05-21 05:00:00+00:00,32.25,32.25,32.20000076293945,32.20000076293945,20169,0.0,0.0
2024-05-21 05:05:00+00:00,32.25,32.25,32.25,32.25,4000,0.0,0.0
2024-05-21 05:10:00+00:00,32.20000076293945,32.25,32.20000076293945,32.25,24135,0.0,0.0
2024-05-21 05:15:00+00:00,32.25,32.25,32.25,32.25,1000,0.0,0.0
2024-05-21 05:20:00+00:00,32.20000076293945,32.20000076293945,32.20000076293945,32.20000076293945,3253,0.0,0.0
2024-05-22 01:00:00+00:00,32.349998474121094,32.79999923706055,32.349998474121094,32.70000076293945,0,0.0,0.0
2024-05-22 01:05:00+00:00,32.70000076293945,32.70000076293945,32.599998474121094,32.599998474121094,17071,0.0,0.0
2024-05-22 01:10:00+00:00,32.599998474121094,32.70000076293945,32.599998474121094,32.70000076293945,42332,0.0,0.0
2024-05-22 01:15:00+00:00,32.70000076293945,32.75,32.70000076293945,32.70000076293945,45505,0.0,0.0
2024-05-22 01:20:00+00:00,32.70000076293945,32.70000076293945,32.54999923706055,32.54999923706055,27147,0.0,0.0
2024-05-22 01:25:00+00:00,32.599998474121094,32.70000076293945,32.599998474121094,32.70000076293945,26037,0.0,0.0
2024-05-22 01:30:00+00:00,32.650001525878906,32.650001525878906,32.650001525878906,32.650001525878906,1000,0.0,0.0
2024-05-22 01:35:00+00:00,32.599998474121094,32.599998474121094,32.599998474121094,32.599998474121094,9154,0.0,0.0
2024-05-22 01:40:00+00:00,32.599998474121094,32.650001525878906,32.599998474121094,32.650001525878906,43000,0.0,0.0
2024-05-22 01:45:00+00:00,32.650001525878906,32.70000076293945,32.650001525878906,32.70000076293945,35046,0.0,0.0
2024-05-22 01:50:00+00:00,32.70000076293945,32.70000076293945,32.70000076293945,32.70000076293945,13004,0.0,0.0
2024-05-22 01:55:00+00:00,32.70000076293945,32.70000076293945,32.70000076293945,32.70000076293945,4000,0.0,0.0
2024-05-22 02:00:00+00:00,32.650001525878906,32.650001525878906,32.650001525878906,32.650001525878906,2150,0.0,0.0
2024-05-22 02:05:00+00:00,32.70000076293945,32.70000076293945,32.70000076293945,32.70000076293945,2020,0.0,0.0
2024-05-22 02:10:00+00:00,32.70000076293945,32.70000076293945,32.70000076293945,32.70000076293945,5210,0.0,0.0
2024-05-22 02:15:00+00:00,32.70000076293945,32.70000076293945,32.70000076293945,32.70000076293945,28010,0.0,0.0
2024-05-22 02:20:00+00:00,32.70000076293945,32.70000076293945,32.650001525878906,32.650001525878906,39000,0.0,0.0
2024-05-22 02:25:00+00:00,32.650001525878906,32.70000076293945,32.599998474121094,32.70000076293945,6010,0.0,0.0
2024-05-22 02:30:00+00:00,32.70000076293945,32.70000076293945,32.70000076293945,32.70000076293945,4001,0.0,0.0
2024-05-22 02:35:00+00:00,32.70000076293945,32.70000076293945,32.70000076293945,32.70000076293945,8000,0.0,0.0
2024-05-22 02:40:00+00:00,32.70000076293945,32.70000076293945,32.650001525878906,32.650001525878906,6009,0.0,0.0
2024-05-22 02:45:00+00:00,32.70000076293945,32.70000076293945,32.70000076293945,32.70000076293945,4020,0.0,0.0
2024-05-22 02:50:00+00:00,32.70000076293945,32.70000076293945,32.70000076293945,32.70000076293945,1000,0.0,0.0
2024-05-22 02:55:00+00:00,32.650001525878906,32.650001525878906,32.54999923706055,32.54999923706055,36222,0.0,0.0
2024-05-22 03:00:00+00:00,32.599998474121094,32.599998474121094,32.54999923706055,32.54999923706055,10000,0.0,0.0
2024-05-22 03:15:00+00:00,32.54999923706055,32.54999923706055,32.54999923706055,32.54999923706055,1000,0.0,0.0
2024-05-22 03:20:00+00:00,32.54999923706055,32.54999923706055,32.54999923706055,32.54999923706055,1000,0.0,0.0
2024-05-22 03:25:00+00:00,32.54999923706055,32.54999923706055,32.54999923706055,32.54999923706055,1000,0.0,0.0
2024-05-22 03:30:00+00:00,32.599998474121094,32.599998474121094,32.599998474121094,32.599998474121094,16000,0.0,0.0
2024-05-22 03:35:00+00:00,32.650001525878906,32.650001525878906,32.650001525878906,32.650001525878906,2000,0.0,0.0
2024-05-22 03:40:00+00:00,32.599998474121094,32.650001525878906,32.599998474121094,32.650001525878906,3000,0.0,0.0
2024-05-22 03:45:00+00:00,32.650001525878906,32.650001525878906,32.599998474121094,32.599998474121094,13000,0.0,0.0
2024-05-22 03:50:00+00:00,32.599998474121094,32.599998474121094,32.599998474121094,32.599998474121094,3000,0.0,0.0
2024-05-22 03:55:00+00:00,32.599998474121094,32.599998474121094,32.599998474121094,32.599998474121094,4090,0.0,0.0
2024-05-22 04:05:00+00:00,32.599998474121094,32.599998474121094,32.599998474121094,32.599998474121094,20000,0.0,0.0
2024-05-22 04:10:00+00:00,32.650001525878906,32.70000076293945,32.650001525878906,32.70000076293945,31000,0.0,0.0
2024-05-22 04:15:00+00:00,32.70000076293945,32.75,32.650001525878906,32.75,11000,0.0,0.0
2024-05-22 04:20:00+00:00,32.75,32.75,32.70000076293945,32.75,14000,0.0,0.0
2024-05-22 04:25:00+00:00,32.70000076293945,32.70000076293945,32.70000076293945,32.70000076293945,3000,0.0,0.0
2024-05-22 04:30:00+00:00,32.70000076293945,32.70000076293945,32.70000076293945,32.70000076293945,9350,0.0,0.0
2024-05-22 04:40:00+00:00,32.70000076293945,32.75,32.70000076293945,32.70000076293945,12000,0.0,0.0
2024-05-22 04:45:00+00:00,32.70000076293945,32.70000076293945,32.70000076293945,32.70000076293945,4200,0.0,0.0
2024-05-22 04:50:00+00:00,32.650001525878906,32.70000076293945,32.650001525878906,32.70000076293945,2030,0.0,0.0
2024-05-22 04:55:00+00:00,32.70000076293945,32.70000076293945,32.650001525878906,32.650001525878906,3000,0.0,0.0
2024-05-22 05:00:00+00:00,32.650001525878906,32.650001525878906,32.650001525878906,32.650001525878906,4100,0.0,0.0
2024-05-22 05:05:00+00:00,32.650001525878906,32.650001525878906,32.650001525878906,32.650001525878906,12100,0.0,0.0
2024-05-22 05:10:00+00:00,32.70000076293945,32.70000076293945,32.70000076293945,32.70000076293945,37000,0.0,0.0
2024-05-22 05:15:00+00:00,32.70000076293945,32.70000076293945,32.70000076293945,32.70000076293945,18001,0.0,0.0
2024-05-22 05:20:00+00:00,32.70000076293945,32.70000076293945,32.599998474121094,32.70000076293945,71100,0.0,0.0
2024-05-23 01:00:00+00:00,32.79999923706055,32.79999923706055,32.599998474121094,32.599998474121094,0,0.0,0.0
2024-05-23 01:05:00+00:00,32.599998474121094,32.599998474121094,32.54999923706055,32.599998474121094,21101,0.0,0.0
2024-05-23 01:10:00+00:00,32.599998474121094,32.599998474121094,32.54999923706055,32.54999923706055,34259,0.0,0.0
2024-05-23 01:15:00+00:00,32.54999923706055,32.599998474121094,32.5,32.5,67000,0.0,0.0
2024-05-23 01:20:00+00:00,32.5,32.5,32.400001525878906,32.400001525878906,23426,0.0,0.0
2024-05-23 01:25:00+00:00,32.400001525878906,32.400001525878906,32.400001525878906,32.400001525878906,10024,0.0,0.0
2024-05-23 01:30:00+00:00,32.45000076293945,32.45000076293945,32.45000076293945,32.45000076293945,1000,0.0,0.0
2024-05-23 01:35:00+00:00,32.45000076293945,32.5,32.45000076293945,32.5,10000,0.0,0.0
2024-05-23 01:40:00+00:00,32.5,32.5,32.5,32.5,6001,0.0,0.0
2024-05-23 01:45:00+00:00,32.5,32.5,32.5,32.5,3115,0.0,0.0
2024-05-23 01:50:00+00:00,32.5,32.5,32.45000076293945,32.45000076293945,19000,0.0,0.0
2024-05-23 01:55:00+00:00,32.45000076293945,32.45000076293945,32.45000076293945,32.45000076293945,6000,0.0,0.0
2024-05-23 02:00:00+00:00,32.45000076293945,32.45000076293945,32.45000076293945,32.45000076293945,7000,0.0,0.0
2024-05-23 02:05:00+00:00,32.45000076293945,32.45000076293945,32.349998474121094,32.349998474121094,33088,0.0,0.0
2024-05-23 02:10:00+00:00,32.349998474121094,32.349998474121094,32.349998474121094,32.349998474121094,1147,0.0,0.0
2024-05-23 02:20:00+00:00,32.400001525878906,32.400001525878906,32.400001525878906,32.400001525878906,4000,0.0,0.0
2024-05-23 02:35:00+00:00,32.349998474121094,32.349998474121094,32.349998474121094,32.349998474121094,1000,0.0,0.0
2024-05-23 02:40:00+00:00,32.349998474121094,32.349998474121094,32.25,32.29999923706055,48339,0.0,0.0
2024-05-23 02:45:00+00:00,32.29999923706055,32.29999923706055,32.25,32.25,7010,0.0,0.0
2024-05-23 02:50:00+00:00,32.25,32.29999923706055,32.25,32.25,13000,0.0,0.0
2024-05-23 02:55:00+00:00,32.25,32.29999923706055,32.25,32.29999923706055,13000,0.0,0.0
2024-05-23 03:00:00+00:00,32.29999923706055,32.29999923706055,32.29999923706055,32.29999923706055,6000,0.0,0.0
2024-05-23 03:05:00+00:00,32.29999923706055,32.29999923706055,32.29999923706055,32.29999923706055,5000,0.0,0.0
2024-05-23 03:10:00+00:00,32.29999923706055,32.29999923706055,32.29999923706055,32.29999923706055,2000,0.0,0.0
2024-05-23 03:15:00+00:00,32.29999923706055,32.29999923706055,32.29999923706055,32.29999923706055,4000,0.0,0.0
2024-05-23 03:20:00+00:00,32.29999923706055,32.29999923706055,32.25,32.25,18000,0.0,0.0
2024-05-23 03:35:00+00:00,32.25,32.25,32.25,32.25,1200,0.0,0.0
2024-05-23 03:40:00+00:00,32.25,32.25,32.25,32.25,5000,0.0,0.0
2024-05-23 03:55:00+00:00,32.25,32.29999923706055,32.25,32.29999923706055,4000,0.0,0.0
2024-05-23 04:00:00+00:00,32.29999923706055,32.29999923706055,32.29999923706055,32.29999923706055,1000,0.0,0.0
2024-05-23 04:10:00+00:00,32.29999923706055,32.29999923706055,32.29999923706055,32.29999923706055,7000,0.0,0.0
2024-05-23 04:15:00+00:00,32.29999923706055,32.29999923706055,32.29999923706055,32.29999923706055,10000,0.0,0.0
2024-05-23 04:20:00+00:00,32.29999923706055,32.29999923706055,32.29999923706055,32.29999923706055,7000,0.0,0.0
2024-05-23 04:25:00+00:00,32.29999923706055,32.29999923706055,32.29999923706055,32.29999923706055,1000,0.0,0.0
2024-05-23 04:30:00+00:00,32.25,32.25,32.25,32.25,6000,0.0,0.0
2024-05-23 04:35:00+00:00,32.25,32.25,32.25,32.25,33000,0.0,0.0
2024-05-23 04:40:00+00:00,32.25,32.25,32.20000076293945,32.20000076293945,4000,0.0,0.0
2024-05-23 04:45:00+00:00,32.25,32.25,32.20000076293945,32.20000076293945,4000,0.0,0.0
2024-05-23 04:50:00+00:00,32.25,32.25,32.25,32.25,1797,0.0,0.0
2024-05-23 04:55:00+00:00,32.20000076293945,32.20000076293945,32.20000076293945,32.20000076293945,8126,0.0,0.0
2024-05-23 05:00:00+00:00,32.20000076293945,32.20000076293945,32.20000076293945,32.20000076293945,4000,0.0,0.0
2024-05-23 05:05:00+00:00,32.20000076293945,32.20000076293945,32.20000076293945,32.20000076293945,13000,0.0,0.0
2024-05-23 05:10:00+00:00,32.20000076293945,32.20000076293945,32.150001525878906,32.150001525878906,25480,0.0,0.0
2024-05-23 05:15:00+00:00,32.099998474121094,32.150001525878906,32.099998474121094,32.150001525878906,6034,0.0,0.0
2024-05-23 05:20:00+00:00,32.150001525878906,32.150001525878906,32.099998474121094,32.099998474121094,42183,0.0,0.0
2024-05-24 01:00:00+00:00,32.099998474121094,32.099998474121094,31.75,31.899999618530273,0,0.0,0.0
2024-05-24 01:05:00+00:00,31.899999618530273,31.899999618530273,31.799999237060547,31.799999237060547,52211,0.0,0.0
2024-05-24 01:10:00+00:00,31.950000762939453,31.950000762939453,31.799999237060547,31.950000762939453,67000,0.0,0.0
2024-05-24 01:15:00+00:00,31.899999618530273,31.950000762939453,31.799999237060547,31.950000762939453,47000,0.0,0.0
2024-05-24 01:20:00+00:00,31.850000381469727,31.850000381469727,31.799999237060547,31.799999237060547,20000,0.0,0.0
2024-05-24 01:25:00+00:00,31.799999237060547,31.850000381469727,31.799999237060547,31.799999237060547,41363,0.0,0.0
2024-05-24 01:30:00+00:00,31.850000381469727,31.899999618530273,31.799999237060547,31.799999237060547,35000,0.0,0.0
2024-05-24 01:35:00+00:00,31.950000762939453,31.950000762939453,31.950000762939453,31.950000762939453,5001,0.0,0.0
2024-05-24 01:40:00+00:00,32.0,32.04999923706055,32.0,32.04999923706055,17036,0.0,0.0
2024-05-24 01:45:00+00:00,32.04999923706055,32.099998474121094,32.04999923706055,32.099998474121094,7000,0.0,0.0
2024-05-24 01:50:00+00:00,32.099998474121094,32.150001525878906,32.099998474121094,32.150001525878906,11200,0.0,0.0
2024-05-24 01:55:00+00:00,32.099998474121094,32.099998474121094,32.099998474121094,32.099998474121094,1001,0.0,0.0
2024-05-24 02:00:00+00:00,32.099998474121094,32.150001525878906,32.099998474121094,32.099998474121094,12078,0.0,0.0
2024-05-24 02:05:00+00:00,32.099998474121094,32.29999923706055,32.099998474121094,32.099998474121094,34018,0.0,0.0
2024-05-24 02:15:00+00:00,32.099998474121094,32.150001525878906,32.099998474121094,32.099998474121094,6002,0.0,0.0
2024-05-24 02:25:00+00:00,32.04999923706055,32.04999923706055,32.04999923706055,32.04999923706055,3020,0.0,0.0
2024-05-24 02:35:00+00:00,32.04999923706055,32.04999923706055,32.04999923706055,32.04999923706055,5100,0.0,0.0
2024-05-24 02:40:00+00:00,32.0,32.0,32.0,32.0,5000,0.0,0.0
2024-05-24 02:45:00+00:00,32.0,32.0,32.0,32.0,18000,0.0,0.0
2024-05-24 02:50:00+00:00,32.04999923706055,32.04999923706055,32.04999923706055,32.04999923706055,1157,0.0,0.0
2024-05-24 03:00:00+00:00,32.0,32.0,32.0,32.0,3000,0.0,0.0
2024-05-24 03:05:00+00:00,32.0,32.04999923706055,32.0,32.04999923706055,6000,0.0,0.0
2024-05-24 03:10:00+00:00,32.04999923706055,32.04999923706055,32.04999923706055,32.04999923706055,2500,0.0,0.0
2024-05-24 03:15:00+00:00,32.04999923706055,32.04999923706055,32.04999923706055,32.04999923706055,8000,0.0,0.0
2024-05-24 03:25:00+00:00,32.099998474121094,32.099998474121094,32.099998474121094,32.099998474121094,5000,0.0,0.0
2024-05-24 03:30:00+00:00,32.04999923706055,32.04999923706055,32.04999923706055,32.04999923706055,3000,0.0,0.0
2024-05-24 03:35:00+00:00,32.04999923706055,32.04999923706055,32.0,32.0,3000,0.0,0.0
2024-05-24 03:40:00+00:00,32.0,32.0,31.950000762939453,31.950000762939453,15000,0.0,0.0
2024-05-24 03:45:00+00:00,32.0,32.0,32.0,32.0,6000,0.0,0.0
2024-05-24 03:50:00+00:00,32.0,32.04999923706055,32.0,32.04999923706055,9001,0.0,0.0
2024-05-24 03:55:00+00:00,32.04999923706055,32.04999923706055,32.04999923706055,32.04999923706055,2000,0.0,0.0
2024-05-24 04:00:00+00:00,32.04999923706055,32.04999923706055,32.04999923706055,32.04999923706055,2000,0.0,0.0
2024-05-24 04:05:00+00:00,32.04999923706055,32.04999923706055,32.0,32.0,13050,0.0,0.0
2024-05-24 04:10:00+00:00,32.0,32.099998474121094,32.0,32.099998474121094,4000,0.0,0.0
2024-05-24 04:15:00+00:00,32.099998474121094,32.099998474121094,32.099998474121094,32.099998474121094,1001,0.0,0.0
2024-05-24 04:25:00+00:00,32.04999923706055,32.04999923706055,32.04999923706055,32.04999923706055,5000,0.0,0.0
2024-05-24 04:30:00+00:00,32.04999923706055,32.04999923706055,32.04999923706055,32.04999923706055,2000,0.0,0.0
2024-05-24 04:35:00+00:00,32.04999923706055,32.099998474121094,32.04999923706055,32.099998474121094,11183,0.0,0.0
2024-05-24 04:40:00+00:00,32.04999923706055,32.04999923706055,32.04999923706055,32.04999923706055,2200,0.0,0.0
2024-05-24 04:45:00+00:00,32.04999923706055,32.04999923706055,32.04999923706055,32.04999923706055,1000,0.0,0.0
2024-05-24 04:50:00+00:00,32.04999923706055,32.099998474121094,32.04999923706055,32.099998474121094,39000,0.0,0.0
2024-05-24 04:55:00+00:00,32.099998474121094,32.150001525878906,32.099998474121094,32.150001525878906,4001,0.0,0.0
2024-05-24 05:00:00+00:00,32.150001525878906,32.150001525878906,32.150001525878906,32.150001525878906,1000,0.0,0.0
2024-05-24 05:05:00+00:00,32.099998474121094,32.099998474121094,32.099998474121094,32.099998474121094,2000,0.0,0.0
2024-05-24 05:10:00+00:00,32.150001525878906,32.20000076293945,32.150001525878906,32.20000076293945,11000,0.0,0.0
2024-05-24 05:15:00+00:00,32.20000076293945,32.20000076293945,32.20000076293945,32.20000076293945,10200,0.0,0.0
2024-05-24 05:20:00+00:00,32.25,32.25,32.20000076293945,32.20000076293945,8050,0.0,0.0
2024-05-27 01:00:00+00:00,32.20000076293945,32.79999923706055,32.20000076293945,32.650001525878906,0,0.0,0.0
2024-05-27 01:05:00+00:00,32.650001525878906,32.650001525878906,32.5,32.599998474121094,13206,0.0,0.0
2024-05-27 01:10:00+00:00,32.599998474121094,32.599998474121094,32.5,32.5,18100,0.0,0.0
2024-05-27 01:15:00+00:00,32.5,32.599998474121094,32.45000076293945,32.599998474121094,26000,0.0,0.0
2024-05-27 01:20:00+00:00,32.54999923706055,32.54999923706055,32.54999923706055,32.54999923706055,2237,0.0,0.0
2024-05-27 01:30:00+00:00,32.45000076293945,32.45000076293945,32.45000076293945,32.45000076293945,4000,0.0,0.0
2024-05-27 01:35:00+00:00,32.400001525878906,32.400001525878906,32.25,32.349998474121094,28000,0.0,0.0
2024-05-27 01:40:00+00:00,32.349998474121094,32.349998474121094,32.349998474121094,32.349998474121094,3005,0.0,0.0
2024-05-27 01:45:00+00:00,32.349998474121094,32.349998474121094,32.349998474121094,32.349998474121094,8000,0.0,0.0
2024-05-27 01:50:00+00:00,32.400001525878906,32.45000076293945,32.400001525878906,32.45000076293945,3003,0.0,0.0
2024-05-27 01:55:00+00:00,32.45000076293945,32.45000076293945,32.400001525878906,32.45000076293945,8097,0.0,0.0
2024-05-27 02:00:00+00:00,32.45000076293945,32.45000076293945,32.45000076293945,32.45000076293945,6000,0.0,0.0
2024-05-27 02:05:00+00:00,32.45000076293945,32.5,32.45000076293945,32.5,10000,0.0,0.0
2024-05-27 02:10:00+00:00,32.5,32.5,32.5,32.5,6000,0.0,0.0
2024-05-27 02:15:00+00:00,32.45000076293945,32.5,32.45000076293945,32.5,9000,0.0,0.0
2024-05-27 02:20:00+00:00,32.5,32.5,32.5,32.5,14000,0.0,0.0
2024-05-27 02:25:00+00:00,32.5,32.5,32.5,32.5,6000,0.0,0.0
2024-05-27 02:30:00+00:00,32.5,32.5,32.400001525878906,32.5,13000,0.0,0.0
2024-05-27 02:35:00+00:00,32.5,32.5,32.5,32.5,7002,0.0,0.0
2024-05-27 02:40:00+00:00,32.5,32.599998474121094,32.5,32.599998474121094,24001,0.0,0.0
2024-05-27 02:45:00+00:00,32.54999923706055,32.54999923706055,32.54999923706055,32.54999923706055,1000,0.0,0.0
2024-05-27 02:50:00+00:00,32.54999923706055,32.54999923706055,32.54999923706055,32.54999923706055,11000,0.0,0.0
2024-05-27 02:55:00+00:00,32.54999923706055,32.54999923706055,32.54999923706055,32.54999923706055,1015,0.0,0.0
2024-05-27 03:00:00+00:00,32.54999923706055,32.54999923706055,32.54999923706055,32.54999923706055,8000,0.0,0.0
2024-05-27 03:05:00+00:00,32.599998474121094,32.599998474121094,32.599998474121094,32.599998474121094,31000,0.0,0.0
2024-05-27 03:10:00+00:00,32.599998474121094,32.599998474121094,32.599998474121094,32.599998474121094,7000,0.0,0.0
2024-05-27 03:15:00+00:00,32.599998474121094,32.599998474121094,32.599998474121094,32.599998474121094,3050,0.0,0.0
2024-05-27 03:20:00+00:00,32.599998474121094,32.599998474121094,32.599998474121094,32.599998474121094,5003,0.0,0.0
2024-05-27 03:25:00+00:00,32.599998474121094,32.650001525878906,32.599998474121094,32.650001525878906,3002,0.0,0.0
2024-05-27 03:35:00+00:00,32.599998474121094,32.599998474121094,32.599998474121094,32.599998474121094,7094,0.0,0.0
2024-05-27 03:45:00+00:00,32.599998474121094,32.599998474121094,32.599998474121094,32.599998474121094,1000,0.0,0.0
2024-05-27 03:50:00+00:00,32.599998474121094,32.599998474121094,32.599998474121094,32.599998474121094,1098,0.0,0.0
2024-05-27 04:00:00+00:00,32.599998474121094,32.599998474121094,32.599998474121094,32.599998474121094,3000,0.0,0.0
2024-05-27 04:05:00+00:00,32.54999923706055,32.54999923706055,32.54999923706055,32.54999923706055,2000,0.0,0.0
2024-05-27 04:10:00+00:00,32.54999923706055,32.54999923706055,32.54999923706055,32.54999923706055,9050,0.0,0.0
2024-05-27 04:15:00+00:00,32.54999923706055,32.54999923706055,32.54999923706055,32.54999923706055,4000,0.0,0.0
2024-05-27 04:20:00+00:00,32.5,32.5,32.5,32.5,1200,0.0,0.0
2024-05-27 04:25:00+00:00,32.5,32.5,32.5,32.5,1081,0.0,0.0
2024-05-27 04:30:00+00:00,32.54999923706055,32.54999923706055,32.54999923706055,32.54999923706055,7300,0.0,0.0
2024-05-27 04:40:00+00:00,32.54999923706055,32.54999923706055,32.54999923706055,32.54999923706055,10000,0.0,0.0
2024-05-27 04:45:00+00:00,32.54999923706055,32.54999923706055,32.54999923706055,32.54999923706055,5015,0.0,0.0
2024-05-27 04:50:00+00:00,32.54999923706055,32.54999923706055,32.54999923706055,32.54999923706055,11015,0.0,0.0
2024-05-27 04:55:00+00:00,32.599998474121094,32.599998474121094,32.599998474121094,32.599998474121094,3000,0.0,0.0
2024-05-27 05:00:00+00:00,32.599998474121094,32.599998474121094,32.599998474121094,32.599998474121094,5000,0.0,0.0
2024-05-27 05:05:00+00:00,32.54999923706055,32.54999923706055,32.54999923706055,32.54999923706055,11002,0.0,0.0
2024-05-27 05:10:00+00:00,32.54999923706055,32.599998474121094,32.54999923706055,32.54999923706055,13284,0.0,0.0
2024-05-27 05:15:00+00:00,32.54999923706055,32.599998474121094,32.54999923706055,32.54999923706055,6001,0.0,0.0
2024-05-27 05:20:00+00:00,32.54999923706055,32.54999923706055,32.54999923706055,32.54999923706055,7002,0.0,0.0
2024-05-28 01:00:00+00:00,32.54999923706055,32.79999923706055,32.54999923706055,32.70000076293945,0,0.0,0.0
2024-05-28 01:05:00+00:00,32.70000076293945,32.75,32.70000076293945,32.75,11002,0.0,0.0
2024-05-28 01:10:00+00:00,32.70000076293945,32.75,32.70000076293945,32.70000076293945,13100,0.0,0.0
2024-05-28 01:15:00+00:00,32.650001525878906,32.70000076293945,32.650001525878906,32.70000076293945,10484,0.0,0.0
2024-05-28 01:20:00+00:00,32.75,32.75,32.70000076293945,32.70000076293945,17044,0.0,0.0
2024-05-28 01:25:00+00:00,32.70000076293945,32.70000076293945,32.650001525878906,32.650001525878906,10000,0.0,0.0
2024-05-28 01:30:00+00:00,32.650001525878906,32.70000076293945,32.650001525878906,32.650001525878906,18037,0.0,0.0
2024-05-28 01:35:00+00:00,32.650001525878906,32.650001525878906,32.650001525878906,32.650001525878906,3000,0.0,0.0
2024-05-28 01:40:00+00:00,32.599998474121094,32.650001525878906,32.599998474121094,32.650001525878906,6100,0.0,0.0
2024-05-28 01:50:00+00:00,32.650001525878906,32.70000076293945,32.650001525878906,32.70000076293945,23794,0.0,0.0
2024-05-28 01:55:00+00:00,32.75,32.849998474121094,32.75,32.849998474121094,66884,0.0,0.0
2024-05-28 02:00:00+00:00,32.849998474121094,32.849998474121094,32.79999923706055,32.79999923706055,33000,0.0,0.0
2024-05-28 02:05:00+00:00,32.79999923706055,32.79999923706055,32.79999923706055,32.79999923706055,10000,0.0,0.0
2024-05-28 02:10:00+00:00,32.79999923706055,32.79999923706055,32.650001525878906,32.70000076293945,33500,0.0,0.0
2024-05-28 02:15:00+00:00,32.70000076293945,32.70000076293945,32.650001525878906,32.650001525878906,10000,0.0,0.0
2024-05-28 02:20:00+00:00,32.75,32.79999923706055,32.75,32.79999923706055,7300,0.0,0.0
2024-05-28 02:25:00+00:00,32.75,32.75,32.75,32.75,18000,0.0,0.0
2024-05-28 02:30:00+00:00,32.75,32.75,32.70000076293945,32.70000076293945,10000,0.0,0.0
2024-05-28 02:35:00+00:00,32.70000076293945,32.75,32.70000076293945,32.75,40000,0.0,0.0
2024-05-28 02:40:00+00:00,32.75,32.75,32.75,32.75,2154,0.0,0.0
2024-05-28 02:55:00+00:00,32.70000076293945,32.70000076293945,32.650001525878906,32.650001525878906,17041,0.0,0.0
2024-05-28 03:00:00+00:00,32.70000076293945,32.70000076293945,32.70000076293945,32.70000076293945,4150,0.0,0.0
2024-05-28 03:05:00+00:00,32.650001525878906,32.650001525878906,32.650001525878906,32.650001525878906,7000,0.0,0.0
2024-05-28 03:10:00+00:00,32.70000076293945,32.70000076293945,32.70000076293945,32.70000076293945,1000,0.0,0.0
2024-05-28 03:15:00+00:00,32.70000076293945,32.70000076293945,32.70000076293945,32.70000076293945,5001,0.0,0.0
2024-05-28 03:20:00+00:00,32.70000076293945,32.70000076293945,32.650001525878906,32.650001525878906,2001,0.0,0.0
2024-05-28 03:35:00+00:00,32.70000076293945,32.70000076293945,32.70000076293945,32.70000076293945,1000,0.0,0.0
2024-05-28 03:40:00+00:00,32.70000076293945,32.79999923706055,32.70000076293945,32.79999923706055,29000,0.0,0.0
2024-05-28 03:45:00+00:00,32.70000076293945,32.70000076293945,32.70000076293945,32.70000076293945,14000,0.0,0.0
2024-05-28 03:50:00+00:00,32.70000076293945,32.70000076293945,32.70000076293945,32.70000076293945,6158,0.0,0.0
2024-05-28 03:55:00+00:00,32.70000076293945,32.70000076293945,32.70000076293945,32.70000076293945,5005,0.0,0.0
2024-05-28 04:05:00+00:00,32.70000076293945,32.70000076293945,32.599998474121094,32.599998474121094,60100,0.0,0.0
2024-05-28 04:10:00+00:00,32.70000076293945,32.75,32.70000076293945,32.75,20000,0.0,0.0
2024-05-28 04:15:00+00:00,32.75,32.75,32.75,32.75,1000,0.0,0.0
2024-05-28 04:25:00+00:00,32.75,32.75,32.75,32.75,9000,0.0,0.0
2024-05-28 04:30:00+00:00,32.75,32.75,32.75,32.75,5000,0.0,0.0
2024-05-28 04:35:00+00:00,32.75,32.75,32.75,32.75,1100,0.0,0.0
2024-05-28 04:40:00+00:00,32.75,32.75,32.70000076293945,32.75,10000,0.0,0.0
2024-05-28 04:45:00+00:00,32.75,32.79999923706055,32.75,32.79999923706055,13042,0.0,0.0
2024-05-28 04:50:00+00:00,32.79999923706055,32.79999923706055,32.75,32.75,10000,0.0,0.0
2024-05-28 04:55:00+00:00,32.75,32.79999923706055,32.75,32.79999923706055,45030,0.0,0.0
2024-05-28 05:00:00+00:00,32.79999923706055,32.849998474121094,32.79999923706055,32.79999923706055,16500,0.0,0.0
2024-05-28 05:05:00+00:00,32.79999923706055,32.79999923706055,32.79999923706055,32.79999923706055,7000,0.0,0.0
2024-05-28 05:10:00+00:00,32.79999923706055,32.849998474121094,32.79999923706055,32.849998474121094,5000,0.0,0.0
2024-05-28 05:15:00+00:00,32.849998474121094,32.900001525878906,32.849998474121094,32.849998474121094,37458,0.0,0.0
2024-05-28 05:20:00+00:00,32.900001525878906,32.900001525878906,32.849998474121094,32.900001525878906,27504,0.0,0.0
2024-05-29 01:00:00+00:00,32.95000076293945,33.150001525878906,32.95000076293945,33.099998474121094,39000,0.0,0.0
2024-05-29 01:05:00+00:00,33.099998474121094,33.099998474121094,33.0,33.0,19000,0.0,0.0
2024-05-29 01:10:00+00:00,32.95000076293945,32.95000076293945,32.95000076293945,32.95000076293945,6511,0.0,0.0
2024-05-29 01:15:00+00:00,32.900001525878906,32.900001525878906,32.79999923706055,32.79999923706055,40726,0.0,0.0
2024-05-29 01:20:00+00:00,32.79999923706055,32.849998474121094,32.79999923706055,32.849998474121094,5000,0.0,0.0
2024-05-29 01:25:00+00:00,32.849998474121094,32.900001525878906,32.849998474121094,32.900001525878906,12000,0.0,0.0
2024-05-29 01:30:00+00:00,32.95000076293945,33.0,32.95000076293945,33.0,14446,0.0,0.0
2024-05-29 01:35:00+00:00,33.0,33.0,32.95000076293945,32.95000076293945,27380,0.0,0.0
2024-05-29 01:40:00+00:00,32.900001525878906,32.900001525878906,32.900001525878906,32.900001525878906,16100,0.0,0.0
2024-05-29 01:45:00+00:00,32.900001525878906,32.900001525878906,32.900001525878906,32.900001525878906,4000,0.0,0.0
2024-05-29 01:50:00+00:00,33.0,33.0,33.0,33.0,17000,0.0,0.0
2024-05-29 01:55:00+00:00,33.0,33.0,32.95000076293945,33.0,29681,0.0,0.0
2024-05-29 02:00:00+00:00,33.0,33.0,33.0,33.0,7600,0.0,0.0
2024-05-29 02:05:00+00:00,32.95000076293945,32.95000076293945,32.95000076293945,32.95000076293945,9000,0.0,0.0
2024-05-29 02:10:00+00:00,33.0,33.0,33.0,33.0,36086,0.0,0.0
2024-05-29 02:15:00+00:00,33.0,33.04999923706055,33.0,33.0,7000,0.0,0.0
2024-05-29 02:20:00+00:00,33.04999923706055,33.04999923706055,33.04999923706055,33.04999923706055,15000,0.0,0.0
2024-05-29 02:25:00+00:00,33.04999923706055,33.150001525878906,33.04999923706055,33.099998474121094,75466,0.0,0.0
2024-05-29 02:30:00+00:00,33.04999923706055,33.20000076293945,33.04999923706055,33.150001525878906,62108,0.0,0.0
2024-05-29 02:35:00+00:00,33.150001525878906,33.20000076293945,33.150001525878906,33.150001525878906,18400,0.0,0.0
2024-05-29 02:40:00+00:00,33.150001525878906,33.150001525878906,33.099998474121094,33.099998474121094,11011,0.0,0.0
2024-05-29 02:45:00+00:00,33.150001525878906,33.150001525878906,33.150001525878906,33.150001525878906,2014,0.0,0.0
2024-05-29 02:50:00+00:00,33.099998474121094,33.099998474121094,33.099998474121094,33.099998474121094,6001,0.0,0.0
2024-05-29 02:55:00+00:00,33.150001525878906,33.150001525878906,33.099998474121094,33.099998474121094,15050,0.0,0.0
2024-05-29 03:00:00+00:00,33.099998474121094,33.099998474121094,33.099998474121094,33.099998474121094,11343,0.0,0.0
2024-05-29 03:05:00+00:00,33.099998474121094,33.150001525878906,33.099998474121094,33.150001525878906,6000,0.0,0.0
2024-05-29 03:10:00+00:00,33.150001525878906,33.150001525878906,33.099998474121094,33.150001525878906,14001,0.0,0.0
2024-05-29 03:15:00+00:00,33.150001525878906,33.150001525878906,33.099998474121094,33.099998474121094,0,0.0,0.0
2024-05-29 03:20:00+00:00,33.099998474121094,33.099998474121094,33.099998474121094,33.099998474121094,530924,0.0,0.0
2024-05-29 03:25:00+00:00,33.099998474121094,33.099998474121094,33.04999923706055,33.04999923706055,14000,0.0,0.0
2024-05-29 03:30:00+00:00,33.099998474121094,33.099998474121094,33.04999923706055,33.099998474121094,8000,0.0,0.0
2024-05-29 03:35:00+00:00,33.099998474121094,33.099998474121094,33.099998474121094,33.099998474121094,3001,0.0,0.0
2024-05-29 03:40:00+00:00,33.099998474121094,33.099998474121094,33.099998474121094,33.099998474121094,4000,0.0,0.0
2024-05-29 03:45:00+00:00,33.099998474121094,33.099998474121094,33.099998474121094,33.099998474121094,7150,0.0,0.0
2024-05-29 03:50:00+00:00,33.04999923706055,33.04999923706055,33.04999923706055,33.04999923706055,2000,0.0,0.0
2024-05-29 03:55:00+00:00,33.099998474121094,33.099998474121094,33.099998474121094,33.099998474121094,2500,0.0,0.0
2024-05-29 04:00:00+00:00,33.04999923706055,33.04999923706055,33.04999923706055,33.04999923706055,1000,0.0,0.0
2024-05-29 04:05:00+00:00,33.099998474121094,33.150001525878906,33.099998474121094,33.150001525878906,24000,0.0,0.0
2024-05-29 04:10:00+00:00,33.150001525878906,33.150001525878906,33.099998474121094,33.099998474121094,17000,0.0,0.0
2024-05-29 04:15:00+00:00,33.099998474121094,33.150001525878906,33.099998474121094,33.150001525878906,6000,0.0,0.0
2024-05-29 04:25:00+00:00,33.150001525878906,33.150001525878906,33.099998474121094,33.099998474121094,13000,0.0,0.0
2024-05-29 04:30:00+00:00,33.099998474121094,33.099998474121094,33.099998474121094,33.099998474121094,6095,0.0,0.0
2024-05-29 04:35:00+00:00,33.099998474121094,33.099998474121094,33.099998474121094,33.099998474121094,8000,0.0,0.0
2024-05-29 04:40:00+00:00,33.099998474121094,33.099998474121094,33.04999923706055,33.04999923706055,11000,0.0,0.0
2024-05-29 04:45:00+00:00,33.099998474121094,33.099998474121094,33.099998474121094,33.099998474121094,3000,0.0,0.0
2024-05-29 04:50:00+00:00,33.099998474121094,33.099998474121094,33.099998474121094,33.099998474121094,1000,0.0,0.0
2024-05-29 04:55:00+00:00,33.099998474121094,33.150001525878906,33.099998474121094,33.150001525878906,4023,0.0,0.0
2024-05-29 05:00:00+00:00,33.150001525878906,33.150001525878906,33.099998474121094,33.150001525878906,15000,0.0,0.0
2024-05-29 05:05:00+00:00,33.150001525878906,33.150001525878906,33.099998474121094,33.099998474121094,13000,0.0,0.0
2024-05-29 05:10:00+00:00,33.150001525878906,33.150001525878906,33.150001525878906,33.150001525878906,11100,0.0,0.0
2024-05-29 05:15:00+00:00,33.099998474121094,33.150001525878906,33.099998474121094,33.099998474121094,13253,0.0,0.0
2024-05-29 05:20:00+00:00,33.150001525878906,33.150001525878906,33.099998474121094,33.099998474121094,15569,0.0,0.0
2024-05-30 01:00:00+00:00,33.0,33.0,32.70000076293945,32.75,0,0.0,0.0
2024-05-30 01:05:00+00:00,32.75,32.79999923706055,32.75,32.79999923706055,7203,0.0,0.0
2024-05-30 01:10:00+00:00,32.95000076293945,33.04999923706055,32.95000076293945,33.04999923706055,12000,0.0,0.0
2024-05-30 01:15:00+00:00,33.099998474121094,33.099998474121094,33.0,33.04999923706055,14896,0.0,0.0
2024-05-30 01:20:00+00:00,33.04999923706055,33.04999923706055,33.04999923706055,33.04999923706055,12001,0.0,0.0
2024-05-30 01:25:00+00:00,33.099998474121094,33.099998474121094,33.099998474121094,33.099998474121094,2000,0.0,0.0
2024-05-30 01:30:00+00:00,33.099998474121094,33.099998474121094,33.099998474121094,33.099998474121094,3000,0.0,0.0
2024-05-30 01:35:00+00:00,33.04999923706055,33.099998474121094,33.04999923706055,33.04999923706055,14100,0.0,0.0
2024-05-30 01:40:00+00:00,33.04999923706055,33.04999923706055,33.04999923706055,33.04999923706055,2091,0.0,0.0
2024-05-30 01:45:00+00:00,33.04999923706055,33.099998474121094,33.04999923706055,33.099998474121094,6174,0.0,0.0
2024-05-30 01:50:00+00:00,33.099998474121094,33.150001525878906,33.099998474121094,33.150001525878906,3050,0.0,0.0
2024-05-30 01:55:00+00:00,33.099998474121094,33.099998474121094,33.099998474121094,33.099998474121094,8000,0.0,0.0
2024-05-30 02:00:00+00:00,33.099998474121094,33.099998474121094,33.04999923706055,33.04999923706055,4009,0.0,0.0
2024-05-30 02:05:00+00:00,33.099998474121094,33.099998474121094,33.099998474121094,33.099998474121094,3139,0.0,0.0
2024-05-30 02:10:00+00:00,33.04999923706055,33.04999923706055,33.04999923706055,33.04999923706055,4000,0.0,0.0
2024-05-30 02:15:00+00:00,33.04999923706055,33.099998474121094,33.04999923706055,33.04999923706055,16100,0.0,0.0
2024-05-30 02:20:00+00:00,33.0,33.04999923706055,33.0,33.0,20414,0.0,0.0
2024-05-30 02:30:00+00:00,32.95000076293945,32.95000076293945,32.95000076293945,32.95000076293945,4015,0.0,0.0
2024-05-30 02:35:00+00:00,32.95000076293945,32.95000076293945,32.95000076293945,32.95000076293945,1029,0.0,0.0
2024-05-30 02:40:00+00:00,32.900001525878906,32.900001525878906,32.900001525878906,32.900001525878906,1030,0.0,0.0
2024-05-30 02:45:00+00:00,32.900001525878906,32.900001525878906,32.849998474121094,32.849998474121094,13105,0.0,0.0
2024-05-30 02:50:00+00:00,32.849998474121094,32.849998474121094,32.849998474121094,32.849998474121094,7000,0.0,0.0
2024-05-30 02:55:00+00:00,32.849998474121094,32.900001525878906,32.849998474121094,32.900001525878906,4015,0.0,0.0
2024-05-30 03:00:00+00:00,32.900001525878906,32.900001525878906,32.849998474121094,32.849998474121094,3400,0.0,0.0
2024-05-30 03:10:00+00:00,32.849998474121094,32.849998474121094,32.849998474121094,32.849998474121094,5100,0.0,0.0
2024-05-30 03:15:00+00:00,32.900001525878906,32.900001525878906,32.900001525878906,32.900001525878906,6180,0.0,0.0
2024-05-30 03:20:00+00:00,32.900001525878906,32.900001525878906,32.900001525878906,32.900001525878906,2000,0.0,0.0
2024-05-30 03:25:00+00:00,32.900001525878906,32.900001525878906,32.900001525878906,32.900001525878906,5000,0.0,0.0
2024-05-30 03:30:00+00:00,32.900001525878906,32.900001525878906,32.900001525878906,32.900001525878906,2042,0.0,0.0
2024-05-30 03:50:00+00:00,32.849998474121094,32.849998474121094,32.849998474121094,32.849998474121094,14200,0.0,0.0
2024-05-30 03:55:00+00:00,32.849998474121094,32.849998474121094,32.849998474121094,32.849998474121094,1000,0.0,0.0
2024-05-30 04:00:00+00:00,32.79999923706055,32.79999923706055,32.79999923706055,32.79999923706055,1001,0.0,0.0
2024-05-30 04:05:00+00:00,32.900001525878906,32.900001525878906,32.900001525878906,32.900001525878906,5000,0.0,0.0
2024-05-30 04:10:00+00:00,32.849998474121094,32.849998474121094,32.75,32.79999923706055,48226,0.0,0.0
2024-05-30 04:15:00+00:00,32.75,32.75,32.75,32.75,24694,0.0,0.0
2024-05-30 04:20:00+00:00,32.75,32.75,32.75,32.75,1000,0.0,0.0
2024-05-30 04:25:00+00:00,32.70000076293945,32.70000076293945,32.650001525878906,32.650001525878906,36100,0.0,0.0
2024-05-30 04:30:00+00:00,32.650001525878906,32.650001525878906,32.650001525878906,32.650001525878906,5200,0.0,0.0
2024-05-30 04:35:00+00:00,32.70000076293945,32.70000076293945,32.70000076293945,32.70000076293945,13200,0.0,0.0
2024-05-30 04:40:00+00:00,32.70000076293945,32.70000076293945,32.650001525878906,32.650001525878906,17203,0.0,0.0
2024-05-30 04:45:00+00:00,32.70000076293945,32.70000076293945,32.70000076293945,32.70000076293945,2000,0.0,0.0
2024-05-30 04:50:00+00:00,32.70000076293945,32.70000076293945,32.70000076293945,32.70000076293945,3038,0.0,0.0
2024-05-30 04:55:00+00:00,32.70000076293945,32.70000076293945,32.70000076293945,32.70000076293945,14470,0.0,0.0
2024-05-30 05:00:00+00:00,32.70000076293945,32.79999923706055,32.70000076293945,32.79999923706055,18024,0.0,0.0
2024-05-30 05:05:00+00:00,32.75,32.75,32.70000076293945,32.70000076293945,15000,0.0,0.0
2024-05-30 05:10:00+00:00,32.650001525878906,32.650001525878906,32.650001525878906,32.650001525878906,16228,0.0,0.0
2024-05-30 05:15:00+00:00,32.599998474121094,32.650001525878906,32.599998474121094,32.650001525878906,17353,0.0,0.0
2024-05-30 05:20:00+00:00,32.650001525878906,32.70000076293945,32.650001525878906,32.70000076293945,10211,0.0,0.0
2024-05-31 01:00:00+00:00,32.599998474121094,32.79999923706055,32.599998474121094,32.70000076293945,0,0.0,0.0
2024-05-31 01:05:00+00:00,32.70000076293945,32.79999923706055,32.70000076293945,32.79999923706055,0,0.0,0.0
2024-05-31 01:10:00+00:00,32.75,32.75,32.75,32.75,28000,0.0,0.0
2024-05-31 01:15:00+00:00,32.75,32.75,32.75,32.75,14197,0.0,0.0
2024-05-31 01:25:00+00:00,32.75,32.75,32.75,32.75,1037,0.0,0.0
2024-05-31 01:30:00+00:00,32.70000076293945,32.70000076293945,32.70000076293945,32.70000076293945,3000,0.0,0.0
2024-05-31 01:35:00+00:00,32.650001525878906,32.650001525878906,32.650001525878906,32.650001525878906,6000,0.0,0.0
2024-05-31 01:40:00+00:00,32.70000076293945,32.70000076293945,32.650001525878906,32.650001525878906,7000,0.0,0.0
2024-05-31 01:45:00+00:00,32.650001525878906,32.70000076293945,32.650001525878906,32.70000076293945,6000,0.0,0.0
2024-05-31 01:50:00+00:00,32.70000076293945,32.70000076293945,32.70000076293945,32.70000076293945,1448,0.0,0.0
2024-05-31 01:55:00+00:00,32.70000076293945,32.70000076293945,32.70000076293945,32.70000076293945,19000,0.0,0.0
2024-05-31 02:00:00+00:00,32.75,32.75,32.75,32.75,2000,0.0,0.0
2024-05-31 02:05:00+00:00,32.75,32.75,32.70000076293945,32.70000076293945,14191,0.0,0.0
2024-05-31 02:10:00+00:00,32.75,32.75,32.75,32.75,2108,0.0,0.0
2024-05-31 02:15:00+00:00,32.79999923706055,32.79999923706055,32.79999923706055,32.79999923706055,3000,0.0,0.0
2024-05-31 02:25:00+00:00,32.75,32.79999923706055,32.75,32.79999923706055,9001,0.0,0.0
2024-05-31 02:35:00+00:00,32.70000076293945,32.70000076293945,32.70000076293945,32.70000076293945,1000,0.0,0.0
2024-05-31 02:40:00+00:00,32.70000076293945,32.70000076293945,32.70000076293945,32.70000076293945,4000,0.0,0.0
2024-05-31 02:45:00+00:00,32.70000076293945,32.70000076293945,32.650001525878906,32.650001525878906,22604,0.0,0.0
2024-05-31 02:50:00+00:00,32.650001525878906,32.650001525878906,32.599998474121094,32.599998474121094,52161,0.0,0.0
2024-05-31 02:55:00+00:00,32.54999923706055,32.599998474121094,32.54999923706055,32.599998474121094,14056,0.0,0.0
2024-05-31 03:00:00+00:00,32.599998474121094,32.599998474121094,32.599998474121094,32.599998474121094,10035,0.0,0.0
2024-05-31 03:05:00+00:00,32.599998474121094,32.599998474121094,32.599998474121094,32.599998474121094,1000,0.0,0.0
2024-05-31 03:10:00+00:00,32.599998474121094,32.599998474121094,32.599998474121094,32.599998474121094,2000,0.0,0.0
2024-05-31 03:15:00+00:00,32.599998474121094,32.599998474121094,32.54999923706055,32.54999923706055,2000,0.0,0.0
2024-05-31 03:20:00+00:00,32.54999923706055,32.599998474121094,32.54999923706055,32.599998474121094,3000,0.0,0.0
2024-05-31 03:25:00+00:00,32.599998474121094,32.599998474121094,32.599998474121094,32.599998474121094,2062,0.0,0.0
2024-05-31 03:30:00+00:00,32.599998474121094,32.599998474121094,32.599998474121094,32.599998474121094,4117,0.0,0.0
2024-05-31 03:35:00+00:00,32.599998474121094,32.599998474121094,32.599998474121094,32.599998474121094,2000,0.0,0.0
2024-05-31 03:40:00+00:00,32.599998474121094,32.599998474121094,32.599998474121094,32.599998474121094,2000,0.0,0.0
2024-05-31 03:50:00+00:00,32.70000076293945,32.70000076293945,32.70000076293945,32.70000076293945,1000,0.0,0.0
2024-05-31 03:55:00+00:00,32.70000076293945,32.70000076293945,32.650001525878906,32.650001525878906,2000,0.0,0.0
2024-05-31 04:00:00+00:00,32.70000076293945,32.70000076293945,32.70000076293945,32.70000076293945,7000,0.0,0.0
2024-05-31 04:05:00+00:00,32.70000076293945,32.70000076293945,32.70000076293945,32.70000076293945,13000,0.0,0.0
2024-05-31 04:10:00+00:00,32.70000076293945,32.70000076293945,32.70000076293945,32.70000076293945,1000,0.0,0.0
2024-05-31 04:15:00+00:00,32.650001525878906,32.650001525878906,32.650001525878906,32.650001525878906,6051,0.0,0.0
2024-05-31 04:20:00+00:00,32.70000076293945,32.70000076293945,32.70000076293945,32.70000076293945,1020,0.0,0.0
2024-05-31 04:25:00+00:00,32.70000076293945,32.70000076293945,32.650001525878906,32.650001525878906,11211,0.0,0.0
2024-05-31 04:35:00+00:00,32.650001525878906,32.650001525878906,32.599998474121094,32.599998474121094,17015,0.0,0.0
2024-05-31 04:40:00+00:00,32.54999923706055,32.599998474121094,32.54999923706055,32.599998474121094,15070,0.0,0.0
2024-05-31 04:45:00+00:00,32.650001525878906,32.650001525878906,32.599998474121094,32.650001525878906,5000,0.0,0.0
2024-05-31 04:50:00+00:00,32.650001525878906,32.650001525878906,32.650001525878906,32.650001525878906,1000,0.0,0.0
2024-05-31 04:55:00+00:00,32.650001525878906,32.650001525878906,32.650001525878906,32.650001525878906,7079,0.0,0.0
2024-05-31 05:00:00+00:00,32.599998474121094,32.650001525878906,32.599998474121094,32.650001525878906,4000,0.0,0.0
2024-05-31 05:05:00+00:00,32.650001525878906,32.650001525878906,32.599998474121094,32.650001525878906,7090,0.0,0.0
2024-05-31 05:10:00+00:00,32.650001525878906,32.70000076293945,32.650001525878906,32.70000076293945,4000,0.0,0.0
2024-05-31 05:15:00+00:00,32.650001525878906,32.650001525878906,32.599998474121094,32.650001525878906,13039,0.0,0.0
2024-05-31 05:20:00+00:00,32.650001525878906,32.650001525878906,32.599998474121094,32.599998474121094,7000,0.0,0.0
2024-06-03 01:00:00+00:00,32.70000076293945,32.75,32.70000076293945,32.75,0,0.0,0.0
2024-06-03 01:05:00+00:00,32.75,32.75,32.75,32.75,2466,0.0,0.0
2024-06-03 01:10:00+00:00,32.75,32.75,32.650001525878906,32.650001525878906,9005,0.0,0.0
2024-06-03 01:15:00+00:00,32.650001525878906,32.650001525878906,32.599998474121094,32.599998474121094,14000,0.0,0.0
2024-06-03 01:20:00+00:00,32.70000076293945,32.70000076293945,32.70000076293945,32.70000076293945,3035,0.0,0.0
2024-06-03 01:25:00+00:00,32.70000076293945,32.75,32.70000076293945,32.75,8020,0.0,0.0
2024-06-03 01:30:00+00:00,32.79999923706055,32.79999923706055,32.79999923706055,32.79999923706055,6000,0.0,0.0
2024-06-03 01:35:00+00:00,32.79999923706055,32.79999923706055,32.75,32.79999923706055,7000,0.0,0.0
2024-06-03 01:40:00+00:00,32.79999923706055,32.79999923706055,32.79999923706055,32.79999923706055,2000,0.0,0.0
2024-06-03 01:45:00+00:00,32.79999923706055,32.79999923706055,32.79999923706055,32.79999923706055,4010,0.0,0.0
2024-06-03 01:50:00+00:00,32.79999923706055,32.79999923706055,32.79999923706055,32.79999923706055,5074,0.0,0.0
2024-06-03 01:55:00+00:00,32.79999923706055,32.79999923706055,32.75,32.75,12037,0.0,0.0
2024-06-03 02:00:00+00:00,32.75,32.75,32.75,32.75,2000,0.0,0.0
2024-06-03 02:05:00+00:00,32.75,32.900001525878906,32.75,32.900001525878906,28892,0.0,0.0
2024-06-03 02:15:00+00:00,32.849998474121094,32.900001525878906,32.849998474121094,32.849998474121094,7002,0.0,0.0
2024-06-03 02:25:00+00:00,32.849998474121094,32.849998474121094,32.849998474121094,32.849998474121094,2050,0.0,0.0
2024-06-03 02:30:00+00:00,32.849998474121094,32.849998474121094,32.79999923706055,32.79999923706055,7000,0.0,0.0
2024-06-03 02:35:00+00:00,32.849998474121094,32.849998474121094,32.79999923706055,32.79999923706055,4000,0.0,0.0
2024-06-03 02:40:00+00:00,32.79999923706055,32.849998474121094,32.79999923706055,32.849998474121094,4000,0.0,0.0
2024-06-03 02:45:00+00:00,32.849998474121094,32.849998474121094,32.79999923706055,32.79999923706055,7000,0.0,0.0
2024-06-03 02:50:00+00:00,32.79999923706055,32.849998474121094,32.79999923706055,32.849998474121094,9119,0.0,0.0
2024-06-03 02:55:00+00:00,32.79999923706055,32.79999923706055,32.79999923706055,32.79999923706055,2000,0.0,0.0
2024-06-03 03:00:00+00:00,32.849998474121094,32.849998474121094,32.79999923706055,32.849998474121094,4000,0.0,0.0
2024-06-03 03:10:00+00:00,32.79999923706055,32.79999923706055,32.79999923706055,32.79999923706055,8000,0.0,0.0
2024-06-03 03:15:00+00:00,32.75,32.75,32.75,32.75,1000,0.0,0.0
2024-06-03 03:20:00+00:00,32.79999923706055,32.79999923706055,32.79999923706055,32.79999923706055,1000,0.0,0.0
2024-06-03 03:30:00+00:00,32.79999923706055,32.79999923706055,32.79999923706055,32.79999923706055,5000,0.0,0.0
2024-06-03 03:35:00+00:00,32.75,32.75,32.75,32.75,4100,0.0,0.0
2024-06-03 03:40:00+00:00,32.75,32.75,32.75,32.75,6000,0.0,0.0
2024-06-03 03:45:00+00:00,32.75,32.75,32.70000076293945,32.70000076293945,6000,0.0,0.0
2024-06-03 03:50:00+00:00,32.70000076293945,32.70000076293945,32.70000076293945,32.70000076293945,4000,0.0,0.0
2024-06-03 03:55:00+00:00,32.70000076293945,32.70000076293945,32.70000076293945,32.70000076293945,10000,0.0,0.0
2024-06-03 04:00:00+00:00,32.70000076293945,32.70000076293945,32.70000076293945,32.70000076293945,3000,0.0,0.0
2024-06-03 04:05:00+00:00,32.70000076293945,32.70000076293945,32.70000076293945,32.70000076293945,3000,0.0,0.0
2024-06-03 04:10:00+00:00,32.70000076293945,32.70000076293945,32.650001525878906,32.650001525878906,13000,0.0,0.0
2024-06-03 04:15:00+00:00,32.650001525878906,32.650001525878906,32.650001525878906,32.650001525878906,20369,0.0,0.0
2024-06-03 04:30:00+00:00,32.70000076293945,32.75,32.70000076293945,32.75,2098,0.0,0.0
2024-06-03 04:35:00+00:00,32.70000076293945,32.70000076293945,32.70000076293945,32.70000076293945,13054,0.0,0.0
2024-06-03 04:40:00+00:00,32.75,32.75,32.70000076293945,32.70000076293945,5000,0.0,0.0
2024-06-03 04:45:00+00:00,32.75,32.75,32.75,32.75,2000,0.0,0.0
2024-06-03 04:50:00+00:00,32.75,32.75,32.75,32.75,2000,0.0,0.0
2024-06-03 04:55:00+00:00,32.75,32.75,32.70000076293945,32.75,20000,0.0,0.0
2024-06-03 05:00:00+00:00,32.70000076293945,32.75,32.70000076293945,32.75,7010,0.0,0.0
2024-06-03 05:05:00+00:00,32.75,32.75,32.75,32.75,10000,0.0,0.0
2024-06-03 05:10:00+00:00,32.75,32.75,32.75,32.75,2000,0.0,0.0
2024-06-03 05:15:00+00:00,32.75,32.75,32.75,32.75,7028,0.0,0.0
2024-06-03 05:20:00+00:00,32.70000076293945,32.79999923706055,32.70000076293945,32.75,19000,0.0,0.0
2024-06-04 01:00:00+00:00,32.79999923706055,32.79999923706055,32.79999923706055,32.79999923706055,0,0.0,0.0
2024-06-04 01:05:00+00:00,32.79999923706055,32.79999923706055,32.79999923706055,32.79999923706055,4050,0.0,0.0
2024-06-04 01:10:00+00:00,32.75,32.75,32.75,32.75,2005,0.0,0.0
2024-06-04 01:15:00+00:00,32.75,32.79999923706055,32.75,32.79999923706055,8000,0.0,0.0
2024-06-04 01:20:00+00:00,32.900001525878906,32.900001525878906,32.849998474121094,32.849998474121094,19150,0.0,0.0
2024-06-04 01:25:00+00:00,32.849998474121094,33.04999923706055,32.849998474121094,33.0,60045,0.0,0.0
2024-06-04 01:30:00+00:00,33.0,33.04999923706055,33.0,33.0,11000,0.0,0.0
2024-06-04 01:35:00+00:00,32.95000076293945,32.95000076293945,32.900001525878906,32.900001525878906,5000,0.0,0.0
2024-06-04 01:40:00+00:00,32.95000076293945,32.95000076293945,32.900001525878906,32.95000076293945,30000,0.0,0.0
2024-06-04 01:45:00+00:00,32.95000076293945,33.0,32.900001525878906,32.900001525878906,11000,0.0,0.0
2024-06-04 01:50:00+00:00,32.900001525878906,32.900001525878906,32.849998474121094,32.849998474121094,10010,0.0,0.0
2024-06-04 01:55:00+00:00,33.0,33.0,33.0,33.0,2279,0.0,0.0
2024-06-04 02:00:00+00:00,33.0,33.0,32.95000076293945,32.95000076293945,3000,0.0,0.0
2024-06-04 02:05:00+00:00,32.95000076293945,32.95000076293945,32.79999923706055,32.79999923706055,37000,0.0,0.0
2024-06-04 02:10:00+00:00,32.79999923706055,32.79999923706055,32.79999923706055,32.79999923706055,1151,0.0,0.0
2024-06-04 02:25:00+00:00,32.849998474121094,32.849998474121094,32.849998474121094,32.849998474121094,1000,0.0,0.0
2024-06-04 02:30:00+00:00,32.79999923706055,32.79999923706055,32.79999923706055,32.79999923706055,1000,0.0,0.0
2024-06-04 02:35:00+00:00,32.79999923706055,32.79999923706055,32.79999923706055,32.79999923706055,4000,0.0,0.0
2024-06-04 02:40:00+00:00,32.79999923706055,32.79999923706055,32.79999923706055,32.79999923706055,9000,0.0,0.0
2024-06-04 02:45:00+00:00,32.79999923706055,32.900001525878906,32.79999923706055,32.900001525878906,5000,0.0,0.0
2024-06-04 02:50:00+00:00,32.900001525878906,32.95000076293945,32.900001525878906,32.95000076293945,11000,0.0,0.0
2024-06-04 02:55:00+00:00,32.849998474121094,32.849998474121094,32.849998474121094,32.849998474121094,4000,0.0,0.0
2024-06-04 03:00:00+00:00,32.849998474121094,32.849998474121094,32.849998474121094,32.849998474121094,1000,0.0,0.0
2024-06-04 03:15:00+00:00,32.79999923706055,32.79999923706055,32.79999923706055,32.79999923706055,8000,0.0,0.0
2024-06-04 03:25:00+00:00,32.79999923706055,32.79999923706055,32.75,32.75,7000,0.0,0.0
2024-06-04 03:30:00+00:00,32.79999923706055,32.79999923706055,32.75,32.75,10000,0.0,0.0
2024-06-04 03:35:00+00:00,32.75,32.75,32.75,32.75,2000,0.0,0.0
2024-06-04 03:40:00+00:00,32.75,32.75,32.75,32.75,5000,0.0,0.0
2024-06-04 03:45:00+00:00,32.75,32.75,32.75,32.75,2000,0.0,0.0
2024-06-04 03:50:00+00:00,32.75,32.79999923706055,32.75,32.79999923706055,3001,0.0,0.0
2024-06-04 04:00:00+00:00,32.79999923706055,32.79999923706055,32.79999923706055,32.79999923706055,1000,0.0,0.0
2024-06-04 04:05:00+00:00,32.79999923706055,32.79999923706055,32.79999923706055,32.79999923706055,5000,0.0,0.0
2024-06-04 04:10:00+00:00,32.79999923706055,32.79999923706055,32.79999923706055,32.79999923706055,3000,0.0,0.0
2024-06-04 04:25:00+00:00,32.79999923706055,32.79999923706055,32.75,32.75,2000,0.0,0.0
2024-06-04 04:30:00+00:00,32.75,32.75,32.75,32.75,1000,0.0,0.0
2024-06-04 04:35:00+00:00,32.79999923706055,32.79999923706055,32.79999923706055,32.79999923706055,14000,0.0,0.0
2024-06-04 04:40:00+00:00,32.79999923706055,32.79999923706055,32.79999923706055,32.79999923706055,2040,0.0,0.0
2024-06-04 04:45:00+00:00,32.79999923706055,32.79999923706055,32.79999923706055,32.79999923706055,8200,0.0,0.0
2024-06-04 04:50:00+00:00,32.75,32.79999923706055,32.75,32.79999923706055,18050,0.0,0.0
2024-06-04 04:55:00+00:00,32.79999923706055,32.79999923706055,32.79999923706055,32.79999923706055,8000,0.0,0.0
2024-06-04 05:00:00+00:00,32.75,32.75,32.75,32.75,6000,0.0,0.0
2024-06-04 05:05:00+00:00,32.75,32.75,32.75,32.75,11005,0.0,0.0
2024-06-04 05:10:00+00:00,32.70000076293945,32.70000076293945,32.70000076293945,32.70000076293945,2000,0.0,0.0
2024-06-04 05:15:00+00:00,32.75,32.79999923706055,32.75,32.75,10000,0.0,0.0
2024-06-04 05:20:00+00:00,32.75,32.75,32.70000076293945,32.70000076293945,11100,0.0,0.0
2024-06-05 01:00:00+00:00,32.79999923706055,32.849998474121094,32.79999923706055,32.849998474121094,0,0.0,0.0
2024-06-05 01:05:00+00:00,32.79999923706055,32.79999923706055,32.70000076293945,32.70000076293945,9000,0.0,0.0
2024-06-05 01:10:00+00:00,32.75,32.75,32.75,32.75,2501,0.0,0.0
2024-06-05 01:15:00+00:00,32.75,32.75,32.70000076293945,32.70000076293945,23765,0.0,0.0
2024-06-05 01:20:00+00:00,32.70000076293945,32.70000076293945,32.650001525878906,32.650001525878906,24000,0.0,0.0
2024-06-05 01:25:00+00:00,32.70000076293945,32.79999923706055,32.599998474121094,32.79999923706055,19010,0.0,0.0
2024-06-05 01:35:00+00:00,32.75,32.75,32.75,32.75,1000,0.0,0.0
2024-06-05 01:40:00+00:00,32.70000076293945,32.70000076293945,32.70000076293945,32.70000076293945,13193,0.0,0.0
2024-06-05 01:45:00+00:00,32.70000076293945,32.70000076293945,32.70000076293945,32.70000076293945,12037,0.0,0.0
2024-06-05 01:55:00+00:00,32.70000076293945,32.70000076293945,32.70000076293945,32.70000076293945,4000,0.0,0.0
2024-06-05 02:00:00+00:00,32.70000076293945,32.70000076293945,32.70000076293945,32.70000076293945,1000,0.0,0.0
2024-06-05 02:05:00+00:00,32.70000076293945,32.70000076293945,32.70000076293945,32.70000076293945,1000,0.0,0.0
2024-06-05 02:15:00+00:00,32.70000076293945,32.70000076293945,32.70000076293945,32.70000076293945,5001,0.0,0.0
2024-06-05 02:20:00+00:00,32.650001525878906,32.70000076293945,32.650001525878906,32.70000076293945,2000,0.0,0.0
2024-06-05 02:25:00+00:00,32.70000076293945,32.70000076293945,32.650001525878906,32.650001525878906,5450,0.0,0.0
2024-06-05 02:35:00+00:00,32.75,32.75,32.75,32.75,2022,0.0,0.0
2024-06-05 02:45:00+00:00,32.650001525878906,32.650001525878906,32.650001525878906,32.650001525878906,5000,0.0,0.0
2024-06-05 02:50:00+00:00,32.650001525878906,32.650001525878906,32.54999923706055,32.54999923706055,30522,0.0,0.0
2024-06-05 03:05:00+00:00,32.54999923706055,32.54999923706055,32.54999923706055,32.54999923706055,2000,0.0,0.0
2024-06-05 03:10:00+00:00,32.54999923706055,32.599998474121094,32.54999923706055,32.599998474121094,3000,0.0,0.0
2024-06-05 03:20:00+00:00,32.599998474121094,32.599998474121094,32.599998474121094,32.599998474121094,2001,0.0,0.0
2024-06-05 03:25:00+00:00,32.54999923706055,32.54999923706055,32.54999923706055,32.54999923706055,2000,0.0,0.0
2024-06-05 03:40:00+00:00,32.599998474121094,32.599998474121094,32.599998474121094,32.599998474121094,5155,0.0,0.0
2024-06-05 03:45:00+00:00,32.599998474121094,32.599998474121094,32.599998474121094,32.599998474121094,1000,0.0,0.0
2024-06-05 03:50:00+00:00,32.599998474121094,32.599998474121094,32.599998474121094,32.599998474121094,1000,0.0,0.0
2024-06-05 03:55:00+00:00,32.599998474121094,32.599998474121094,32.599998474121094,32.599998474121094,4245,0.0,0.0
2024-06-05 04:00:00+00:00,32.599998474121094,32.599998474121094,32.599998474121094,32.599998474121094,3016,0.0,0.0
2024-06-05 04:10:00+00:00,32.599998474121094,32.599998474121094,32.599998474121094,32.599998474121094,21139,0.0,0.0
2024-06-05 04:15:00+00:00,32.599998474121094,32.599998474121094,32.54999923706055,32.54999923706055,5221,0.0,0.0
2024-06-05 04:20:00+00:00,32.54999923706055,32.599998474121094,32.54999923706055,32.599998474121094,12374,0.0,0.0
2024-06-05 04:25:00+00:00,32.599998474121094,32.599998474121094,32.599998474121094,32.599998474121094,1000,0.0,0.0
2024-06-05 04:30:00+00:00,32.599998474121094,32.70000076293945,32.599998474121094,32.70000076293945,6000,0.0,0.0
2024-06-05 04:35:00+00:00,32.70000076293945,32.70000076293945,32.70000076293945,32.70000076293945,2000,0.0,0.0
2024-06-05 04:40:00+00:00,32.70000076293945,32.70000076293945,32.70000076293945,32.70000076293945,2210,0.0,0.0
2024-06-05 04:45:00+00:00,32.70000076293945,32.70000076293945,32.70000076293945,32.70000076293945,1100,0.0,0.0
2024-06-05 04:50:00+00:00,32.599998474121094,32.70000076293945,32.599998474121094,32.70000076293945,4053,0.0,0.0
2024-06-05 05:00:00+00:00,32.70000076293945,32.70000076293945,32.70000076293945,32.70000076293945,2000,0.0,0.0
2024-06-05 05:05:00+00:00,32.650001525878906,32.70000076293945,32.599998474121094,32.650001525878906,6000,0.0,0.0
2024-06-05 05:10:00+00:00,32.650001525878906,32.650001525878906,32.650001525878906,32.650001525878906,1000,0.0,0.0
2024-06-05 05:15:00+00:00,32.599998474121094,32.650001525878906,32.599998474121094,32.650001525878906,9000,0.0,0.0
2024-06-05 05:20:00+00:00,32.650001525878906,32.650001525878906,32.54999923706055,32.650001525878906,36283,0.0,0.0
2024-06-06 01:00:00+00:00,32.54999923706055,32.54999923706055,32.54999923706055,32.54999923706055,0,0.0,0.0
2024-06-06 01:05:00+00:00,32.599998474121094,32.79999923706055,32.599998474121094,32.79999923706055,25000,0.0,0.0
2024-06-06 01:10:00+00:00,32.79999923706055,33.0,32.75,32.95000076293945,71032,0.0,0.0
2024-06-06 01:15:00+00:00,32.849998474121094,32.849998474121094,32.79999923706055,32.79999923706055,29000,0.0,0.0
2024-06-06 01:20:00+00:00,32.79999923706055,32.79999923706055,32.79999923706055,32.79999923706055,6000,0.0,0.0
2024-06-06 01:25:00+00:00,32.849998474121094,32.849998474121094,32.79999923706055,32.79999923706055,20000,0.0,0.0
2024-06-06 01:30:00+00:00,32.75,32.75,32.75,32.75,3000,0.0,0.0
2024-06-06 01:35:00+00:00,32.70000076293945,32.70000076293945,32.54999923706055,32.54999923706055,45210,0.0,0.0
2024-06-06 01:40:00+00:00,32.54999923706055,32.54999923706055,32.54999923706055,32.54999923706055,31000,0.0,0.0
2024-06-06 01:45:00+00:00,32.54999923706055,32.54999923706055,32.5,32.5,13037,0.0,0.0
2024-06-06 01:50:00+00:00,32.5,32.5,32.5,32.5,9204,0.0,0.0
2024-06-06 01:55:00+00:00,32.45000076293945,32.45000076293945,32.349998474121094,32.349998474121094,35000,0.0,0.0
2024-06-06 02:00:00+00:00,32.400001525878906,32.599998474121094,32.400001525878906,32.54999923706055,58348,0.0,0.0
2024-06-06 02:05:00+00:00,32.5,32.5,32.400001525878906,32.45000076293945,9000,0.0,0.0
2024-06-06 02:10:00+00:00,32.400001525878906,32.45000076293945,32.400001525878906,32.45000076293945,22000,0.0,0.0
2024-06-06 02:15:00+00:00,32.45000076293945,32.45000076293945,32.45000076293945,32.45000076293945,1050,0.0,0.0
2024-06-06 02:20:00+00:00,32.45000076293945,32.45000076293945,32.45000076293945,32.45000076293945,1000,0.0,0.0
2024-06-06 02:25:00+00:00,32.45000076293945,32.45000076293945,32.45000076293945,32.45000076293945,1000,0.0,0.0
2024-06-06 02:30:00+00:00,32.400001525878906,32.400001525878906,32.400001525878906,32.400001525878906,2000,0.0,0.0
2024-06-06 02:35:00+00:00,32.400001525878906,32.400001525878906,32.349998474121094,32.349998474121094,15001,0.0,0.0
2024-06-06 02:40:00+00:00,32.349998474121094,32.400001525878906,32.349998474121094,32.400001525878906,17000,0.0,0.0
2024-06-06 02:45:00+00:00,32.400001525878906,32.400001525878906,32.400001525878906,32.400001525878906,7287,0.0,0.0
2024-06-06 02:50:00+00:00,32.400001525878906,32.45000076293945,32.400001525878906,32.45000076293945,10000,0.0,0.0
2024-06-06 03:00:00+00:00,32.54999923706055,32.650001525878906,32.54999923706055,32.650001525878906,52000,0.0,0.0
2024-06-06 03:10:00+00:00,32.599998474121094,32.599998474121094,32.599998474121094,32.599998474121094,1000,0.0,0.0
2024-06-06 03:20:00+00:00,32.54999923706055,32.54999923706055,32.54999923706055,32.54999923706055,1352,0.0,0.0
2024-06-06 03:30:00+00:00,32.54999923706055,32.54999923706055,32.54999923706055,32.54999923706055,1010,0.0,0.0
2024-06-06 03:35:00+00:00,32.5,32.5,32.5,32.5,4005,0.0,0.0
2024-06-06 03:40:00+00:00,32.5,32.5,32.5,32.5,1003,0.0,0.0
2024-06-06 03:45:00+00:00,32.45000076293945,32.45000076293945,32.45000076293945,32.45000076293945,4038,0.0,0.0
2024-06-06 03:55:00+00:00,32.5,32.5,32.45000076293945,32.5,11000,0.0,0.0
2024-06-06 04:00:00+00:00,32.54999923706055,32.650001525878906,32.54999923706055,32.54999923706055,53385,0.0,0.0
2024-06-06 04:10:00+00:00,32.5,32.5,32.45000076293945,32.45000076293945,2000,0.0,0.0
2024-06-06 04:15:00+00:00,32.45000076293945,32.45000076293945,32.45000076293945,32.45000076293945,2001,0.0,0.0
2024-06-06 04:20:00+00:00,32.45000076293945,32.45000076293945,32.45000076293945,32.45000076293945,5241,0.0,0.0
2024-06-06 04:35:00+00:00,32.45000076293945,32.45000076293945,32.45000076293945,32.45000076293945,3244,0.0,0.0
2024-06-06 04:40:00+00:00,32.5,32.5,32.5,32.5,1074,0.0,0.0
2024-06-06 04:55:00+00:00,32.45000076293945,32.45000076293945,32.45000076293945,32.45000076293945,1000,0.0,0.0
2024-06-06 05:00:00+00:00,32.45000076293945,32.5,32.45000076293945,32.5,3000,0.0,0.0
2024-06-06 05:05:00+00:00,32.45000076293945,32.45000076293945,32.45000076293945,32.45000076293945,9000,0.0,0.0
2024-06-06 05:10:00+00:00,32.45000076293945,32.45000076293945,32.400001525878906,32.400001525878906,4382,0.0,0.0
2024-06-06 05:15:00+00:00,32.400001525878906,32.45000076293945,32.400001525878906,32.45000076293945,5000,0.0,0.0
2024-06-06 05:20:00+00:00,32.45000076293945,32.45000076293945,32.400001525878906,32.400001525878906,7116,0.0,0.0
2024-06-07 01:00:00+00:00,32.400001525878906,32.54999923706055,32.400001525878906,32.54999923706055,0,0.0,0.0
2024-06-07 01:05:00+00:00,32.599998474121094,32.599998474121094,32.54999923706055,32.54999923706055,12000,0.0,0.0
2024-06-07 01:10:00+00:00,32.70000076293945,32.79999923706055,32.70000076293945,32.79999923706055,87935,0.0,0.0
2024-06-07 01:15:00+00:00,32.79999923706055,32.79999923706055,32.75,32.79999923706055,3000,0.0,0.0
2024-06-07 01:20:00+00:00,32.70000076293945,32.70000076293945,32.70000076293945,32.70000076293945,2000,0.0,0.0
2024-06-07 01:25:00+00:00,32.650001525878906,32.650001525878906,32.650001525878906,32.650001525878906,4037,0.0,0.0
2024-06-07 01:30:00+00:00,32.650001525878906,32.70000076293945,32.650001525878906,32.70000076293945,5013,0.0,0.0
2024-06-07 01:35:00+00:00,32.70000076293945,32.70000076293945,32.70000076293945,32.70000076293945,6029,0.0,0.0
2024-06-07 01:40:00+00:00,32.650001525878906,32.650001525878906,32.650001525878906,32.650001525878906,2003,0.0,0.0
2024-06-07 01:50:00+00:00,32.70000076293945,32.75,32.70000076293945,32.75,9000,0.0,0.0
2024-06-07 01:55:00+00:00,32.75,32.75,32.75,32.75,6000,0.0,0.0
2024-06-07 02:00:00+00:00,32.75,32.900001525878906,32.75,32.849998474121094,65000,0.0,0.0
2024-06-07 02:05:00+00:00,32.849998474121094,32.849998474121094,32.79999923706055,32.79999923706055,8130,0.0,0.0
2024-06-07 02:15:00+00:00,32.79999923706055,32.79999923706055,32.79999923706055,32.79999923706055,3000,0.0,0.0
2024-06-07 02:20:00+00:00,32.79999923706055,32.79999923706055,32.79999923706055,32.79999923706055,24570,0.0,0.0
2024-06-07 02:30:00+00:00,32.79999923706055,32.79999923706055,32.79999923706055,32.79999923706055,5000,0.0,0.0
2024-06-07 02:35:00+00:00,32.75,32.75,32.75,32.75,5000,0.0,0.0
2024-06-07 02:40:00+00:00,32.75,32.75,32.75,32.75,6000,0.0,0.0
2024-06-07 02:45:00+00:00,32.75,32.79999923706055,32.75,32.79999923706055,4001,0.0,0.0
2024-06-07 02:50:00+00:00,32.75,32.75,32.75,32.75,4030,0.0,0.0
2024-06-07 02:55:00+00:00,32.79999923706055,32.79999923706055,32.75,32.75,10000,0.0,0.0
2024-06-07 03:00:00+00:00,32.79999923706055,32.900001525878906,32.79999923706055,32.849998474121094,59035,0.0,0.0
2024-06-07 03:05:00+00:00,32.849998474121094,32.849998474121094,32.849998474121094,32.849998474121094,5000,0.0,0.0
2024-06-07 03:10:00+00:00,32.849998474121094,32.849998474121094,32.849998474121094,32.849998474121094,3000,0.0,0.0
2024-06-07 03:20:00+00:00,32.79999923706055,32.79999923706055,32.79999923706055,32.79999923706055,1000,0.0,0.0
2024-06-07 03:25:00+00:00,32.79999923706055,32.79999923706055,32.79999923706055,32.79999923706055,1000,0.0,0.0
2024-06-07 03:30:00+00:00,32.79999923706055,32.79999923706055,32.79999923706055,32.79999923706055,3000,0.0,0.0
2024-06-07 03:35:00+00:00,32.79999923706055,32.79999923706055,32.79999923706055,32.79999923706055,2000,0.0,0.0
2024-06-07 03:40:00+00:00,32.79999923706055,32.79999923706055,32.79999923706055,32.79999923706055,20100,0.0,0.0
2024-06-07 03:45:00+00:00,32.849998474121094,32.849998474121094,32.79999923706055,32.79999923706055,5000,0.0,0.0
2024-06-07 03:55:00+00:00,32.79999923706055,32.849998474121094,32.79999923706055,32.849998474121094,18000,0.0,0.0
2024-06-07 04:00:00+00:00,32.900001525878906,32.95000076293945,32.900001525878906,32.900001525878906,38116,0.0,0.0
2024-06-07 04:10:00+00:00,32.849998474121094,32.849998474121094,32.849998474121094,32.849998474121094,3000,0.0,0.0
2024-06-07 04:15:00+00:00,32.79999923706055,32.79999923706055,32.79999923706055,32.79999923706055,2101,0.0,0.0
2024-06-07 04:20:00+00:00,32.79999923706055,32.79999923706055,32.79999923706055,32.79999923706055,2000,0.0,0.0
2024-06-07 04:30:00+00:00,32.79999923706055,32.849998474121094,32.79999923706055,32.79999923706055,20000,0.0,0.0
2024-06-07 04:40:00+00:00,32.79999923706055,32.79999923706055,32.79999923706055,32.79999923706055,8000,0.0,0.0
2024-06-07 04:50:00+00:00,32.79999923706055,32.79999923706055,32.75,32.79999923706055,13000,0.0,0.0
2024-06-07 04:55:00+00:00,32.79999923706055,32.79999923706055,32.79999923706055,32.79999923706055,2000,0.0,0.0
2024-06-07 05:00:00+00:00,32.79999923706055,32.79999923706055,32.79999923706055,32.79999923706055,1000,0.0,0.0
2024-06-07 05:05:00+00:00,32.79999923706055,32.79999923706055,32.79999923706055,32.79999923706055,6000,0.0,0.0
2024-06-07 05:10:00+00:00,32.79999923706055,32.849998474121094,32.79999923706055,32.79999923706055,37000,0.0,0.0
2024-06-07 05:15:00+00:00,32.849998474121094,32.849998474121094,32.849998474121094,32.849998474121094,3000,0.0,0.0
2024-06-07 05:20:00+00:00,32.849998474121094,32.900001525878906,32.849998474121094,32.849998474121094,37000,0.0,0.0
2024-06-11 01:00:00+00:00,32.650001525878906,32.650001525878906,32.54999923706055,32.599998474121094,0,0.0,0.0
2024-06-11 01:05:00+00:00,32.599998474121094,32.650001525878906,32.599998474121094,32.599998474121094,16247,0.0,0.0
2024-06-11 01:10:00+00:00,32.650001525878906,32.650001525878906,32.599998474121094,32.599998474121094,17000,0.0,0.0
2024-06-11 01:15:00+00:00,32.599998474121094,32.599998474121094,32.54999923706055,32.54999923706055,17045,0.0,0.0
2024-06-11 01:20:00+00:00,32.54999923706055,32.54999923706055,32.54999923706055,32.54999923706055,15000,0.0,0.0
2024-06-11 01:25:00+00:00,32.54999923706055,32.54999923706055,32.54999923706055,32.54999923706055,1000,0.0,0.0
2024-06-11 01:30:00+00:00,32.54999923706055,32.54999923706055,32.5,32.5,42000,0.0,0.0
2024-06-11 01:35:00+00:00,32.5,32.5,32.5,32.5,5093,0.0,0.0
2024-06-11 01:40:00+00:00,32.5,32.5,32.5,32.5,13000,0.0,0.0
2024-06-11 01:45:00+00:00,32.45000076293945,32.45000076293945,32.45000076293945,32.45000076293945,15399,0.0,0.0
2024-06-11 01:50:00+00:00,32.45000076293945,32.45000076293945,32.400001525878906,32.400001525878906,15155,0.0,0.0
2024-06-11 01:55:00+00:00,32.349998474121094,32.349998474121094,32.349998474121094,32.349998474121094,16273,0.0,0.0
2024-06-11 02:00:00+00:00,32.349998474121094,32.45000076293945,32.349998474121094,32.45000076293945,10000,0.0,0.0
2024-06-11 02:05:00+00:00,32.45000076293945,32.45000076293945,32.45000076293945,32.45000076293945,8000,0.0,0.0
2024-06-11 02:10:00+00:00,32.400001525878906,32.400001525878906,32.400001525878906,32.400001525878906,12000,0.0,0.0
2024-06-11 02:15:00+00:00,32.349998474121094,32.349998474121094,32.349998474121094,32.349998474121094,2000,0.0,0.0
2024-06-11 02:20:00+00:00,32.349998474121094,32.349998474121094,32.349998474121094,32.349998474121094,16000,0.0,0.0
2024-06-11 02:25:00+00:00,32.29999923706055,32.29999923706055,32.29999923706055,32.29999923706055,24000,0.0,0.0
2024-06-11 02:30:00+00:00,32.29999923706055,32.29999923706055,32.20000076293945,32.20000076293945,25000,0.0,0.0
2024-06-11 02:35:00+00:00,32.20000076293945,32.25,32.20000076293945,32.20000076293945,4000,0.0,0.0
2024-06-11 02:40:00+00:00,32.25,32.25,32.25,32.25,8000,0.0,0.0
2024-06-11 02:45:00+00:00,32.25,32.25,32.20000076293945,32.20000076293945,16000,0.0,0.0
2024-06-11 02:50:00+00:00,32.20000076293945,32.20000076293945,32.04999923706055,32.04999923706055,70160,0.0,0.0
2024-06-11 02:55:00+00:00,32.04999923706055,32.04999923706055,32.04999923706055,32.04999923706055,16009,0.0,0.0
2024-06-11 03:00:00+00:00,32.04999923706055,32.04999923706055,32.04999923706055,32.04999923706055,13333,0.0,0.0
2024-06-11 03:05:00+00:00,32.04999923706055,32.04999923706055,32.04999923706055,32.04999923706055,3000,0.0,0.0
2024-06-11 03:10:00+00:00,32.099998474121094,32.099998474121094,32.099998474121094,32.099998474121094,7000,0.0,0.0
2024-06-11 03:15:00+00:00,32.099998474121094,32.099998474121094,32.099998474121094,32.099998474121094,4000,0.0,0.0
2024-06-11 03:20:00+00:00,32.04999923706055,32.04999923706055,32.04999923706055,32.04999923706055,11000,0.0,0.0
2024-06-11 03:25:00+00:00,32.04999923706055,32.04999923706055,32.04999923706055,32.04999923706055,5000,0.0,0.0
2024-06-11 03:30:00+00:00,32.04999923706055,32.04999923706055,32.0,32.0,17000,0.0,0.0
2024-06-11 03:35:00+00:00,32.0,32.04999923706055,32.0,32.04999923706055,14000,0.0,0.0
2024-06-11 03:40:00+00:00,32.04999923706055,32.04999923706055,32.04999923706055,32.04999923706055,4000,0.0,0.0
2024-06-11 03:45:00+00:00,32.04999923706055,32.04999923706055,32.04999923706055,32.04999923706055,5000,0.0,0.0
2024-06-11 03:50:00+00:00,32.04999923706055,32.04999923706055,32.04999923706055,32.04999923706055,13001,0.0,0.0
2024-06-11 03:55:00+00:00,32.04999923706055,32.04999923706055,32.04999923706055,32.04999923706055,7210,0.0,0.0
2024-06-11 04:05:00+00:00,32.04999923706055,32.04999923706055,31.950000762939453,31.950000762939453,44371,0.0,0.0
2024-06-11 04:10:00+00:00,32.0,32.0,31.950000762939453,31.950000762939453,4012,0.0,0.0
2024-06-11 04:15:00+00:00,32.0,32.0,31.950000762939453,31.950000762939453,26100,0.0,0.0
2024-06-11 04:35:00+00:00,31.950000762939453,31.950000762939453,31.950000762939453,31.950000762939453,4000,0.0,0.0
2024-06-11 04:40:00+00:00,31.950000762939453,31.950000762939453,31.950000762939453,31.950000762939453,0,0.0,0.0
2024-06-11 04:45:00+00:00,32.0,32.0,32.0,32.0,601494,0.0,0.0
2024-06-11 04:50:00+00:00,32.0,32.0,31.950000762939453,31.950000762939453,22000,0.0,0.0
2024-06-11 04:55:00+00:00,31.950000762939453,31.950000762939453,31.950000762939453,31.950000762939453,6000,0.0,0.0
2024-06-11 05:00:00+00:00,31.950000762939453,32.0,31.950000762939453,32.0,10810,0.0,0.0
2024-06-11 05:05:00+00:00,31.950000762939453,31.950000762939453,31.950000762939453,31.950000762939453,1015,0.0,0.0
2024-06-11 05:10:00+00:00,31.950000762939453,31.950000762939453,31.950000762939453,31.950000762939453,20328,0.0,0.0
2024-06-11 05:15:00+00:00,31.950000762939453,31.950000762939453,31.950000762939453,31.950000762939453,7003,0.0,0.0
2024-06-11 05:20:00+00:00,31.950000762939453,31.950000762939453,31.850000381469727,31.850000381469727,58804,0.0,0.0
2024-06-12 01:00:00+00:00,31.850000381469727,31.850000381469727,31.799999237060547,31.850000381469727,0,0.0,0.0
2024-06-12 01:05:00+00:00,31.850000381469727,31.850000381469727,31.75,31.75,24000,0.0,0.0
2024-06-12 01:10:00+00:00,31.75,31.75,31.75,31.75,0,0.0,0.0
2024-06-12 01:15:00+00:00,31.799999237060547,31.799999237060547,31.799999237060547,31.799999237060547,52812,0.0,0.0
2024-06-12 01:20:00+00:00,31.799999237060547,31.799999237060547,31.75,31.75,5000,0.0,0.0
2024-06-12 01:25:00+00:00,31.799999237060547,31.799999237060547,31.600000381469727,31.600000381469727,62091,0.0,0.0
2024-06-12 01:30:00+00:00,31.600000381469727,31.700000762939453,31.600000381469727,31.649999618530273,17415,0.0,0.0
2024-06-12 01:35:00+00:00,31.649999618530273,31.75,31.649999618530273,31.700000762939453,16003,0.0,0.0
2024-06-12 01:40:00+00:00,31.700000762939453,31.700000762939453,31.649999618530273,31.649999618530273,4002,0.0,0.0
2024-06-12 01:45:00+00:00,31.700000762939453,31.700000762939453,31.700000762939453,31.700000762939453,7001,0.0,0.0
2024-06-12 01:55:00+00:00,31.649999618530273,31.649999618530273,31.649999618530273,31.649999618530273,42641,0.0,0.0
2024-06-12 02:00:00+00:00,31.649999618530273,31.649999618530273,31.649999618530273,31.649999618530273,5000,0.0,0.0
2024-06-12 02:05:00+00:00,31.649999618530273,31.649999618530273,31.600000381469727,31.600000381469727,28000,0.0,0.0
2024-06-12 02:10:00+00:00,31.600000381469727,31.600000381469727,31.600000381469727,31.600000381469727,1000,0.0,0.0
2024-06-12 02:20:00+00:00,31.600000381469727,31.649999618530273,31.600000381469727,31.649999618530273,28001,0.0,0.0
2024-06-12 02:25:00+00:00,31.649999618530273,31.700000762939453,31.649999618530273,31.700000762939453,9002,0.0,0.0
2024-06-12 02:30:00+00:00,31.75,31.75,31.75,31.75,5000,0.0,0.0
2024-06-12 02:35:00+00:00,31.75,31.75,31.700000762939453,31.700000762939453,4000,0.0,0.0
2024-06-12 02:40:00+00:00,31.799999237060547,31.799999237060547,31.799999237060547,31.799999237060547,2005,0.0,0.0
2024-06-12 02:45:00+00:00,31.75,31.75,31.75,31.75,1000,0.0,0.0
2024-06-12 02:55:00+00:00,31.700000762939453,31.700000762939453,31.700000762939453,31.700000762939453,1000,0.0,0.0
2024-06-12 03:00:00+00:00,31.700000762939453,31.700000762939453,31.700000762939453,31.700000762939453,2000,0.0,0.0
2024-06-12 03:05:00+00:00,31.700000762939453,31.700000762939453,31.700000762939453,31.700000762939453,2000,0.0,0.0
2024-06-12 03:15:00+00:00,31.75,31.75,31.75,31.75,1000,0.0,0.0
2024-06-12 03:20:00+00:00,31.700000762939453,31.700000762939453,31.700000762939453,31.700000762939453,1000,0.0,0.0
2024-06-12 03:25:00+00:00,31.700000762939453,31.700000762939453,31.700000762939453,31.700000762939453,5000,0.0,0.0
2024-06-12 03:35:00+00:00,31.700000762939453,31.75,31.700000762939453,31.75,4000,0.0,0.0
2024-06-12 03:40:00+00:00,31.700000762939453,31.700000762939453,31.700000762939453,31.700000762939453,3000,0.0,0.0
2024-06-12 03:50:00+00:00,31.649999618530273,31.649999618530273,31.649999618530273,31.649999618530273,3000,0.0,0.0
2024-06-12 03:55:00+00:00,31.649999618530273,31.700000762939453,31.649999618530273,31.700000762939453,15000,0.0,0.0
2024-06-12 04:05:00+00:00,31.700000762939453,31.700000762939453,31.700000762939453,31.700000762939453,2097,0.0,0.0
2024-06-12 04:15:00+00:00,31.649999618530273,31.649999618530273,31.649999618530273,31.649999618530273,1000,0.0,0.0
2024-06-12 04:20:00+00:00,31.649999618530273,31.649999618530273,31.649999618530273,31.649999618530273,2030,0.0,0.0
2024-06-12 04:25:00+00:00,31.649999618530273,31.649999618530273,31.649999618530273,31.649999618530273,4000,0.0,0.0
2024-06-12 04:30:00+00:00,31.649999618530273,31.649999618530273,31.649999618530273,31.649999618530273,24200,0.0,0.0
2024-06-12 04:35:00+00:00,31.700000762939453,31.700000762939453,31.649999618530273,31.649999618530273,3000,0.0,0.0
2024-06-12 04:50:00+00:00,31.700000762939453,31.700000762939453,31.649999618530273,31.700000762939453,9062,0.0,0.0
2024-06-12 05:00:00+00:00,31.700000762939453,31.700000762939453,31.600000381469727,31.600000381469727,67000,0.0,0.0
2024-06-12 05:05:00+00:00,31.600000381469727,31.600000381469727,31.600000381469727,31.600000381469727,11100,0.0,0.0
2024-06-12 05:10:00+00:00,31.600000381469727,31.600000381469727,31.600000381469727,31.600000381469727,6015,0.0,0.0
2024-06-12 05:15:00+00:00,31.600000381469727,31.600000381469727,31.600000381469727,31.600000381469727,2050,0.0,0.0
2024-06-12 05:20:00+00:00,31.649999618530273,31.649999618530273,31.600000381469727,31.600000381469727,12983,0.0,0.0
2024-06-13 01:00:00+00:00,31.649999618530273,31.799999237060547,31.649999618530273,31.799999237060547,0,0.0,0.0
2024-06-13 01:05:00+00:00,31.799999237060547,31.899999618530273,31.799999237060547,31.850000381469727,7000,0.0,0.0
2024-06-13 01:10:00+00:00,31.799999237060547,31.799999237060547,31.799999237060547,31.799999237060547,9209,0.0,0.0
2024-06-13 01:15:00+00:00,31.700000762939453,31.700000762939453,31.700000762939453,31.700000762939453,2598,0.0,0.0
2024-06-13 01:20:00+00:00,31.700000762939453,31.75,31.700000762939453,31.700000762939453,19332,0.0,0.0
2024-06-13 01:30:00+00:00,31.700000762939453,31.75,31.700000762939453,31.75,20200,0.0,0.0
2024-06-13 01:40:00+00:00,31.700000762939453,31.700000762939453,31.700000762939453,31.700000762939453,27000,0.0,0.0
2024-06-13 01:45:00+00:00,31.649999618530273,31.649999618530273,31.649999618530273,31.649999618530273,3300,0.0,0.0
2024-06-13 01:50:00+00:00,31.649999618530273,31.649999618530273,31.649999618530273,31.649999618530273,10100,0.0,0.0
2024-06-13 01:55:00+00:00,31.700000762939453,31.75,31.700000762939453,31.75,3000,0.0,0.0
2024-06-13 02:00:00+00:00,31.700000762939453,31.700000762939453,31.700000762939453,31.700000762939453,6000,0.0,0.0
2024-06-13 02:05:00+00:00,31.700000762939453,31.700000762939453,31.649999618530273,31.649999618530273,7200,0.0,0.0
2024-06-13 02:10:00+00:00,31.649999618530273,31.649999618530273,31.649999618530273,31.649999618530273,2003,0.0,0.0
2024-06-13 02:15:00+00:00,31.649999618530273,31.649999618530273,31.649999618530273,31.649999618530273,2096,0.0,0.0
2024-06-13 02:25:00+00:00,31.649999618530273,31.649999618530273,31.649999618530273,31.649999618530273,1200,0.0,0.0
2024-06-13 02:30:00+00:00,31.649999618530273,31.700000762939453,31.649999618530273,31.700000762939453,23190,0.0,0.0
2024-06-13 02:35:00+00:00,31.649999618530273,31.649999618530273,31.649999618530273,31.649999618530273,10000,0.0,0.0
2024-06-13 02:40:00+00:00,31.649999618530273,31.649999618530273,31.649999618530273,31.649999618530273,3000,0.0,0.0
2024-06-13 02:45:00+00:00,31.649999618530273,31.649999618530273,31.649999618530273,31.649999618530273,6000,0.0,0.0
2024-06-13 02:50:00+00:00,31.649999618530273,31.649999618530273,31.649999618530273,31.649999618530273,8027,0.0,0.0
2024-06-13 02:55:00+00:00,31.649999618530273,31.649999618530273,31.649999618530273,31.649999618530273,4000,0.0,0.0
2024-06-13 03:00:00+00:00,31.649999618530273,31.649999618530273,31.649999618530273,31.649999618530273,2053,0.0,0.0
2024-06-13 03:10:00+00:00,31.649999618530273,31.649999618530273,31.649999618530273,31.649999618530273,1000,0.0,0.0
2024-06-13 03:15:00+00:00,31.649999618530273,31.899999618530273,31.649999618530273,31.899999618530273,104447,0.0,0.0
2024-06-13 03:20:00+00:00,31.799999237060547,31.799999237060547,31.799999237060547,31.799999237060547,2000,0.0,0.0
2024-06-13 03:30:00+00:00,31.799999237060547,31.799999237060547,31.799999237060547,31.799999237060547,2000,0.0,0.0
2024-06-13 03:40:00+00:00,31.700000762939453,31.700000762939453,31.649999618530273,31.649999618530273,14000,0.0,0.0
2024-06-13 03:45:00+00:00,31.649999618530273,31.649999618530273,31.649999618530273,31.649999618530273,3466,0.0,0.0
2024-06-13 03:50:00+00:00,31.649999618530273,31.649999618530273,31.649999618530273,31.649999618530273,7000,0.0,0.0
2024-06-13 03:55:00+00:00,31.649999618530273,31.649999618530273,31.649999618530273,31.649999618530273,9029,0.0,0.0
2024-06-13 04:00:00+00:00,31.649999618530273,31.649999618530273,31.649999618530273,31.649999618530273,5000,0.0,0.0
2024-06-13 04:05:00+00:00,31.649999618530273,31.649999618530273,31.600000381469727,31.600000381469727,6101,0.0,0.0
2024-06-13 04:15:00+00:00,31.649999618530273,31.649999618530273,31.649999618530273,31.649999618530273,2000,0.0,0.0
2024-06-13 04:20:00+00:00,31.649999618530273,31.649999618530273,31.649999618530273,31.649999618530273,4000,0.0,0.0
2024-06-13 04:25:00+00:00,31.649999618530273,31.649999618530273,31.649999618530273,31.649999618530273,2000,0.0,0.0
2024-06-13 04:30:00+00:00,31.649999618530273,31.649999618530273,31.649999618530273,31.649999618530273,1000,0.0,0.0
2024-06-13 04:35:00+00:00,31.649999618530273,31.649999618530273,31.600000381469727,31.600000381469727,3100,0.0,0.0
2024-06-13 04:40:00+00:00,31.600000381469727,31.600000381469727,31.600000381469727,31.600000381469727,6000,0.0,0.0
2024-06-13 04:45:00+00:00,31.600000381469727,31.600000381469727,31.600000381469727,31.600000381469727,33000,0.0,0.0
2024-06-13 04:55:00+00:00,31.600000381469727,31.649999618530273,31.600000381469727,31.600000381469727,7000,0.0,0.0
2024-06-13 05:00:00+00:00,31.700000762939453,31.700000762939453,31.649999618530273,31.649999618530273,3046,0.0,0.0
2024-06-13 05:05:00+00:00,31.649999618530273,31.649999618530273,31.649999618530273,31.649999618530273,2000,0.0,0.0
2024-06-13 05:10:00+00:00,31.600000381469727,31.649999618530273,31.600000381469727,31.649999618530273,19000,0.0,0.0
2024-06-13 05:15:00+00:00,31.649999618530273,31.649999618530273,31.600000381469727,31.600000381469727,6150,0.0,0.0
2024-06-13 05:20:00+00:00,31.649999618530273,31.649999618530273,31.649999618530273,31.649999618530273,3060,0.0,0.0
2024-06-14 01:00:00+00:00,31.700000762939453,31.75,31.700000762939453,31.700000762939453,0,0.0,0.0
2024-06-14 01:05:00+00:00,31.75,31.799999237060547,31.700000762939453,31.799999237060547,29002,0.0,0.0
2024-06-14 01:10:00+00:00,31.850000381469727,31.850000381469727,31.850000381469727,31.850000381469727,1000,0.0,0.0
2024-06-14 01:15:00+00:00,31.850000381469727,31.850000381469727,31.700000762939453,31.700000762939453,24000,0.0,0.0
2024-06-14 01:20:00+00:00,31.700000762939453,31.700000762939453,31.700000762939453,31.700000762939453,5000,0.0,0.0
2024-06-14 01:25:00+00:00,31.75,31.899999618530273,31.700000762939453,31.899999618530273,12000,0.0,0.0
2024-06-14 01:30:00+00:00,31.75,31.75,31.700000762939453,31.75,33000,0.0,0.0
2024-06-14 01:35:00+00:00,31.75,31.75,31.75,31.75,11000,0.0,0.0
2024-06-14 01:40:00+00:00,31.75,31.75,31.75,31.75,1000,0.0,0.0
2024-06-14 01:45:00+00:00,31.75,31.799999237060547,31.75,31.799999237060547,2000,0.0,0.0
2024-06-14 01:50:00+00:00,31.75,31.950000762939453,31.75,31.799999237060547,47000,0.0,0.0
2024-06-14 01:55:00+00:00,31.799999237060547,31.799999237060547,31.700000762939453,31.700000762939453,32000,0.0,0.0
2024-06-14 02:00:00+00:00,31.799999237060547,31.850000381469727,31.75,31.850000381469727,7030,0.0,0.0
2024-06-14 02:05:00+00:00,31.850000381469727,31.850000381469727,31.850000381469727,31.850000381469727,5000,0.0,0.0
2024-06-14 02:10:00+00:00,31.899999618530273,31.899999618530273,31.899999618530273,31.899999618530273,1012,0.0,0.0
2024-06-14 02:20:00+00:00,31.899999618530273,31.899999618530273,31.899999618530273,31.899999618530273,3050,0.0,0.0
2024-06-14 02:25:00+00:00,31.899999618530273,31.899999618530273,31.850000381469727,31.850000381469727,5098,0.0,0.0
2024-06-14 02:35:00+00:00,31.850000381469727,31.850000381469727,31.850000381469727,31.850000381469727,1000,0.0,0.0
2024-06-14 02:40:00+00:00,31.850000381469727,31.850000381469727,31.850000381469727,31.850000381469727,6406,0.0,0.0
2024-06-14 02:45:00+00:00,31.850000381469727,31.850000381469727,31.850000381469727,31.850000381469727,13100,0.0,0.0
2024-06-14 02:50:00+00:00,31.850000381469727,31.850000381469727,31.850000381469727,31.850000381469727,1000,0.0,0.0
2024-06-14 02:55:00+00:00,31.850000381469727,31.850000381469727,31.850000381469727,31.850000381469727,1000,0.0,0.0
2024-06-14 03:00:00+00:00,31.850000381469727,31.850000381469727,31.850000381469727,31.850000381469727,2000,0.0,0.0
2024-06-14 03:05:00+00:00,31.850000381469727,31.850000381469727,31.850000381469727,31.850000381469727,2000,0.0,0.0
2024-06-14 03:10:00+00:00,31.850000381469727,31.850000381469727,31.850000381469727,31.850000381469727,1000,0.0,0.0
2024-06-14 03:15:00+00:00,31.850000381469727,31.850000381469727,31.850000381469727,31.850000381469727,3000,0.0,0.0
2024-06-14 03:20:00+00:00,31.850000381469727,31.850000381469727,31.799999237060547,31.799999237060547,7106,0.0,0.0
2024-06-14 03:25:00+00:00,31.799999237060547,31.799999237060547,31.799999237060547,31.799999237060547,2000,0.0,0.0
2024-06-14 03:30:00+00:00,31.799999237060547,31.799999237060547,31.799999237060547,31.799999237060547,1000,0.0,0.0
2024-06-14 03:35:00+00:00,31.799999237060547,31.850000381469727,31.799999237060547,31.850000381469727,3000,0.0,0.0
2024-06-14 03:40:00+00:00,31.850000381469727,31.850000381469727,31.799999237060547,31.799999237060547,2102,0.0,0.0
2024-06-14 03:45:00+00:00,31.799999237060547,31.799999237060547,31.799999237060547,31.799999237060547,1000,0.0,0.0
2024-06-14 03:50:00+00:00,31.799999237060547,31.799999237060547,31.799999237060547,31.799999237060547,1000,0.0,0.0
2024-06-14 03:55:00+00:00,31.799999237060547,31.850000381469727,31.799999237060547,31.799999237060547,7000,0.0,0.0
2024-06-14 04:05:00+00:00,31.799999237060547,31.799999237060547,31.799999237060547,31.799999237060547,11000,0.0,0.0
2024-06-14 04:10:00+00:00,31.799999237060547,31.799999237060547,31.799999237060547,31.799999237060547,3539,0.0,0.0
2024-06-14 04:15:00+00:00,31.799999237060547,31.799999237060547,31.799999237060547,31.799999237060547,1000,0.0,0.0
2024-06-14 04:20:00+00:00,31.799999237060547,31.850000381469727,31.799999237060547,31.850000381469727,7000,0.0,0.0
2024-06-14 04:25:00+00:00,31.850000381469727,31.850000381469727,31.850000381469727,31.850000381469727,1000,0.0,0.0
2024-06-14 04:30:00+00:00,31.850000381469727,31.850000381469727,31.850000381469727,31.850000381469727,1000,0.0,0.0
2024-06-14 04:35:00+00:00,31.850000381469727,31.850000381469727,31.850000381469727,31.850000381469727,10000,0.0,0.0
2024-06-14 04:40:00+00:00,31.899999618530273,31.899999618530273,31.899999618530273,31.899999618530273,7500,0.0,0.0
2024-06-14 04:45:00+00:00,31.899999618530273,31.950000762939453,31.899999618530273,31.899999618530273,19324,0.0,0.0
2024-06-14 04:50:00+00:00,31.899999618530273,31.899999618530273,31.899999618530273,31.899999618530273,1000,0.0,0.0
2024-06-14 04:55:00+00:00,31.950000762939453,31.950000762939453,31.950000762939453,31.950000762939453,16164,0.0,0.0
2024-06-14 05:00:00+00:00,32.0,32.0,32.0,32.0,16496,0.0,0.0
2024-06-14 05:05:00+00:00,31.950000762939453,31.950000762939453,31.950000762939453,31.950000762939453,1004,0.0,0.0
2024-06-14 05:10:00+00:00,31.950000762939453,31.950000762939453,31.950000762939453,31.950000762939453,7001,0.0,0.0
2024-06-14 05:15:00+00:00,31.950000762939453,32.04999923706055,31.950000762939453,32.04999923706055,37694,0.0,0.0
2024-06-14 05:20:00+00:00,32.099998474121094,32.099998474121094,32.04999923706055,32.04999923706055,6879,0.0,0.0
2024-06-17 01:00:00+00:00,31.950000762939453,31.950000762939453,31.950000762939453,31.950000762939453,0,0.0,0.0
2024-06-17 01:05:00+00:00,31.950000762939453,31.950000762939453,31.950000762939453,31.950000762939453,1005,0.0,0.0
2024-06-17 01:10:00+00:00,31.899999618530273,31.899999618530273,31.899999618530273,31.899999618530273,6227,0.0,0.0
2024-06-17 01:15:00+00:00,31.850000381469727,31.850000381469727,31.75,31.799999237060547,21084,0.0,0.0
2024-06-17 01:20:00+00:00,31.799999237060547,31.799999237060547,31.799999237060547,31.799999237060547,6001,0.0,0.0
2024-06-17 01:25:00+00:00,31.799999237060547,31.950000762939453,31.75,31.950000762939453,55318,0.0,0.0
2024-06-17 01:30:00+00:00,31.950000762939453,31.950000762939453,31.950000762939453,31.950000762939453,8000,0.0,0.0
2024-06-17 01:35:00+00:00,31.899999618530273,31.899999618530273,31.799999237060547,31.799999237060547,12010,0.0,0.0
2024-06-17 01:40:00+00:00,31.799999237060547,31.850000381469727,31.799999237060547,31.850000381469727,6000,0.0,0.0
2024-06-17 01:45:00+00:00,31.850000381469727,31.850000381469727,31.850000381469727,31.850000381469727,2037,0.0,0.0
2024-06-17 01:50:00+00:00,31.899999618530273,31.950000762939453,31.899999618530273,31.950000762939453,4000,0.0,0.0
2024-06-17 01:55:00+00:00,31.799999237060547,31.899999618530273,31.799999237060547,31.899999618530273,7000,0.0,0.0
2024-06-17 02:00:00+00:00,31.850000381469727,31.850000381469727,31.850000381469727,31.850000381469727,4000,0.0,0.0
2024-06-17 02:05:00+00:00,31.899999618530273,31.899999618530273,31.899999618530273,31.899999618530273,3000,0.0,0.0
2024-06-17 02:10:00+00:00,31.899999618530273,31.899999618530273,31.899999618530273,31.899999618530273,1350,0.0,0.0
2024-06-17 02:20:00+00:00,31.899999618530273,31.899999618530273,31.899999618530273,31.899999618530273,1000,0.0,0.0
2024-06-17 02:25:00+00:00,31.850000381469727,31.850000381469727,31.850000381469727,31.850000381469727,5005,0.0,0.0
2024-06-17 02:35:00+00:00,31.899999618530273,31.899999618530273,31.899999618530273,31.899999618530273,5000,0.0,0.0
2024-06-17 02:40:00+00:00,31.950000762939453,32.0,31.950000762939453,32.0,29000,0.0,0.0
2024-06-17 02:45:00+00:00,32.04999923706055,32.099998474121094,32.04999923706055,32.099998474121094,26000,0.0,0.0
2024-06-17 02:50:00+00:00,32.04999923706055,32.04999923706055,32.04999923706055,32.04999923706055,2000,0.0,0.0
2024-06-17 02:55:00+00:00,32.04999923706055,32.04999923706055,32.04999923706055,32.04999923706055,4000,0.0,0.0
2024-06-17 03:00:00+00:00,32.0,32.0,32.0,32.0,5000,0.0,0.0
2024-06-17 03:05:00+00:00,32.04999923706055,32.04999923706055,32.04999923706055,32.04999923706055,2000,0.0,0.0
2024-06-17 03:10:00+00:00,32.04999923706055,32.04999923706055,32.04999923706055,32.04999923706055,2470,0.0,0.0
2024-06-17 03:15:00+00:00,32.0,32.04999923706055,32.0,32.04999923706055,2000,0.0,0.0
2024-06-17 03:20:00+00:00,32.0,32.0,32.0,32.0,6000,0.0,0.0
2024-06-17 03:25:00+00:00,32.04999923706055,32.04999923706055,32.04999923706055,32.04999923706055,7202,0.0,0.0
2024-06-17 03:50:00+00:00,32.04999923706055,32.04999923706055,32.04999923706055,32.04999923706055,2000,0.0,0.0
2024-06-17 03:55:00+00:00,32.04999923706055,32.04999923706055,32.04999923706055,32.04999923706055,1200,0.0,0.0
2024-06-17 04:00:00+00:00,32.0,32.0,32.0,32.0,10000,0.0,0.0
2024-06-17 04:05:00+00:00,32.0,32.0,32.0,32.0,4200,0.0,0.0
2024-06-17 04:10:00+00:00,32.0,32.0,32.0,32.0,1000,0.0,0.0
2024-06-17 04:25:00+00:00,32.0,32.0,32.0,32.0,20000,0.0,0.0
2024-06-17 04:30:00+00:00,32.0,32.0,32.0,32.0,2000,0.0,0.0
2024-06-17 04:35:00+00:00,31.950000762939453,31.950000762939453,31.950000762939453,31.950000762939453,14000,0.0,0.0
2024-06-17 04:40:00+00:00,31.950000762939453,31.950000762939453,31.950000762939453,31.950000762939453,2000,0.0,0.0
2024-06-17 04:45:00+00:00,31.950000762939453,31.950000762939453,31.950000762939453,31.950000762939453,2000,0.0,0.0
2024-06-17 04:50:00+00:00,31.950000762939453,31.950000762939453,31.950000762939453,31.950000762939453,1000,0.0,0.0
2024-06-17 04:55:00+00:00,31.950000762939453,31.950000762939453,31.950000762939453,31.950000762939453,3000,0.0,0.0
2024-06-17 05:00:00+00:00,31.950000762939453,31.950000762939453,31.899999618530273,31.899999618530273,16100,0.0,0.0
2024-06-17 05:05:00+00:00,31.899999618530273,31.899999618530273,31.899999618530273,31.899999618530273,13100,0.0,0.0
2024-06-17 05:10:00+00:00,31.950000762939453,31.950000762939453,31.950000762939453,31.950000762939453,3200,0.0,0.0
2024-06-17 05:15:00+00:00,31.950000762939453,31.950000762939453,31.950000762939453,31.950000762939453,3000,0.0,0.0
2024-06-17 05:20:00+00:00,31.950000762939453,31.950000762939453,31.950000762939453,31.950000762939453,4102,0.0,0.0
2024-06-18 01:00:00+00:00,32.20000076293945,32.25,32.20000076293945,32.20000076293945,0,0.0,0.0
2024-06-18 01:05:00+00:00,32.20000076293945,32.20000076293945,32.20000076293945,32.20000076293945,4021,0.0,0.0
2024-06-18 01:10:00+00:00,32.099998474121094,32.150001525878906,32.099998474121094,32.150001525878906,41200,0.0,0.0
2024-06-18 01:15:00+00:00,32.150001525878906,32.150001525878906,32.150001525878906,32.150001525878906,7225,0.0,0.0
2024-06-18 01:20:00+00:00,32.150001525878906,32.150001525878906,32.150001525878906,32.150001525878906,2000,0.0,0.0
2024-06-18 01:25:00+00:00,32.150001525878906,32.150001525878906,32.099998474121094,32.099998474121094,5500,0.0,0.0
2024-06-18 01:30:00+00:00,32.099998474121094,32.099998474121094,32.099998474121094,32.099998474121094,6000,0.0,0.0
2024-06-18 01:35:00+00:00,32.099998474121094,32.099998474121094,32.04999923706055,32.04999923706055,22037,0.0,0.0
2024-06-18 01:40:00+00:00,32.04999923706055,32.04999923706055,32.0,32.0,8000,0.0,0.0
2024-06-18 01:45:00+00:00,32.0,32.0,32.0,32.0,5033,0.0,0.0
2024-06-18 01:50:00+00:00,32.0,32.04999923706055,32.0,32.04999923706055,3040,0.0,0.0
2024-06-18 01:55:00+00:00,32.099998474121094,32.099998474121094,32.099998474121094,32.099998474121094,1000,0.0,0.0
2024-06-18 02:05:00+00:00,32.04999923706055,32.04999923706055,32.04999923706055,32.04999923706055,2000,0.0,0.0
2024-06-18 02:10:00+00:00,32.04999923706055,32.04999923706055,32.04999923706055,32.04999923706055,1000,0.0,0.0
2024-06-18 02:15:00+00:00,32.04999923706055,32.04999923706055,32.04999923706055,32.04999923706055,2107,0.0,0.0
2024-06-18 02:20:00+00:00,32.04999923706055,32.04999923706055,32.0,32.0,12000,0.0,0.0
2024-06-18 02:25:00+00:00,32.0,32.04999923706055,32.0,32.04999923706055,6000,0.0,0.0
2024-06-18 02:30:00+00:00,32.04999923706055,32.04999923706055,32.04999923706055,32.04999923706055,1304,0.0,0.0
2024-06-18 02:35:00+00:00,32.0,32.0,32.0,32.0,1000,0.0,0.0
2024-06-18 02:40:00+00:00,32.0,32.04999923706055,32.0,32.04999923706055,6010,0.0,0.0
2024-06-18 02:45:00+00:00,32.04999923706055,32.04999923706055,32.04999923706055,32.04999923706055,2000,0.0,0.0
2024-06-18 02:50:00+00:00,32.0,32.0,32.0,32.0,4112,0.0,0.0
2024-06-18 02:55:00+00:00,32.0,32.0,32.0,32.0,5001,0.0,0.0
2024-06-18 03:00:00+00:00,32.0,32.0,32.0,32.0,4001,0.0,0.0
2024-06-18 03:05:00+00:00,32.04999923706055,32.04999923706055,32.04999923706055,32.04999923706055,1000,0.0,0.0
2024-06-18 03:10:00+00:00,32.04999923706055,32.04999923706055,32.04999923706055,32.04999923706055,5000,0.0,0.0
2024-06-18 03:15:00+00:00,32.0,32.0,32.0,32.0,1000,0.0,0.0
2024-06-18 03:20:00+00:00,32.0,32.0,32.0,32.0,10000,0.0,0.0
2024-06-18 03:30:00+00:00,32.04999923706055,32.04999923706055,32.0,32.0,2000,0.0,0.0
2024-06-18 03:35:00+00:00,32.04999923706055,32.04999923706055,32.04999923706055,32.04999923706055,1000,0.0,0.0
2024-06-18 03:40:00+00:00,32.04999923706055,32.04999923706055,32.04999923706055,32.04999923706055,3000,0.0,0.0
2024-06-18 03:45:00+00:00,32.04999923706055,32.04999923706055,32.04999923706055,32.04999923706055,1000,0.0,0.0
2024-06-18 03:55:00+00:00,32.0,32.04999923706055,32.0,32.04999923706055,2000,0.0,0.0
2024-06-18 04:00:00+00:00,32.04999923706055,32.04999923706055,32.04999923706055,32.04999923706055,1000,0.0,0.0
2024-06-18 04:10:00+00:00,32.0,32.04999923706055,31.950000762939453,31.950000762939453,29939,0.0,0.0
2024-06-18 04:15:00+00:00,32.0,32.04999923706055,32.0,32.04999923706055,9001,0.0,0.0
2024-06-18 04:35:00+00:00,32.04999923706055,32.04999923706055,32.0,32.0,5000,0.0,0.0
2024-06-18 04:40:00+00:00,32.0,32.0,32.0,32.0,5000,0.0,0.0
2024-06-18 04:45:00+00:00,32.0,32.0,32.0,32.0,1000,0.0,0.0
2024-06-18 04:55:00+00:00,32.0,32.0,32.0,32.0,14000,0.0,0.0
2024-06-18 05:00:00+00:00,32.0,32.04999923706055,32.0,32.04999923706055,9000,0.0,0.0
2024-06-18 05:05:00+00:00,32.04999923706055,32.04999923706055,32.04999923706055,32.04999923706055,1000,0.0,0.0
2024-06-18 05:10:00+00:00,32.04999923706055,32.04999923706055,32.04999923706055,32.04999923706055,1000,0.0,0.0
2024-06-18 05:15:00+00:00,32.04999923706055,32.04999923706055,32.0,32.0,3000,0.0,0.0
2024-06-18 05:20:00+00:00,32.0,32.04999923706055,32.0,32.0,8000,0.0,0.0
2024-06-19 01:00:00+00:00,32.150001525878906,32.150001525878906,32.0,32.0,0,0.0,0.0
2024-06-19 01:05:00+00:00,32.099998474121094,32.099998474121094,32.099998474121094,32.099998474121094,1002,0.0,0.0
2024-06-19 01:10:00+00:00,32.0,32.0,32.0,32.0,26000,0.0,0.0
2024-06-19 01:15:00+00:00,31.950000762939453,32.0,31.950000762939453,31.950000762939453,20010,0.0,0.0
2024-06-19 01:20:00+00:00,31.899999618530273,32.0,31.899999618530273,31.899999618530273,21020,0.0,0.0
2024-06-19 01:25:00+00:00,31.899999618530273,31.950000762939453,31.899999618530273,31.899999618530273,4038,0.0,0.0
2024-06-19 01:30:00+00:00,31.899999618530273,31.899999618530273,31.850000381469727,31.899999618530273,47100,0.0,0.0
2024-06-19 01:35:00+00:00,31.850000381469727,31.899999618530273,31.850000381469727,31.899999618530273,6000,0.0,0.0
2024-06-19 01:40:00+00:00,31.899999618530273,31.899999618530273,31.850000381469727,31.850000381469727,6000,0.0,0.0
2024-06-19 01:45:00+00:00,31.899999618530273,31.899999618530273,31.850000381469727,31.850000381469727,29048,0.0,0.0
2024-06-19 01:50:00+00:00,31.850000381469727,31.899999618530273,31.850000381469727,31.899999618530273,9197,0.0,0.0
2024-06-19 01:55:00+00:00,31.850000381469727,31.899999618530273,31.850000381469727,31.850000381469727,4001,0.0,0.0
2024-06-19 02:00:00+00:00,31.850000381469727,31.850000381469727,31.850000381469727,31.850000381469727,10200,0.0,0.0
2024-06-19 02:05:00+00:00,31.850000381469727,31.850000381469727,31.799999237060547,31.850000381469727,17000,0.0,0.0
2024-06-19 02:10:00+00:00,31.850000381469727,31.850000381469727,31.850000381469727,31.850000381469727,6000,0.0,0.0
2024-06-19 02:15:00+00:00,31.850000381469727,31.850000381469727,31.799999237060547,31.850000381469727,23177,0.0,0.0
2024-06-19 02:20:00+00:00,31.799999237060547,31.850000381469727,31.799999237060547,31.850000381469727,22000,0.0,0.0
2024-06-19 02:25:00+00:00,31.850000381469727,31.950000762939453,31.850000381469727,31.950000762939453,14000,0.0,0.0
2024-06-19 02:30:00+00:00,31.899999618530273,31.950000762939453,31.850000381469727,31.850000381469727,8000,0.0,0.0
2024-06-19 02:35:00+00:00,31.850000381469727,31.950000762939453,31.850000381469727,31.950000762939453,8325,0.0,0.0
2024-06-19 02:40:00+00:00,31.850000381469727,31.899999618530273,31.850000381469727,31.850000381469727,8000,0.0,0.0
2024-06-19 02:45:00+00:00,31.850000381469727,31.850000381469727,31.799999237060547,31.850000381469727,20149,0.0,0.0
2024-06-19 02:50:00+00:00,31.850000381469727,31.850000381469727,31.799999237060547,31.799999237060547,12000,0.0,0.0
2024-06-19 02:55:00+00:00,31.850000381469727,31.850000381469727,31.799999237060547,31.799999237060547,26000,0.0,0.0
2024-06-19 03:00:00+00:00,31.799999237060547,31.850000381469727,31.799999237060547,31.799999237060547,11000,0.0,0.0
2024-06-19 03:05:00+00:00,31.850000381469727,31.899999618530273,31.799999237060547,31.850000381469727,11000,0.0,0.0
2024-06-19 03:10:00+00:00,31.799999237060547,31.799999237060547,31.799999237060547,31.799999237060547,7000,0.0,0.0
2024-06-19 03:15:00+00:00,31.799999237060547,31.850000381469727,31.799999237060547,31.850000381469727,14000,0.0,0.0
2024-06-19 03:20:00+00:00,31.799999237060547,31.799999237060547,31.799999237060547,31.799999237060547,12000,0.0,0.0
2024-06-19 03:25:00+00:00,31.799999237060547,31.850000381469727,31.799999237060547,31.799999237060547,7000,0.0,0.0
2024-06-19 03:30:00+00:00,31.850000381469727,31.850000381469727,31.799999237060547,31.799999237060547,9000,0.0,0.0
2024-06-19 03:35:00+00:00,31.799999237060547,31.799999237060547,31.799999237060547,31.799999237060547,17001,0.0,0.0
2024-06-19 03:40:00+00:00,31.799999237060547,31.850000381469727,31.799999237060547,31.799999237060547,12000,0.0,0.0
2024-06-19 03:45:00+00:00,31.799999237060547,31.850000381469727,31.799999237060547,31.850000381469727,3000,0.0,0.0
2024-06-19 03:50:00+00:00,31.850000381469727,31.850000381469727,31.799999237060547,31.799999237060547,6000,0.0,0.0
2024-06-19 03:55:00+00:00,31.799999237060547,31.899999618530273,31.799999237060547,31.850000381469727,18000,0.0,0.0
2024-06-19 04:00:00+00:00,31.799999237060547,31.899999618530273,31.799999237060547,31.850000381469727,10075,0.0,0.0
2024-06-19 04:05:00+00:00,31.850000381469727,31.850000381469727,31.850000381469727,31.850000381469727,4000,0.0,0.0
2024-06-19 04:10:00+00:00,31.850000381469727,31.850000381469727,31.799999237060547,31.799999237060547,7200,0.0,0.0
2024-06-19 04:15:00+00:00,31.850000381469727,31.850000381469727,31.799999237060547,31.799999237060547,14010,0.0,0.0
2024-06-19 04:20:00+00:00,31.850000381469727,31.850000381469727,31.799999237060547,31.850000381469727,9100,0.0,0.0
2024-06-19 04:25:00+00:00,31.799999237060547,31.850000381469727,31.799999237060547,31.850000381469727,4000,0.0,0.0
2024-06-19 04:30:00+00:00,31.850000381469727,31.850000381469727,31.799999237060547,31.850000381469727,9192,0.0,0.0
2024-06-19 04:35:00+00:00,31.799999237060547,31.799999237060547,31.799999237060547,31.799999237060547,6000,0.0,0.0
2024-06-19 04:40:00+00:00,31.799999237060547,31.850000381469727,31.799999237060547,31.850000381469727,13000,0.0,0.0
2024-06-19 04:45:00+00:00,31.899999618530273,31.899999618530273,31.850000381469727,31.850000381469727,6100,0.0,0.0
2024-06-19 04:50:00+00:00,31.850000381469727,31.850000381469727,31.799999237060547,31.850000381469727,29005,0.0,0.0
2024-06-19 04:55:00+00:00,31.799999237060547,31.799999237060547,31.799999237060547,31.799999237060547,3000,0.0,0.0
2024-06-19 05:00:00+00:00,31.799999237060547,31.799999237060547,31.799999237060547,31.799999237060547,4000,0.0,0.0
2024-06-19 05:05:00+00:00,31.799999237060547,31.850000381469727,31.799999237060547,31.799999237060547,11051,0.0,0.0
2024-06-19 05:10:00+00:00,31.799999237060547,31.850000381469727,31.799999237060547,31.850000381469727,16000,0.0,0.0
2024-06-19 05:15:00+00:00,31.850000381469727,31.850000381469727,31.799999237060547,31.799999237060547,8100,0.0,0.0
2024-06-19 05:20:00+00:00,31.799999237060547,31.850000381469727,31.799999237060547,31.799999237060547,15100,0.0,0.0
2024-06-20 01:00:00+00:00,31.850000381469727,31.950000762939453,31.850000381469727,31.950000762939453,0,0.0,0.0
2024-06-20 01:10:00+00:00,31.850000381469727,31.850000381469727,31.850000381469727,31.850000381469727,24124,0.0,0.0
2024-06-20 01:15:00+00:00,31.899999618530273,31.899999618530273,31.850000381469727,31.850000381469727,3000,0.0,0.0
2024-06-20 01:25:00+00:00,31.850000381469727,31.899999618530273,31.850000381469727,31.899999618530273,10088,0.0,0.0
2024-06-20 01:30:00+00:00,31.899999618530273,31.950000762939453,31.899999618530273,31.899999618530273,7104,0.0,0.0
2024-06-20 01:35:00+00:00,31.899999618530273,31.950000762939453,31.899999618530273,31.950000762939453,3000,0.0,0.0
2024-06-20 01:45:00+00:00,31.899999618530273,31.899999618530273,31.899999618530273,31.899999618530273,16000,0.0,0.0
2024-06-20 01:50:00+00:00,31.899999618530273,31.899999618530273,31.899999618530273,31.899999618530273,10000,0.0,0.0
2024-06-20 01:55:00+00:00,31.950000762939453,31.950000762939453,31.899999618530273,31.899999618530273,8000,0.0,0.0
2024-06-20 02:00:00+00:00,31.899999618530273,32.0,31.899999618530273,32.0,71000,0.0,0.0
2024-06-20 02:05:00+00:00,32.04999923706055,32.099998474121094,32.04999923706055,32.099998474121094,11000,0.0,0.0
2024-06-20 02:10:00+00:00,32.099998474121094,32.150001525878906,32.099998474121094,32.099998474121094,31000,0.0,0.0
2024-06-20 02:15:00+00:00,32.099998474121094,32.150001525878906,32.099998474121094,32.150001525878906,16000,0.0,0.0
2024-06-20 02:20:00+00:00,32.20000076293945,32.20000076293945,32.20000076293945,32.20000076293945,13000,0.0,0.0
2024-06-20 02:25:00+00:00,32.20000076293945,32.25,32.20000076293945,32.25,7000,0.0,0.0
2024-06-20 02:30:00+00:00,32.25,32.25,32.20000076293945,32.20000076293945,16080,0.0,0.0
2024-06-20 02:35:00+00:00,32.20000076293945,32.20000076293945,32.20000076293945,32.20000076293945,3000,0.0,0.0
2024-06-20 02:45:00+00:00,32.150001525878906,32.150001525878906,32.150001525878906,32.150001525878906,5000,0.0,0.0
2024-06-20 02:50:00+00:00,32.20000076293945,32.20000076293945,32.20000076293945,32.20000076293945,1000,0.0,0.0
2024-06-20 03:00:00+00:00,32.150001525878906,32.150001525878906,32.150001525878906,32.150001525878906,10000,0.0,0.0
2024-06-20 03:10:00+00:00,32.099998474121094,32.150001525878906,32.099998474121094,32.150001525878906,4500,0.0,0.0
2024-06-20 03:15:00+00:00,32.150001525878906,32.150001525878906,32.150001525878906,32.150001525878906,1000,0.0,0.0
2024-06-20 03:20:00+00:00,32.150001525878906,32.150001525878906,32.150001525878906,32.150001525878906,2420,0.0,0.0
2024-06-20 03:25:00+00:00,32.150001525878906,32.150001525878906,32.150001525878906,32.150001525878906,1000,0.0,0.0
2024-06-20 03:40:00+00:00,32.099998474121094,32.099998474121094,32.099998474121094,32.099998474121094,3030,0.0,0.0
2024-06-20 03:45:00+00:00,32.099998474121094,32.099998474121094,32.099998474121094,32.099998474121094,1000,0.0,0.0
2024-06-20 03:50:00+00:00,32.099998474121094,32.150001525878906,32.099998474121094,32.150001525878906,6005,0.0,0.0
2024-06-20 04:05:00+00:00,32.150001525878906,32.150001525878906,32.150001525878906,32.150001525878906,3004,0.0,0.0
2024-06-20 04:10:00+00:00,32.099998474121094,32.099998474121094,32.099998474121094,32.099998474121094,3000,0.0,0.0
2024-06-20 04:15:00+00:00,32.099998474121094,32.099998474121094,32.099998474121094,32.099998474121094,12042,0.0,0.0
2024-06-20 04:20:00+00:00,32.099998474121094,32.099998474121094,32.099998474121094,32.099998474121094,3000,0.0,0.0
2024-06-20 04:25:00+00:00,32.099998474121094,32.099998474121094,32.099998474121094,32.099998474121094,4000,0.0,0.0
2024-06-20 04:30:00+00:00,32.150001525878906,32.150001525878906,32.099998474121094,32.099998474121094,2001,0.0,0.0
2024-06-20 04:35:00+00:00,32.04999923706055,32.04999923706055,32.0,32.04999923706055,20000,0.0,0.0
2024-06-20 04:40:00+00:00,32.04999923706055,32.099998474121094,32.04999923706055,32.04999923706055,6200,0.0,0.0
2024-06-20 04:45:00+00:00,32.150001525878906,32.150001525878906,32.099998474121094,32.099998474121094,13000,0.0,0.0
2024-06-20 04:50:00+00:00,32.099998474121094,32.099998474121094,32.099998474121094,32.099998474121094,0,0.0,0.0
2024-06-20 04:55:00+00:00,32.099998474121094,32.099998474121094,32.099998474121094,32.099998474121094,366599,0.0,0.0
2024-06-20 05:00:00+00:00,32.099998474121094,32.099998474121094,32.099998474121094,32.099998474121094,3000,0.0,0.0
2024-06-20 05:05:00+00:00,32.099998474121094,32.099998474121094,32.099998474121094,32.099998474121094,12000,0.0,0.0
2024-06-20 05:10:00+00:00,32.099998474121094,32.099998474121094,32.099998474121094,32.099998474121094,7001,0.0,0.0
2024-06-20 05:15:00+00:00,32.099998474121094,32.099998474121094,32.04999923706055,32.099998474121094,6115,0.0,0.0
2024-06-20 05:20:00+00:00,32.04999923706055,32.04999923706055,32.04999923706055,32.04999923706055,2000,0.0,0.0
2024-06-21 01:05:00+00:00,32.099998474121094,32.099998474121094,32.04999923706055,32.04999923706055,22000,0.0,0.0
2024-06-21 01:10:00+00:00,32.04999923706055,32.099998474121094,32.04999923706055,32.099998474121094,5005,0.0,0.0
2024-06-21 01:15:00+00:00,32.0,32.099998474121094,31.799999237060547,31.799999237060547,33001,0.0,0.0
2024-06-21 01:20:00+00:00,32.0,32.0,32.0,32.0,1301,0.0,0.0
2024-06-21 01:30:00+00:00,32.0,32.0,32.0,32.0,6000,0.0,0.0
2024-06-21 01:35:00+00:00,32.04999923706055,32.04999923706055,32.04999923706055,32.04999923706055,14099,0.0,0.0
2024-06-21 01:40:00+00:00,32.04999923706055,32.04999923706055,32.04999923706055,32.04999923706055,1037,0.0,0.0
2024-06-21 01:45:00+00:00,32.04999923706055,32.04999923706055,32.04999923706055,32.04999923706055,2000,0.0,0.0
2024-06-21 01:50:00+00:00,32.04999923706055,32.099998474121094,32.04999923706055,32.099998474121094,7000,0.0,0.0
2024-06-21 01:55:00+00:00,32.099998474121094,32.20000076293945,32.099998474121094,32.20000076293945,29000,0.0,0.0
2024-06-21 02:00:00+00:00,32.25,32.25,32.20000076293945,32.20000076293945,6000,0.0,0.0
2024-06-21 02:05:00+00:00,32.20000076293945,32.20000076293945,32.20000076293945,32.20000076293945,2000,0.0,0.0
2024-06-21 02:10:00+00:00,32.25,32.29999923706055,32.25,32.29999923706055,44000,0.0,0.0
2024-06-21 02:15:00+00:00,32.25,32.29999923706055,32.25,32.29999923706055,13120,0.0,0.0
2024-06-21 02:25:00+00:00,32.25,32.29999923706055,32.25,32.29999923706055,7030,0.0,0.0
2024-06-21 02:30:00+00:00,32.20000076293945,32.20000076293945,32.20000076293945,32.20000076293945,10000,0.0,0.0
2024-06-21 02:35:00+00:00,32.25,32.29999923706055,32.25,32.25,9000,0.0,0.0
2024-06-21 02:40:00+00:00,32.25,32.25,32.25,32.25,5000,0.0,0.0
2024-06-21 02:45:00+00:00,32.25,32.25,32.25,32.25,4001,0.0,0.0
2024-06-21 02:50:00+00:00,32.25,32.25,32.25,32.25,11001,0.0,0.0
2024-06-21 02:55:00+00:00,32.25,32.25,32.25,32.25,3000,0.0,0.0
2024-06-21 03:00:00+00:00,32.25,32.25,32.25,32.25,4299,0.0,0.0
2024-06-21 03:05:00+00:00,32.25,32.25,32.25,32.25,13000,0.0,0.0
2024-06-21 03:10:00+00:00,32.25,32.25,32.25,32.25,6504,0.0,0.0
2024-06-21 03:20:00+00:00,32.25,32.25,32.25,32.25,8000,0.0,0.0
2024-06-21 03:25:00+00:00,32.25,32.25,32.25,32.25,2093,0.0,0.0
2024-06-21 03:30:00+00:00,32.25,32.25,32.25,32.25,3001,0.0,0.0
2024-06-21 03:35:00+00:00,32.29999923706055,32.29999923706055,32.29999923706055,32.29999923706055,2005,0.0,0.0
2024-06-21 03:40:00+00:00,32.29999923706055,32.29999923706055,32.29999923706055,32.29999923706055,2000,0.0,0.0
2024-06-21 03:45:00+00:00,32.25,32.25,32.25,32.25,7050,0.0,0.0
2024-06-21 03:50:00+00:00,32.25,32.25,32.25,32.25,9000,0.0,0.0
2024-06-21 03:55:00+00:00,32.25,32.25,32.20000076293945,32.20000076293945,6000,0.0,0.0
2024-06-21 04:00:00+00:00,32.20000076293945,32.20000076293945,32.20000076293945,32.20000076293945,2000,0.0,0.0
2024-06-21 04:05:00+00:00,32.25,32.25,32.25,32.25,6000,0.0,0.0
2024-06-21 04:15:00+00:00,32.25,32.25,32.25,32.25,7000,0.0,0.0
2024-06-21 04:20:00+00:00,32.25,32.25,32.25,32.25,4020,0.0,0.0
2024-06-21 04:30:00+00:00,32.25,32.25,32.25,32.25,1100,0.0,0.0
2024-06-21 04:45:00+00:00,32.20000076293945,32.20000076293945,32.20000076293945,32.20000076293945,4308,0.0,0.0
2024-06-21 04:50:00+00:00,32.20000076293945,32.20000076293945,32.20000076293945,32.20000076293945,9002,0.0,0.0
2024-06-21 04:55:00+00:00,32.20000076293945,32.20000076293945,32.20000076293945,32.20000076293945,15000,0.0,0.0
2024-06-21 05:00:00+00:00,32.20000076293945,32.20000076293945,32.20000076293945,32.20000076293945,5000,0.0,0.0
2024-06-21 05:05:00+00:00,32.25,32.29999923706055,32.25,32.29999923706055,15000,0.0,0.0
2024-06-21 05:10:00+00:00,32.29999923706055,32.29999923706055,32.29999923706055,32.29999923706055,9000,0.0,0.0
2024-06-21 05:15:00+00:00,32.29999923706055,32.29999923706055,32.25,32.25,10043,0.0,0.0
2024-06-21 05:20:00+00:00,32.25,32.25,32.20000076293945,32.20000076293945,9043,0.0,0.0
2024-06-24 01:00:00+00:00,32.25,32.25,32.20000076293945,32.25,0,0.0,0.0
2024-06-24 01:05:00+00:00,32.150001525878906,32.150001525878906,32.099998474121094,32.099998474121094,7500,0.0,0.0
2024-06-24 01:10:00+00:00,32.20000076293945,32.20000076293945,32.20000076293945,32.20000076293945,7330,0.0,0.0
2024-06-24 01:15:00+00:00,32.20000076293945,32.20000076293945,32.20000076293945,32.20000076293945,4000,0.0,0.0
2024-06-24 01:20:00+00:00,32.20000076293945,32.25,32.20000076293945,32.25,8000,0.0,0.0
2024-06-24 01:25:00+00:00,32.25,32.25,32.25,32.25,4000,0.0,0.0
2024-06-24 01:30:00+00:00,32.150001525878906,32.150001525878906,32.150001525878906,32.150001525878906,2000,0.0,0.0
2024-06-24 01:35:00+00:00,32.150001525878906,32.150001525878906,32.150001525878906,32.150001525878906,8000,0.0,0.0
2024-06-24 01:40:00+00:00,32.150001525878906,32.150001525878906,32.150001525878906,32.150001525878906,2000,0.0,0.0
2024-06-24 01:45:00+00:00,32.150001525878906,32.150001525878906,32.150001525878906,32.150001525878906,4300,0.0,0.0
2024-06-24 01:55:00+00:00,32.20000076293945,32.20000076293945,32.20000076293945,32.20000076293945,1000,0.0,0.0
2024-06-24 02:00:00+00:00,32.150001525878906,32.150001525878906,32.099998474121094,32.099998474121094,12000,0.0,0.0
2024-06-24 02:05:00+00:00,32.099998474121094,32.099998474121094,32.099998474121094,32.099998474121094,7139,0.0,0.0
2024-06-24 02:20:00+00:00,32.099998474121094,32.150001525878906,32.099998474121094,32.150001525878906,6000,0.0,0.0
2024-06-24 02:25:00+00:00,32.150001525878906,32.150001525878906,32.150001525878906,32.150001525878906,14000,0.0,0.0
2024-06-24 02:30:00+00:00,32.150001525878906,32.150001525878906,32.099998474121094,32.099998474121094,6000,0.0,0.0
2024-06-24 02:35:00+00:00,32.150001525878906,32.150001525878906,32.150001525878906,32.150001525878906,5000,0.0,0.0
2024-06-24 02:40:00+00:00,32.150001525878906,32.150001525878906,32.099998474121094,32.150001525878906,11000,0.0,0.0
2024-06-24 02:45:00+00:00,32.150001525878906,32.150001525878906,32.150001525878906,32.150001525878906,4000,0.0,0.0
2024-06-24 02:50:00+00:00,32.150001525878906,32.150001525878906,32.150001525878906,32.150001525878906,1161,0.0,0.0
2024-06-24 03:00:00+00:00,32.150001525878906,32.150001525878906,32.150001525878906,32.150001525878906,2050,0.0,0.0
2024-06-24 03:15:00+00:00,32.150001525878906,32.150001525878906,32.150001525878906,32.150001525878906,1100,0.0,0.0
2024-06-24 03:20:00+00:00,32.150001525878906,32.150001525878906,32.150001525878906,32.150001525878906,4111,0.0,0.0
2024-06-24 03:25:00+00:00,32.150001525878906,32.150001525878906,32.150001525878906,32.150001525878906,1590,0.0,0.0
2024-06-24 03:40:00+00:00,32.150001525878906,32.150001525878906,32.150001525878906,32.150001525878906,1000,0.0,0.0
2024-06-24 03:45:00+00:00,32.150001525878906,32.150001525878906,32.150001525878906,32.150001525878906,1105,0.0,0.0
2024-06-24 03:50:00+00:00,32.150001525878906,32.150001525878906,32.099998474121094,32.099998474121094,4040,0.0,0.0
2024-06-24 03:55:00+00:00,32.099998474121094,32.150001525878906,32.099998474121094,32.150001525878906,5004,0.0,0.0
2024-06-24 04:00:00+00:00,32.150001525878906,32.150001525878906,32.099998474121094,32.099998474121094,28031,0.0,0.0
2024-06-24 04:05:00+00:00,32.099998474121094,32.099998474121094,32.099998474121094,32.099998474121094,2000,0.0,0.0
2024-06-24 04:10:00+00:00,32.099998474121094,32.099998474121094,32.099998474121094,32.099998474121094,4020,0.0,0.0
2024-06-24 04:15:00+00:00,32.099998474121094,32.099998474121094,32.04999923706055,32.099998474121094,22025,0.0,0.0
2024-06-24 04:20:00+00:00,32.099998474121094,32.099998474121094,32.04999923706055,32.04999923706055,21360,0.0,0.0
2024-06-24 04:30:00+00:00,32.04999923706055,32.04999923706055,32.0,32.0,11000,0.0,0.0
2024-06-24 04:40:00+00:00,32.0,32.04999923706055,32.0,32.04999923706055,10000,0.0,0.0
2024-06-24 04:45:00+00:00,32.0,32.04999923706055,31.950000762939453,32.04999923706055,55000,0.0,0.0
2024-06-24 04:50:00+00:00,32.04999923706055,32.04999923706055,32.04999923706055,32.04999923706055,5399,0.0,0.0
2024-06-24 04:55:00+00:00,32.0,32.0,32.0,32.0,7000,0.0,0.0
2024-06-24 05:00:00+00:00,32.0,32.0,32.0,32.0,1000,0.0,0.0
2024-06-24 05:05:00+00:00,31.950000762939453,31.950000762939453,31.850000381469727,31.899999618530273,70789,0.0,0.0
2024-06-24 05:15:00+00:00,31.899999618530273,31.899999618530273,31.899999618530273,31.899999618530273,2000,0.0,0.0
2024-06-24 05:20:00+00:00,31.899999618530273,31.899999618530273,31.799999237060547,31.850000381469727,44199,0.0,0.0
2024-06-25 01:00:00+00:00,31.899999618530273,32.0,31.850000381469727,31.850000381469727,0,0.0,0.0
2024-06-25 01:05:00+00:00,31.799999237060547,31.799999237060547,31.649999618530273,31.649999618530273,25042,0.0,0.0
2024-06-25 01:10:00+00:00,31.649999618530273,31.700000762939453,31.5,31.5,116346,0.0,0.0
2024-06-25 01:15:00+00:00,31.5,31.5,31.399999618530273,31.450000762939453,44720,0.0,0.0
2024-06-25 01:20:00+00:00,31.450000762939453,31.5,31.450000762939453,31.450000762939453,14239,0.0,0.0
2024-06-25 01:25:00+00:00,31.5,31.5,31.450000762939453,31.450000762939453,3592,0.0,0.0
2024-06-25 01:30:00+00:00,31.5,31.549999237060547,31.5,31.549999237060547,11400,0.0,0.0
2024-06-25 01:35:00+00:00,31.600000381469727,31.600000381469727,31.600000381469727,31.600000381469727,2050,0.0,0.0
2024-06-25 01:40:00+00:00,31.600000381469727,31.600000381469727,31.600000381469727,31.600000381469727,1372,0.0,0.0
2024-06-25 01:45:00+00:00,31.649999618530273,31.649999618530273,31.649999618530273,31.649999618530273,5344,0.0,0.0
2024-06-25 02:00:00+00:00,31.700000762939453,31.700000762939453,31.700000762939453,31.700000762939453,7178,0.0,0.0
2024-06-25 02:10:00+00:00,31.649999618530273,31.649999618530273,31.649999618530273,31.649999618530273,3500,0.0,0.0
2024-06-25 02:20:00+00:00,31.700000762939453,31.700000762939453,31.700000762939453,31.700000762939453,6010,0.0,0.0
2024-06-25 02:25:00+00:00,31.700000762939453,31.75,31.700000762939453,31.75,7010,0.0,0.0
2024-06-25 02:30:00+00:00,31.799999237060547,31.799999237060547,31.799999237060547,31.799999237060547,8000,0.0,0.0
2024-06-25 02:35:00+00:00,31.850000381469727,31.850000381469727,31.850000381469727,31.850000381469727,3001,0.0,0.0
2024-06-25 02:40:00+00:00,31.899999618530273,31.899999618530273,31.899999618530273,31.899999618530273,2000,0.0,0.0
2024-06-25 02:45:00+00:00,31.899999618530273,32.0,31.899999618530273,32.0,11000,0.0,0.0
2024-06-25 02:50:00+00:00,31.950000762939453,31.950000762939453,31.950000762939453,31.950000762939453,7000,0.0,0.0
2024-06-25 03:00:00+00:00,31.950000762939453,31.950000762939453,31.950000762939453,31.950000762939453,2002,0.0,0.0
2024-06-25 03:10:00+00:00,31.950000762939453,31.950000762939453,31.950000762939453,31.950000762939453,1000,0.0,0.0
2024-06-25 03:15:00+00:00,31.850000381469727,31.850000381469727,31.850000381469727,31.850000381469727,7065,0.0,0.0
2024-06-25 03:20:00+00:00,31.799999237060547,31.799999237060547,31.799999237060547,31.799999237060547,5000,0.0,0.0
2024-06-25 03:35:00+00:00,31.850000381469727,31.850000381469727,31.850000381469727,31.850000381469727,1000,0.0,0.0
2024-06-25 03:40:00+00:00,31.799999237060547,31.799999237060547,31.799999237060547,31.799999237060547,4000,0.0,0.0
2024-06-25 03:50:00+00:00,31.799999237060547,31.850000381469727,31.799999237060547,31.850000381469727,3061,0.0,0.0
2024-06-25 04:00:00+00:00,31.850000381469727,31.850000381469727,31.850000381469727,31.850000381469727,2000,0.0,0.0
2024-06-25 04:10:00+00:00,31.850000381469727,31.850000381469727,31.850000381469727,31.850000381469727,3000,0.0,0.0
2024-06-25 04:15:00+00:00,31.850000381469727,31.850000381469727,31.850000381469727,31.850000381469727,4000,0.0,0.0
2024-06-25 04:20:00+00:00,31.850000381469727,31.899999618530273,31.850000381469727,31.899999618530273,7037,0.0,0.0
2024-06-25 04:30:00+00:00,31.899999618530273,31.899999618530273,31.899999618530273,31.899999618530273,1000,0.0,0.0
2024-06-25 04:45:00+00:00,31.850000381469727,31.850000381469727,31.799999237060547,31.799999237060547,9000,0.0,0.0
2024-06-25 04:50:00+00:00,31.799999237060547,31.799999237060547,31.799999237060547,31.799999237060547,4000,0.0,0.0
2024-06-25 04:55:00+00:00,31.899999618530273,31.899999618530273,31.899999618530273,31.899999618530273,8000,0.0,0.0
2024-06-25 05:00:00+00:00,31.899999618530273,31.950000762939453,31.899999618530273,31.950000762939453,7000,0.0,0.0
2024-06-25 05:05:00+00:00,31.950000762939453,31.950000762939453,31.899999618530273,31.950000762939453,14000,0.0,0.0
2024-06-25 05:10:00+00:00,32.0,32.099998474121094,32.0,32.099998474121094,29000,0.0,0.0
2024-06-25 05:15:00+00:00,32.099998474121094,32.099998474121094,32.04999923706055,32.04999923706055,5073,0.0,0.0
2024-06-25 05:20:00+00:00,32.04999923706055,32.04999923706055,32.04999923706055,32.04999923706055,3035,0.0,0.0
2024-06-26 01:00:00+00:00,32.150001525878906,32.25,32.150001525878906,32.25,0,0.0,0.0
2024-06-26 01:05:00+00:00,32.25,32.25,32.25,32.25,2000,0.0,0.0
2024-06-26 01:10:00+00:00,32.25,32.25,32.25,32.25,9000,0.0,0.0
2024-06-26 01:15:00+00:00,32.25,32.25,32.25,32.25,5000,0.0,0.0
2024-06-26 01:20:00+00:00,32.20000076293945,32.20000076293945,32.20000076293945,32.20000076293945,4000,0.0,0.0
2024-06-26 01:25:00+00:00,32.25,32.25,32.25,32.25,2000,0.0,0.0
2024-06-26 01:30:00+00:00,32.25,32.29999923706055,32.25,32.25,10124,0.0,0.0
2024-06-26 01:40:00+00:00,32.25,32.25,32.25,32.25,4344,0.0,0.0
2024-06-26 01:45:00+00:00,32.20000076293945,32.20000076293945,32.20000076293945,32.20000076293945,20000,0.0,0.0
2024-06-26 01:50:00+00:00,32.20000076293945,32.20000076293945,32.150001525878906,32.150001525878906,6271,0.0,0.0
2024-06-26 02:00:00+00:00,32.20000076293945,32.20000076293945,32.20000076293945,32.20000076293945,3001,0.0,0.0
2024-06-26 02:05:00+00:00,32.20000076293945,32.20000076293945,32.20000076293945,32.20000076293945,14000,0.0,0.0
2024-06-26 02:10:00+00:00,32.20000076293945,32.20000076293945,32.20000076293945,32.20000076293945,15000,0.0,0.0
2024-06-26 02:15:00+00:00,32.20000076293945,32.20000076293945,32.20000076293945,32.20000076293945,3000,0.0,0.0
2024-06-26 02:20:00+00:00,32.25,32.25,32.20000076293945,32.20000076293945,25000,0.0,0.0
2024-06-26 02:25:00+00:00,32.25,32.25,32.25,32.25,1050,0.0,0.0
2024-06-26 02:30:00+00:00,32.25,32.25,32.25,32.25,7078,0.0,0.0
2024-06-26 02:40:00+00:00,32.20000076293945,32.20000076293945,32.20000076293945,32.20000076293945,2164,0.0,0.0
2024-06-26 02:50:00+00:00,32.150001525878906,32.150001525878906,32.150001525878906,32.150001525878906,16105,0.0,0.0
2024-06-26 03:00:00+00:00,32.150001525878906,32.150001525878906,32.150001525878906,32.150001525878906,6000,0.0,0.0
2024-06-26 03:10:00+00:00,32.150001525878906,32.150001525878906,32.150001525878906,32.150001525878906,2000,0.0,0.0
2024-06-26 03:15:00+00:00,32.150001525878906,32.150001525878906,32.150001525878906,32.150001525878906,7050,0.0,0.0
2024-06-26 03:20:00+00:00,32.20000076293945,32.20000076293945,32.20000076293945,32.20000076293945,3000,0.0,0.0
2024-06-26 03:25:00+00:00,32.150001525878906,32.150001525878906,32.150001525878906,32.150001525878906,0,0.0,0.0
2024-06-26 03:30:00+00:00,32.099998474121094,32.099998474121094,32.099998474121094,32.099998474121094,205575,0.0,0.0
2024-06-26 03:35:00+00:00,32.099998474121094,32.099998474121094,32.099998474121094,32.099998474121094,22007,0.0,0.0
2024-06-26 03:45:00+00:00,32.150001525878906,32.150001525878906,32.150001525878906,32.150001525878906,5105,0.0,0.0
2024-06-26 03:50:00+00:00,32.150001525878906,32.150001525878906,32.150001525878906,32.150001525878906,2000,0.0,0.0
2024-06-26 03:55:00+00:00,32.150001525878906,32.150001525878906,32.150001525878906,32.150001525878906,1265,0.0,0.0
2024-06-26 04:00:00+00:00,32.150001525878906,32.150001525878906,32.150001525878906,32.150001525878906,2543,0.0,0.0
2024-06-26 04:05:00+00:00,32.20000076293945,32.20000076293945,32.20000076293945,32.20000076293945,1000,0.0,0.0
2024-06-26 04:10:00+00:00,32.20000076293945,32.20000076293945,32.20000076293945,32.20000076293945,11380,0.0,0.0
2024-06-26 04:15:00+00:00,32.25,32.25,32.25,32.25,4000,0.0,0.0
2024-06-26 04:20:00+00:00,32.20000076293945,32.20000076293945,32.20000076293945,32.20000076293945,2000,0.0,0.0
2024-06-26 04:25:00+00:00,32.20000076293945,32.20000076293945,32.20000076293945,32.20000076293945,1000,0.0,0.0
2024-06-26 04:30:00+00:00,32.20000076293945,32.20000076293945,32.150001525878906,32.150001525878906,30005,0.0,0.0
2024-06-26 04:35:00+00:00,32.150001525878906,32.150001525878906,32.150001525878906,32.150001525878906,4000,0.0,0.0
2024-06-26 04:40:00+00:00,32.20000076293945,32.20000076293945,32.20000076293945,32.20000076293945,1000,0.0,0.0
2024-06-26 04:45:00+00:00,32.20000076293945,32.20000076293945,32.20000076293945,32.20000076293945,5000,0.0,0.0
2024-06-26 04:50:00+00:00,32.20000076293945,32.20000076293945,32.20000076293945,32.20000076293945,2000,0.0,0.0
2024-06-26 04:55:00+00:00,32.20000076293945,32.25,32.150001525878906,32.25,8000,0.0,0.0
2024-06-26 05:05:00+00:00,32.25,32.25,32.150001525878906,32.150001525878906,17000,0.0,0.0
2024-06-26 05:10:00+00:00,32.150001525878906,32.150001525878906,32.150001525878906,32.150001525878906,20300,0.0,0.0
2024-06-26 05:15:00+00:00,32.150001525878906,32.150001525878906,32.150001525878906,32.150001525878906,2000,0.0,0.0
2024-06-26 05:20:00+00:00,32.150001525878906,32.150001525878906,32.150001525878906,32.150001525878906,5200,0.0,0.0
2024-06-27 01:00:00+00:00,32.04999923706055,32.04999923706055,32.0,32.0,0,0.0,0.0
2024-06-27 01:05:00+00:00,32.0,32.0,31.950000762939453,31.950000762939453,37379,0.0,0.0
2024-06-27 01:10:00+00:00,31.950000762939453,32.04999923706055,31.950000762939453,32.04999923706055,26045,0.0,0.0
2024-06-27 01:15:00+00:00,32.04999923706055,32.099998474121094,32.04999923706055,32.04999923706055,5000,0.0,0.0
2024-06-27 01:20:00+00:00,32.04999923706055,32.04999923706055,32.04999923706055,32.04999923706055,5000,0.0,0.0
2024-06-27 01:25:00+00:00,32.099998474121094,32.150001525878906,32.099998474121094,32.099998474121094,11037,0.0,0.0
2024-06-27 01:30:00+00:00,32.099998474121094,32.150001525878906,32.099998474121094,32.150001525878906,15011,0.0,0.0
2024-06-27 01:35:00+00:00,32.150001525878906,32.150001525878906,32.150001525878906,32.150001525878906,2000,0.0,0.0
2024-06-27 01:40:00+00:00,32.150001525878906,32.150001525878906,32.150001525878906,32.150001525878906,3000,0.0,0.0
2024-06-27 01:45:00+00:00,32.150001525878906,32.150001525878906,32.150001525878906,32.150001525878906,2000,0.0,0.0
2024-06-27 01:50:00+00:00,32.150001525878906,32.20000076293945,32.150001525878906,32.20000076293945,8000,0.0,0.0
2024-06-27 01:55:00+00:00,32.150001525878906,32.150001525878906,32.150001525878906,32.150001525878906,10000,0.0,0.0
2024-06-27 02:00:00+00:00,32.150001525878906,32.150001525878906,32.099998474121094,32.099998474121094,4000,0.0,0.0
2024-06-27 02:05:00+00:00,32.099998474121094,32.25,32.099998474121094,32.25,37000,0.0,0.0
2024-06-27 02:10:00+00:00,32.25,32.25,32.25,32.25,5150,0.0,0.0
2024-06-27 02:15:00+00:00,32.29999923706055,32.29999923706055,32.29999923706055,32.29999923706055,3000,0.0,0.0
2024-06-27 02:20:00+00:00,32.25,32.349998474121094,32.25,32.25,65000,0.0,0.0
2024-06-27 02:25:00+00:00,32.349998474121094,32.349998474121094,32.349998474121094,32.349998474121094,11000,0.0,0.0
2024-06-27 02:30:00+00:00,32.29999923706055,32.29999923706055,32.29999923706055,32.29999923706055,1000,0.0,0.0
2024-06-27 02:35:00+00:00,32.29999923706055,32.29999923706055,32.29999923706055,32.29999923706055,1100,0.0,0.0
2024-06-27 02:40:00+00:00,32.25,32.25,32.25,32.25,2000,0.0,0.0
2024-06-27 02:45:00+00:00,32.20000076293945,32.20000076293945,32.20000076293945,32.20000076293945,11000,0.0,0.0
2024-06-27 02:50:00+00:00,32.20000076293945,32.20000076293945,32.150001525878906,32.150001525878906,11020,0.0,0.0
2024-06-27 03:00:00+00:00,32.20000076293945,32.20000076293945,32.20000076293945,32.20000076293945,1001,0.0,0.0
2024-06-27 03:05:00+00:00,32.20000076293945,32.25,32.20000076293945,32.25,10000,0.0,0.0
2024-06-27 03:10:00+00:00,32.25,32.25,32.25,32.25,2000,0.0,0.0
2024-06-27 03:15:00+00:00,32.150001525878906,32.150001525878906,32.150001525878906,32.150001525878906,1331,0.0,0.0
2024-06-27 03:25:00+00:00,32.150001525878906,32.25,32.150001525878906,32.25,7605,0.0,0.0
2024-06-27 03:30:00+00:00,32.29999923706055,32.29999923706055,32.29999923706055,32.29999923706055,0,0.0,0.0
2024-06-27 03:35:00+00:00,32.25,32.25,32.25,32.25,318079,0.0,0.0
2024-06-27 03:40:00+00:00,32.25,32.25,32.25,32.25,1230,0.0,0.0
2024-06-27 03:50:00+00:00,32.20000076293945,32.20000076293945,32.20000076293945,32.20000076293945,10000,0.0,0.0
2024-06-27 03:55:00+00:00,32.25,32.25,32.25,32.25,5095,0.0,0.0
2024-06-27 04:00:00+00:00,32.25,32.25,32.25,32.25,1000,0.0,0.0
2024-06-27 04:05:00+00:00,32.25,32.25,32.25,32.25,2000,0.0,0.0
2024-06-27 04:10:00+00:00,32.29999923706055,32.29999923706055,32.25,32.25,11000,0.0,0.0
2024-06-27 04:15:00+00:00,32.29999923706055,32.29999923706055,32.25,32.25,3000,0.0,0.0
2024-06-27 04:20:00+00:00,32.25,32.25,32.25,32.25,1003,0.0,0.0
2024-06-27 04:25:00+00:00,32.25,32.25,32.25,32.25,6065,0.0,0.0
2024-06-27 04:30:00+00:00,32.25,32.25,32.25,32.25,1000,0.0,0.0
2024-06-27 04:35:00+00:00,32.25,32.25,32.25,32.25,12003,0.0,0.0
2024-06-27 04:40:00+00:00,32.25,32.25,32.25,32.25,6000,0.0,0.0
2024-06-27 04:45:00+00:00,32.25,32.29999923706055,32.25,32.29999923706055,4000,0.0,0.0
2024-06-27 04:50:00+00:00,32.25,32.29999923706055,32.25,32.25,10005,0.0,0.0
2024-06-27 04:55:00+00:00,32.25,32.25,32.25,32.25,1000,0.0,0.0
2024-06-27 05:00:00+00:00,32.25,32.25,32.25,32.25,11155,0.0,0.0
2024-06-27 05:05:00+00:00,32.25,32.25,32.25,32.25,2000,0.0,0.0
2024-06-27 05:10:00+00:00,32.20000076293945,32.20000076293945,32.20000076293945,32.20000076293945,2008,0.0,0.0
2024-06-27 05:15:00+00:00,32.20000076293945,32.25,32.20000076293945,32.20000076293945,4000,0.0,0.0
2024-06-27 05:20:00+00:00,32.25,32.29999923706055,32.25,32.29999923706055,16000,0.0,0.0
2024-06-28 01:00:00+00:00,32.29999923706055,32.349998474121094,32.29999923706055,32.349998474121094,0,0.0,0.0
2024-06-28 01:05:00+00:00,32.349998474121094,32.5,32.349998474121094,32.5,57701,0.0,0.0
2024-06-28 01:10:00+00:00,32.400001525878906,32.400001525878906,32.349998474121094,32.400001525878906,46000,0.0,0.0
2024-06-28 01:15:00+00:00,32.45000076293945,32.45000076293945,32.45000076293945,32.45000076293945,10310,0.0,0.0
2024-06-28 01:20:00+00:00,32.400001525878906,32.400001525878906,32.400001525878906,32.400001525878906,28104,0.0,0.0
2024-06-28 01:25:00+00:00,32.400001525878906,32.400001525878906,32.400001525878906,32.400001525878906,6000,0.0,0.0
2024-06-28 01:30:00+00:00,32.400001525878906,32.400001525878906,32.349998474121094,32.349998474121094,5000,0.0,0.0
2024-06-28 01:35:00+00:00,32.400001525878906,32.400001525878906,32.400001525878906,32.400001525878906,1088,0.0,0.0
2024-06-28 01:40:00+00:00,32.349998474121094,32.349998474121094,32.349998474121094,32.349998474121094,1158,0.0,0.0
2024-06-28 01:45:00+00:00,32.349998474121094,32.400001525878906,32.349998474121094,32.400001525878906,42000,0.0,0.0
2024-06-28 01:50:00+00:00,32.45000076293945,32.54999923706055,32.45000076293945,32.5,106222,0.0,0.0
2024-06-28 01:55:00+00:00,32.5,32.5,32.5,32.5,2000,0.0,0.0
2024-06-28 02:00:00+00:00,32.5,32.5,32.5,32.5,1042,0.0,0.0
2024-06-28 02:05:00+00:00,32.45000076293945,32.5,32.45000076293945,32.5,20000,0.0,0.0
2024-06-28 02:10:00+00:00,32.45000076293945,32.45000076293945,32.400001525878906,32.400001525878906,31300,0.0,0.0
2024-06-28 02:15:00+00:00,32.400001525878906,32.400001525878906,32.400001525878906,32.400001525878906,5000,0.0,0.0
2024-06-28 02:25:00+00:00,32.349998474121094,32.349998474121094,32.349998474121094,32.349998474121094,24000,0.0,0.0
2024-06-28 02:30:00+00:00,32.349998474121094,32.349998474121094,32.349998474121094,32.349998474121094,6030,0.0,0.0
2024-06-28 02:35:00+00:00,32.349998474121094,32.400001525878906,32.29999923706055,32.349998474121094,65000,0.0,0.0
2024-06-28 02:40:00+00:00,32.349998474121094,32.349998474121094,32.349998474121094,32.349998474121094,4000,0.0,0.0
2024-06-28 02:50:00+00:00,32.349998474121094,32.400001525878906,32.349998474121094,32.400001525878906,10011,0.0,0.0
2024-06-28 02:55:00+00:00,32.400001525878906,32.400001525878906,32.349998474121094,32.349998474121094,5001,0.0,0.0
2024-06-28 03:00:00+00:00,32.349998474121094,32.349998474121094,32.349998474121094,32.349998474121094,11000,0.0,0.0
2024-06-28 03:10:00+00:00,32.349998474121094,32.349998474121094,32.349998474121094,32.349998474121094,12000,0.0,0.0
2024-06-28 03:15:00+00:00,32.349998474121094,32.400001525878906,32.349998474121094,32.400001525878906,2000,0.0,0.0
2024-06-28 03:20:00+00:00,32.400001525878906,32.400001525878906,32.400001525878906,32.400001525878906,2001,0.0,0.0
2024-06-28 03:25:00+00:00,32.400001525878906,32.400001525878906,32.349998474121094,32.349998474121094,4000,0.0,0.0
2024-06-28 03:30:00+00:00,32.400001525878906,32.400001525878906,32.349998474121094,32.349998474121094,2575,0.0,0.0
2024-06-28 03:35:00+00:00,32.349998474121094,32.400001525878906,32.349998474121094,32.349998474121094,5000,0.0,0.0
2024-06-28 03:40:00+00:00,32.29999923706055,32.29999923706055,32.29999923706055,32.29999923706055,5051,0.0,0.0
2024-06-28 03:45:00+00:00,32.349998474121094,32.349998474121094,32.349998474121094,32.349998474121094,5000,0.0,0.0
2024-06-28 03:50:00+00:00,32.349998474121094,32.349998474121094,32.349998474121094,32.349998474121094,9000,0.0,0.0
2024-06-28 03:55:00+00:00,32.349998474121094,32.349998474121094,32.349998474121094,32.349998474121094,2036,0.0,0.0
2024-06-28 04:00:00+00:00,32.349998474121094,32.349998474121094,32.349998474121094,32.349998474121094,5230,0.0,0.0
2024-06-28 04:05:00+00:00,32.349998474121094,32.349998474121094,32.29999923706055,32.349998474121094,10000,0.0,0.0
2024-06-28 04:10:00+00:00,32.349998474121094,32.349998474121094,32.349998474121094,32.349998474121094,4239,0.0,0.0
2024-06-28 04:15:00+00:00,32.349998474121094,32.349998474121094,32.349998474121094,32.349998474121094,6000,0.0,0.0
2024-06-28 04:20:00+00:00,32.349998474121094,32.349998474121094,32.349998474121094,32.349998474121094,18000,0.0,0.0
2024-06-28 04:25:00+00:00,32.29999923706055,32.29999923706055,32.29999923706055,32.29999923706055,11001,0.0,0.0
2024-06-28 04:30:00+00:00,32.29999923706055,32.29999923706055,32.20000076293945,32.20000076293945,116064,0.0,0.0
2024-06-28 04:35:00+00:00,32.25,32.25,32.20000076293945,32.20000076293945,8001,0.0,0.0
2024-06-28 04:40:00+00:00,32.20000076293945,32.20000076293945,32.20000076293945,32.20000076293945,14119,0.0,0.0
2024-06-28 04:45:00+00:00,32.20000076293945,32.25,32.20000076293945,32.25,11000,0.0,0.0
2024-06-28 04:50:00+00:00,32.25,32.25,32.25,32.25,3262,0.0,0.0
2024-06-28 04:55:00+00:00,32.25,32.25,32.25,32.25,2020,0.0,0.0
2024-06-28 05:00:00+00:00,32.20000076293945,32.20000076293945,32.20000076293945,32.20000076293945,6178,0.0,0.0
2024-06-28 05:05:00+00:00,32.20000076293945,32.25,32.20000076293945,32.20000076293945,4232,0.0,0.0
2024-06-28 05:10:00+00:00,32.20000076293945,32.25,32.20000076293945,32.25,16068,0.0,0.0
2024-06-28 05:15:00+00:00,32.20000076293945,32.20000076293945,32.20000076293945,32.20000076293945,15010,0.0,0.0
2024-06-28 05:20:00+00:00,32.25,32.25,32.25,32.25,15000,0.0,0.0
2024-07-01 01:00:00+00:00,32.20000076293945,32.400001525878906,32.20000076293945,32.349998474121094,0,0.0,0.0
2024-07-01 01:05:00+00:00,32.349998474121094,32.45000076293945,32.349998474121094,32.45000076293945,33070,0.0,0.0
2024-07-01 01:10:00+00:00,32.400001525878906,32.45000076293945,32.349998474121094,32.349998474121094,10000,0.0,0.0
2024-07-01 01:15:00+00:00,32.349998474121094,32.349998474121094,32.349998474121094,32.349998474121094,10050,0.0,0.0
2024-07-01 01:25:00+00:00,32.349998474121094,32.349998474121094,32.29999923706055,32.29999923706055,19000,0.0,0.0
2024-07-01 01:30:00+00:00,32.25,32.29999923706055,32.25,32.29999923706055,25040,0.0,0.0
2024-07-01 01:35:00+00:00,32.29999923706055,32.349998474121094,32.29999923706055,32.349998474121094,28000,0.0,0.0
2024-07-01 01:40:00+00:00,32.349998474121094,32.349998474121094,32.29999923706055,32.349998474121094,14000,0.0,0.0
2024-07-01 01:45:00+00:00,32.349998474121094,32.349998474121094,32.349998474121094,32.349998474121094,11724,0.0,0.0
2024-07-01 01:50:00+00:00,32.349998474121094,32.349998474121094,32.29999923706055,32.349998474121094,20407,0.0,0.0
2024-07-01 01:55:00+00:00,32.349998474121094,32.349998474121094,32.29999923706055,32.29999923706055,4010,0.0,0.0
2024-07-01 02:00:00+00:00,32.349998474121094,32.349998474121094,32.349998474121094,32.349998474121094,20000,0.0,0.0
2024-07-01 02:05:00+00:00,32.349998474121094,32.349998474121094,32.349998474121094,32.349998474121094,22161,0.0,0.0
2024-07-01 02:10:00+00:00,32.349998474121094,32.349998474121094,32.349998474121094,32.349998474121094,58001,0.0,0.0
2024-07-01 02:15:00+00:00,32.400001525878906,32.400001525878906,32.349998474121094,32.349998474121094,3000,0.0,0.0
2024-07-01 02:20:00+00:00,32.349998474121094,32.400001525878906,32.349998474121094,32.400001525878906,6000,0.0,0.0
2024-07-01 02:25:00+00:00,32.349998474121094,32.349998474121094,32.349998474121094,32.349998474121094,20043,0.0,0.0
2024-07-01 02:30:00+00:00,32.349998474121094,32.349998474121094,32.349998474121094,32.349998474121094,3006,0.0,0.0
2024-07-01 02:35:00+00:00,32.349998474121094,32.349998474121094,32.349998474121094,32.349998474121094,18500,0.0,0.0
2024-07-01 02:40:00+00:00,32.349998474121094,32.349998474121094,32.349998474121094,32.349998474121094,12000,0.0,0.0
2024-07-01 02:45:00+00:00,32.349998474121094,32.349998474121094,32.349998474121094,32.349998474121094,21209,0.0,0.0
2024-07-01 02:50:00+00:00,32.349998474121094,32.349998474121094,32.349998474121094,32.349998474121094,3010,0.0,0.0
2024-07-01 02:55:00+00:00,32.349998474121094,32.349998474121094,32.349998474121094,32.349998474121094,9009,0.0,0.0
2024-07-01 03:00:00+00:00,32.349998474121094,32.349998474121094,32.349998474121094,32.349998474121094,20019,0.0,0.0
2024-07-01 03:05:00+00:00,32.400001525878906,32.400001525878906,32.349998474121094,32.349998474121094,3001,0.0,0.0
2024-07-01 03:10:00+00:00,32.349998474121094,32.349998474121094,32.349998474121094,32.349998474121094,34026,0.0,0.0
2024-07-01 03:15:00+00:00,32.349998474121094,32.349998474121094,32.349998474121094,32.349998474121094,13100,0.0,0.0
2024-07-01 03:25:00+00:00,32.349998474121094,32.400001525878906,32.349998474121094,32.400001525878906,6000,0.0,0.0
2024-07-01 03:30:00+00:00,32.349998474121094,32.349998474121094,32.349998474121094,32.349998474121094,3019,0.0,0.0
2024-07-01 03:35:00+00:00,32.400001525878906,32.400001525878906,32.349998474121094,32.349998474121094,2000,0.0,0.0
2024-07-01 03:40:00+00:00,32.349998474121094,32.400001525878906,32.349998474121094,32.400001525878906,5000,0.0,0.0
2024-07-01 03:45:00+00:00,32.400001525878906,32.400001525878906,32.400001525878906,32.400001525878906,5000,0.0,0.0
2024-07-01 03:50:00+00:00,32.349998474121094,32.400001525878906,32.349998474121094,32.400001525878906,8000,0.0,0.0
2024-07-01 03:55:00+00:00,32.349998474121094,32.400001525878906,32.349998474121094,32.349998474121094,13173,0.0,0.0
2024-07-01 04:05:00+00:00,32.349998474121094,32.400001525878906,32.349998474121094,32.349998474121094,25269,0.0,0.0
2024-07-01 04:10:00+00:00,32.349998474121094,32.349998474121094,32.349998474121094,32.349998474121094,6000,0.0,0.0
2024-07-01 04:20:00+00:00,32.349998474121094,32.349998474121094,32.29999923706055,32.349998474121094,17100,0.0,0.0
2024-07-01 04:25:00+00:00,32.29999923706055,32.29999923706055,32.29999923706055,32.29999923706055,91525,0.0,0.0
2024-07-01 04:35:00+00:00,32.29999923706055,32.29999923706055,32.29999923706055,32.29999923706055,19001,0.0,0.0
2024-07-01 04:40:00+00:00,32.29999923706055,32.29999923706055,32.29999923706055,32.29999923706055,38000,0.0,0.0
2024-07-01 04:45:00+00:00,32.29999923706055,32.29999923706055,32.29999923706055,32.29999923706055,13003,0.0,0.0
2024-07-01 04:50:00+00:00,32.29999923706055,32.29999923706055,32.29999923706055,32.29999923706055,17000,0.0,0.0
2024-07-01 04:55:00+00:00,32.29999923706055,32.29999923706055,32.29999923706055,32.29999923706055,6049,0.0,0.0
2024-07-01 05:00:00+00:00,32.349998474121094,32.349998474121094,32.349998474121094,32.349998474121094,3000,0.0,0.0
2024-07-01 05:05:00+00:00,32.29999923706055,32.349998474121094,32.29999923706055,32.349998474121094,27000,0.0,0.0
2024-07-01 05:10:00+00:00,32.29999923706055,32.349998474121094,32.29999923706055,32.29999923706055,59000,0.0,0.0
2024-07-01 05:15:00+00:00,32.29999923706055,32.29999923706055,32.25,32.25,20102,0.0,0.0
2024-07-01 05:20:00+00:00,32.29999923706055,32.29999923706055,32.25,32.29999923706055,20006,0.0,0.0
2024-07-02 01:00:00+00:00,30.799999237060547,30.799999237060547,30.399999618530273,30.399999618530273,0,1.6,0.0
2024-07-02 01:05:00+00:00,30.350000381469727,30.350000381469727,30.299999237060547,30.299999237060547,40425,0.0,0.0
2024-07-02 01:10:00+00:00,30.399999618530273,30.399999618530273,30.299999237060547,30.299999237060547,34248,0.0,0.0
2024-07-02 01:15:00+00:00,30.350000381469727,30.450000762939453,30.350000381469727,30.450000762939453,0,0.0,0.0
2024-07-02 01:20:00+00:00,30.350000381469727,30.350000381469727,30.299999237060547,30.299999237060547,349245,0.0,0.0
2024-07-02 01:25:00+00:00,30.299999237060547,30.299999237060547,30.25,30.299999237060547,16989,0.0,0.0
2024-07-02 01:30:00+00:00,30.350000381469727,30.350000381469727,30.299999237060547,30.299999237060547,35000,0.0,0.0
2024-07-02 01:35:00+00:00,30.299999237060547,30.350000381469727,30.299999237060547,30.350000381469727,21090,0.0,0.0
2024-07-02 01:40:00+00:00,30.350000381469727,30.350000381469727,30.350000381469727,30.350000381469727,13313,0.0,0.0
2024-07-02 01:45:00+00:00,30.350000381469727,30.350000381469727,30.299999237060547,30.350000381469727,49361,0.0,0.0
2024-07-02 01:50:00+00:00,30.350000381469727,30.399999618530273,30.350000381469727,30.350000381469727,15091,0.0,0.0
2024-07-02 01:55:00+00:00,30.350000381469727,30.350000381469727,30.350000381469727,30.350000381469727,25000,0.0,0.0
2024-07-02 02:00:00+00:00,30.350000381469727,30.399999618530273,30.350000381469727,30.350000381469727,22318,0.0,0.0
2024-07-02 02:05:00+00:00,30.350000381469727,30.350000381469727,30.299999237060547,30.299999237060547,65618,0.0,0.0
2024-07-02 02:10:00+00:00,30.299999237060547,30.350000381469727,30.299999237060547,30.350000381469727,25000,0.0,0.0
2024-07-02 02:15:00+00:00,30.299999237060547,30.299999237060547,30.299999237060547,30.299999237060547,23000,0.0,0.0
2024-07-02 02:20:00+00:00,30.299999237060547,30.350000381469727,30.299999237060547,30.299999237060547,21000,0.0,0.0
2024-07-02 02:25:00+00:00,30.299999237060547,30.299999237060547,30.299999237060547,30.299999237060547,2000,0.0,0.0
2024-07-02 02:30:00+00:00,30.350000381469727,30.350000381469727,30.299999237060547,30.299999237060547,30000,0.0,0.0
2024-07-02 02:35:00+00:00,30.25,30.299999237060547,30.25,30.299999237060547,44000,0.0,0.0
2024-07-02 02:40:00+00:00,30.299999237060547,30.299999237060547,30.25,30.25,36000,0.0,0.0
2024-07-02 02:45:00+00:00,30.25,30.299999237060547,30.25,30.25,24446,0.0,0.0
2024-07-02 02:50:00+00:00,30.25,30.25,30.200000762939453,30.200000762939453,93330,0.0,0.0
2024-07-02 02:55:00+00:00,30.200000762939453,30.200000762939453,30.200000762939453,30.200000762939453,6099,0.0,0.0
2024-07-02 03:00:00+00:00,30.200000762939453,30.200000762939453,30.200000762939453,30.200000762939453,11041,0.0,0.0
2024-07-02 03:05:00+00:00,30.200000762939453,30.200000762939453,30.200000762939453,30.200000762939453,4000,0.0,0.0
2024-07-02 03:10:00+00:00,30.200000762939453,30.25,30.200000762939453,30.200000762939453,11010,0.0,0.0
2024-07-02 03:15:00+00:00,30.200000762939453,30.200000762939453,30.100000381469727,30.100000381469727,114608,0.0,0.0
2024-07-02 03:20:00+00:00,30.100000381469727,30.100000381469727,29.950000762939453,30.049999237060547,102023,0.0,0.0
2024-07-02 03:25:00+00:00,30.100000381469727,30.100000381469727,30.100000381469727,30.100000381469727,11000,0.0,0.0
2024-07-02 03:30:00+00:00,30.100000381469727,30.100000381469727,30.100000381469727,30.100000381469727,1090,0.0,0.0
2024-07-02 03:35:00+00:00,30.049999237060547,30.049999237060547,30.049999237060547,30.049999237060547,12658,0.0,0.0
2024-07-02 03:40:00+00:00,30.049999237060547,30.049999237060547,30.0,30.049999237060547,14021,0.0,0.0
2024-07-02 03:45:00+00:00,30.049999237060547,30.049999237060547,30.049999237060547,30.049999237060547,5012,0.0,0.0
2024-07-02 03:50:00+00:00,30.100000381469727,30.100000381469727,30.100000381469727,30.100000381469727,6000,0.0,0.0
2024-07-02 03:55:00+00:00,30.100000381469727,30.100000381469727,30.100000381469727,30.100000381469727,4484,0.0,0.0
2024-07-02 04:00:00+00:00,30.049999237060547,30.049999237060547,30.0,30.049999237060547,189000,0.0,0.0
2024-07-02 04:05:00+00:00,30.149999618530273,30.149999618530273,30.100000381469727,30.100000381469727,4151,0.0,0.0
2024-07-02 04:10:00+00:00,30.100000381469727,30.100000381469727,30.100000381469727,30.100000381469727,5092,0.0,0.0
2024-07-02 04:15:00+00:00,30.100000381469727,30.100000381469727,30.100000381469727,30.100000381469727,5000,0.0,0.0
2024-07-02 04:20:00+00:00,30.049999237060547,30.100000381469727,30.0,30.0,66844,0.0,0.0
2024-07-02 04:25:00+00:00,30.049999237060547,30.049999237060547,30.0,30.049999237060547,19295,0.0,0.0
2024-07-02 04:30:00+00:00,30.0,30.0,30.0,30.0,14131,0.0,0.0
2024-07-02 04:35:00+00:00,30.0,30.100000381469727,29.950000762939453,29.950000762939453,76101,0.0,0.0
2024-07-02 04:40:00+00:00,29.950000762939453,29.950000762939453,29.799999237060547,29.899999618530273,170840,0.0,0.0
2024-07-02 04:45:00+00:00,29.950000762939453,29.950000762939453,29.950000762939453,29.950000762939453,4000,0.0,0.0
2024-07-02 04:50:00+00:00,30.0,30.049999237060547,30.0,30.0,31000,0.0,0.0
2024-07-02 04:55:00+00:00,30.0,30.0,30.0,30.0,5000,0.0,0.0
2024-07-02 05:00:00+00:00,30.0,30.0,30.0,30.0,5000,0.0,0.0
2024-07-02 05:05:00+00:00,30.049999237060547,30.049999237060547,30.049999237060547,30.049999237060547,9000,0.0,0.0
2024-07-02 05:10:00+00:00,30.049999237060547,30.049999237060547,30.0,30.0,12051,0.0,0.0
2024-07-02 05:15:00+00:00,30.0,30.049999237060547,30.0,30.049999237060547,25000,0.0,0.0
2024-07-02 05:20:00+00:00,30.049999237060547,30.049999237060547,30.0,30.049999237060547,3301,0.0,0.0
2024-07-03 01:00:00+00:00,30.049999237060547,30.100000381469727,30.0,30.0,0,0.0,0.0
2024-07-03 01:05:00+00:00,30.0,30.0,29.950000762939453,30.0,11000,0.0,0.0
2024-07-03 01:10:00+00:00,30.0,30.0,29.899999618530273,29.899999618530273,55200,0.0,0.0
2024-07-03 01:15:00+00:00,29.899999618530273,29.950000762939453,29.899999618530273,29.899999618530273,9045,0.0,0.0
2024-07-03 01:20:00+00:00,29.950000762939453,29.950000762939453,29.950000762939453,29.950000762939453,13696,0.0,0.0
2024-07-03 01:25:00+00:00,29.950000762939453,29.950000762939453,29.950000762939453,29.950000762939453,16100,0.0,0.0
2024-07-03 01:30:00+00:00,29.950000762939453,30.0,29.950000762939453,30.0,28143,0.0,0.0
2024-07-03 01:35:00+00:00,30.0,30.049999237060547,30.0,30.049999237060547,11000,0.0,0.0
2024-07-03 01:40:00+00:00,30.0,30.049999237060547,30.0,30.0,13001,0.0,0.0
2024-07-03 01:45:00+00:00,30.0,30.049999237060547,30.0,30.0,14002,0.0,0.0
2024-07-03 01:50:00+00:00,30.0,30.049999237060547,30.0,30.049999237060547,9000,0.0,0.0
2024-07-03 01:55:00+00:00,30.049999237060547,30.049999237060547,30.0,30.0,3000,0.0,0.0
2024-07-03 02:00:00+00:00,30.049999237060547,30.049999237060547,30.049999237060547,30.049999237060547,16050,0.0,0.0
2024-07-03 02:05:00+00:00,30.100000381469727,30.100000381469727,30.049999237060547,30.100000381469727,35010,0.0,0.0
2024-07-03 02:10:00+00:00,30.100000381469727,30.299999237060547,30.100000381469727,30.25,42490,0.0,0.0
2024-07-03 02:15:00+00:00,30.25,30.25,30.25,30.25,5000,0.0,0.0
2024-07-03 02:20:00+00:00,30.25,30.25,30.149999618530273,30.149999618530273,11050,0.0,0.0
2024-07-03 02:25:00+00:00,30.25,30.25,30.25,30.25,5050,0.0,0.0
2024-07-03 02:30:00+00:00,30.200000762939453,30.25,30.200000762939453,30.25,6000,0.0,0.0
2024-07-03 02:35:00+00:00,30.200000762939453,30.299999237060547,30.200000762939453,30.299999237060547,19000,0.0,0.0
2024-07-03 02:40:00+00:00,30.299999237060547,30.299999237060547,30.200000762939453,30.200000762939453,4000,0.0,0.0
2024-07-03 02:45:00+00:00,30.200000762939453,30.299999237060547,30.200000762939453,30.299999237060547,9000,0.0,0.0
2024-07-03 02:50:00+00:00,30.25,30.299999237060547,30.25,30.299999237060547,7000,0.0,0.0
2024-07-03 02:55:00+00:00,30.200000762939453,30.25,30.200000762939453,30.25,9000,0.0,0.0
2024-07-03 03:00:00+00:00,30.200000762939453,30.200000762939453,30.200000762939453,30.200000762939453,7000,0.0,0.0
2024-07-03 03:05:00+00:00,30.200000762939453,30.200000762939453,30.200000762939453,30.200000762939453,9000,0.0,0.0
2024-07-03 03:10:00+00:00,30.200000762939453,30.25,30.200000762939453,30.25,14000,0.0,0.0
2024-07-03 03:15:00+00:00,30.25,30.299999237060547,30.25,30.25,17000,0.0,0.0
2024-07-03 03:20:00+00:00,30.25,30.25,30.25,30.25,3000,0.0,0.0
2024-07-03 03:25:00+00:00,30.299999237060547,30.299999237060547,30.299999237060547,30.299999237060547,20011,0.0,0.0
2024-07-03 03:30:00+00:00,30.299999237060547,30.299999237060547,30.299999237060547,30.299999237060547,5000,0.0,0.0
2024-07-03 03:35:00+00:00,30.299999237060547,30.299999237060547,30.299999237060547,30.299999237060547,5000,0.0,0.0
2024-07-03 03:40:00+00:00,30.299999237060547,30.299999237060547,30.299999237060547,30.299999237060547,6000,0.0,0.0
2024-07-03 03:50:00+00:00,30.299999237060547,30.299999237060547,30.299999237060547,30.299999237060547,5039,0.0,0.0
2024-07-03 03:55:00+00:00,30.25,30.299999237060547,30.25,30.299999237060547,7080,0.0,0.0
2024-07-03 04:00:00+00:00,30.25,30.299999237060547,30.25,30.299999237060547,5050,0.0,0.0
2024-07-03 04:05:00+00:00,30.25,30.25,30.25,30.25,1195,0.0,0.0
2024-07-03 04:10:00+00:00,30.25,30.299999237060547,30.25,30.299999237060547,6651,0.0,0.0
2024-07-03 04:15:00+00:00,30.299999237060547,30.299999237060547,30.25,30.25,6035,0.0,0.0
2024-07-03 04:20:00+00:00,30.25,30.299999237060547,30.25,30.299999237060547,5007,0.0,0.0
2024-07-03 04:25:00+00:00,30.25,30.299999237060547,30.25,30.299999237060547,5000,0.0,0.0
2024-07-03 04:30:00+00:00,30.25,30.25,30.200000762939453,30.25,8000,0.0,0.0
2024-07-03 04:35:00+00:00,30.25,30.25,30.200000762939453,30.200000762939453,18103,0.0,0.0
2024-07-03 04:40:00+00:00,30.200000762939453,30.25,30.200000762939453,30.200000762939453,6020,0.0,0.0
2024-07-03 04:45:00+00:00,30.200000762939453,30.25,30.200000762939453,30.25,10080,0.0,0.0
2024-07-03 04:55:00+00:00,30.25,30.25,30.25,30.25,5270,0.0,0.0
2024-07-03 05:00:00+00:00,30.200000762939453,30.299999237060547,30.200000762939453,30.25,7000,0.0,0.0
2024-07-03 05:05:00+00:00,30.299999237060547,30.299999237060547,30.200000762939453,30.299999237060547,7000,0.0,0.0
2024-07-03 05:10:00+00:00,30.25,30.25,30.200000762939453,30.200000762939453,25000,0.0,0.0
2024-07-03 05:15:00+00:00,30.200000762939453,30.25,30.200000762939453,30.25,5000,0.0,0.0
2024-07-03 05:20:00+00:00,30.200000762939453,30.25,30.200000762939453,30.200000762939453,10149,0.0,0.0
2024-07-04 01:00:00+00:00,30.5,30.5,30.200000762939453,30.200000762939453,0,0.0,0.0
2024-07-04 01:05:00+00:00,30.350000381469727,30.399999618530273,30.350000381469727,30.399999618530273,13001,0.0,0.0
2024-07-04 01:10:00+00:00,30.399999618530273,30.399999618530273,30.299999237060547,30.299999237060547,8480,0.0,0.0
2024-07-04 01:15:00+00:00,30.299999237060547,30.299999237060547,30.25,30.25,2000,0.0,0.0
2024-07-04 01:20:00+00:00,30.299999237060547,30.299999237060547,30.299999237060547,30.299999237060547,4039,0.0,0.0
2024-07-04 01:25:00+00:00,30.299999237060547,30.299999237060547,30.299999237060547,30.299999237060547,1100,0.0,0.0
2024-07-04 01:30:00+00:00,30.299999237060547,30.399999618530273,30.299999237060547,30.399999618530273,10000,0.0,0.0
2024-07-04 01:35:00+00:00,30.450000762939453,30.450000762939453,30.450000762939453,30.450000762939453,11000,0.0,0.0
2024-07-04 01:40:00+00:00,30.399999618530273,30.399999618530273,30.399999618530273,30.399999618530273,5060,0.0,0.0
2024-07-04 01:45:00+00:00,30.399999618530273,30.450000762939453,30.399999618530273,30.450000762939453,5011,0.0,0.0
2024-07-04 01:50:00+00:00,30.450000762939453,30.450000762939453,30.450000762939453,30.450000762939453,8000,0.0,0.0
2024-07-04 01:55:00+00:00,30.399999618530273,30.450000762939453,30.399999618530273,30.450000762939453,14000,0.0,0.0
2024-07-04 02:00:00+00:00,30.450000762939453,30.450000762939453,30.399999618530273,30.399999618530273,5001,0.0,0.0
2024-07-04 02:05:00+00:00,30.399999618530273,30.399999618530273,30.399999618530273,30.399999618530273,3100,0.0,0.0
2024-07-04 02:10:00+00:00,30.399999618530273,30.399999618530273,30.399999618530273,30.399999618530273,12000,0.0,0.0
2024-07-04 02:15:00+00:00,30.399999618530273,30.399999618530273,30.399999618530273,30.399999618530273,8128,0.0,0.0
2024-07-04 02:20:00+00:00,30.399999618530273,30.399999618530273,30.399999618530273,30.399999618530273,10000,0.0,0.0
2024-07-04 02:25:00+00:00,30.399999618530273,30.450000762939453,30.399999618530273,30.450000762939453,15000,0.0,0.0
2024-07-04 02:30:00+00:00,30.450000762939453,30.450000762939453,30.399999618530273,30.399999618530273,8004,0.0,0.0
2024-07-04 02:35:00+00:00,30.350000381469727,30.399999618530273,30.350000381469727,30.399999618530273,9000,0.0,0.0
2024-07-04 02:40:00+00:00,30.450000762939453,30.450000762939453,30.450000762939453,30.450000762939453,4000,0.0,0.0
2024-07-04 02:45:00+00:00,30.450000762939453,30.450000762939453,30.450000762939453,30.450000762939453,4000,0.0,0.0
2024-07-04 02:50:00+00:00,30.399999618530273,30.450000762939453,30.399999618530273,30.450000762939453,15000,0.0,0.0
2024-07-04 02:55:00+00:00,30.450000762939453,30.5,30.450000762939453,30.450000762939453,20000,0.0,0.0
2024-07-04 03:05:00+00:00,30.399999618530273,30.399999618530273,30.399999618530273,30.399999618530273,1000,0.0,0.0
2024-07-04 03:10:00+00:00,30.450000762939453,30.450000762939453,30.399999618530273,30.399999618530273,5000,0.0,0.0
2024-07-04 03:15:00+00:00,30.399999618530273,30.399999618530273,30.399999618530273,30.399999618530273,1000,0.0,0.0
2024-07-04 03:20:00+00:00,30.450000762939453,30.450000762939453,30.399999618530273,30.399999618530273,4993,0.0,0.0
2024-07-04 03:30:00+00:00,30.399999618530273,30.399999618530273,30.399999618530273,30.399999618530273,10000,0.0,0.0
2024-07-04 03:35:00+00:00,30.399999618530273,30.399999618530273,30.399999618530273,30.399999618530273,19000,0.0,0.0
2024-07-04 03:40:00+00:00,30.399999618530273,30.450000762939453,30.399999618530273,30.450000762939453,4010,0.0,0.0
2024-07-04 03:50:00+00:00,30.450000762939453,30.450000762939453,30.399999618530273,30.399999618530273,6000,0.0,0.0
2024-07-04 04:00:00+00:00,30.350000381469727,30.399999618530273,30.350000381469727,30.399999618530273,4001,0.0,0.0
2024-07-04 04:05:00+00:00,30.399999618530273,30.399999618530273,30.399999618530273,30.399999618530273,1100,0.0,0.0
2024-07-04 04:10:00+00:00,30.350000381469727,30.350000381469727,30.350000381469727,30.350000381469727,2000,0.0,0.0
2024-07-04 04:15:00+00:00,30.399999618530273,30.399999618530273,30.350000381469727,30.350000381469727,10000,0.0,0.0
2024-07-04 04:20:00+00:00,30.399999618530273,30.399999618530273,30.350000381469727,30.350000381469727,3158,0.0,0.0
2024-07-04 04:25:00+00:00,30.399999618530273,30.399999618530273,30.399999618530273,30.399999618530273,3122,0.0,0.0
2024-07-04 04:30:00+00:00,30.399999618530273,30.399999618530273,30.399999618530273,30.399999618530273,7013,0.0,0.0
2024-07-04 04:35:00+00:00,30.399999618530273,30.399999618530273,30.399999618530273,30.399999618530273,3000,0.0,0.0
2024-07-04 04:40:00+00:00,30.399999618530273,30.399999618530273,30.350000381469727,30.399999618530273,4000,0.0,0.0
2024-07-04 04:45:00+00:00,30.399999618530273,30.399999618530273,30.399999618530273,30.399999618530273,32000,0.0,0.0
2024-07-04 04:55:00+00:00,30.399999618530273,30.399999618530273,30.399999618530273,30.399999618530273,3282,0.0,0.0
2024-07-04 05:05:00+00:00,30.399999618530273,30.399999618530273,30.399999618530273,30.399999618530273,10000,0.0,0.0
2024-07-04 05:10:00+00:00,30.399999618530273,30.399999618530273,30.399999618530273,30.399999618530273,6153,0.0,0.0
2024-07-04 05:15:00+00:00,30.399999618530273,30.399999618530273,30.399999618530273,30.399999618530273,14240,0.0,0.0
2024-07-05 01:00:00+00:00,30.450000762939453,30.5,30.450000762939453,30.5,0,0.0,0.0
2024-07-05 01:05:00+00:00,30.450000762939453,30.5,30.450000762939453,30.450000762939453,7000,0.0,0.0
2024-07-05 01:10:00+00:00,30.5,30.5,30.5,30.5,5000,0.0,0.0
2024-07-05 01:15:00+00:00,30.549999237060547,30.549999237060547,30.549999237060547,30.549999237060547,11000,0.0,0.0
2024-07-05 01:20:00+00:00,30.549999237060547,30.549999237060547,30.549999237060547,30.549999237060547,5039,0.0,0.0
2024-07-05 01:25:00+00:00,30.5,30.5,30.5,30.5,12005,0.0,0.0
2024-07-05 01:30:00+00:00,30.549999237060547,30.75,30.549999237060547,30.700000762939453,70328,0.0,0.0
2024-07-05 01:35:00+00:00,30.700000762939453,30.75,30.700000762939453,30.75,13343,0.0,0.0
2024-07-05 01:40:00+00:00,30.75,31.0,30.75,31.0,89416,0.0,0.0
2024-07-05 01:45:00+00:00,31.0,31.0,30.799999237060547,30.899999618530273,38398,0.0,0.0
2024-07-05 01:50:00+00:00,30.950000762939453,30.950000762939453,30.950000762939453,30.950000762939453,25159,0.0,0.0
2024-07-05 01:55:00+00:00,30.950000762939453,30.950000762939453,30.950000762939453,30.950000762939453,7298,0.0,0.0
2024-07-05 02:00:00+00:00,30.950000762939453,30.950000762939453,30.899999618530273,30.950000762939453,23450,0.0,0.0
2024-07-05 02:05:00+00:00,30.950000762939453,30.950000762939453,30.950000762939453,30.950000762939453,6000,0.0,0.0
2024-07-05 02:10:00+00:00,30.950000762939453,30.950000762939453,30.899999618530273,30.950000762939453,23000,0.0,0.0
2024-07-05 02:15:00+00:00,30.950000762939453,30.950000762939453,30.950000762939453,30.950000762939453,5000,0.0,0.0
2024-07-05 02:20:00+00:00,30.950000762939453,30.950000762939453,30.899999618530273,30.950000762939453,9000,0.0,0.0
2024-07-05 02:25:00+00:00,30.950000762939453,30.950000762939453,30.950000762939453,30.950000762939453,8100,0.0,0.0
2024-07-05 02:30:00+00:00,30.950000762939453,30.950000762939453,30.950000762939453,30.950000762939453,6001,0.0,0.0
2024-07-05 02:35:00+00:00,30.950000762939453,30.950000762939453,30.950000762939453,30.950000762939453,18000,0.0,0.0
2024-07-05 02:40:00+00:00,30.950000762939453,31.0,30.950000762939453,30.950000762939453,21675,0.0,0.0
2024-07-05 02:45:00+00:00,30.950000762939453,31.0,30.950000762939453,31.0,7051,0.0,0.0
2024-07-05 02:50:00+00:00,30.950000762939453,31.0,30.950000762939453,31.0,5035,0.0,0.0
2024-07-05 02:55:00+00:00,30.950000762939453,30.950000762939453,30.950000762939453,30.950000762939453,14000,0.0,0.0
2024-07-05 03:00:00+00:00,30.950000762939453,31.049999237060547,30.950000762939453,31.049999237060547,52010,0.0,0.0
2024-07-05 03:05:00+00:00,31.049999237060547,31.049999237060547,31.0,31.049999237060547,15000,0.0,0.0
2024-07-05 03:10:00+00:00,31.0,31.0,30.950000762939453,30.950000762939453,11040,0.0,0.0
2024-07-05 03:15:00+00:00,30.950000762939453,31.0,30.950000762939453,31.0,15000,0.0,0.0
2024-07-05 03:20:00+00:00,31.0,31.0,31.0,31.0,9197,0.0,0.0
2024-07-05 03:25:00+00:00,31.0,31.0,31.0,31.0,3051,0.0,0.0
2024-07-05 03:30:00+00:00,31.0,31.0,31.0,31.0,7000,0.0,0.0
2024-07-05 03:35:00+00:00,31.049999237060547,31.049999237060547,31.049999237060547,31.049999237060547,3010,0.0,0.0
2024-07-05 03:40:00+00:00,31.0,31.049999237060547,31.0,31.0,14015,0.0,0.0
2024-07-05 03:45:00+00:00,31.0,31.049999237060547,31.0,31.049999237060547,9000,0.0,0.0
2024-07-05 03:50:00+00:00,31.049999237060547,31.049999237060547,31.049999237060547,31.049999237060547,2000,0.0,0.0
2024-07-05 03:55:00+00:00,31.049999237060547,31.049999237060547,31.049999237060547,31.049999237060547,3585,0.0,0.0
2024-07-05 04:00:00+00:00,31.049999237060547,31.049999237060547,31.0,31.0,2000,0.0,0.0
2024-07-05 04:05:00+00:00,31.049999237060547,31.049999237060547,31.0,31.0,19000,0.0,0.0
2024-07-05 04:10:00+00:00,31.0,31.0,31.0,31.0,1000,0.0,0.0
2024-07-05 04:15:00+00:00,31.0,31.0,31.0,31.0,1019,0.0,0.0
2024-07-05 04:20:00+00:00,30.950000762939453,30.950000762939453,30.950000762939453,30.950000762939453,9000,0.0,0.0
2024-07-05 04:25:00+00:00,30.950000762939453,30.950000762939453,30.899999618530273,30.899999618530273,23381,0.0,0.0
2024-07-05 04:30:00+00:00,30.899999618530273,30.899999618530273,30.899999618530273,30.899999618530273,2000,0.0,0.0
2024-07-05 04:35:00+00:00,30.899999618530273,30.899999618530273,30.899999618530273,30.899999618530273,1000,0.0,0.0
2024-07-05 04:40:00+00:00,30.899999618530273,30.899999618530273,30.850000381469727,30.850000381469727,2050,0.0,0.0
2024-07-05 04:50:00+00:00,30.899999618530273,30.899999618530273,30.899999618530273,30.899999618530273,2000,0.0,0.0
2024-07-05 04:55:00+00:00,30.850000381469727,30.850000381469727,30.850000381469727,30.850000381469727,2000,0.0,0.0
2024-07-05 05:00:00+00:00,30.850000381469727,30.899999618530273,30.850000381469727,30.899999618530273,5058,0.0,0.0
2024-07-05 05:05:00+00:00,30.950000762939453,30.950000762939453,30.950000762939453,30.950000762939453,5000,0.0,0.0
2024-07-05 05:10:00+00:00,30.950000762939453,30.950000762939453,30.899999618530273,30.899999618530273,4000,0.0,0.0
2024-07-05 05:15:00+00:00,30.899999618530273,30.899999618530273,30.899999618530273,30.899999618530273,2000,0.0,0.0
2024-07-05 05:20:00+00:00,30.850000381469727,30.899999618530273,30.850000381469727,30.899999618530273,5342,0.0,0.0
2024-07-08 01:00:00+00:00,30.899999618530273,31.0,30.899999618530273,31.0,0,0.0,0.0
2024-07-08 01:05:00+00:00,30.950000762939453,30.950000762939453,30.850000381469727,30.850000381469727,12000,0.0,0.0
2024-07-08 01:10:00+00:00,30.850000381469727,30.899999618530273,30.799999237060547,30.799999237060547,22317,0.0,0.0
2024-07-08 01:15:00+00:00,30.799999237060547,30.799999237060547,30.649999618530273,30.649999618530273,28100,0.0,0.0
2024-07-08 01:20:00+00:00,30.700000762939453,30.700000762939453,30.649999618530273,30.649999618530273,16045,0.0,0.0
2024-07-08 01:25:00+00:00,30.600000381469727,30.600000381469727,30.399999618530273,30.450000762939453,92728,0.0,0.0
2024-07-08 01:30:00+00:00,30.450000762939453,30.549999237060547,30.399999618530273,30.399999618530273,67456,0.0,0.0
2024-07-08 01:35:00+00:00,30.450000762939453,30.450000762939453,30.399999618530273,30.450000762939453,7000,0.0,0.0
2024-07-08 01:40:00+00:00,30.5,30.5,30.5,30.5,5001,0.0,0.0
2024-07-08 01:50:00+00:00,30.549999237060547,30.549999237060547,30.450000762939453,30.549999237060547,18060,0.0,0.0
2024-07-08 02:00:00+00:00,30.600000381469727,30.700000762939453,30.600000381469727,30.649999618530273,14055,0.0,0.0
2024-07-08 02:05:00+00:00,30.600000381469727,30.600000381469727,30.600000381469727,30.600000381469727,4000,0.0,0.0
2024-07-08 02:10:00+00:00,30.600000381469727,30.600000381469727,30.549999237060547,30.549999237060547,4000,0.0,0.0
2024-07-08 02:15:00+00:00,30.549999237060547,30.549999237060547,30.549999237060547,30.549999237060547,4000,0.0,0.0
2024-07-08 02:20:00+00:00,30.549999237060547,30.549999237060547,30.549999237060547,30.549999237060547,3000,0.0,0.0
2024-07-08 02:40:00+00:00,30.549999237060547,30.549999237060547,30.549999237060547,30.549999237060547,4078,0.0,0.0
2024-07-08 02:45:00+00:00,30.600000381469727,30.600000381469727,30.549999237060547,30.549999237060547,34522,0.0,0.0
2024-07-08 02:50:00+00:00,30.549999237060547,30.549999237060547,30.5,30.5,33887,0.0,0.0
2024-07-08 02:55:00+00:00,30.5,30.5,30.5,30.5,4000,0.0,0.0
2024-07-08 03:00:00+00:00,30.549999237060547,30.600000381469727,30.549999237060547,30.600000381469727,11000,0.0,0.0
2024-07-08 03:05:00+00:00,30.549999237060547,30.549999237060547,30.450000762939453,30.450000762939453,25000,0.0,0.0
2024-07-08 03:10:00+00:00,30.5,30.5,30.5,30.5,4392,0.0,0.0
2024-07-08 03:15:00+00:00,30.5,30.5,30.5,30.5,3017,0.0,0.0
2024-07-08 03:20:00+00:00,30.5,30.5,30.5,30.5,2000,0.0,0.0
2024-07-08 03:25:00+00:00,30.5,30.5,30.5,30.5,4000,0.0,0.0
2024-07-08 03:30:00+00:00,30.5,30.5,30.5,30.5,2000,0.0,0.0
2024-07-08 03:35:00+00:00,30.5,30.5,30.5,30.5,1000,0.0,0.0
2024-07-08 03:40:00+00:00,30.5,30.549999237060547,30.5,30.549999237060547,15700,0.0,0.0
2024-07-08 03:45:00+00:00,30.549999237060547,30.549999237060547,30.549999237060547,30.549999237060547,3000,0.0,0.0
2024-07-08 03:50:00+00:00,30.549999237060547,30.600000381469727,30.549999237060547,30.600000381469727,4184,0.0,0.0
2024-07-08 04:00:00+00:00,30.549999237060547,30.600000381469727,30.549999237060547,30.600000381469727,10000,0.0,0.0
2024-07-08 04:10:00+00:00,30.600000381469727,30.600000381469727,30.549999237060547,30.549999237060547,11000,0.0,0.0
2024-07-08 04:15:00+00:00,30.549999237060547,30.549999237060547,30.549999237060547,30.549999237060547,1000,0.0,0.0
2024-07-08 04:20:00+00:00,30.549999237060547,30.549999237060547,30.5,30.5,22001,0.0,0.0
2024-07-08 04:30:00+00:00,30.5,30.5,30.5,30.5,6001,0.0,0.0
2024-07-08 04:35:00+00:00,30.5,30.5,30.5,30.5,1030,0.0,0.0
2024-07-08 04:40:00+00:00,30.5,30.5,30.5,30.5,2003,0.0,0.0
2024-07-08 04:45:00+00:00,30.5,30.5,30.5,30.5,14033,0.0,0.0
2024-07-08 04:50:00+00:00,30.5,30.5,30.5,30.5,3001,0.0,0.0
2024-07-08 04:55:00+00:00,30.450000762939453,30.5,30.450000762939453,30.5,14000,0.0,0.0
2024-07-08 05:00:00+00:00,30.5,30.5,30.5,30.5,3200,0.0,0.0
2024-07-08 05:05:00+00:00,30.5,30.5,30.5,30.5,2000,0.0,0.0
2024-07-08 05:10:00+00:00,30.5,30.5,30.5,30.5,2000,0.0,0.0
2024-07-08 05:15:00+00:00,30.450000762939453,30.450000762939453,30.450000762939453,30.450000762939453,10001,0.0,0.0
2024-07-08 05:20:00+00:00,30.450000762939453,30.450000762939453,30.399999618530273,30.450000762939453,68612,0.0,0.0
2024-07-09 01:00:00+00:00,30.5,30.5,30.450000762939453,30.5,10000,0.0,0.0
2024-07-09 01:05:00+00:00,30.399999618530273,30.399999618530273,30.350000381469727,30.350000381469727,9000,0.0,0.0
2024-07-09 01:10:00+00:00,30.299999237060547,30.5,30.299999237060547,30.5,34000,0.0,0.0
2024-07-09 01:15:00+00:00,30.5,30.5,30.5,30.5,1000,0.0,0.0
2024-07-09 01:20:00+00:00,30.450000762939453,30.450000762939453,30.350000381469727,30.399999618530273,6000,0.0,0.0
2024-07-09 01:25:00+00:00,30.399999618530273,30.450000762939453,30.399999618530273,30.399999618530273,25107,0.0,0.0
2024-07-09 01:30:00+00:00,30.350000381469727,30.350000381469727,30.299999237060547,30.299999237060547,11102,0.0,0.0
2024-07-09 01:35:00+00:00,30.350000381469727,30.350000381469727,30.200000762939453,30.200000762939453,31972,0.0,0.0
2024-07-09 01:40:00+00:00,30.25,30.25,30.200000762939453,30.200000762939453,11043,0.0,0.0
2024-07-09 01:45:00+00:00,30.200000762939453,30.200000762939453,30.100000381469727,30.100000381469727,26746,0.0,0.0
2024-07-09 01:50:00+00:00,30.100000381469727,30.149999618530273,30.0,30.0,81529,0.0,0.0
2024-07-09 01:55:00+00:00,30.049999237060547,30.049999237060547,29.950000762939453,30.0,19254,0.0,0.0
2024-07-09 02:00:00+00:00,29.950000762939453,30.049999237060547,29.950000762939453,29.950000762939453,35386,0.0,0.0
2024-07-09 02:05:00+00:00,29.950000762939453,29.950000762939453,29.950000762939453,29.950000762939453,10044,0.0,0.0
2024-07-09 02:10:00+00:00,29.950000762939453,30.0,29.950000762939453,30.0,14000,0.0,0.0
2024-07-09 02:15:00+00:00,30.049999237060547,30.049999237060547,29.950000762939453,29.950000762939453,28000,0.0,0.0
2024-07-09 02:20:00+00:00,30.049999237060547,30.049999237060547,30.049999237060547,30.049999237060547,7000,0.0,0.0
2024-07-09 02:25:00+00:00,30.0,30.0,30.0,30.0,1217,0.0,0.0
2024-07-09 02:35:00+00:00,30.100000381469727,30.100000381469727,30.100000381469727,30.100000381469727,2056,0.0,0.0
2024-07-09 02:45:00+00:00,30.100000381469727,30.100000381469727,30.100000381469727,30.100000381469727,3000,0.0,0.0
2024-07-09 02:50:00+00:00,30.100000381469727,30.100000381469727,30.049999237060547,30.049999237060547,3000,0.0,0.0
2024-07-09 02:55:00+00:00,30.049999237060547,30.049999237060547,30.049999237060547,30.049999237060547,13000,0.0,0.0
2024-07-09 03:00:00+00:00,30.100000381469727,30.100000381469727,30.100000381469727,30.100000381469727,12000,0.0,0.0
2024-07-09 03:05:00+00:00,30.100000381469727,30.100000381469727,30.100000381469727,30.100000381469727,1260,0.0,0.0
2024-07-09 03:10:00+00:00,30.100000381469727,30.100000381469727,30.100000381469727,30.100000381469727,4000,0.0,0.0
2024-07-09 03:15:00+00:00,30.100000381469727,30.100000381469727,30.100000381469727,30.100000381469727,2000,0.0,0.0
2024-07-09 03:20:00+00:00,30.100000381469727,30.100000381469727,30.100000381469727,30.100000381469727,5001,0.0,0.0
2024-07-09 03:35:00+00:00,30.100000381469727,30.100000381469727,30.100000381469727,30.100000381469727,7000,0.0,0.0
2024-07-09 03:45:00+00:00,30.049999237060547,30.049999237060547,30.049999237060547,30.049999237060547,1340,0.0,0.0
2024-07-09 03:50:00+00:00,30.049999237060547,30.049999237060547,30.049999237060547,30.049999237060547,1000,0.0,0.0
2024-07-09 03:55:00+00:00,30.100000381469727,30.100000381469727,30.100000381469727,30.100000381469727,20000,0.0,0.0
2024-07-09 04:00:00+00:00,30.149999618530273,30.200000762939453,30.149999618530273,30.149999618530273,14000,0.0,0.0
2024-07-09 04:10:00+00:00,30.149999618530273,30.149999618530273,30.049999237060547,30.049999237060547,23000,0.0,0.0
2024-07-09 04:15:00+00:00,30.049999237060547,30.049999237060547,30.049999237060547,30.049999237060547,5000,0.0,0.0
2024-07-09 04:20:00+00:00,30.049999237060547,30.100000381469727,30.049999237060547,30.100000381469727,11001,0.0,0.0
2024-07-09 04:25:00+00:00,30.100000381469727,30.100000381469727,30.049999237060547,30.049999237060547,10000,0.0,0.0
2024-07-09 04:30:00+00:00,30.049999237060547,30.100000381469727,30.049999237060547,30.049999237060547,6500,0.0,0.0
2024-07-09 04:35:00+00:00,30.049999237060547,30.049999237060547,30.049999237060547,30.049999237060547,17332,0.0,0.0
2024-07-09 04:40:00+00:00,30.049999237060547,30.049999237060547,30.0,30.0,20000,0.0,0.0
2024-07-09 04:45:00+00:00,30.0,30.049999237060547,30.0,30.0,5000,0.0,0.0
2024-07-09 04:50:00+00:00,30.0,30.049999237060547,30.0,30.0,6100,0.0,0.0
2024-07-09 04:55:00+00:00,30.0,30.0,30.0,30.0,6543,0.0,0.0
2024-07-09 05:05:00+00:00,30.0,30.0,30.0,30.0,17100,0.0,0.0
2024-07-09 05:10:00+00:00,30.049999237060547,30.049999237060547,30.049999237060547,30.049999237060547,1100,0.0,0.0
2024-07-09 05:15:00+00:00,30.0,30.049999237060547,30.0,30.049999237060547,4000,0.0,0.0
2024-07-09 05:20:00+00:00,30.049999237060547,30.149999618530273,30.0,30.149999618530273,24378,0.0,0.0
2024-07-10 01:00:00+00:00,30.049999237060547,30.049999237060547,30.0,30.0,0,0.0,0.0
2024-07-10 01:05:00+00:00,30.0,30.0,30.0,30.0,2000,0.0,0.0
2024-07-10 01:10:00+00:00,30.049999237060547,30.049999237060547,30.049999237060547,30.049999237060547,0,0.0,0.0
2024-07-10 01:15:00+00:00,30.049999237060547,30.100000381469727,30.049999237060547,30.100000381469727,34451,0.0,0.0
2024-07-10 01:20:00+00:00,30.100000381469727,30.100000381469727,30.100000381469727,30.100000381469727,4000,0.0,0.0
2024-07-10 01:25:00+00:00,30.100000381469727,30.149999618530273,30.100000381469727,30.149999618530273,8000,0.0,0.0
2024-07-10 01:30:00+00:00,30.149999618530273,30.149999618530273,30.149999618530273,30.149999618530273,5000,0.0,0.0
2024-07-10 01:35:00+00:00,30.100000381469727,30.149999618530273,30.100000381469727,30.149999618530273,13225,0.0,0.0
2024-07-10 01:40:00+00:00,30.149999618530273,30.149999618530273,30.149999618530273,30.149999618530273,1000,0.0,0.0
2024-07-10 01:45:00+00:00,30.149999618530273,30.149999618530273,30.149999618530273,30.149999618530273,5000,0.0,0.0
2024-07-10 01:50:00+00:00,30.149999618530273,30.200000762939453,30.149999618530273,30.200000762939453,4000,0.0,0.0
2024-07-10 01:55:00+00:00,30.200000762939453,30.200000762939453,30.100000381469727,30.149999618530273,18065,0.0,0.0
2024-07-10 02:00:00+00:00,30.149999618530273,30.149999618530273,30.100000381469727,30.149999618530273,28000,0.0,0.0
2024-07-10 02:05:00+00:00,30.149999618530273,30.149999618530273,30.149999618530273,30.149999618530273,4012,0.0,0.0
2024-07-10 02:10:00+00:00,30.149999618530273,30.149999618530273,30.149999618530273,30.149999618530273,2030,0.0,0.0
2024-07-10 02:15:00+00:00,30.149999618530273,30.149999618530273,30.149999618530273,30.149999618530273,2196,0.0,0.0
2024-07-10 02:20:00+00:00,30.149999618530273,30.200000762939453,30.149999618530273,30.149999618530273,34081,0.0,0.0
2024-07-10 02:35:00+00:00,30.149999618530273,30.149999618530273,30.149999618530273,30.149999618530273,4000,0.0,0.0
2024-07-10 02:40:00+00:00,30.149999618530273,30.149999618530273,30.149999618530273,30.149999618530273,10015,0.0,0.0
2024-07-10 02:45:00+00:00,30.149999618530273,30.149999618530273,30.149999618530273,30.149999618530273,2000,0.0,0.0
2024-07-10 02:50:00+00:00,30.149999618530273,30.149999618530273,30.149999618530273,30.149999618530273,4085,0.0,0.0
2024-07-10 02:55:00+00:00,30.100000381469727,30.100000381469727,30.049999237060547,30.049999237060547,25200,0.0,0.0
2024-07-10 03:00:00+00:00,30.100000381469727,30.100000381469727,30.049999237060547,30.049999237060547,12000,0.0,0.0
2024-07-10 03:05:00+00:00,30.100000381469727,30.100000381469727,30.100000381469727,30.100000381469727,2050,0.0,0.0
2024-07-10 03:10:00+00:00,30.049999237060547,30.149999618530273,30.049999237060547,30.149999618530273,2000,0.0,0.0
2024-07-10 03:15:00+00:00,30.100000381469727,30.100000381469727,30.100000381469727,30.100000381469727,3000,0.0,0.0
2024-07-10 03:25:00+00:00,30.100000381469727,30.100000381469727,30.100000381469727,30.100000381469727,10100,0.0,0.0
2024-07-10 03:30:00+00:00,30.100000381469727,30.100000381469727,30.100000381469727,30.100000381469727,1050,0.0,0.0
2024-07-10 03:40:00+00:00,30.100000381469727,30.100000381469727,30.100000381469727,30.100000381469727,6000,0.0,0.0
2024-07-10 03:50:00+00:00,30.100000381469727,30.100000381469727,30.049999237060547,30.049999237060547,7200,0.0,0.0
2024-07-10 03:55:00+00:00,30.100000381469727,30.100000381469727,30.100000381469727,30.100000381469727,6044,0.0,0.0
2024-07-10 04:00:00+00:00,30.100000381469727,30.100000381469727,30.100000381469727,30.100000381469727,14000,0.0,0.0
2024-07-10 04:05:00+00:00,30.100000381469727,30.100000381469727,30.100000381469727,30.100000381469727,7000,0.0,0.0
2024-07-10 04:10:00+00:00,30.149999618530273,30.149999618530273,30.149999618530273,30.149999618530273,1000,0.0,0.0
2024-07-10 04:15:00+00:00,30.100000381469727,30.100000381469727,30.100000381469727,30.100000381469727,5001,0.0,0.0
2024-07-10 04:20:00+00:00,30.100000381469727,30.100000381469727,30.100000381469727,30.100000381469727,17000,0.0,0.0
2024-07-10 04:25:00+00:00,30.100000381469727,30.100000381469727,30.100000381469727,30.100000381469727,3000,0.0,0.0
2024-07-10 04:30:00+00:00,30.100000381469727,30.100000381469727,30.100000381469727,30.100000381469727,1041,0.0,0.0
2024-07-10 04:35:00+00:00,30.100000381469727,30.100000381469727,30.100000381469727,30.100000381469727,1000,0.0,0.0
2024-07-10 04:40:00+00:00,30.100000381469727,30.100000381469727,30.100000381469727,30.100000381469727,9000,0.0,0.0
2024-07-10 04:45:00+00:00,30.100000381469727,30.100000381469727,30.100000381469727,30.100000381469727,1561,0.0,0.0
2024-07-10 04:55:00+00:00,30.149999618530273,30.149999618530273,30.149999618530273,30.149999618530273,9500,0.0,0.0
2024-07-10 05:00:00+00:00,30.149999618530273,30.149999618530273,30.149999618530273,30.149999618530273,1000,0.0,0.0
2024-07-10 05:10:00+00:00,30.100000381469727,30.100000381469727,30.100000381469727,30.100000381469727,11000,0.0,0.0
2024-07-10 05:15:00+00:00,30.100000381469727,30.100000381469727,30.100000381469727,30.100000381469727,6020,0.0,0.0
2024-07-10 05:20:00+00:00,30.149999618530273,30.149999618530273,30.149999618530273,30.149999618530273,8100,0.0,0.0
2024-07-11 01:00:00+00:00,30.149999618530273,30.149999618530273,29.950000762939453,30.0,0,0.0,0.0
2024-07-11 01:05:00+00:00,30.0,30.049999237060547,30.0,30.0,16073,0.0,0.0
2024-07-11 01:10:00+00:00,30.0,30.0,29.950000762939453,29.950000762939453,9811,0.0,0.0
2024-07-11 01:15:00+00:00,30.0,30.0,29.950000762939453,29.950000762939453,22150,0.0,0.0
2024-07-11 01:20:00+00:00,30.0,30.0,29.950000762939453,29.950000762939453,5000,0.0,0.0
2024-07-11 01:25:00+00:00,30.0,30.0,30.0,30.0,6040,0.0,0.0
2024-07-11 01:30:00+00:00,30.049999237060547,30.049999237060547,30.049999237060547,30.049999237060547,1000,0.0,0.0
2024-07-11 01:35:00+00:00,30.049999237060547,30.049999237060547,30.0,30.0,21000,0.0,0.0
2024-07-11 01:40:00+00:00,30.0,30.049999237060547,30.0,30.0,24000,0.0,0.0
2024-07-11 01:45:00+00:00,30.0,30.0,30.0,30.0,5359,0.0,0.0
2024-07-11 01:50:00+00:00,30.0,30.0,30.0,30.0,18200,0.0,0.0
2024-07-11 01:55:00+00:00,30.0,30.0,30.0,30.0,7000,0.0,0.0
2024-07-11 02:00:00+00:00,30.0,30.0,29.950000762939453,30.0,7000,0.0,0.0
2024-07-11 02:05:00+00:00,29.950000762939453,30.0,29.950000762939453,29.950000762939453,7300,0.0,0.0
2024-07-11 02:10:00+00:00,30.0,30.0,29.950000762939453,29.950000762939453,11033,0.0,0.0
2024-07-11 02:15:00+00:00,29.950000762939453,29.950000762939453,29.950000762939453,29.950000762939453,10000,0.0,0.0
2024-07-11 02:20:00+00:00,29.950000762939453,29.950000762939453,29.950000762939453,29.950000762939453,3000,0.0,0.0
2024-07-11 02:25:00+00:00,29.950000762939453,29.950000762939453,29.950000762939453,29.950000762939453,1000,0.0,0.0
2024-07-11 02:30:00+00:00,29.950000762939453,29.950000762939453,29.950000762939453,29.950000762939453,5005,0.0,0.0
2024-07-11 02:35:00+00:00,29.950000762939453,30.0,29.950000762939453,30.0,4031,0.0,0.0
2024-07-11 02:45:00+00:00,29.950000762939453,30.0,29.950000762939453,29.950000762939453,28020,0.0,0.0
2024-07-11 02:50:00+00:00,29.950000762939453,29.950000762939453,29.950000762939453,29.950000762939453,16046,0.0,0.0
2024-07-11 02:55:00+00:00,29.950000762939453,29.950000762939453,29.950000762939453,29.950000762939453,38105,0.0,0.0
2024-07-11 03:00:00+00:00,29.950000762939453,29.950000762939453,29.950000762939453,29.950000762939453,10200,0.0,0.0
2024-07-11 03:10:00+00:00,29.950000762939453,29.950000762939453,29.899999618530273,29.899999618530273,18000,0.0,0.0
2024-07-11 03:15:00+00:00,29.899999618530273,29.899999618530273,29.899999618530273,29.899999618530273,84702,0.0,0.0
2024-07-11 03:20:00+00:00,29.899999618530273,29.899999618530273,29.899999618530273,29.899999618530273,2050,0.0,0.0
2024-07-11 03:25:00+00:00,29.899999618530273,29.950000762939453,29.899999618530273,29.950000762939453,5010,0.0,0.0
2024-07-11 03:30:00+00:00,29.899999618530273,29.899999618530273,29.899999618530273,29.899999618530273,6200,0.0,0.0
2024-07-11 03:35:00+00:00,29.899999618530273,29.899999618530273,29.899999618530273,29.899999618530273,5000,0.0,0.0
2024-07-11 03:45:00+00:00,29.899999618530273,29.899999618530273,29.899999618530273,29.899999618530273,2000,0.0,0.0
2024-07-11 03:50:00+00:00,29.899999618530273,29.899999618530273,29.899999618530273,29.899999618530273,17000,0.0,0.0
2024-07-11 03:55:00+00:00,29.899999618530273,29.899999618530273,29.899999618530273,29.899999618530273,1000,0.0,0.0
2024-07-11 04:00:00+00:00,29.899999618530273,29.950000762939453,29.899999618530273,29.899999618530273,30090,0.0,0.0
2024-07-11 04:05:00+00:00,29.899999618530273,29.899999618530273,29.899999618530273,29.899999618530273,3000,0.0,0.0
2024-07-11 04:10:00+00:00,29.899999618530273,29.899999618530273,29.899999618530273,29.899999618530273,28181,0.0,0.0
2024-07-11 04:15:00+00:00,29.950000762939453,29.950000762939453,29.950000762939453,29.950000762939453,1000,0.0,0.0
2024-07-11 04:20:00+00:00,29.950000762939453,29.950000762939453,29.950000762939453,29.950000762939453,3000,0.0,0.0
2024-07-11 04:25:00+00:00,29.899999618530273,29.899999618530273,29.899999618530273,29.899999618530273,4000,0.0,0.0
2024-07-11 04:30:00+00:00,29.899999618530273,29.899999618530273,29.899999618530273,29.899999618530273,15000,0.0,0.0
2024-07-11 04:35:00+00:00,29.899999618530273,29.899999618530273,29.899999618530273,29.899999618530273,2000,0.0,0.0
2024-07-11 04:40:00+00:00,29.899999618530273,29.950000762939453,29.899999618530273,29.950000762939453,4000,0.0,0.0
2024-07-11 04:45:00+00:00,29.950000762939453,29.950000762939453,29.950000762939453,29.950000762939453,25000,0.0,0.0
2024-07-11 04:50:00+00:00,29.950000762939453,29.950000762939453,29.950000762939453,29.950000762939453,2000,0.0,0.0
2024-07-11 04:55:00+00:00,29.950000762939453,29.950000762939453,29.950000762939453,29.950000762939453,5000,0.0,0.0
2024-07-11 05:00:00+00:00,29.950000762939453,29.950000762939453,29.899999618530273,29.899999618530273,6150,0.0,0.0
2024-07-11 05:05:00+00:00,29.899999618530273,29.950000762939453,29.899999618530273,29.899999618530273,11000,0.0,0.0
2024-07-11 05:10:00+00:00,29.899999618530273,29.899999618530273,29.850000381469727,29.850000381469727,67147,0.0,0.0
2024-07-11 05:15:00+00:00,29.850000381469727,29.899999618530273,29.850000381469727,29.899999618530273,16000,0.0,0.0
2024-07-11 05:20:00+00:00,29.850000381469727,29.899999618530273,29.850000381469727,29.850000381469727,15221,0.0,0.0
2024-07-12 01:00:00+00:00,29.850000381469727,29.850000381469727,29.649999618530273,29.700000762939453,0,0.0,0.0
2024-07-12 01:05:00+00:00,29.799999237060547,29.799999237060547,29.649999618530273,29.75,36501,0.0,0.0
2024-07-12 01:10:00+00:00,29.75,29.850000381469727,29.75,29.850000381469727,16500,0.0,0.0
2024-07-12 01:15:00+00:00,29.899999618530273,29.899999618530273,29.899999618530273,29.899999618530273,7000,0.0,0.0
2024-07-12 01:20:00+00:00,29.899999618530273,29.899999618530273,29.850000381469727,29.850000381469727,6000,0.0,0.0
2024-07-12 01:25:00+00:00,29.850000381469727,29.899999618530273,29.850000381469727,29.899999618530273,3000,0.0,0.0
2024-07-12 01:30:00+00:00,29.899999618530273,29.899999618530273,29.850000381469727,29.850000381469727,9000,0.0,0.0
2024-07-12 01:35:00+00:00,29.850000381469727,29.899999618530273,29.850000381469727,29.899999618530273,20011,0.0,0.0
2024-07-12 01:40:00+00:00,29.899999618530273,30.0,29.899999618530273,30.0,21000,0.0,0.0
2024-07-12 01:45:00+00:00,30.049999237060547,30.100000381469727,30.049999237060547,30.100000381469727,11740,0.0,0.0
2024-07-12 01:50:00+00:00,30.049999237060547,30.049999237060547,30.049999237060547,30.049999237060547,5000,0.0,0.0
2024-07-12 01:55:00+00:00,30.049999237060547,30.049999237060547,30.0,30.0,9000,0.0,0.0
2024-07-12 02:00:00+00:00,30.0,30.0,30.0,30.0,2000,0.0,0.0
2024-07-12 02:05:00+00:00,30.049999237060547,30.100000381469727,30.049999237060547,30.100000381469727,7000,0.0,0.0
2024-07-12 02:15:00+00:00,30.100000381469727,30.100000381469727,30.100000381469727,30.100000381469727,4000,0.0,0.0
2024-07-12 02:20:00+00:00,30.100000381469727,30.100000381469727,30.100000381469727,30.100000381469727,14060,0.0,0.0
2024-07-12 02:25:00+00:00,30.100000381469727,30.100000381469727,30.100000381469727,30.100000381469727,1100,0.0,0.0
2024-07-12 02:30:00+00:00,30.100000381469727,30.100000381469727,30.100000381469727,30.100000381469727,1000,0.0,0.0
2024-07-12 02:35:00+00:00,30.100000381469727,30.100000381469727,30.0,30.0,8050,0.0,0.0
2024-07-12 02:40:00+00:00,30.0,30.0,30.0,30.0,1095,0.0,0.0
2024-07-12 02:45:00+00:00,30.049999237060547,30.049999237060547,30.049999237060547,30.049999237060547,1000,0.0,0.0
2024-07-12 02:50:00+00:00,30.049999237060547,30.049999237060547,30.0,30.0,13000,0.0,0.0
2024-07-12 03:00:00+00:00,30.0,30.0,30.0,30.0,4000,0.0,0.0
2024-07-12 03:05:00+00:00,30.0,30.0,30.0,30.0,1000,0.0,0.0
2024-07-12 03:10:00+00:00,30.0,30.0,30.0,30.0,13122,0.0,0.0
2024-07-12 03:15:00+00:00,30.0,30.0,30.0,30.0,3000,0.0,0.0
2024-07-12 03:20:00+00:00,30.0,30.0,30.0,30.0,4000,0.0,0.0
2024-07-12 03:25:00+00:00,30.0,30.0,30.0,30.0,3000,0.0,0.0
2024-07-12 03:30:00+00:00,29.950000762939453,30.0,29.950000762939453,30.0,14020,0.0,0.0
2024-07-12 03:35:00+00:00,29.950000762939453,29.950000762939453,29.950000762939453,29.950000762939453,1170,0.0,0.0
2024-07-12 03:45:00+00:00,30.0,30.0,30.0,30.0,4051,0.0,0.0
2024-07-12 03:50:00+00:00,30.0,30.0,29.950000762939453,29.950000762939453,5068,0.0,0.0
2024-07-12 04:05:00+00:00,30.0,30.0,30.0,30.0,3000,0.0,0.0
2024-07-12 04:10:00+00:00,30.0,30.0,30.0,30.0,1000,0.0,0.0
2024-07-12 04:15:00+00:00,30.0,30.0,30.0,30.0,8000,0.0,0.0
2024-07-12 04:20:00+00:00,30.0,30.0,30.0,30.0,2100,0.0,0.0
2024-07-12 04:25:00+00:00,30.0,30.0,30.0,30.0,1000,0.0,0.0
2024-07-12 04:30:00+00:00,30.0,30.0,30.0,30.0,4000,0.0,0.0
2024-07-12 04:35:00+00:00,29.950000762939453,30.0,29.950000762939453,29.950000762939453,22000,0.0,0.0
2024-07-12 04:40:00+00:00,29.950000762939453,29.950000762939453,29.899999618530273,29.950000762939453,7000,0.0,0.0
2024-07-12 04:45:00+00:00,29.950000762939453,29.950000762939453,29.950000762939453,29.950000762939453,6000,0.0,0.0
2024-07-12 04:50:00+00:00,29.950000762939453,29.950000762939453,29.950000762939453,29.950000762939453,1000,0.0,0.0
2024-07-12 04:55:00+00:00,29.950000762939453,29.950000762939453,29.950000762939453,29.950000762939453,3000,0.0,0.0
2024-07-12 05:00:00+00:00,29.950000762939453,29.950000762939453,29.950000762939453,29.950000762939453,5000,0.0,0.0
2024-07-12 05:05:00+00:00,29.950000762939453,29.950000762939453,29.950000762939453,29.950000762939453,10000,0.0,0.0
2024-07-12 05:10:00+00:00,29.950000762939453,29.950000762939453,29.950000762939453,29.950000762939453,4235,0.0,0.0
2024-07-12 05:15:00+00:00,29.950000762939453,29.950000762939453,29.950000762939453,29.950000762939453,1010,0.0,0.0
2024-07-12 05:20:00+00:00,29.899999618530273,29.950000762939453,29.899999618530273,29.950000762939453,10000,0.0,0.0
2024-07-15 01:00:00+00:00,30.0,30.0,29.850000381469727,29.899999618530273,0,0.0,0.0
2024-07-15 01:05:00+00:00,29.899999618530273,29.899999618530273,29.850000381469727,29.850000381469727,12561,0.0,0.0
2024-07-15 01:10:00+00:00,29.899999618530273,29.899999618530273,29.850000381469727,29.899999618530273,7100,0.0,0.0
2024-07-15 01:15:00+00:00,29.899999618530273,29.899999618530273,29.799999237060547,29.799999237060547,60074,0.0,0.0
2024-07-15 01:20:00+00:00,29.799999237060547,29.799999237060547,29.75,29.75,9000,0.0,0.0
2024-07-15 01:25:00+00:00,29.75,29.799999237060547,29.75,29.75,6000,0.0,0.0
2024-07-15 01:30:00+00:00,29.799999237060547,29.799999237060547,29.75,29.75,16040,0.0,0.0
2024-07-15 01:35:00+00:00,29.850000381469727,29.850000381469727,29.850000381469727,29.850000381469727,3000,0.0,0.0
2024-07-15 01:40:00+00:00,29.899999618530273,29.899999618530273,29.899999618530273,29.899999618530273,2000,0.0,0.0
2024-07-15 01:45:00+00:00,29.850000381469727,29.850000381469727,29.850000381469727,29.850000381469727,8000,0.0,0.0
2024-07-15 01:55:00+00:00,29.799999237060547,29.799999237060547,29.799999237060547,29.799999237060547,6000,0.0,0.0
2024-07-15 02:00:00+00:00,29.799999237060547,29.799999237060547,29.799999237060547,29.799999237060547,3001,0.0,0.0
2024-07-15 02:10:00+00:00,29.799999237060547,29.799999237060547,29.799999237060547,29.799999237060547,11034,0.0,0.0
2024-07-15 02:15:00+00:00,29.799999237060547,29.799999237060547,29.799999237060547,29.799999237060547,17000,0.0,0.0
2024-07-15 02:20:00+00:00,29.799999237060547,29.799999237060547,29.799999237060547,29.799999237060547,5021,0.0,0.0
2024-07-15 02:25:00+00:00,29.799999237060547,29.799999237060547,29.75,29.799999237060547,7000,0.0,0.0
2024-07-15 02:30:00+00:00,29.799999237060547,29.799999237060547,29.799999237060547,29.799999237060547,3000,0.0,0.0
2024-07-15 02:35:00+00:00,29.799999237060547,29.799999237060547,29.799999237060547,29.799999237060547,1000,0.0,0.0
2024-07-15 02:40:00+00:00,29.799999237060547,29.799999237060547,29.799999237060547,29.799999237060547,3200,0.0,0.0
2024-07-15 02:45:00+00:00,29.850000381469727,29.850000381469727,29.850000381469727,29.850000381469727,1000,0.0,0.0
2024-07-15 02:50:00+00:00,29.799999237060547,29.799999237060547,29.799999237060547,29.799999237060547,5100,0.0,0.0
2024-07-15 02:55:00+00:00,29.799999237060547,29.799999237060547,29.75,29.799999237060547,9000,0.0,0.0
2024-07-15 03:00:00+00:00,29.799999237060547,29.799999237060547,29.799999237060547,29.799999237060547,2040,0.0,0.0
2024-07-15 03:05:00+00:00,29.799999237060547,29.799999237060547,29.799999237060547,29.799999237060547,7000,0.0,0.0
2024-07-15 03:10:00+00:00,29.799999237060547,29.799999237060547,29.799999237060547,29.799999237060547,2000,0.0,0.0
2024-07-15 03:15:00+00:00,29.799999237060547,29.799999237060547,29.799999237060547,29.799999237060547,6000,0.0,0.0
2024-07-15 03:25:00+00:00,29.850000381469727,29.850000381469727,29.799999237060547,29.799999237060547,13000,0.0,0.0
2024-07-15 03:30:00+00:00,29.799999237060547,29.799999237060547,29.799999237060547,29.799999237060547,1600,0.0,0.0
2024-07-15 03:45:00+00:00,29.799999237060547,29.799999237060547,29.75,29.75,9000,0.0,0.0
2024-07-15 03:50:00+00:00,29.75,29.799999237060547,29.75,29.799999237060547,3010,0.0,0.0
2024-07-15 03:55:00+00:00,29.799999237060547,29.799999237060547,29.799999237060547,29.799999237060547,16000,0.0,0.0
2024-07-15 04:00:00+00:00,29.799999237060547,29.799999237060547,29.799999237060547,29.799999237060547,2000,0.0,0.0
2024-07-15 04:05:00+00:00,29.799999237060547,29.799999237060547,29.799999237060547,29.799999237060547,5030,0.0,0.0
2024-07-15 04:15:00+00:00,29.799999237060547,29.799999237060547,29.75,29.75,10015,0.0,0.0
2024-07-15 04:25:00+00:00,29.75,29.75,29.75,29.75,16000,0.0,0.0
2024-07-15 04:30:00+00:00,29.75,29.75,29.75,29.75,2000,0.0,0.0
2024-07-15 04:35:00+00:00,29.75,29.75,29.75,29.75,2105,0.0,0.0
2024-07-15 04:40:00+00:00,29.75,29.799999237060547,29.75,29.799999237060547,7055,0.0,0.0
2024-07-15 04:45:00+00:00,29.850000381469727,29.850000381469727,29.850000381469727,29.850000381469727,1000,0.0,0.0
2024-07-15 04:50:00+00:00,29.850000381469727,29.850000381469727,29.850000381469727,29.850000381469727,1150,0.0,0.0
2024-07-15 04:55:00+00:00,29.799999237060547,29.799999237060547,29.799999237060547,29.799999237060547,1000,0.0,0.0
2024-07-15 05:00:00+00:00,29.799999237060547,29.850000381469727,29.799999237060547,29.799999237060547,20287,0.0,0.0
2024-07-15 05:05:00+00:00,29.799999237060547,29.799999237060547,29.799999237060547,29.799999237060547,1122,0.0,0.0
2024-07-15 05:10:00+00:00,29.799999237060547,29.799999237060547,29.75,29.799999237060547,5008,0.0,0.0
2024-07-15 05:15:00+00:00,29.799999237060547,29.799999237060547,29.75,29.75,11000,0.0,0.0
2024-07-15 05:20:00+00:00,29.75,29.75,29.75,29.75,7009,0.0,0.0
2024-07-16 01:00:00+00:00,29.75,29.950000762939453,29.75,29.950000762939453,0,0.0,0.0
2024-07-16 01:05:00+00:00,29.799999237060547,29.950000762939453,29.799999237060547,29.899999618530273,7000,0.0,0.0
2024-07-16 01:10:00+00:00,29.899999618530273,29.899999618530273,29.799999237060547,29.799999237060547,5100,0.0,0.0
2024-07-16 01:15:00+00:00,29.799999237060547,29.799999237060547,29.799999237060547,29.799999237060547,1000,0.0,0.0
2024-07-16 01:20:00+00:00,29.799999237060547,29.899999618530273,29.75,29.899999618530273,18053,0.0,0.0
2024-07-16 01:25:00+00:00,29.899999618530273,29.899999618530273,29.899999618530273,29.899999618530273,3280,0.0,0.0
2024-07-16 01:35:00+00:00,29.850000381469727,29.850000381469727,29.850000381469727,29.850000381469727,6054,0.0,0.0
2024-07-16 01:40:00+00:00,29.899999618530273,29.950000762939453,29.899999618530273,29.950000762939453,9000,0.0,0.0
2024-07-16 01:45:00+00:00,29.899999618530273,29.899999618530273,29.899999618530273,29.899999618530273,1000,0.0,0.0
2024-07-16 01:50:00+00:00,29.850000381469727,29.850000381469727,29.850000381469727,29.850000381469727,0,0.0,0.0
2024-07-16 01:55:00+00:00,29.850000381469727,29.850000381469727,29.799999237060547,29.799999237060547,80487,0.0,0.0
2024-07-16 02:00:00+00:00,29.850000381469727,29.850000381469727,29.799999237060547,29.799999237060547,5101,0.0,0.0
2024-07-16 02:05:00+00:00,29.850000381469727,29.850000381469727,29.850000381469727,29.850000381469727,1000,0.0,0.0
2024-07-16 02:10:00+00:00,29.899999618530273,29.950000762939453,29.899999618530273,29.950000762939453,5200,0.0,0.0
2024-07-16 02:15:00+00:00,29.850000381469727,29.850000381469727,29.850000381469727,29.850000381469727,8000,0.0,0.0
2024-07-16 02:20:00+00:00,29.799999237060547,29.850000381469727,29.799999237060547,29.799999237060547,8000,0.0,0.0
2024-07-16 02:25:00+00:00,29.799999237060547,29.899999618530273,29.799999237060547,29.899999618530273,5000,0.0,0.0
2024-07-16 02:30:00+00:00,29.799999237060547,29.799999237060547,29.799999237060547,29.799999237060547,5001,0.0,0.0
2024-07-16 02:40:00+00:00,29.899999618530273,29.899999618530273,29.799999237060547,29.799999237060547,7000,0.0,0.0
2024-07-16 02:45:00+00:00,29.799999237060547,29.799999237060547,29.799999237060547,29.799999237060547,4031,0.0,0.0
2024-07-16 03:10:00+00:00,29.799999237060547,29.799999237060547,29.799999237060547,29.799999237060547,1000,0.0,0.0
2024-07-16 03:15:00+00:00,29.799999237060547,29.799999237060547,29.799999237060547,29.799999237060547,1000,0.0,0.0
2024-07-16 03:25:00+00:00,29.799999237060547,29.799999237060547,29.799999237060547,29.799999237060547,4409,0.0,0.0
2024-07-16 03:35:00+00:00,29.850000381469727,29.850000381469727,29.850000381469727,29.850000381469727,1000,0.0,0.0
2024-07-16 03:40:00+00:00,29.850000381469727,29.850000381469727,29.799999237060547,29.850000381469727,8015,0.0,0.0
2024-07-16 03:50:00+00:00,29.850000381469727,29.850000381469727,29.850000381469727,29.850000381469727,1000,0.0,0.0
2024-07-16 03:55:00+00:00,29.850000381469727,29.850000381469727,29.850000381469727,29.850000381469727,1100,0.0,0.0
2024-07-16 04:00:00+00:00,29.899999618530273,29.899999618530273,29.899999618530273,29.899999618530273,5000,0.0,0.0
2024-07-16 04:05:00+00:00,29.850000381469727,29.850000381469727,29.850000381469727,29.850000381469727,11000,0.0,0.0
2024-07-16 04:10:00+00:00,29.899999618530273,29.899999618530273,29.850000381469727,29.850000381469727,4005,0.0,0.0
2024-07-16 04:25:00+00:00,29.850000381469727,29.850000381469727,29.850000381469727,29.850000381469727,1067,0.0,0.0
2024-07-16 04:35:00+00:00,29.850000381469727,29.850000381469727,29.799999237060547,29.850000381469727,11000,0.0,0.0
2024-07-16 04:40:00+00:00,29.850000381469727,29.850000381469727,29.850000381469727,29.850000381469727,2102,0.0,0.0
2024-07-16 04:55:00+00:00,29.850000381469727,29.850000381469727,29.850000381469727,29.850000381469727,2000,0.0,0.0
2024-07-16 05:00:00+00:00,29.850000381469727,29.850000381469727,29.799999237060547,29.799999237060547,8033,0.0,0.0
2024-07-16 05:05:00+00:00,29.799999237060547,29.799999237060547,29.799999237060547,29.799999237060547,3200,0.0,0.0
2024-07-16 05:10:00+00:00,29.799999237060547,29.799999237060547,29.799999237060547,29.799999237060547,4000,0.0,0.0
2024-07-16 05:15:00+00:00,29.799999237060547,29.850000381469727,29.799999237060547,29.850000381469727,7666,0.0,0.0
2024-07-16 05:20:00+00:00,29.899999618530273,29.899999618530273,29.850000381469727,29.899999618530273,10850,0.0,0.0
2024-07-17 01:00:00+00:00,29.899999618530273,29.899999618530273,29.899999618530273,29.899999618530273,0,0.0,0.0
2024-07-17 01:05:00+00:00,29.899999618530273,30.149999618530273,29.899999618530273,30.149999618530273,49057,0.0,0.0
2024-07-17 01:10:00+00:00,30.149999618530273,30.149999618530273,30.100000381469727,30.100000381469727,3001,0.0,0.0
2024-07-17 01:15:00+00:00,30.100000381469727,30.149999618530273,30.100000381469727,30.149999618530273,11000,0.0,0.0
2024-07-17 01:20:00+00:00,30.149999618530273,30.149999618530273,30.149999618530273,30.149999618530273,3001,0.0,0.0
2024-07-17 01:25:00+00:00,30.100000381469727,30.100000381469727,30.100000381469727,30.100000381469727,5039,0.0,0.0
2024-07-17 01:35:00+00:00,30.100000381469727,30.100000381469727,30.100000381469727,30.100000381469727,10001,0.0,0.0
2024-07-17 01:40:00+00:00,30.100000381469727,30.100000381469727,30.0,30.0,19001,0.0,0.0
2024-07-17 01:45:00+00:00,30.0,30.149999618530273,30.0,30.149999618530273,10051,0.0,0.0
2024-07-17 01:50:00+00:00,30.100000381469727,30.100000381469727,30.100000381469727,30.100000381469727,9010,0.0,0.0
2024-07-17 01:55:00+00:00,30.100000381469727,30.100000381469727,30.100000381469727,30.100000381469727,6018,0.0,0.0
2024-07-17 02:05:00+00:00,30.100000381469727,30.100000381469727,30.100000381469727,30.100000381469727,2001,0.0,0.0
2024-07-17 02:15:00+00:00,30.100000381469727,30.100000381469727,30.100000381469727,30.100000381469727,5011,0.0,0.0
2024-07-17 02:20:00+00:00,30.049999237060547,30.049999237060547,30.049999237060547,30.049999237060547,15184,0.0,0.0
2024-07-17 02:25:00+00:00,30.0,30.0,30.0,30.0,17002,0.0,0.0
2024-07-17 02:30:00+00:00,30.0,30.049999237060547,30.0,30.049999237060547,22003,0.0,0.0
2024-07-17 02:35:00+00:00,30.049999237060547,30.049999237060547,30.049999237060547,30.049999237060547,7185,0.0,0.0
2024-07-17 02:40:00+00:00,30.049999237060547,30.049999237060547,30.049999237060547,30.049999237060547,3018,0.0,0.0
2024-07-17 02:45:00+00:00,30.100000381469727,30.100000381469727,30.049999237060547,30.049999237060547,4000,0.0,0.0
2024-07-17 02:50:00+00:00,30.049999237060547,30.049999237060547,30.049999237060547,30.049999237060547,4003,0.0,0.0
2024-07-17 02:55:00+00:00,30.049999237060547,30.049999237060547,30.049999237060547,30.049999237060547,4000,0.0,0.0
2024-07-17 03:00:00+00:00,30.049999237060547,30.049999237060547,30.049999237060547,30.049999237060547,1000,0.0,0.0
2024-07-17 03:10:00+00:00,30.049999237060547,30.049999237060547,30.049999237060547,30.049999237060547,1101,0.0,0.0
2024-07-17 03:15:00+00:00,30.0,30.0,30.0,30.0,1000,0.0,0.0
2024-07-17 03:20:00+00:00,30.0,30.0,30.0,30.0,2000,0.0,0.0
2024-07-17 03:25:00+00:00,30.0,30.0,30.0,30.0,1000,0.0,0.0
2024-07-17 03:30:00+00:00,30.0,30.049999237060547,30.0,30.049999237060547,13201,0.0,0.0
2024-07-17 03:40:00+00:00,30.0,30.049999237060547,30.0,30.049999237060547,5002,0.0,0.0
2024-07-17 03:45:00+00:00,30.049999237060547,30.049999237060547,30.049999237060547,30.049999237060547,6002,0.0,0.0
2024-07-17 03:50:00+00:00,30.049999237060547,30.100000381469727,30.049999237060547,30.100000381469727,5093,0.0,0.0
2024-07-17 03:55:00+00:00,30.100000381469727,30.100000381469727,30.100000381469727,30.100000381469727,3001,0.0,0.0
2024-07-17 04:00:00+00:00,30.100000381469727,30.100000381469727,30.0,30.100000381469727,7040,0.0,0.0
2024-07-17 04:05:00+00:00,30.100000381469727,30.149999618530273,30.100000381469727,30.149999618530273,20003,0.0,0.0
2024-07-17 04:10:00+00:00,30.149999618530273,30.200000762939453,30.149999618530273,30.200000762939453,25000,0.0,0.0
2024-07-17 04:15:00+00:00,30.149999618530273,30.149999618530273,30.149999618530273,30.149999618530273,6036,0.0,0.0
2024-07-17 04:20:00+00:00,30.149999618530273,30.200000762939453,30.149999618530273,30.149999618530273,6003,0.0,0.0
2024-07-17 04:25:00+00:00,30.200000762939453,30.200000762939453,30.200000762939453,30.200000762939453,5002,0.0,0.0
2024-07-17 04:30:00+00:00,30.200000762939453,30.200000762939453,30.149999618530273,30.200000762939453,9005,0.0,0.0
2024-07-17 04:35:00+00:00,30.200000762939453,30.200000762939453,30.200000762939453,30.200000762939453,3002,0.0,0.0
2024-07-17 04:40:00+00:00,30.200000762939453,30.200000762939453,30.200000762939453,30.200000762939453,7004,0.0,0.0
2024-07-17 04:45:00+00:00,30.200000762939453,30.200000762939453,30.149999618530273,30.149999618530273,8000,0.0,0.0
2024-07-17 04:50:00+00:00,30.100000381469727,30.149999618530273,30.100000381469727,30.149999618530273,12539,0.0,0.0
2024-07-17 04:55:00+00:00,30.149999618530273,30.149999618530273,30.149999618530273,30.149999618530273,6000,0.0,0.0
2024-07-17 05:00:00+00:00,30.100000381469727,30.149999618530273,30.100000381469727,30.100000381469727,16000,0.0,0.0
2024-07-17 05:05:00+00:00,30.149999618530273,30.149999618530273,30.100000381469727,30.149999618530273,8140,0.0,0.0
2024-07-17 05:10:00+00:00,30.149999618530273,30.149999618530273,30.149999618530273,30.149999618530273,6035,0.0,0.0
2024-07-17 05:15:00+00:00,30.149999618530273,30.149999618530273,30.049999237060547,30.149999618530273,13010,0.0,0.0
2024-07-17 05:20:00+00:00,30.100000381469727,30.100000381469727,30.100000381469727,30.100000381469727,3140,0.0,0.0
2024-07-18 01:00:00+00:00,30.0,30.0,29.799999237060547,29.799999237060547,0,0.0,0.0
2024-07-18 01:05:00+00:00,29.799999237060547,29.799999237060547,29.799999237060547,29.799999237060547,8153,0.0,0.0
2024-07-18 01:10:00+00:00,29.799999237060547,29.899999618530273,29.799999237060547,29.899999618530273,9015,0.0,0.0
2024-07-18 01:15:00+00:00,29.899999618530273,29.899999618530273,29.899999618530273,29.899999618530273,3000,0.0,0.0
2024-07-18 01:20:00+00:00,29.950000762939453,29.950000762939453,29.950000762939453,29.950000762939453,2000,0.0,0.0
2024-07-18 01:25:00+00:00,29.899999618530273,29.950000762939453,29.899999618530273,29.950000762939453,2055,0.0,0.0
2024-07-18 01:30:00+00:00,29.899999618530273,29.950000762939453,29.899999618530273,29.950000762939453,10001,0.0,0.0
2024-07-18 01:35:00+00:00,29.899999618530273,29.950000762939453,29.899999618530273,29.899999618530273,8000,0.0,0.0
2024-07-18 01:40:00+00:00,29.899999618530273,29.899999618530273,29.850000381469727,29.850000381469727,2059,0.0,0.0
2024-07-18 01:45:00+00:00,29.899999618530273,29.899999618530273,29.899999618530273,29.899999618530273,6000,0.0,0.0
2024-07-18 01:50:00+00:00,29.899999618530273,29.899999618530273,29.899999618530273,29.899999618530273,3000,0.0,0.0
2024-07-18 01:55:00+00:00,29.899999618530273,29.899999618530273,29.899999618530273,29.899999618530273,4000,0.0,0.0
2024-07-18 02:00:00+00:00,29.850000381469727,29.899999618530273,29.850000381469727,29.899999618530273,6028,0.0,0.0
2024-07-18 02:05:00+00:00,29.899999618530273,29.899999618530273,29.899999618530273,29.899999618530273,11000,0.0,0.0
2024-07-18 02:10:00+00:00,29.850000381469727,29.850000381469727,29.850000381469727,29.850000381469727,19030,0.0,0.0
2024-07-18 02:15:00+00:00,29.850000381469727,29.899999618530273,29.850000381469727,29.899999618530273,10305,0.0,0.0
2024-07-18 02:20:00+00:00,29.899999618530273,29.899999618530273,29.850000381469727,29.850000381469727,16000,0.0,0.0
2024-07-18 02:25:00+00:00,29.850000381469727,29.850000381469727,29.850000381469727,29.850000381469727,6102,0.0,0.0
2024-07-18 02:30:00+00:00,29.850000381469727,29.850000381469727,29.799999237060547,29.799999237060547,25011,0.0,0.0
2024-07-18 02:35:00+00:00,29.799999237060547,29.799999237060547,29.700000762939453,29.75,96977,0.0,0.0
2024-07-18 02:40:00+00:00,29.75,29.75,29.75,29.75,7000,0.0,0.0
2024-07-18 02:50:00+00:00,29.799999237060547,29.799999237060547,29.75,29.75,14005,0.0,0.0
2024-07-18 02:55:00+00:00,29.75,29.850000381469727,29.75,29.850000381469727,8000,0.0,0.0
2024-07-18 03:00:00+00:00,29.850000381469727,29.850000381469727,29.799999237060547,29.850000381469727,4000,0.0,0.0
2024-07-18 03:05:00+00:00,29.850000381469727,29.850000381469727,29.850000381469727,29.850000381469727,6030,0.0,0.0
2024-07-18 03:10:00+00:00,29.850000381469727,29.899999618530273,29.850000381469727,29.899999618530273,4000,0.0,0.0
2024-07-18 03:15:00+00:00,29.899999618530273,29.899999618530273,29.899999618530273,29.899999618530273,6073,0.0,0.0
2024-07-18 03:20:00+00:00,29.899999618530273,29.899999618530273,29.799999237060547,29.899999618530273,6001,0.0,0.0
2024-07-18 03:25:00+00:00,29.899999618530273,29.899999618530273,29.899999618530273,29.899999618530273,12000,0.0,0.0
2024-07-18 03:30:00+00:00,29.899999618530273,29.950000762939453,29.799999237060547,29.899999618530273,11000,0.0,0.0
2024-07-18 03:35:00+00:00,29.850000381469727,29.950000762939453,29.850000381469727,29.950000762939453,10000,0.0,0.0
2024-07-18 03:40:00+00:00,29.950000762939453,29.950000762939453,29.950000762939453,29.950000762939453,6000,0.0,0.0
2024-07-18 03:45:00+00:00,29.950000762939453,29.950000762939453,29.950000762939453,29.950000762939453,4000,0.0,0.0
2024-07-18 03:50:00+00:00,29.899999618530273,29.950000762939453,29.799999237060547,29.950000762939453,9000,0.0,0.0
2024-07-18 03:55:00+00:00,29.950000762939453,29.950000762939453,29.950000762939453,29.950000762939453,4000,0.0,0.0
2024-07-18 04:00:00+00:00,29.950000762939453,29.950000762939453,29.899999618530273,29.899999618530273,7001,0.0,0.0
2024-07-18 04:05:00+00:00,29.950000762939453,29.950000762939453,29.950000762939453,29.950000762939453,4000,0.0,0.0
2024-07-18 04:10:00+00:00,29.950000762939453,29.950000762939453,29.899999618530273,29.950000762939453,7000,0.0,0.0
2024-07-18 04:15:00+00:00,29.950000762939453,29.950000762939453,29.950000762939453,29.950000762939453,4000,0.0,0.0
2024-07-18 04:20:00+00:00,29.950000762939453,29.950000762939453,29.950000762939453,29.950000762939453,6000,0.0,0.0
2024-07-18 04:25:00+00:00,29.950000762939453,29.950000762939453,29.950000762939453,29.950000762939453,7001,0.0,0.0
2024-07-18 04:30:00+00:00,29.950000762939453,29.950000762939453,29.950000762939453,29.950000762939453,9000,0.0,0.0
2024-07-18 04:35:00+00:00,29.950000762939453,30.0,29.950000762939453,30.0,8000,0.0,0.0
2024-07-18 04:40:00+00:00,29.950000762939453,29.950000762939453,29.950000762939453,29.950000762939453,6000,0.0,0.0
2024-07-18 04:45:00+00:00,29.950000762939453,29.950000762939453,29.950000762939453,29.950000762939453,4000,0.0,0.0
2024-07-18 04:50:00+00:00,29.950000762939453,29.950000762939453,29.950000762939453,29.950000762939453,7010,0.0,0.0
2024-07-18 04:55:00+00:00,29.950000762939453,30.0,29.950000762939453,29.950000762939453,7000,0.0,0.0
2024-07-18 05:00:00+00:00,30.0,30.0,29.950000762939453,30.0,10000,0.0,0.0
2024-07-18 05:05:00+00:00,30.0,30.0,30.0,30.0,8500,0.0,0.0
2024-07-18 05:10:00+00:00,30.0,30.0,30.0,30.0,5000,0.0,0.0
2024-07-18 05:15:00+00:00,30.0,30.0,29.950000762939453,29.950000762939453,8000,0.0,0.0
2024-07-18 05:20:00+00:00,29.950000762939453,30.0,29.950000762939453,30.0,7118,0.0,0.0
2024-07-19 01:00:00+00:00,30.0,30.0,29.899999618530273,29.899999618530273,0,0.0,0.0
2024-07-19 01:05:00+00:00,29.850000381469727,29.899999618530273,29.799999237060547,29.799999237060547,41077,0.0,0.0
2024-07-19 01:10:00+00:00,29.75,29.75,29.75,29.75,15379,0.0,0.0
2024-07-19 01:15:00+00:00,29.799999237060547,29.799999237060547,29.75,29.75,24000,0.0,0.0
2024-07-19 01:20:00+00:00,29.700000762939453,29.700000762939453,29.649999618530273,29.649999618530273,55006,0.0,0.0
2024-07-19 01:25:00+00:00,29.649999618530273,29.649999618530273,29.649999618530273,29.649999618530273,35111,0.0,0.0
2024-07-19 01:30:00+00:00,29.700000762939453,29.700000762939453,29.700000762939453,29.700000762939453,2020,0.0,0.0
2024-07-19 01:35:00+00:00,29.700000762939453,29.700000762939453,29.700000762939453,29.700000762939453,7000,0.0,0.0
2024-07-19 01:40:00+00:00,29.700000762939453,29.700000762939453,29.649999618530273,29.649999618530273,29300,0.0,0.0
2024-07-19 01:45:00+00:00,29.649999618530273,29.649999618530273,29.600000381469727,29.649999618530273,30788,0.0,0.0
2024-07-19 01:50:00+00:00,29.600000381469727,29.600000381469727,29.549999237060547,29.549999237060547,48000,0.0,0.0
2024-07-19 01:55:00+00:00,29.549999237060547,29.600000381469727,29.5,29.5,46683,0.0,0.0
2024-07-19 02:00:00+00:00,29.549999237060547,29.549999237060547,29.5,29.5,15500,0.0,0.0
2024-07-19 02:05:00+00:00,29.5,29.5,29.450000762939453,29.450000762939453,70000,0.0,0.0
2024-07-19 02:10:00+00:00,29.450000762939453,29.5,29.450000762939453,29.5,23263,0.0,0.0
2024-07-19 02:15:00+00:00,29.5,29.5,29.399999618530273,29.450000762939453,26450,0.0,0.0
2024-07-19 02:20:00+00:00,29.450000762939453,29.450000762939453,29.350000381469727,29.399999618530273,33122,0.0,0.0
2024-07-19 02:25:00+00:00,29.399999618530273,29.399999618530273,29.299999237060547,29.299999237060547,34418,0.0,0.0
2024-07-19 02:30:00+00:00,29.299999237060547,29.350000381469727,29.299999237060547,29.350000381469727,2008,0.0,0.0
2024-07-19 02:35:00+00:00,29.399999618530273,29.450000762939453,29.399999618530273,29.450000762939453,9068,0.0,0.0
2024-07-19 02:40:00+00:00,29.450000762939453,29.450000762939453,29.450000762939453,29.450000762939453,23000,0.0,0.0
2024-07-19 02:45:00+00:00,29.5,29.5,29.399999618530273,29.5,5200,0.0,0.0
2024-07-19 02:50:00+00:00,29.549999237060547,29.549999237060547,29.549999237060547,29.549999237060547,2010,0.0,0.0
2024-07-19 02:55:00+00:00,29.549999237060547,29.549999237060547,29.549999237060547,29.549999237060547,1000,0.0,0.0
2024-07-19 03:00:00+00:00,29.549999237060547,29.549999237060547,29.549999237060547,29.549999237060547,9000,0.0,0.0
2024-07-19 03:05:00+00:00,29.549999237060547,29.600000381469727,29.549999237060547,29.600000381469727,3035,0.0,0.0
2024-07-19 03:10:00+00:00,29.600000381469727,29.600000381469727,29.600000381469727,29.600000381469727,3225,0.0,0.0
2024-07-19 03:15:00+00:00,29.600000381469727,29.600000381469727,29.5,29.549999237060547,6550,0.0,0.0
2024-07-19 03:20:00+00:00,29.5,29.5,29.5,29.5,1000,0.0,0.0
2024-07-19 03:25:00+00:00,29.5,29.5,29.5,29.5,4110,0.0,0.0
2024-07-19 03:30:00+00:00,29.450000762939453,29.450000762939453,29.450000762939453,29.450000762939453,18007,0.0,0.0
2024-07-19 03:35:00+00:00,29.450000762939453,29.549999237060547,29.450000762939453,29.549999237060547,2340,0.0,0.0
2024-07-19 03:40:00+00:00,29.549999237060547,29.549999237060547,29.549999237060547,29.549999237060547,2000,0.0,0.0
2024-07-19 03:45:00+00:00,29.549999237060547,29.549999237060547,29.5,29.5,5000,0.0,0.0
2024-07-19 03:50:00+00:00,29.450000762939453,29.5,29.450000762939453,29.5,4660,0.0,0.0
2024-07-19 03:55:00+00:00,29.450000762939453,29.5,29.450000762939453,29.450000762939453,7000,0.0,0.0
2024-07-19 04:00:00+00:00,29.5,29.5,29.5,29.5,5000,0.0,0.0
2024-07-19 04:05:00+00:00,29.5,29.5,29.5,29.5,1000,0.0,0.0
2024-07-19 04:10:00+00:00,29.399999618530273,29.5,29.399999618530273,29.5,10179,0.0,0.0
2024-07-19 04:15:00+00:00,29.5,29.5,29.399999618530273,29.399999618530273,16240,0.0,0.0
2024-07-19 04:20:00+00:00,29.399999618530273,29.399999618530273,29.350000381469727,29.399999618530273,7130,0.0,0.0
2024-07-19 04:25:00+00:00,29.399999618530273,29.399999618530273,29.350000381469727,29.350000381469727,10046,0.0,0.0
2024-07-19 04:30:00+00:00,29.399999618530273,29.450000762939453,29.399999618530273,29.450000762939453,13006,0.0,0.0
2024-07-19 04:35:00+00:00,29.450000762939453,29.450000762939453,29.399999618530273,29.399999618530273,8001,0.0,0.0
2024-07-19 04:40:00+00:00,29.399999618530273,29.399999618530273,29.399999618530273,29.399999618530273,4000,0.0,0.0
2024-07-19 04:45:00+00:00,29.399999618530273,29.399999618530273,29.399999618530273,29.399999618530273,8000,0.0,0.0
2024-07-19 04:50:00+00:00,29.350000381469727,29.399999618530273,29.299999237060547,29.350000381469727,59369,0.0,0.0
2024-07-19 04:55:00+00:00,29.399999618530273,29.399999618530273,29.299999237060547,29.350000381469727,16082,0.0,0.0
2024-07-19 05:00:00+00:00,29.350000381469727,29.350000381469727,29.299999237060547,29.299999237060547,5000,0.0,0.0
2024-07-19 05:05:00+00:00,29.299999237060547,29.299999237060547,29.25,29.299999237060547,59111,0.0,0.0
2024-07-19 05:10:00+00:00,29.299999237060547,29.299999237060547,29.25,29.299999237060547,22000,0.0,0.0
2024-07-19 05:15:00+00:00,29.299999237060547,29.299999237060547,29.25,29.25,37116,0.0,0.0
2024-07-19 05:20:00+00:00,29.200000762939453,29.25,29.200000762939453,29.25,27000,0.0,0.0
2024-07-22 01:00:00+00:00,29.049999237060547,29.049999237060547,28.899999618530273,28.899999618530273,0,0.0,0.0
2024-07-22 01:05:00+00:00,28.850000381469727,28.850000381469727,28.799999237060547,28.799999237060547,32072,0.0,0.0
2024-07-22 01:10:00+00:00,28.850000381469727,28.850000381469727,28.700000762939453,28.700000762939453,23554,0.0,0.0
2024-07-22 01:15:00+00:00,28.700000762939453,28.700000762939453,28.399999618530273,28.450000762939453,130328,0.0,0.0
2024-07-22 01:20:00+00:00,28.450000762939453,28.5,28.350000381469727,28.5,39453,0.0,0.0
2024-07-22 01:25:00+00:00,28.450000762939453,28.5,28.399999618530273,28.399999618530273,7253,0.0,0.0
2024-07-22 01:30:00+00:00,28.399999618530273,28.399999618530273,28.299999237060547,28.299999237060547,34246,0.0,0.0
2024-07-22 01:35:00+00:00,28.350000381469727,28.350000381469727,28.299999237060547,28.350000381469727,8000,0.0,0.0
2024-07-22 01:40:00+00:00,28.299999237060547,28.450000762939453,28.299999237060547,28.450000762939453,76155,0.0,0.0
2024-07-22 01:45:00+00:00,28.450000762939453,28.450000762939453,28.399999618530273,28.399999618530273,6000,0.0,0.0
2024-07-22 01:50:00+00:00,28.350000381469727,28.399999618530273,28.299999237060547,28.350000381469727,19460,0.0,0.0
2024-07-22 01:55:00+00:00,28.350000381469727,28.399999618530273,28.350000381469727,28.350000381469727,9351,0.0,0.0
2024-07-22 02:00:00+00:00,28.299999237060547,28.350000381469727,28.25,28.25,18000,0.0,0.0
2024-07-22 02:05:00+00:00,28.350000381469727,28.350000381469727,28.25,28.350000381469727,5026,0.0,0.0
2024-07-22 02:10:00+00:00,28.299999237060547,28.350000381469727,28.25,28.350000381469727,25000,0.0,0.0
2024-07-22 02:15:00+00:00,28.299999237060547,28.350000381469727,28.25,28.25,35292,0.0,0.0
2024-07-22 02:20:00+00:00,28.25,28.350000381469727,28.200000762939453,28.25,45018,0.0,0.0
2024-07-22 02:25:00+00:00,28.25,28.25,28.0,28.049999237060547,127213,0.0,0.0
2024-07-22 02:30:00+00:00,28.049999237060547,28.200000762939453,28.049999237060547,28.149999618530273,13568,0.0,0.0
2024-07-22 02:35:00+00:00,28.200000762939453,28.25,28.200000762939453,28.25,20000,0.0,0.0
2024-07-22 02:40:00+00:00,28.25,28.299999237060547,28.149999618530273,28.299999237060547,18116,0.0,0.0
2024-07-22 02:45:00+00:00,28.25,28.25,28.200000762939453,28.25,40418,0.0,0.0
2024-07-22 02:50:00+00:00,28.299999237060547,28.299999237060547,28.299999237060547,28.299999237060547,9064,0.0,0.0
2024-07-22 02:55:00+00:00,28.25,28.299999237060547,28.149999618530273,28.299999237060547,25001,0.0,0.0
2024-07-22 03:00:00+00:00,28.299999237060547,28.299999237060547,28.25,28.299999237060547,7000,0.0,0.0
2024-07-22 03:05:00+00:00,28.25,28.25,28.25,28.25,7073,0.0,0.0
2024-07-22 03:10:00+00:00,28.25,28.350000381469727,28.25,28.350000381469727,8000,0.0,0.0
2024-07-22 03:15:00+00:00,28.350000381469727,28.350000381469727,28.25,28.25,4000,0.0,0.0
2024-07-22 03:20:00+00:00,28.299999237060547,28.350000381469727,28.299999237060547,28.350000381469727,3198,0.0,0.0
2024-07-22 03:25:00+00:00,28.299999237060547,28.350000381469727,28.299999237060547,28.299999237060547,8009,0.0,0.0
2024-07-22 03:30:00+00:00,28.299999237060547,28.299999237060547,28.299999237060547,28.299999237060547,4000,0.0,0.0
2024-07-22 03:35:00+00:00,28.299999237060547,28.299999237060547,28.299999237060547,28.299999237060547,2000,0.0,0.0
2024-07-22 03:40:00+00:00,28.299999237060547,28.299999237060547,28.299999237060547,28.299999237060547,5037,0.0,0.0
2024-07-22 03:45:00+00:00,28.299999237060547,28.299999237060547,28.299999237060547,28.299999237060547,6202,0.0,0.0
2024-07-22 03:50:00+00:00,28.299999237060547,28.399999618530273,28.299999237060547,28.399999618530273,9000,0.0,0.0
2024-07-22 03:55:00+00:00,28.399999618530273,28.399999618530273,28.350000381469727,28.350000381469727,3000,0.0,0.0
2024-07-22 04:00:00+00:00,28.399999618530273,28.399999618530273,28.399999618530273,28.399999618530273,4000,0.0,0.0
2024-07-22 04:05:00+00:00,28.399999618530273,28.399999618530273,28.399999618530273,28.399999618530273,3050,0.0,0.0
2024-07-22 04:10:00+00:00,28.399999618530273,28.399999618530273,28.399999618530273,28.399999618530273,10032,0.0,0.0
2024-07-22 04:15:00+00:00,28.399999618530273,28.450000762939453,28.399999618530273,28.450000762939453,7000,0.0,0.0
2024-07-22 04:20:00+00:00,28.450000762939453,28.450000762939453,28.399999618530273,28.450000762939453,5000,0.0,0.0
2024-07-22 04:25:00+00:00,28.350000381469727,28.450000762939453,28.350000381469727,28.450000762939453,6000,0.0,0.0
2024-07-22 04:30:00+00:00,28.450000762939453,28.450000762939453,28.450000762939453,28.450000762939453,12001,0.0,0.0
2024-07-22 04:35:00+00:00,28.299999237060547,28.350000381469727,28.299999237060547,28.350000381469727,8304,0.0,0.0
2024-07-22 04:40:00+00:00,28.350000381469727,28.399999618530273,28.350000381469727,28.399999618530273,6000,0.0,0.0
2024-07-22 04:45:00+00:00,28.399999618530273,28.450000762939453,28.350000381469727,28.450000762939453,15000,0.0,0.0
2024-07-22 04:50:00+00:00,28.450000762939453,28.5,28.450000762939453,28.5,35001,0.0,0.0
2024-07-22 04:55:00+00:00,28.5,28.5,28.5,28.5,14000,0.0,0.0
2024-07-22 05:00:00+00:00,28.5,28.549999237060547,28.5,28.5,16000,0.0,0.0
2024-07-22 05:05:00+00:00,28.549999237060547,28.549999237060547,28.549999237060547,28.549999237060547,4000,0.0,0.0
2024-07-22 05:10:00+00:00,28.549999237060547,28.549999237060547,28.549999237060547,28.549999237060547,8000,0.0,0.0
2024-07-22 05:15:00+00:00,28.549999237060547,28.549999237060547,28.5,28.5,12000,0.0,0.0
2024-07-22 05:20:00+00:00,28.5,28.5,28.5,28.5,9250,0.0,0.0
2024-07-23 01:00:00+00:00,28.649999618530273,28.850000381469727,28.649999618530273,28.799999237060547,0,0.0,0.0
2024-07-23 01:05:00+00:00,28.700000762939453,28.850000381469727,28.700000762939453,28.850000381469727,23250,0.0,0.0
2024-07-23 01:10:00+00:00,28.799999237060547,28.899999618530273,28.799999237060547,28.899999618530273,7000,0.0,0.0
2024-07-23 01:15:00+00:00,28.799999237060547,28.850000381469727,28.799999237060547,28.850000381469727,17100,0.0,0.0
2024-07-23 01:20:00+00:00,28.850000381469727,28.850000381469727,28.850000381469727,28.850000381469727,5402,0.0,0.0
2024-07-23 01:30:00+00:00,28.850000381469727,28.850000381469727,28.850000381469727,28.850000381469727,5000,0.0,0.0
2024-07-23 01:35:00+00:00,28.799999237060547,28.850000381469727,28.799999237060547,28.850000381469727,19021,0.0,0.0
2024-07-23 01:45:00+00:00,28.850000381469727,28.899999618530273,28.850000381469727,28.850000381469727,17101,0.0,0.0
2024-07-23 01:50:00+00:00,28.850000381469727,28.850000381469727,28.850000381469727,28.850000381469727,2000,0.0,0.0
2024-07-23 01:55:00+00:00,28.899999618530273,28.899999618530273,28.899999618530273,28.899999618530273,25000,0.0,0.0
2024-07-23 02:00:00+00:00,28.950000762939453,28.950000762939453,28.950000762939453,28.950000762939453,2000,0.0,0.0
2024-07-23 02:05:00+00:00,29.0,29.0,29.0,29.0,2000,0.0,0.0
2024-07-23 02:10:00+00:00,29.0,29.0,29.0,29.0,5005,0.0,0.0
2024-07-23 02:15:00+00:00,28.950000762939453,28.950000762939453,28.950000762939453,28.950000762939453,15000,0.0,0.0
2024-07-23 02:20:00+00:00,28.950000762939453,28.950000762939453,28.950000762939453,28.950000762939453,4031,0.0,0.0
2024-07-23 02:30:00+00:00,28.950000762939453,29.0,28.950000762939453,29.0,7800,0.0,0.0
2024-07-23 02:35:00+00:00,28.950000762939453,28.950000762939453,28.899999618530273,28.899999618530273,3000,0.0,0.0
2024-07-23 02:40:00+00:00,28.899999618530273,28.950000762939453,28.899999618530273,28.899999618530273,5000,0.0,0.0
2024-07-23 02:45:00+00:00,28.899999618530273,28.899999618530273,28.899999618530273,28.899999618530273,9000,0.0,0.0
2024-07-23 02:50:00+00:00,28.850000381469727,28.899999618530273,28.850000381469727,28.899999618530273,36000,0.0,0.0
2024-07-23 02:55:00+00:00,28.850000381469727,28.850000381469727,28.850000381469727,28.850000381469727,1000,0.0,0.0
2024-07-23 03:00:00+00:00,28.850000381469727,28.850000381469727,28.850000381469727,28.850000381469727,1000,0.0,0.0
2024-07-23 03:05:00+00:00,28.899999618530273,29.0,28.899999618530273,29.0,12000,0.0,0.0
2024-07-23 03:10:00+00:00,28.950000762939453,29.0,28.950000762939453,29.0,2000,0.0,0.0
2024-07-23 03:15:00+00:00,28.950000762939453,28.950000762939453,28.950000762939453,28.950000762939453,1000,0.0,0.0
2024-07-23 03:20:00+00:00,29.0,29.0,28.950000762939453,28.950000762939453,2000,0.0,0.0
2024-07-23 03:25:00+00:00,29.0,29.0,28.950000762939453,28.950000762939453,2000,0.0,0.0
2024-07-23 03:30:00+00:00,28.950000762939453,28.950000762939453,28.950000762939453,28.950000762939453,1000,0.0,0.0
2024-07-23 03:35:00+00:00,28.950000762939453,28.950000762939453,28.950000762939453,28.950000762939453,2000,0.0,0.0
2024-07-23 03:40:00+00:00,29.0,29.0,28.950000762939453,28.950000762939453,3000,0.0,0.0
2024-07-23 03:45:00+00:00,28.950000762939453,28.950000762939453,28.950000762939453,28.950000762939453,3000,0.0,0.0
2024-07-23 03:50:00+00:00,28.950000762939453,29.0,28.950000762939453,29.0,9010,0.0,0.0
2024-07-23 03:55:00+00:00,28.950000762939453,28.950000762939453,28.950000762939453,28.950000762939453,1000,0.0,0.0
2024-07-23 04:00:00+00:00,29.0,29.0,28.950000762939453,28.950000762939453,3000,0.0,0.0
2024-07-23 04:05:00+00:00,29.0,29.0,28.950000762939453,28.950000762939453,2000,0.0,0.0
2024-07-23 04:10:00+00:00,29.0,29.0,28.899999618530273,28.899999618530273,9344,0.0,0.0
2024-07-23 04:15:00+00:00,28.899999618530273,28.950000762939453,28.899999618530273,28.950000762939453,8037,0.0,0.0
2024-07-23 04:20:00+00:00,29.0,29.0,28.950000762939453,28.950000762939453,6134,0.0,0.0
2024-07-23 04:25:00+00:00,29.0,29.0,29.0,29.0,6000,0.0,0.0
2024-07-23 04:30:00+00:00,29.0,29.0,28.950000762939453,29.0,5000,0.0,0.0
2024-07-23 04:35:00+00:00,28.950000762939453,29.0,28.950000762939453,29.0,4000,0.0,0.0
2024-07-23 04:40:00+00:00,28.950000762939453,29.0,28.950000762939453,29.0,2000,0.0,0.0
2024-07-23 04:45:00+00:00,28.950000762939453,29.0,28.950000762939453,29.0,4001,0.0,0.0
2024-07-23 04:50:00+00:00,29.0,29.0,29.0,29.0,2000,0.0,0.0
2024-07-23 04:55:00+00:00,29.0,29.0,28.950000762939453,28.950000762939453,4000,0.0,0.0
2024-07-23 05:00:00+00:00,29.0,29.0,29.0,29.0,1001,0.0,0.0
2024-07-23 05:05:00+00:00,29.0,29.049999237060547,29.0,29.049999237060547,4000,0.0,0.0
2024-07-23 05:10:00+00:00,29.049999237060547,29.049999237060547,29.0,29.049999237060547,3001,0.0,0.0
2024-07-23 05:15:00+00:00,29.049999237060547,29.049999237060547,29.049999237060547,29.049999237060547,1038,0.0,0.0
2024-07-23 05:20:00+00:00,29.0,29.0,29.0,29.0,3065,0.0,0.0
2024-07-26 01:00:00+00:00,28.799999237060547,28.799999237060547,28.25,28.350000381469727,0,0.0,0.0
2024-07-26 01:05:00+00:00,28.299999237060547,28.350000381469727,28.299999237060547,28.350000381469727,7361,0.0,0.0
2024-07-26 01:15:00+00:00,28.350000381469727,28.350000381469727,28.299999237060547,28.299999237060547,15197,0.0,0.0
2024-07-26 01:20:00+00:00,28.25,28.25,28.0,28.0,92655,0.0,0.0
2024-07-26 01:25:00+00:00,28.149999618530273,28.149999618530273,28.149999618530273,28.149999618530273,3076,0.0,0.0
2024-07-26 01:30:00+00:00,28.25,28.25,28.149999618530273,28.149999618530273,14021,0.0,0.0
2024-07-26 01:35:00+00:00,28.200000762939453,28.200000762939453,28.200000762939453,28.200000762939453,1000,0.0,0.0
2024-07-26 01:40:00+00:00,28.299999237060547,28.350000381469727,28.299999237060547,28.350000381469727,4080,0.0,0.0
2024-07-26 01:50:00+00:00,28.299999237060547,28.299999237060547,28.299999237060547,28.299999237060547,6000,0.0,0.0
2024-07-26 01:55:00+00:00,28.399999618530273,28.399999618530273,28.399999618530273,28.399999618530273,2000,0.0,0.0
2024-07-26 02:00:00+00:00,28.399999618530273,28.399999618530273,28.399999618530273,28.399999618530273,11021,0.0,0.0
2024-07-26 02:05:00+00:00,28.350000381469727,28.399999618530273,28.350000381469727,28.399999618530273,5004,0.0,0.0
2024-07-26 02:10:00+00:00,28.450000762939453,28.450000762939453,28.450000762939453,28.450000762939453,1130,0.0,0.0
2024-07-26 02:15:00+00:00,28.5,28.5,28.5,28.5,2000,0.0,0.0
2024-07-26 02:20:00+00:00,28.5,28.5,28.5,28.5,2130,0.0,0.0
2024-07-26 02:25:00+00:00,28.5,28.5,28.5,28.5,1033,0.0,0.0
2024-07-26 02:35:00+00:00,28.5,28.5,28.5,28.5,2355,0.0,0.0
2024-07-26 02:40:00+00:00,28.5,28.5,28.450000762939453,28.450000762939453,5002,0.0,0.0
2024-07-26 02:45:00+00:00,28.5,28.5,28.5,28.5,1000,0.0,0.0
2024-07-26 02:50:00+00:00,28.450000762939453,28.450000762939453,28.350000381469727,28.350000381469727,11000,0.0,0.0
2024-07-26 02:55:00+00:00,28.450000762939453,28.5,28.450000762939453,28.5,6000,0.0,0.0
2024-07-26 03:00:00+00:00,28.5,28.549999237060547,28.5,28.549999237060547,2000,0.0,0.0
2024-07-26 03:05:00+00:00,28.549999237060547,28.549999237060547,28.5,28.5,7000,0.0,0.0
2024-07-26 03:10:00+00:00,28.549999237060547,28.549999237060547,28.549999237060547,28.549999237060547,2000,0.0,0.0
2024-07-26 03:15:00+00:00,28.549999237060547,28.549999237060547,28.549999237060547,28.549999237060547,2000,0.0,0.0
2024-07-26 03:20:00+00:00,28.600000381469727,28.600000381469727,28.600000381469727,28.600000381469727,3101,0.0,0.0
2024-07-26 03:30:00+00:00,28.549999237060547,28.549999237060547,28.549999237060547,28.549999237060547,0,0.0,0.0
2024-07-26 03:35:00+00:00,28.549999237060547,28.549999237060547,28.549999237060547,28.549999237060547,244166,0.0,0.0
2024-07-26 03:40:00+00:00,28.600000381469727,28.600000381469727,28.600000381469727,28.600000381469727,1000,0.0,0.0
2024-07-26 03:45:00+00:00,28.549999237060547,28.549999237060547,28.549999237060547,28.549999237060547,2000,0.0,0.0
2024-07-26 03:50:00+00:00,28.549999237060547,28.549999237060547,28.549999237060547,28.549999237060547,2001,0.0,0.0
2024-07-26 03:55:00+00:00,28.600000381469727,28.600000381469727,28.600000381469727,28.600000381469727,3000,0.0,0.0
2024-07-26 04:00:00+00:00,28.600000381469727,28.600000381469727,28.5,28.5,2000,0.0,0.0
2024-07-26 04:05:00+00:00,28.600000381469727,28.600000381469727,28.600000381469727,28.600000381469727,2000,0.0,0.0
2024-07-26 04:10:00+00:00,28.600000381469727,28.600000381469727,28.600000381469727,28.600000381469727,1000,0.0,0.0
2024-07-26 04:15:00+00:00,28.600000381469727,28.600000381469727,28.600000381469727,28.600000381469727,1000,0.0,0.0
2024-07-26 04:20:00+00:00,28.549999237060547,28.600000381469727,28.549999237060547,28.600000381469727,2000,0.0,0.0
2024-07-26 04:25:00+00:00,28.549999237060547,28.549999237060547,28.5,28.5,5000,0.0,0.0
2024-07-26 04:30:00+00:00,28.600000381469727,28.600000381469727,28.600000381469727,28.600000381469727,1000,0.0,0.0
2024-07-26 04:35:00+00:00,28.600000381469727,28.600000381469727,28.600000381469727,28.600000381469727,5002,0.0,0.0
2024-07-26 04:40:00+00:00,28.600000381469727,28.600000381469727,28.600000381469727,28.600000381469727,2003,0.0,0.0
2024-07-26 04:45:00+00:00,28.549999237060547,28.549999237060547,28.549999237060547,28.549999237060547,1001,0.0,0.0
2024-07-26 04:50:00+00:00,28.549999237060547,28.549999237060547,28.5,28.5,6000,0.0,0.0
2024-07-26 04:55:00+00:00,28.549999237060547,28.549999237060547,28.549999237060547,28.549999237060547,2000,0.0,0.0
2024-07-26 05:00:00+00:00,28.549999237060547,28.600000381469727,28.5,28.600000381469727,19101,0.0,0.0
2024-07-26 05:05:00+00:00,28.600000381469727,28.600000381469727,28.5,28.549999237060547,3149,0.0,0.0
2024-07-26 05:10:00+00:00,28.5,28.549999237060547,28.5,28.5,3000,0.0,0.0
2024-07-26 05:15:00+00:00,28.549999237060547,28.549999237060547,28.5,28.5,9001,0.0,0.0
2024-07-26 05:20:00+00:00,28.549999237060547,28.549999237060547,28.5,28.5,16534,0.0,0.0
2024-07-29 01:00:00+00:00,28.600000381469727,28.75,28.600000381469727,28.700000762939453,0,0.0,0.0
2024-07-29 01:05:00+00:00,28.700000762939453,28.700000762939453,28.600000381469727,28.600000381469727,12102,0.0,0.0
2024-07-29 01:10:00+00:00,28.549999237060547,28.549999237060547,28.450000762939453,28.450000762939453,18720,0.0,0.0
2024-07-29 01:15:00+00:00,28.399999618530273,28.450000762939453,28.399999618530273,28.450000762939453,6075,0.0,0.0
2024-07-29 01:20:00+00:00,28.450000762939453,28.450000762939453,28.450000762939453,28.450000762939453,2104,0.0,0.0
2024-07-29 01:25:00+00:00,28.399999618530273,28.450000762939453,28.399999618530273,28.450000762939453,3010,0.0,0.0
2024-07-29 01:30:00+00:00,28.5,28.5,28.5,28.5,2000,0.0,0.0
2024-07-29 01:40:00+00:00,28.5,28.5,28.5,28.5,1000,0.0,0.0
2024-07-29 01:45:00+00:00,28.5,28.5,28.5,28.5,1000,0.0,0.0
2024-07-29 01:55:00+00:00,28.5,28.5,28.5,28.5,3000,0.0,0.0
2024-07-29 02:00:00+00:00,28.5,28.5,28.450000762939453,28.450000762939453,9019,0.0,0.0
2024-07-29 02:05:00+00:00,28.5,28.5,28.5,28.5,1000,0.0,0.0
2024-07-29 02:10:00+00:00,28.5,28.5,28.5,28.5,1002,0.0,0.0
2024-07-29 02:15:00+00:00,28.399999618530273,28.399999618530273,28.25,28.299999237060547,76537,0.0,0.0
2024-07-29 02:20:00+00:00,28.299999237060547,28.299999237060547,28.25,28.299999237060547,7000,0.0,0.0
2024-07-29 02:25:00+00:00,28.200000762939453,28.25,28.200000762939453,28.25,28449,0.0,0.0
2024-07-29 02:30:00+00:00,28.149999618530273,28.149999618530273,28.149999618530273,28.149999618530273,14000,0.0,0.0
2024-07-29 02:35:00+00:00,28.25,28.25,28.100000381469727,28.100000381469727,14483,0.0,0.0
2024-07-29 02:40:00+00:00,28.149999618530273,28.149999618530273,28.149999618530273,28.149999618530273,3000,0.0,0.0
2024-07-29 02:45:00+00:00,28.100000381469727,28.149999618530273,27.899999618530273,27.899999618530273,80545,0.0,0.0
2024-07-29 02:50:00+00:00,27.899999618530273,28.100000381469727,27.899999618530273,28.100000381469727,58409,0.0,0.0
2024-07-29 02:55:00+00:00,28.100000381469727,28.149999618530273,28.100000381469727,28.149999618530273,7060,0.0,0.0
2024-07-29 03:00:00+00:00,28.100000381469727,28.149999618530273,28.100000381469727,28.149999618530273,2000,0.0,0.0
2024-07-29 03:05:00+00:00,28.100000381469727,28.149999618530273,28.100000381469727,28.149999618530273,5290,0.0,0.0
2024-07-29 03:10:00+00:00,28.100000381469727,28.100000381469727,28.049999237060547,28.049999237060547,4035,0.0,0.0
2024-07-29 03:15:00+00:00,28.100000381469727,28.149999618530273,28.100000381469727,28.149999618530273,11000,0.0,0.0
2024-07-29 03:20:00+00:00,28.100000381469727,28.149999618530273,28.100000381469727,28.149999618530273,3000,0.0,0.0
2024-07-29 03:25:00+00:00,28.149999618530273,28.149999618530273,28.149999618530273,28.149999618530273,1000,0.0,0.0
2024-07-29 03:30:00+00:00,28.149999618530273,28.149999618530273,28.149999618530273,28.149999618530273,1040,0.0,0.0
2024-07-29 03:35:00+00:00,28.100000381469727,28.100000381469727,28.100000381469727,28.100000381469727,1001,0.0,0.0
2024-07-29 03:40:00+00:00,28.100000381469727,28.100000381469727,28.100000381469727,28.100000381469727,1000,0.0,0.0
2024-07-29 03:45:00+00:00,28.100000381469727,28.100000381469727,28.100000381469727,28.100000381469727,2000,0.0,0.0
2024-07-29 03:50:00+00:00,28.100000381469727,28.100000381469727,28.100000381469727,28.100000381469727,1000,0.0,0.0
2024-07-29 03:55:00+00:00,28.100000381469727,28.100000381469727,28.100000381469727,28.100000381469727,6001,0.0,0.0
2024-07-29 04:00:00+00:00,28.049999237060547,28.100000381469727,28.049999237060547,28.100000381469727,7000,0.0,0.0
2024-07-29 04:05:00+00:00,28.049999237060547,28.049999237060547,28.049999237060547,28.049999237060547,5000,0.0,0.0
2024-07-29 04:10:00+00:00,28.049999237060547,28.049999237060547,28.049999237060547,28.049999237060547,7000,0.0,0.0
2024-07-29 04:15:00+00:00,28.049999237060547,28.049999237060547,28.049999237060547,28.049999237060547,2000,0.0,0.0
2024-07-29 04:20:00+00:00,28.049999237060547,28.049999237060547,28.049999237060547,28.049999237060547,4000,0.0,0.0
2024-07-29 04:25:00+00:00,28.049999237060547,28.049999237060547,28.049999237060547,28.049999237060547,5000,0.0,0.0
2024-07-29 04:30:00+00:00,28.100000381469727,28.100000381469727,28.0,28.0,21000,0.0,0.0
2024-07-29 04:35:00+00:00,28.100000381469727,28.100000381469727,28.049999237060547,28.049999237060547,7000,0.0,0.0
2024-07-29 04:40:00+00:00,28.100000381469727,28.100000381469727,28.100000381469727,28.100000381469727,1000,0.0,0.0
2024-07-29 04:45:00+00:00,28.100000381469727,28.100000381469727,28.100000381469727,28.100000381469727,1000,0.0,0.0
2024-07-29 04:50:00+00:00,28.049999237060547,28.100000381469727,28.0,28.0,15000,0.0,0.0
2024-07-29 04:55:00+00:00,28.100000381469727,28.100000381469727,28.100000381469727,28.100000381469727,2000,0.0,0.0
2024-07-29 05:00:00+00:00,28.0,28.100000381469727,28.0,28.0,17000,0.0,0.0
2024-07-29 05:05:00+00:00,28.0,28.0,28.0,28.0,13000,0.0,0.0
2024-07-29 05:10:00+00:00,28.0,28.0,27.950000762939453,27.950000762939453,7181,0.0,0.0
2024-07-29 05:15:00+00:00,28.0,28.0,27.950000762939453,27.950000762939453,10000,0.0,0.0
2024-07-29 05:20:00+00:00,27.950000762939453,27.950000762939453,27.899999618530273,27.950000762939453,33377,0.0,0.0
2024-07-30 01:00:00+00:00,27.899999618530273,27.899999618530273,27.799999237060547,27.799999237060547,0,0.0,0.0
2024-07-30 01:05:00+00:00,27.799999237060547,27.799999237060547,27.700000762939453,27.700000762939453,15000,0.0,0.0
2024-07-30 01:10:00+00:00,27.700000762939453,27.850000381469727,27.700000762939453,27.850000381469727,26526,0.0,0.0
2024-07-30 01:15:00+00:00,27.850000381469727,27.850000381469727,27.850000381469727,27.850000381469727,3000,0.0,0.0
2024-07-30 01:20:00+00:00,27.899999618530273,27.950000762939453,27.899999618530273,27.899999618530273,19030,0.0,0.0
2024-07-30 01:25:00+00:00,27.899999618530273,27.899999618530273,27.899999618530273,27.899999618530273,1021,0.0,0.0
2024-07-30 01:30:00+00:00,27.850000381469727,27.850000381469727,27.850000381469727,27.850000381469727,3002,0.0,0.0
2024-07-30 01:35:00+00:00,27.850000381469727,27.850000381469727,27.75,27.75,23001,0.0,0.0
2024-07-30 01:40:00+00:00,27.75,27.75,27.700000762939453,27.700000762939453,19029,0.0,0.0
2024-07-30 01:45:00+00:00,27.700000762939453,27.700000762939453,27.649999618530273,27.700000762939453,7229,0.0,0.0
2024-07-30 01:50:00+00:00,27.700000762939453,27.700000762939453,27.649999618530273,27.700000762939453,3200,0.0,0.0
2024-07-30 01:55:00+00:00,27.700000762939453,27.700000762939453,27.649999618530273,27.649999618530273,2000,0.0,0.0
2024-07-30 02:00:00+00:00,27.649999618530273,27.700000762939453,27.600000381469727,27.649999618530273,20050,0.0,0.0
2024-07-30 02:05:00+00:00,27.649999618530273,27.75,27.600000381469727,27.75,13000,0.0,0.0
2024-07-30 02:10:00+00:00,27.649999618530273,27.850000381469727,27.649999618530273,27.850000381469727,22201,0.0,0.0
2024-07-30 02:15:00+00:00,27.850000381469727,27.899999618530273,27.850000381469727,27.899999618530273,5552,0.0,0.0
2024-07-30 02:20:00+00:00,27.850000381469727,27.899999618530273,27.850000381469727,27.899999618530273,3129,0.0,0.0
2024-07-30 02:25:00+00:00,27.799999237060547,27.799999237060547,27.799999237060547,27.799999237060547,4001,0.0,0.0
2024-07-30 02:30:00+00:00,27.75,27.799999237060547,27.75,27.799999237060547,7000,0.0,0.0
2024-07-30 02:35:00+00:00,27.799999237060547,27.799999237060547,27.700000762939453,27.700000762939453,3000,0.0,0.0
2024-07-30 02:40:00+00:00,27.799999237060547,27.799999237060547,27.75,27.75,2000,0.0,0.0
2024-07-30 02:55:00+00:00,27.75,27.75,27.75,27.75,1000,0.0,0.0
2024-07-30 03:00:00+00:00,27.75,27.75,27.75,27.75,4000,0.0,0.0
2024-07-30 03:05:00+00:00,27.75,27.75,27.75,27.75,1001,0.0,0.0
2024-07-30 03:10:00+00:00,27.799999237060547,27.799999237060547,27.799999237060547,27.799999237060547,3000,0.0,0.0
2024-07-30 03:15:00+00:00,27.799999237060547,27.899999618530273,27.799999237060547,27.899999618530273,6040,0.0,0.0
2024-07-30 03:20:00+00:00,27.899999618530273,27.899999618530273,27.899999618530273,27.899999618530273,2500,0.0,0.0
2024-07-30 03:25:00+00:00,27.850000381469727,27.850000381469727,27.850000381469727,27.850000381469727,2000,0.0,0.0
2024-07-30 03:30:00+00:00,27.850000381469727,27.850000381469727,27.850000381469727,27.850000381469727,5001,0.0,0.0
2024-07-30 03:35:00+00:00,27.850000381469727,27.850000381469727,27.850000381469727,27.850000381469727,2070,0.0,0.0
2024-07-30 03:40:00+00:00,27.899999618530273,28.0,27.899999618530273,28.0,28000,0.0,0.0
2024-07-30 03:45:00+00:00,27.899999618530273,27.899999618530273,27.799999237060547,27.799999237060547,12100,0.0,0.0
2024-07-30 03:50:00+00:00,27.950000762939453,27.950000762939453,27.950000762939453,27.950000762939453,1001,0.0,0.0
2024-07-30 03:55:00+00:00,28.0,28.049999237060547,28.0,28.049999237060547,15104,0.0,0.0
2024-07-30 04:00:00+00:00,28.049999237060547,28.100000381469727,28.049999237060547,28.100000381469727,11000,0.0,0.0
2024-07-30 04:05:00+00:00,28.100000381469727,28.100000381469727,28.100000381469727,28.100000381469727,6165,0.0,0.0
2024-07-30 04:10:00+00:00,28.100000381469727,28.100000381469727,28.100000381469727,28.100000381469727,2001,0.0,0.0
2024-07-30 04:15:00+00:00,28.149999618530273,28.149999618530273,28.149999618530273,28.149999618530273,11000,0.0,0.0
2024-07-30 04:20:00+00:00,28.200000762939453,28.299999237060547,28.200000762939453,28.299999237060547,6001,0.0,0.0
2024-07-30 04:25:00+00:00,28.25,28.299999237060547,28.25,28.299999237060547,6000,0.0,0.0
2024-07-30 04:30:00+00:00,28.299999237060547,28.350000381469727,28.299999237060547,28.350000381469727,37000,0.0,0.0
2024-07-30 04:35:00+00:00,28.299999237060547,28.350000381469727,28.25,28.350000381469727,5000,0.0,0.0
2024-07-30 04:40:00+00:00,28.350000381469727,28.350000381469727,28.350000381469727,28.350000381469727,1000,0.0,0.0
2024-07-30 04:45:00+00:00,28.350000381469727,28.350000381469727,28.350000381469727,28.350000381469727,4001,0.0,0.0
2024-07-30 04:50:00+00:00,28.25,28.350000381469727,28.25,28.350000381469727,2000,0.0,0.0
2024-07-30 04:55:00+00:00,28.350000381469727,28.350000381469727,28.299999237060547,28.299999237060547,2017,0.0,0.0
2024-07-30 05:00:00+00:00,28.350000381469727,28.399999618530273,28.350000381469727,28.399999618530273,12000,0.0,0.0
2024-07-30 05:05:00+00:00,28.450000762939453,28.450000762939453,28.399999618530273,28.399999618530273,3000,0.0,0.0
2024-07-30 05:10:00+00:00,28.399999618530273,28.450000762939453,28.399999618530273,28.450000762939453,3020,0.0,0.0
2024-07-30 05:15:00+00:00,28.450000762939453,28.450000762939453,28.450000762939453,28.450000762939453,1005,0.0,0.0
2024-07-30 05:20:00+00:00,28.350000381469727,28.350000381469727,28.350000381469727,28.350000381469727,2252,0.0,0.0
2024-07-31 01:00:00+00:00,28.450000762939453,28.450000762939453,28.299999237060547,28.299999237060547,0,0.0,0.0
2024-07-31 01:05:00+00:00,28.25,28.25,28.149999618530273,28.149999618530273,5251,0.0,0.0
2024-07-31 01:10:00+00:00,28.25,28.25,28.25,28.25,6005,0.0,0.0
2024-07-31 01:15:00+00:00,28.25,28.299999237060547,28.25,28.25,4000,0.0,0.0
2024-07-31 01:20:00+00:00,28.25,28.25,28.25,28.25,1000,0.0,0.0
2024-07-31 01:25:00+00:00,28.25,28.25,28.25,28.25,2000,0.0,0.0
2024-07-31 01:30:00+00:00,28.200000762939453,28.200000762939453,28.200000762939453,28.200000762939453,8001,0.0,0.0
2024-07-31 01:35:00+00:00,28.200000762939453,28.200000762939453,28.200000762939453,28.200000762939453,2041,0.0,0.0
2024-07-31 01:45:00+00:00,28.200000762939453,28.200000762939453,28.200000762939453,28.200000762939453,2000,0.0,0.0
2024-07-31 01:50:00+00:00,28.200000762939453,28.200000762939453,28.200000762939453,28.200000762939453,1000,0.0,0.0
2024-07-31 01:55:00+00:00,28.149999618530273,28.149999618530273,28.149999618530273,28.149999618530273,7000,0.0,0.0
2024-07-31 02:00:00+00:00,28.149999618530273,28.149999618530273,28.149999618530273,28.149999618530273,1799,0.0,0.0
2024-07-31 02:05:00+00:00,28.149999618530273,28.149999618530273,28.149999618530273,28.149999618530273,1074,0.0,0.0
2024-07-31 02:10:00+00:00,28.149999618530273,28.149999618530273,28.149999618530273,28.149999618530273,6506,0.0,0.0
2024-07-31 02:20:00+00:00,28.149999618530273,28.149999618530273,28.149999618530273,28.149999618530273,14000,0.0,0.0
2024-07-31 02:30:00+00:00,28.200000762939453,28.200000762939453,28.200000762939453,28.200000762939453,1000,0.0,0.0
2024-07-31 02:35:00+00:00,28.200000762939453,28.399999618530273,28.200000762939453,28.399999618530273,11001,0.0,0.0
2024-07-31 02:40:00+00:00,28.399999618530273,28.399999618530273,28.350000381469727,28.350000381469727,6001,0.0,0.0
2024-07-31 03:05:00+00:00,28.350000381469727,28.350000381469727,28.299999237060547,28.299999237060547,10078,0.0,0.0
2024-07-31 03:10:00+00:00,28.299999237060547,28.350000381469727,28.299999237060547,28.350000381469727,2000,0.0,0.0
2024-07-31 03:25:00+00:00,28.350000381469727,28.350000381469727,28.350000381469727,28.350000381469727,5123,0.0,0.0
2024-07-31 03:30:00+00:00,28.350000381469727,28.350000381469727,28.350000381469727,28.350000381469727,2040,0.0,0.0
2024-07-31 03:50:00+00:00,28.350000381469727,28.350000381469727,28.350000381469727,28.350000381469727,8002,0.0,0.0
2024-07-31 04:05:00+00:00,28.299999237060547,28.299999237060547,28.299999237060547,28.299999237060547,2021,0.0,0.0
2024-07-31 04:10:00+00:00,28.299999237060547,28.299999237060547,28.299999237060547,28.299999237060547,1000,0.0,0.0
2024-07-31 04:20:00+00:00,28.350000381469727,28.350000381469727,28.299999237060547,28.299999237060547,3040,0.0,0.0
2024-07-31 04:25:00+00:00,28.299999237060547,28.299999237060547,28.299999237060547,28.299999237060547,8106,0.0,0.0
2024-07-31 04:35:00+00:00,28.299999237060547,28.299999237060547,28.299999237060547,28.299999237060547,1082,0.0,0.0
2024-07-31 04:45:00+00:00,28.25,28.299999237060547,28.25,28.299999237060547,9000,0.0,0.0
2024-07-31 04:50:00+00:00,28.299999237060547,28.299999237060547,28.299999237060547,28.299999237060547,4000,0.0,0.0
2024-07-31 04:55:00+00:00,28.299999237060547,28.299999237060547,28.299999237060547,28.299999237060547,1000,0.0,0.0
2024-07-31 05:00:00+00:00,28.299999237060547,28.299999237060547,28.299999237060547,28.299999237060547,7000,0.0,0.0
2024-07-31 05:05:00+00:00,28.299999237060547,28.299999237060547,28.25,28.25,13357,0.0,0.0
2024-07-31 05:10:00+00:00,28.299999237060547,28.299999237060547,28.25,28.25,12060,0.0,0.0
2024-07-31 05:15:00+00:00,28.25,28.25,28.25,28.25,5000,0.0,0.0
2024-07-31 05:20:00+00:00,28.25,28.25,28.25,28.25,4000,0.0,0.0
2024-08-01 01:00:00+00:00,28.399999618530273,28.649999618530273,28.399999618530273,28.649999618530273,0,0.0,0.0
2024-08-01 01:05:00+00:00,28.600000381469727,28.600000381469727,28.600000381469727,28.600000381469727,5693,0.0,0.0
2024-08-01 01:10:00+00:00,28.600000381469727,28.600000381469727,28.549999237060547,28.549999237060547,13001,0.0,0.0
2024-08-01 01:15:00+00:00,28.600000381469727,28.649999618530273,28.600000381469727,28.649999618530273,28000,0.0,0.0
2024-08-01 01:20:00+00:00,28.649999618530273,28.700000762939453,28.649999618530273,28.700000762939453,5000,0.0,0.0
2024-08-01 01:25:00+00:00,28.700000762939453,28.700000762939453,28.700000762939453,28.700000762939453,4000,0.0,0.0
2024-08-01 01:30:00+00:00,28.700000762939453,28.700000762939453,28.700000762939453,28.700000762939453,4000,0.0,0.0
2024-08-01 01:35:00+00:00,28.700000762939453,28.75,28.700000762939453,28.75,6000,0.0,0.0
2024-08-01 01:40:00+00:00,28.700000762939453,28.700000762939453,28.700000762939453,28.700000762939453,9000,0.0,0.0
2024-08-01 01:45:00+00:00,28.649999618530273,28.649999618530273,28.649999618530273,28.649999618530273,3000,0.0,0.0
2024-08-01 01:50:00+00:00,28.649999618530273,28.649999618530273,28.649999618530273,28.649999618530273,0,0.0,0.0
2024-08-01 01:55:00+00:00,28.649999618530273,28.649999618530273,28.649999618530273,28.649999618530273,108194,0.0,0.0
2024-08-01 02:00:00+00:00,28.649999618530273,28.649999618530273,28.649999618530273,28.649999618530273,1000,0.0,0.0
2024-08-01 02:05:00+00:00,28.649999618530273,28.649999618530273,28.649999618530273,28.649999618530273,2000,0.0,0.0
2024-08-01 02:10:00+00:00,28.600000381469727,28.600000381469727,28.600000381469727,28.600000381469727,6000,0.0,0.0
2024-08-01 02:15:00+00:00,28.649999618530273,28.649999618530273,28.649999618530273,28.649999618530273,1000,0.0,0.0
2024-08-01 02:25:00+00:00,28.649999618530273,28.700000762939453,28.649999618530273,28.700000762939453,13284,0.0,0.0
2024-08-01 02:30:00+00:00,28.700000762939453,28.700000762939453,28.700000762939453,28.700000762939453,4000,0.0,0.0
2024-08-01 02:35:00+00:00,28.700000762939453,28.700000762939453,28.700000762939453,28.700000762939453,1000,0.0,0.0
2024-08-01 02:40:00+00:00,28.75,28.75,28.75,28.75,5000,0.0,0.0
2024-08-01 02:45:00+00:00,28.75,28.75,28.75,28.75,16000,0.0,0.0
2024-08-01 02:50:00+00:00,28.799999237060547,28.799999237060547,28.799999237060547,28.799999237060547,13000,0.0,0.0
2024-08-01 02:55:00+00:00,28.799999237060547,28.799999237060547,28.75,28.75,9101,0.0,0.0
2024-08-01 03:00:00+00:00,28.75,28.75,28.700000762939453,28.700000762939453,5000,0.0,0.0
2024-08-01 03:05:00+00:00,28.700000762939453,28.700000762939453,28.700000762939453,28.700000762939453,3000,0.0,0.0
2024-08-01 03:10:00+00:00,28.700000762939453,28.799999237060547,28.700000762939453,28.799999237060547,4001,0.0,0.0
2024-08-01 03:15:00+00:00,28.799999237060547,28.799999237060547,28.799999237060547,28.799999237060547,2035,0.0,0.0
2024-08-01 03:30:00+00:00,28.799999237060547,28.799999237060547,28.799999237060547,28.799999237060547,1038,0.0,0.0
2024-08-01 03:35:00+00:00,28.75,28.75,28.75,28.75,1000,0.0,0.0
2024-08-01 03:45:00+00:00,28.75,28.75,28.700000762939453,28.75,13000,0.0,0.0
2024-08-01 03:50:00+00:00,28.700000762939453,28.700000762939453,28.700000762939453,28.700000762939453,2000,0.0,0.0
2024-08-01 03:55:00+00:00,28.700000762939453,28.700000762939453,28.700000762939453,28.700000762939453,17001,0.0,0.0
2024-08-01 04:00:00+00:00,28.75,28.799999237060547,28.75,28.799999237060547,11000,0.0,0.0
2024-08-01 04:15:00+00:00,28.799999237060547,28.799999237060547,28.799999237060547,28.799999237060547,1000,0.0,0.0
2024-08-01 04:25:00+00:00,28.799999237060547,28.799999237060547,28.799999237060547,28.799999237060547,4000,0.0,0.0
2024-08-01 04:30:00+00:00,28.799999237060547,28.799999237060547,28.799999237060547,28.799999237060547,1000,0.0,0.0
2024-08-01 04:35:00+00:00,28.799999237060547,28.799999237060547,28.799999237060547,28.799999237060547,3067,0.0,0.0
2024-08-01 04:40:00+00:00,28.799999237060547,28.799999237060547,28.799999237060547,28.799999237060547,8046,0.0,0.0
2024-08-01 04:45:00+00:00,28.799999237060547,28.799999237060547,28.799999237060547,28.799999237060547,1000,0.0,0.0
2024-08-01 04:50:00+00:00,28.799999237060547,28.799999237060547,28.799999237060547,28.799999237060547,2000,0.0,0.0
2024-08-01 04:55:00+00:00,28.799999237060547,28.799999237060547,28.799999237060547,28.799999237060547,1169,0.0,0.0
2024-08-01 05:05:00+00:00,28.799999237060547,28.799999237060547,28.799999237060547,28.799999237060547,8001,0.0,0.0
2024-08-01 05:15:00+00:00,28.799999237060547,28.850000381469727,28.799999237060547,28.850000381469727,4000,0.0,0.0
2024-08-01 05:20:00+00:00,28.75,28.75,28.700000762939453,28.700000762939453,9729,0.0,0.0
2024-08-02 01:00:00+00:00,28.5,28.5,28.350000381469727,28.350000381469727,0,0.0,0.0
2024-08-02 01:05:00+00:00,28.299999237060547,28.299999237060547,28.25,28.25,8133,0.0,0.0
2024-08-02 01:15:00+00:00,28.299999237060547,28.299999237060547,28.299999237060547,28.299999237060547,7000,0.0,0.0
2024-08-02 01:20:00+00:00,28.299999237060547,28.299999237060547,28.25,28.25,3000,0.0,0.0
2024-08-02 01:25:00+00:00,28.350000381469727,28.350000381469727,28.350000381469727,28.350000381469727,1000,0.0,0.0
2024-08-02 01:30:00+00:00,28.399999618530273,28.450000762939453,28.399999618530273,28.399999618530273,9021,0.0,0.0
2024-08-02 01:35:00+00:00,28.450000762939453,28.450000762939453,28.450000762939453,28.450000762939453,16000,0.0,0.0
2024-08-02 01:40:00+00:00,28.5,28.700000762939453,28.5,28.5,53000,0.0,0.0
2024-08-02 01:45:00+00:00,28.5,28.5,28.5,28.5,39000,0.0,0.0
2024-08-02 01:50:00+00:00,28.5,28.5,28.5,28.5,7000,0.0,0.0
2024-08-02 02:00:00+00:00,28.450000762939453,28.450000762939453,28.450000762939453,28.450000762939453,10093,0.0,0.0
2024-08-02 02:05:00+00:00,28.450000762939453,28.450000762939453,28.399999618530273,28.399999618530273,5000,0.0,0.0
2024-08-02 02:20:00+00:00,28.399999618530273,28.399999618530273,28.350000381469727,28.350000381469727,5000,0.0,0.0
2024-08-02 02:25:00+00:00,28.350000381469727,28.350000381469727,28.299999237060547,28.299999237060547,12061,0.0,0.0
2024-08-02 02:30:00+00:00,28.299999237060547,28.299999237060547,28.299999237060547,28.299999237060547,6001,0.0,0.0
2024-08-02 02:35:00+00:00,28.299999237060547,28.299999237060547,28.299999237060547,28.299999237060547,1000,0.0,0.0
2024-08-02 02:45:00+00:00,28.299999237060547,28.299999237060547,28.299999237060547,28.299999237060547,2150,0.0,0.0
2024-08-02 02:50:00+00:00,28.299999237060547,28.299999237060547,28.25,28.25,6500,0.0,0.0
2024-08-02 02:55:00+00:00,28.299999237060547,28.299999237060547,28.299999237060547,28.299999237060547,1000,0.0,0.0
2024-08-02 03:00:00+00:00,28.299999237060547,28.399999618530273,28.299999237060547,28.399999618530273,6150,0.0,0.0
2024-08-02 03:10:00+00:00,28.399999618530273,28.399999618530273,28.399999618530273,28.399999618530273,2033,0.0,0.0
2024-08-02 03:25:00+00:00,28.350000381469727,28.350000381469727,28.350000381469727,28.350000381469727,3052,0.0,0.0
2024-08-02 03:30:00+00:00,28.350000381469727,28.350000381469727,28.350000381469727,28.350000381469727,1481,0.0,0.0
2024-08-02 03:35:00+00:00,28.299999237060547,28.299999237060547,28.299999237060547,28.299999237060547,1319,0.0,0.0
2024-08-02 03:40:00+00:00,28.299999237060547,28.299999237060547,28.299999237060547,28.299999237060547,8002,0.0,0.0
2024-08-02 04:00:00+00:00,28.299999237060547,28.299999237060547,28.299999237060547,28.299999237060547,2001,0.0,0.0
2024-08-02 04:05:00+00:00,28.25,28.299999237060547,28.25,28.299999237060547,8000,0.0,0.0
2024-08-02 04:10:00+00:00,28.25,28.25,28.25,28.25,74000,0.0,0.0
2024-08-02 04:15:00+00:00,28.25,28.25,28.25,28.25,3000,0.0,0.0
2024-08-02 04:20:00+00:00,28.200000762939453,28.200000762939453,28.200000762939453,28.200000762939453,1001,0.0,0.0
2024-08-02 04:25:00+00:00,28.25,28.25,28.25,28.25,5001,0.0,0.0
2024-08-02 04:35:00+00:00,28.25,28.25,28.200000762939453,28.200000762939453,14049,0.0,0.0
2024-08-02 04:40:00+00:00,28.200000762939453,28.200000762939453,28.200000762939453,28.200000762939453,20001,0.0,0.0
2024-08-02 04:45:00+00:00,28.200000762939453,28.200000762939453,28.200000762939453,28.200000762939453,10030,0.0,0.0
2024-08-02 04:50:00+00:00,28.149999618530273,28.25,28.149999618530273,28.25,6000,0.0,0.0
2024-08-02 04:55:00+00:00,28.149999618530273,28.149999618530273,28.100000381469727,28.100000381469727,11204,0.0,0.0
2024-08-02 05:00:00+00:00,28.100000381469727,28.100000381469727,28.100000381469727,28.100000381469727,4000,0.0,0.0
2024-08-02 05:05:00+00:00,28.100000381469727,28.149999618530273,28.100000381469727,28.149999618530273,3001,0.0,0.0
2024-08-02 05:10:00+00:00,28.100000381469727,28.100000381469727,28.049999237060547,28.100000381469727,14060,0.0,0.0
2024-08-02 05:15:00+00:00,28.049999237060547,28.100000381469727,28.049999237060547,28.049999237060547,10060,0.0,0.0
2024-08-02 05:20:00+00:00,28.100000381469727,28.100000381469727,28.100000381469727,28.100000381469727,1000,0.0,0.0
2024-08-05 01:00:00+00:00,27.850000381469727,27.850000381469727,26.600000381469727,26.600000381469727,0,0.0,0.0
2024-08-05 01:05:00+00:00,26.549999237060547,26.549999237060547,26.200000762939453,26.200000762939453,37024,0.0,0.0
2024-08-05 01:10:00+00:00,26.200000762939453,26.25,25.899999618530273,25.899999618530273,68323,0.0,0.0
2024-08-05 01:15:00+00:00,25.950000762939453,26.200000762939453,25.899999618530273,25.950000762939453,41000,0.0,0.0
2024-08-05 01:20:00+00:00,26.0,26.049999237060547,25.899999618530273,25.899999618530273,53157,0.0,0.0
2024-08-05 01:25:00+00:00,25.899999618530273,25.899999618530273,25.850000381469727,25.850000381469727,24728,0.0,0.0
2024-08-05 01:30:00+00:00,25.799999237060547,25.799999237060547,25.700000762939453,25.75,49010,0.0,0.0
2024-08-05 01:35:00+00:00,25.75,25.75,25.600000381469727,25.600000381469727,42581,0.0,0.0
2024-08-05 01:40:00+00:00,25.600000381469727,25.600000381469727,25.350000381469727,25.350000381469727,52877,0.0,0.0
2024-08-05 01:45:00+00:00,25.399999618530273,25.399999618530273,25.299999237060547,25.350000381469727,54080,0.0,0.0
2024-08-05 01:50:00+00:00,25.350000381469727,25.399999618530273,25.299999237060547,25.350000381469727,142400,0.0,0.0
2024-08-05 01:55:00+00:00,25.399999618530273,25.399999618530273,25.350000381469727,25.350000381469727,16001,0.0,0.0
2024-08-05 02:00:00+00:00,25.5,25.5,25.5,25.5,2000,0.0,0.0
2024-08-05 02:05:00+00:00,25.5,25.549999237060547,25.5,25.5,5501,0.0,0.0
2024-08-05 02:10:00+00:00,25.549999237060547,25.600000381469727,25.5,25.5,15000,0.0,0.0
2024-08-05 02:15:00+00:00,25.600000381469727,25.600000381469727,25.450000762939453,25.450000762939453,15000,0.0,0.0
2024-08-05 02:20:00+00:00,25.600000381469727,25.75,25.549999237060547,25.549999237060547,6040,0.0,0.0
2024-08-05 02:25:00+00:00,25.600000381469727,25.799999237060547,25.600000381469727,25.799999237060547,14000,0.0,0.0
2024-08-05 02:30:00+00:00,25.75,25.75,25.75,25.75,2000,0.0,0.0
2024-08-05 02:35:00+00:00,25.75,25.75,25.75,25.75,1002,0.0,0.0
2024-08-05 02:40:00+00:00,25.75,26.0,25.700000762939453,25.700000762939453,13068,0.0,0.0
2024-08-05 02:50:00+00:00,25.75,25.75,25.75,25.75,8224,0.0,0.0
2024-08-05 02:55:00+00:00,25.75,25.899999618530273,25.75,25.899999618530273,19076,0.0,0.0
2024-08-05 03:00:00+00:00,25.899999618530273,25.899999618530273,25.899999618530273,25.899999618530273,1000,0.0,0.0
2024-08-05 03:05:00+00:00,25.899999618530273,25.899999618530273,25.799999237060547,25.799999237060547,6000,0.0,0.0
2024-08-05 03:10:00+00:00,25.799999237060547,25.799999237060547,25.75,25.799999237060547,10028,0.0,0.0
2024-08-05 03:15:00+00:00,25.799999237060547,25.799999237060547,25.75,25.75,2000,0.0,0.0
2024-08-05 03:20:00+00:00,25.850000381469727,25.899999618530273,25.850000381469727,25.899999618530273,25444,0.0,0.0
2024-08-05 03:25:00+00:00,25.799999237060547,25.799999237060547,25.75,25.799999237060547,17000,0.0,0.0
2024-08-05 03:30:00+00:00,25.799999237060547,25.799999237060547,25.700000762939453,25.700000762939453,26100,0.0,0.0
2024-08-05 03:35:00+00:00,25.75,25.75,25.75,25.75,2000,0.0,0.0
2024-08-05 03:40:00+00:00,25.75,25.75,25.75,25.75,4000,0.0,0.0
2024-08-05 03:45:00+00:00,25.799999237060547,25.950000762939453,25.799999237060547,25.899999618530273,13101,0.0,0.0
2024-08-05 03:55:00+00:00,25.75,25.75,25.700000762939453,25.700000762939453,5252,0.0,0.0
2024-08-05 04:00:00+00:00,25.700000762939453,25.700000762939453,25.450000762939453,25.450000762939453,148008,0.0,0.0
2024-08-05 04:05:00+00:00,25.450000762939453,25.450000762939453,25.450000762939453,25.450000762939453,14001,0.0,0.0
2024-08-05 04:10:00+00:00,25.5,25.5,25.450000762939453,25.450000762939453,13148,0.0,0.0
2024-08-05 04:15:00+00:00,25.5,25.5,25.5,25.5,3000,0.0,0.0
2024-08-05 04:20:00+00:00,25.5,25.5,25.450000762939453,25.5,21832,0.0,0.0
2024-08-05 04:25:00+00:00,25.450000762939453,25.5,25.450000762939453,25.5,6010,0.0,0.0
2024-08-05 04:30:00+00:00,25.450000762939453,25.75,25.450000762939453,25.75,12054,0.0,0.0
2024-08-05 04:35:00+00:00,25.5,25.549999237060547,25.5,25.5,5200,0.0,0.0
2024-08-05 04:40:00+00:00,25.5,25.5,25.450000762939453,25.5,23210,0.0,0.0
2024-08-05 04:45:00+00:00,25.5,25.549999237060547,25.399999618530273,25.399999618530273,30110,0.0,0.0
2024-08-05 04:50:00+00:00,25.399999618530273,25.5,25.399999618530273,25.5,34000,0.0,0.0
2024-08-05 04:55:00+00:00,25.5,25.5,25.5,25.5,12091,0.0,0.0
2024-08-05 05:00:00+00:00,25.5,25.5,25.5,25.5,12738,0.0,0.0
2024-08-05 05:05:00+00:00,25.5,25.549999237060547,25.5,25.549999237060547,10600,0.0,0.0
2024-08-05 05:10:00+00:00,25.549999237060547,25.549999237060547,25.5,25.5,13236,0.0,0.0
2024-08-05 05:15:00+00:00,25.5,25.5,25.450000762939453,25.5,6069,0.0,0.0
2024-08-05 05:20:00+00:00,25.450000762939453,25.600000381469727,25.450000762939453,25.600000381469727,26472,0.0,0.0
2024-08-06 01:00:00+00:00,25.600000381469727,25.700000762939453,25.600000381469727,25.700000762939453,0,0.0,0.0
2024-08-06 01:05:00+00:00,25.75,25.799999237060547,25.5,25.549999237060547,50161,0.0,0.0
2024-08-06 01:10:00+00:00,25.649999618530273,25.799999237060547,25.549999237060547,25.549999237060547,25000,0.0,0.0
2024-08-06 01:15:00+00:00,25.5,25.5,25.200000762939453,25.200000762939453,44417,0.0,0.0
2024-08-06 01:20:00+00:00,25.149999618530273,25.200000762939453,24.700000762939453,24.700000762939453,47250,0.0,0.0
2024-08-06 01:25:00+00:00,24.649999618530273,24.75,24.600000381469727,24.75,23110,0.0,0.0
2024-08-06 01:30:00+00:00,24.75,24.899999618530273,24.600000381469727,24.600000381469727,30020,0.0,0.0
2024-08-06 01:35:00+00:00,24.549999237060547,24.549999237060547,24.399999618530273,24.399999618530273,30513,0.0,0.0
2024-08-06 01:40:00+00:00,24.350000381469727,24.350000381469727,24.0,24.0,51000,0.0,0.0
2024-08-06 01:45:00+00:00,24.0,24.200000762939453,24.0,24.200000762939453,29250,0.0,0.0
2024-08-06 01:50:00+00:00,24.200000762939453,24.200000762939453,24.100000381469727,24.200000762939453,21000,0.0,0.0
2024-08-06 01:55:00+00:00,24.25,24.299999237060547,24.200000762939453,24.299999237060547,7000,0.0,0.0
2024-08-06 02:00:00+00:00,24.299999237060547,24.450000762939453,24.299999237060547,24.450000762939453,20000,0.0,0.0
2024-08-06 02:05:00+00:00,24.399999618530273,24.399999618530273,24.299999237060547,24.299999237060547,11001,0.0,0.0
2024-08-06 02:10:00+00:00,24.299999237060547,24.350000381469727,24.299999237060547,24.299999237060547,11442,0.0,0.0
2024-08-06 02:15:00+00:00,24.350000381469727,24.350000381469727,24.299999237060547,24.299999237060547,7000,0.0,0.0
2024-08-06 02:20:00+00:00,24.299999237060547,24.299999237060547,24.299999237060547,24.299999237060547,4101,0.0,0.0
2024-08-06 02:25:00+00:00,24.350000381469727,24.450000762939453,24.350000381469727,24.399999618530273,21041,0.0,0.0
2024-08-06 02:30:00+00:00,24.399999618530273,24.5,24.399999618530273,24.5,26228,0.0,0.0
2024-08-06 02:35:00+00:00,24.549999237060547,24.649999618530273,24.5,24.649999618530273,16052,0.0,0.0
2024-08-06 02:40:00+00:00,24.649999618530273,24.700000762939453,24.649999618530273,24.700000762939453,2115,0.0,0.0
2024-08-06 02:45:00+00:00,24.75,24.75,24.75,24.75,1000,0.0,0.0
2024-08-06 02:50:00+00:00,24.799999237060547,24.799999237060547,24.75,24.75,7000,0.0,0.0
2024-08-06 02:55:00+00:00,24.700000762939453,24.700000762939453,24.700000762939453,24.700000762939453,5000,0.0,0.0
2024-08-06 03:00:00+00:00,24.799999237060547,24.950000762939453,24.799999237060547,24.899999618530273,14000,0.0,0.0
2024-08-06 03:05:00+00:00,24.850000381469727,24.950000762939453,24.850000381469727,24.950000762939453,11052,0.0,0.0
2024-08-06 03:10:00+00:00,24.850000381469727,24.850000381469727,24.850000381469727,24.850000381469727,1000,0.0,0.0
2024-08-06 03:20:00+00:00,24.850000381469727,24.950000762939453,24.850000381469727,24.950000762939453,39040,0.0,0.0
2024-08-06 03:25:00+00:00,25.0,25.049999237060547,24.950000762939453,25.049999237060547,8047,0.0,0.0
2024-08-06 03:30:00+00:00,25.049999237060547,25.049999237060547,25.049999237060547,25.049999237060547,10000,0.0,0.0
2024-08-06 03:35:00+00:00,25.100000381469727,25.200000762939453,25.100000381469727,25.200000762939453,11051,0.0,0.0
2024-08-06 03:40:00+00:00,25.200000762939453,25.25,25.200000762939453,25.25,6041,0.0,0.0
2024-08-06 03:45:00+00:00,25.299999237060547,25.299999237060547,25.299999237060547,25.299999237060547,1041,0.0,0.0
2024-08-06 03:50:00+00:00,25.299999237060547,25.299999237060547,25.25,25.25,14000,0.0,0.0
2024-08-06 03:55:00+00:00,25.25,25.25,25.200000762939453,25.200000762939453,3010,0.0,0.0
2024-08-06 04:00:00+00:00,25.25,25.350000381469727,25.25,25.350000381469727,13031,0.0,0.0
2024-08-06 04:05:00+00:00,25.299999237060547,25.299999237060547,25.149999618530273,25.149999618530273,5148,0.0,0.0
2024-08-06 04:10:00+00:00,25.149999618530273,25.200000762939453,25.149999618530273,25.200000762939453,3000,0.0,0.0
2024-08-06 04:15:00+00:00,25.25,25.25,25.25,25.25,6489,0.0,0.0
2024-08-06 04:20:00+00:00,25.299999237060547,25.299999237060547,25.25,25.25,3299,0.0,0.0
2024-08-06 04:25:00+00:00,25.299999237060547,25.350000381469727,25.299999237060547,25.350000381469727,7122,0.0,0.0
2024-08-06 04:30:00+00:00,25.299999237060547,25.299999237060547,25.25,25.25,17000,0.0,0.0
2024-08-06 04:35:00+00:00,25.299999237060547,25.299999237060547,25.299999237060547,25.299999237060547,2833,0.0,0.0
2024-08-06 04:40:00+00:00,25.25,25.25,25.25,25.25,4139,0.0,0.0
2024-08-06 04:50:00+00:00,25.200000762939453,25.200000762939453,25.200000762939453,25.200000762939453,6000,0.0,0.0
2024-08-06 04:55:00+00:00,25.149999618530273,25.200000762939453,25.100000381469727,25.100000381469727,20094,0.0,0.0
2024-08-06 05:00:00+00:00,25.100000381469727,25.100000381469727,25.100000381469727,25.100000381469727,1000,0.0,0.0
2024-08-06 05:05:00+00:00,25.100000381469727,25.100000381469727,25.0,25.0,17227,0.0,0.0
2024-08-06 05:10:00+00:00,25.0,25.049999237060547,25.0,25.049999237060547,6263,0.0,0.0
2024-08-06 05:20:00+00:00,25.149999618530273,25.200000762939453,25.0,25.049999237060547,7000,0.0,0.0
2024-08-07 01:00:00+00:00,25.100000381469727,25.649999618530273,25.100000381469727,25.649999618530273,0,0.0,0.0
2024-08-07 01:05:00+00:00,25.649999618530273,25.899999618530273,25.600000381469727,25.899999618530273,43053,0.0,0.0
2024-08-07 01:10:00+00:00,25.950000762939453,26.450000762939453,25.950000762939453,26.350000381469727,44000,0.0,0.0
2024-08-07 01:15:00+00:00,26.200000762939453,26.200000762939453,26.049999237060547,26.200000762939453,13000,0.0,0.0
2024-08-07 01:20:00+00:00,26.200000762939453,26.200000762939453,26.149999618530273,26.149999618530273,8000,0.0,0.0
2024-08-07 01:25:00+00:00,26.200000762939453,26.299999237060547,26.149999618530273,26.299999237060547,22000,0.0,0.0
2024-08-07 01:30:00+00:00,26.299999237060547,26.5,26.299999237060547,26.450000762939453,32019,0.0,0.0
2024-08-07 01:35:00+00:00,26.450000762939453,26.5,26.450000762939453,26.450000762939453,24000,0.0,0.0
2024-08-07 01:40:00+00:00,26.450000762939453,26.549999237060547,26.450000762939453,26.549999237060547,10057,0.0,0.0
2024-08-07 01:50:00+00:00,26.5,26.549999237060547,26.5,26.549999237060547,16000,0.0,0.0
2024-08-07 01:55:00+00:00,26.5,26.649999618530273,26.5,26.600000381469727,25000,0.0,0.0
2024-08-07 02:00:00+00:00,26.700000762939453,26.899999618530273,26.649999618530273,26.649999618530273,21020,0.0,0.0
2024-08-07 02:05:00+00:00,26.700000762939453,26.700000762939453,26.649999618530273,26.649999618530273,5000,0.0,0.0
2024-08-07 02:10:00+00:00,26.649999618530273,26.700000762939453,26.649999618530273,26.700000762939453,8000,0.0,0.0
2024-08-07 02:15:00+00:00,26.649999618530273,26.649999618530273,26.649999618530273,26.649999618530273,7000,0.0,0.0
2024-08-07 02:20:00+00:00,26.649999618530273,26.850000381469727,26.649999618530273,26.799999237060547,25500,0.0,0.0
2024-08-07 02:25:00+00:00,26.799999237060547,26.799999237060547,26.75,26.75,9000,0.0,0.0
2024-08-07 02:30:00+00:00,26.75,26.75,26.649999618530273,26.649999618530273,7000,0.0,0.0
2024-08-07 02:35:00+00:00,26.649999618530273,26.75,26.649999618530273,26.75,19000,0.0,0.0
2024-08-07 02:40:00+00:00,26.75,26.75,26.600000381469727,26.600000381469727,21404,0.0,0.0
2024-08-07 02:45:00+00:00,26.600000381469727,26.799999237060547,26.549999237060547,26.799999237060547,7000,0.0,0.0
2024-08-07 02:50:00+00:00,26.75,26.75,26.700000762939453,26.700000762939453,2004,0.0,0.0
2024-08-07 02:55:00+00:00,26.649999618530273,26.700000762939453,26.649999618530273,26.700000762939453,4031,0.0,0.0
2024-08-07 03:00:00+00:00,26.700000762939453,26.950000762939453,26.700000762939453,26.950000762939453,18000,0.0,0.0
2024-08-07 03:10:00+00:00,26.850000381469727,26.850000381469727,26.850000381469727,26.850000381469727,1280,0.0,0.0
2024-08-07 03:15:00+00:00,26.850000381469727,26.850000381469727,26.799999237060547,26.799999237060547,3001,0.0,0.0
2024-08-07 03:20:00+00:00,26.799999237060547,26.799999237060547,26.799999237060547,26.799999237060547,1000,0.0,0.0
2024-08-07 03:30:00+00:00,26.799999237060547,26.799999237060547,26.799999237060547,26.799999237060547,1000,0.0,0.0
2024-08-07 03:35:00+00:00,26.75,26.75,26.75,26.75,3000,0.0,0.0
2024-08-07 03:40:00+00:00,26.75,26.75,26.75,26.75,2045,0.0,0.0
2024-08-07 03:50:00+00:00,26.75,26.799999237060547,26.75,26.75,10000,0.0,0.0
2024-08-07 03:55:00+00:00,26.75,26.75,26.75,26.75,13000,0.0,0.0
2024-08-07 04:00:00+00:00,26.850000381469727,26.850000381469727,26.799999237060547,26.799999237060547,12000,0.0,0.0
2024-08-07 04:05:00+00:00,26.850000381469727,26.850000381469727,26.799999237060547,26.799999237060547,5000,0.0,0.0
2024-08-07 04:10:00+00:00,26.799999237060547,26.799999237060547,26.799999237060547,26.799999237060547,3300,0.0,0.0
2024-08-07 04:15:00+00:00,26.899999618530273,26.899999618530273,26.850000381469727,26.850000381469727,3000,0.0,0.0
2024-08-07 04:20:00+00:00,26.850000381469727,26.850000381469727,26.850000381469727,26.850000381469727,1000,0.0,0.0
2024-08-07 04:25:00+00:00,26.899999618530273,26.899999618530273,26.799999237060547,26.799999237060547,26000,0.0,0.0
2024-08-07 04:30:00+00:00,26.850000381469727,26.850000381469727,26.850000381469727,26.850000381469727,2000,0.0,0.0
2024-08-07 04:35:00+00:00,26.850000381469727,26.850000381469727,26.850000381469727,26.850000381469727,1050,0.0,0.0
2024-08-07 04:40:00+00:00,26.899999618530273,26.899999618530273,26.899999618530273,26.899999618530273,2100,0.0,0.0
2024-08-07 04:45:00+00:00,26.899999618530273,26.950000762939453,26.899999618530273,26.950000762939453,7070,0.0,0.0
2024-08-07 04:55:00+00:00,26.899999618530273,26.899999618530273,26.899999618530273,26.899999618530273,6000,0.0,0.0
2024-08-07 05:05:00+00:00,26.850000381469727,26.850000381469727,26.850000381469727,26.850000381469727,2250,0.0,0.0
2024-08-07 05:10:00+00:00,26.850000381469727,26.850000381469727,26.850000381469727,26.850000381469727,9100,0.0,0.0
2024-08-07 05:15:00+00:00,26.799999237060547,26.850000381469727,26.799999237060547,26.850000381469727,4000,0.0,0.0
2024-08-07 05:20:00+00:00,26.850000381469727,26.899999618530273,26.850000381469727,26.899999618530273,6010,0.0,0.0
2024-08-08 01:00:00+00:00,26.25,26.25,26.200000762939453,26.25,0,0.0,0.0
2024-08-08 01:05:00+00:00,26.299999237060547,26.299999237060547,26.299999237060547,26.299999237060547,2233,0.0,0.0
2024-08-08 01:10:00+00:00,26.299999237060547,26.399999618530273,26.299999237060547,26.399999618530273,3000,0.0,0.0
2024-08-08 01:15:00+00:00,26.399999618530273,26.5,26.399999618530273,26.5,18000,0.0,0.0
2024-08-08 01:20:00+00:00,26.5,26.5,26.399999618530273,26.399999618530273,7078,0.0,0.0
2024-08-08 01:25:00+00:00,26.350000381469727,26.350000381469727,26.350000381469727,26.350000381469727,2400,0.0,0.0
2024-08-08 01:30:00+00:00,26.350000381469727,26.399999618530273,26.350000381469727,26.399999618530273,13019,0.0,0.0
2024-08-08 01:35:00+00:00,26.350000381469727,26.350000381469727,26.299999237060547,26.350000381469727,13050,0.0,0.0
2024-08-08 01:40:00+00:00,26.350000381469727,26.350000381469727,26.350000381469727,26.350000381469727,1200,0.0,0.0
2024-08-08 01:45:00+00:00,26.299999237060547,26.350000381469727,26.299999237060547,26.299999237060547,8000,0.0,0.0
2024-08-08 01:50:00+00:00,26.299999237060547,26.350000381469727,26.299999237060547,26.350000381469727,4000,0.0,0.0
2024-08-08 01:55:00+00:00,26.399999618530273,26.399999618530273,26.399999618530273,26.399999618530273,3050,0.0,0.0
2024-08-08 02:00:00+00:00,26.450000762939453,26.450000762939453,26.450000762939453,26.450000762939453,3050,0.0,0.0
2024-08-08 02:05:00+00:00,26.5,26.549999237060547,26.5,26.549999237060547,7120,0.0,0.0
2024-08-08 02:10:00+00:00,26.600000381469727,26.600000381469727,26.600000381469727,26.600000381469727,1001,0.0,0.0
2024-08-08 02:15:00+00:00,26.549999237060547,26.600000381469727,26.549999237060547,26.600000381469727,3000,0.0,0.0
2024-08-08 02:20:00+00:00,26.600000381469727,26.600000381469727,26.600000381469727,26.600000381469727,1000,0.0,0.0
2024-08-08 02:25:00+00:00,26.5,26.5,26.5,26.5,12000,0.0,0.0
2024-08-08 02:30:00+00:00,26.5,26.5,26.5,26.5,7002,0.0,0.0
2024-08-08 02:35:00+00:00,26.5,26.5,26.5,26.5,1000,0.0,0.0
2024-08-08 02:40:00+00:00,26.5,26.5,26.5,26.5,5000,0.0,0.0
2024-08-08 02:45:00+00:00,26.5,26.5,26.5,26.5,5000,0.0,0.0
2024-08-08 02:50:00+00:00,26.549999237060547,26.549999237060547,26.5,26.5,10003,0.0,0.0
2024-08-08 03:10:00+00:00,26.549999237060547,26.549999237060547,26.5,26.5,3000,0.0,0.0
2024-08-08 03:15:00+00:00,26.5,26.5,26.5,26.5,1000,0.0,0.0
2024-08-08 03:20:00+00:00,26.5,26.5,26.5,26.5,1000,0.0,0.0
2024-08-08 03:25:00+00:00,26.5,26.5,26.5,26.5,1047,0.0,0.0
2024-08-08 03:30:00+00:00,26.549999237060547,26.549999237060547,26.549999237060547,26.549999237060547,1002,0.0,0.0
2024-08-08 03:40:00+00:00,26.549999237060547,26.600000381469727,26.549999237060547,26.549999237060547,3020,0.0,0.0
2024-08-08 03:50:00+00:00,26.600000381469727,26.649999618530273,26.600000381469727,26.649999618530273,10003,0.0,0.0
2024-08-08 04:00:00+00:00,26.600000381469727,26.600000381469727,26.600000381469727,26.600000381469727,1000,0.0,0.0
2024-08-08 04:05:00+00:00,26.600000381469727,26.600000381469727,26.549999237060547,26.549999237060547,18000,0.0,0.0
2024-08-08 04:15:00+00:00,26.5,26.700000762939453,26.5,26.700000762939453,2001,0.0,0.0
2024-08-08 04:20:00+00:00,26.549999237060547,26.549999237060547,26.549999237060547,26.549999237060547,1000,0.0,0.0
2024-08-08 04:25:00+00:00,26.549999237060547,26.549999237060547,26.549999237060547,26.549999237060547,1000,0.0,0.0
2024-08-08 04:30:00+00:00,26.549999237060547,26.549999237060547,26.5,26.5,4000,0.0,0.0
2024-08-08 04:35:00+00:00,26.5,26.5,26.450000762939453,26.450000762939453,8000,0.0,0.0
2024-08-08 04:40:00+00:00,26.450000762939453,26.450000762939453,26.450000762939453,26.450000762939453,2009,0.0,0.0
2024-08-08 04:45:00+00:00,26.450000762939453,26.450000762939453,26.450000762939453,26.450000762939453,1061,0.0,0.0
2024-08-08 04:55:00+00:00,26.450000762939453,26.549999237060547,26.450000762939453,26.549999237060547,3000,0.0,0.0
2024-08-08 05:00:00+00:00,26.549999237060547,26.549999237060547,26.5,26.5,3097,0.0,0.0
2024-08-08 05:05:00+00:00,26.450000762939453,26.450000762939453,26.450000762939453,26.450000762939453,1000,0.0,0.0
2024-08-08 05:10:00+00:00,26.450000762939453,26.450000762939453,26.450000762939453,26.450000762939453,4001,0.0,0.0
2024-08-08 05:15:00+00:00,26.450000762939453,26.5,26.450000762939453,26.450000762939453,10000,0.0,0.0
2024-08-08 05:20:00+00:00,26.5,26.5,26.5,26.5,10040,0.0,0.0
2024-08-09 01:00:00+00:00,26.799999237060547,27.0,26.799999237060547,27.0,0,0.0,0.0
2024-08-09 01:05:00+00:00,26.850000381469727,26.850000381469727,26.799999237060547,26.799999237060547,5003,0.0,0.0
2024-08-09 01:10:00+00:00,26.799999237060547,26.850000381469727,26.799999237060547,26.799999237060547,10000,0.0,0.0
2024-08-09 01:15:00+00:00,26.799999237060547,26.799999237060547,26.75,26.799999237060547,7000,0.0,0.0
2024-08-09 01:20:00+00:00,26.75,26.75,26.75,26.75,9000,0.0,0.0
2024-08-09 01:25:00+00:00,26.75,26.799999237060547,26.75,26.799999237060547,5029,0.0,0.0
2024-08-09 01:30:00+00:00,26.799999237060547,26.799999237060547,26.799999237060547,26.799999237060547,17000,0.0,0.0
2024-08-09 01:35:00+00:00,26.850000381469727,26.850000381469727,26.850000381469727,26.850000381469727,2050,0.0,0.0
2024-08-09 01:40:00+00:00,26.850000381469727,27.0,26.850000381469727,27.0,9073,0.0,0.0
2024-08-09 01:45:00+00:00,26.950000762939453,27.0,26.850000381469727,26.850000381469727,13000,0.0,0.0
2024-08-09 01:50:00+00:00,26.850000381469727,26.950000762939453,26.850000381469727,26.950000762939453,8000,0.0,0.0
2024-08-09 01:55:00+00:00,26.950000762939453,26.950000762939453,26.850000381469727,26.850000381469727,9100,0.0,0.0
2024-08-09 02:00:00+00:00,26.850000381469727,26.850000381469727,26.850000381469727,26.850000381469727,6000,0.0,0.0
2024-08-09 02:15:00+00:00,26.950000762939453,26.950000762939453,26.950000762939453,26.950000762939453,1000,0.0,0.0
2024-08-09 02:20:00+00:00,26.950000762939453,26.950000762939453,26.950000762939453,26.950000762939453,4000,0.0,0.0
2024-08-09 02:25:00+00:00,26.899999618530273,26.899999618530273,26.899999618530273,26.899999618530273,2000,0.0,0.0
2024-08-09 02:30:00+00:00,26.899999618530273,26.950000762939453,26.899999618530273,26.950000762939453,9000,0.0,0.0
2024-08-09 02:35:00+00:00,26.950000762939453,27.0,26.950000762939453,27.0,3000,0.0,0.0
2024-08-09 02:40:00+00:00,27.0,27.0,27.0,27.0,4000,0.0,0.0
2024-08-09 02:45:00+00:00,27.0,27.0,27.0,27.0,2000,0.0,0.0
2024-08-09 02:55:00+00:00,27.0,27.0,26.950000762939453,26.950000762939453,6000,0.0,0.0
2024-08-09 03:00:00+00:00,26.950000762939453,27.0,26.950000762939453,27.0,11000,0.0,0.0
2024-08-09 03:05:00+00:00,27.0,27.0,27.0,27.0,14000,0.0,0.0
2024-08-09 03:10:00+00:00,27.0,27.0,27.0,27.0,1000,0.0,0.0
2024-08-09 03:15:00+00:00,26.950000762939453,27.0,26.950000762939453,27.0,12000,0.0,0.0
2024-08-09 03:20:00+00:00,26.950000762939453,26.950000762939453,26.950000762939453,26.950000762939453,9100,0.0,0.0
2024-08-09 03:35:00+00:00,26.950000762939453,27.0,26.950000762939453,27.0,8000,0.0,0.0
2024-08-09 03:40:00+00:00,27.0,27.0,26.950000762939453,26.950000762939453,6500,0.0,0.0
2024-08-09 03:45:00+00:00,26.950000762939453,26.950000762939453,26.950000762939453,26.950000762939453,4040,0.0,0.0
2024-08-09 03:55:00+00:00,26.950000762939453,26.950000762939453,26.950000762939453,26.950000762939453,9000,0.0,0.0
2024-08-09 04:00:00+00:00,26.950000762939453,26.950000762939453,26.950000762939453,26.950000762939453,7010,0.0,0.0
2024-08-09 04:05:00+00:00,26.950000762939453,26.950000762939453,26.950000762939453,26.950000762939453,6004,0.0,0.0
2024-08-09 04:10:00+00:00,26.950000762939453,27.0,26.950000762939453,27.0,5000,0.0,0.0
2024-08-09 04:15:00+00:00,27.0,27.0,27.0,27.0,2000,0.0,0.0
2024-08-09 04:20:00+00:00,27.0,27.0,26.950000762939453,26.950000762939453,3505,0.0,0.0
2024-08-09 04:25:00+00:00,27.0,27.0,27.0,27.0,3150,0.0,0.0
2024-08-09 04:35:00+00:00,27.0,27.0,27.0,27.0,1000,0.0,0.0
2024-08-09 04:40:00+00:00,27.0,27.0,26.950000762939453,26.950000762939453,15000,0.0,0.0
2024-08-09 04:45:00+00:00,26.899999618530273,26.950000762939453,26.899999618530273,26.899999618530273,14100,0.0,0.0
2024-08-09 04:50:00+00:00,26.850000381469727,26.899999618530273,26.850000381469727,26.850000381469727,9582,0.0,0.0
2024-08-09 04:55:00+00:00,26.850000381469727,26.899999618530273,26.850000381469727,26.850000381469727,17000,0.0,0.0
2024-08-09 05:00:00+00:00,26.850000381469727,26.850000381469727,26.799999237060547,26.799999237060547,10000,0.0,0.0
2024-08-09 05:05:00+00:00,26.799999237060547,26.850000381469727,26.799999237060547,26.850000381469727,25000,0.0,0.0
2024-08-09 05:10:00+00:00,26.899999618530273,26.899999618530273,26.899999618530273,26.899999618530273,6000,0.0,0.0
2024-08-09 05:15:00+00:00,26.950000762939453,26.950000762939453,26.950000762939453,26.950000762939453,5000,0.0,0.0
2024-08-09 05:20:00+00:00,26.950000762939453,26.950000762939453,26.799999237060547,26.850000381469727,21305,0.0,0.0
2024-08-12 01:00:00+00:00,26.799999237060547,26.799999237060547,26.600000381469727,26.600000381469727,0,0.0,0.0
2024-08-12 01:05:00+00:00,26.600000381469727,26.649999618530273,26.549999237060547,26.649999618530273,17606,0.0,0.0
2024-08-12 01:10:00+00:00,26.649999618530273,26.799999237060547,26.649999618530273,26.700000762939453,18000,0.0,0.0
2024-08-12 01:15:00+00:00,26.649999618530273,26.700000762939453,26.649999618530273,26.649999618530273,22000,0.0,0.0
2024-08-12 01:20:00+00:00,26.600000381469727,26.649999618530273,26.5,26.549999237060547,34045,0.0,0.0
2024-08-12 01:25:00+00:00,26.649999618530273,26.700000762939453,26.649999618530273,26.649999618530273,11235,0.0,0.0
2024-08-12 01:30:00+00:00,26.649999618530273,26.700000762939453,26.649999618530273,26.700000762939453,11057,0.0,0.0
2024-08-12 01:35:00+00:00,26.700000762939453,26.700000762939453,26.700000762939453,26.700000762939453,1000,0.0,0.0
2024-08-12 01:40:00+00:00,26.700000762939453,26.75,26.700000762939453,26.75,6001,0.0,0.0
2024-08-12 01:45:00+00:00,26.75,26.75,26.600000381469727,26.600000381469727,42372,0.0,0.0
2024-08-12 01:50:00+00:00,26.700000762939453,26.700000762939453,26.649999618530273,26.649999618530273,19015,0.0,0.0
2024-08-12 01:55:00+00:00,26.649999618530273,26.649999618530273,26.5,26.549999237060547,58193,0.0,0.0
2024-08-12 02:00:00+00:00,26.549999237060547,26.549999237060547,26.549999237060547,26.549999237060547,5101,0.0,0.0
2024-08-12 02:05:00+00:00,26.549999237060547,26.549999237060547,26.549999237060547,26.549999237060547,3000,0.0,0.0
2024-08-12 02:10:00+00:00,26.600000381469727,26.649999618530273,26.600000381469727,26.649999618530273,13000,0.0,0.0
2024-08-12 02:15:00+00:00,26.649999618530273,26.700000762939453,26.649999618530273,26.700000762939453,4000,0.0,0.0
2024-08-12 02:30:00+00:00,26.600000381469727,26.600000381469727,26.600000381469727,26.600000381469727,1040,0.0,0.0
2024-08-12 02:35:00+00:00,26.600000381469727,26.700000762939453,26.600000381469727,26.700000762939453,5120,0.0,0.0
2024-08-12 02:40:00+00:00,26.649999618530273,26.649999618530273,26.649999618530273,26.649999618530273,1000,0.0,0.0
2024-08-12 02:45:00+00:00,26.700000762939453,26.700000762939453,26.700000762939453,26.700000762939453,3036,0.0,0.0
2024-08-12 02:50:00+00:00,26.649999618530273,26.649999618530273,26.649999618530273,26.649999618530273,2000,0.0,0.0
2024-08-12 02:55:00+00:00,26.649999618530273,26.700000762939453,26.649999618530273,26.700000762939453,8000,0.0,0.0
2024-08-12 03:00:00+00:00,26.649999618530273,26.649999618530273,26.649999618530273,26.649999618530273,14207,0.0,0.0
2024-08-12 03:05:00+00:00,26.700000762939453,26.700000762939453,26.700000762939453,26.700000762939453,6104,0.0,0.0
2024-08-12 03:10:00+00:00,26.700000762939453,26.799999237060547,26.700000762939453,26.799999237060547,25000,0.0,0.0
2024-08-12 03:15:00+00:00,26.850000381469727,26.850000381469727,26.799999237060547,26.799999237060547,10000,0.0,0.0
2024-08-12 03:25:00+00:00,26.850000381469727,26.850000381469727,26.850000381469727,26.850000381469727,9000,0.0,0.0
2024-08-12 03:30:00+00:00,26.850000381469727,26.850000381469727,26.850000381469727,26.850000381469727,20000,0.0,0.0
2024-08-12 03:35:00+00:00,26.850000381469727,26.850000381469727,26.850000381469727,26.850000381469727,2000,0.0,0.0
2024-08-12 03:40:00+00:00,26.850000381469727,26.850000381469727,26.850000381469727,26.850000381469727,4000,0.0,0.0
2024-08-12 03:45:00+00:00,26.850000381469727,26.850000381469727,26.850000381469727,26.850000381469727,5000,0.0,0.0
2024-08-12 03:50:00+00:00,26.850000381469727,26.899999618530273,26.850000381469727,26.899999618530273,14000,0.0,0.0
2024-08-12 04:00:00+00:00,26.899999618530273,26.899999618530273,26.899999618530273,26.899999618530273,5000,0.0,0.0
2024-08-12 04:10:00+00:00,26.899999618530273,26.899999618530273,26.799999237060547,26.799999237060547,18000,0.0,0.0
2024-08-12 04:15:00+00:00,26.799999237060547,26.799999237060547,26.700000762939453,26.700000762939453,5500,0.0,0.0
2024-08-12 04:20:00+00:00,26.75,26.75,26.75,26.75,8001,0.0,0.0
2024-08-12 04:25:00+00:00,26.75,26.75,26.75,26.75,1000,0.0,0.0
2024-08-12 04:35:00+00:00,26.75,26.75,26.700000762939453,26.75,6000,0.0,0.0
2024-08-12 04:40:00+00:00,26.75,26.75,26.75,26.75,5000,0.0,0.0
2024-08-12 04:45:00+00:00,26.75,26.75,26.75,26.75,2000,0.0,0.0
2024-08-12 04:50:00+00:00,26.75,26.75,26.75,26.75,2001,0.0,0.0
2024-08-12 04:55:00+00:00,26.75,26.799999237060547,26.75,26.799999237060547,12001,0.0,0.0
2024-08-12 05:00:00+00:00,26.799999237060547,26.799999237060547,26.799999237060547,26.799999237060547,1000,0.0,0.0
2024-08-12 05:15:00+00:00,26.75,26.75,26.75,26.75,3000,0.0,0.0
2024-08-12 05:20:00+00:00,26.700000762939453,26.75,26.700000762939453,26.75,29570,0.0,0.0
2024-08-13 01:00:00+00:00,26.75,26.75,26.649999618530273,26.649999618530273,0,0.0,0.0
2024-08-13 01:05:00+00:00,26.600000381469727,26.600000381469727,26.350000381469727,26.350000381469727,34036,0.0,0.0
2024-08-13 01:10:00+00:00,26.399999618530273,26.450000762939453,26.399999618530273,26.450000762939453,7000,0.0,0.0
2024-08-13 01:15:00+00:00,26.549999237060547,26.549999237060547,26.549999237060547,26.549999237060547,4000,0.0,0.0
2024-08-13 01:25:00+00:00,26.600000381469727,26.600000381469727,26.600000381469727,26.600000381469727,5000,0.0,0.0
2024-08-13 01:30:00+00:00,26.600000381469727,26.700000762939453,26.600000381469727,26.700000762939453,7000,0.0,0.0
2024-08-13 01:40:00+00:00,26.700000762939453,26.700000762939453,26.700000762939453,26.700000762939453,1000,0.0,0.0
2024-08-13 01:45:00+00:00,26.649999618530273,26.649999618530273,26.649999618530273,26.649999618530273,1000,0.0,0.0
2024-08-13 01:50:00+00:00,26.600000381469727,26.600000381469727,26.600000381469727,26.600000381469727,1000,0.0,0.0
2024-08-13 01:55:00+00:00,26.549999237060547,26.549999237060547,26.549999237060547,26.549999237060547,9000,0.0,0.0
2024-08-13 02:00:00+00:00,26.549999237060547,26.549999237060547,26.549999237060547,26.549999237060547,3000,0.0,0.0
2024-08-13 02:05:00+00:00,26.549999237060547,26.549999237060547,26.549999237060547,26.549999237060547,1000,0.0,0.0
2024-08-13 02:10:00+00:00,26.5,26.5,26.5,26.5,5000,0.0,0.0
2024-08-13 02:15:00+00:00,26.5,26.5,26.5,26.5,8000,0.0,0.0
2024-08-13 02:25:00+00:00,26.5,26.5,26.5,26.5,1000,0.0,0.0
2024-08-13 02:30:00+00:00,26.5,26.5,26.5,26.5,1000,0.0,0.0
2024-08-13 02:35:00+00:00,26.5,26.549999237060547,26.5,26.549999237060547,14000,0.0,0.0
2024-08-13 02:40:00+00:00,26.549999237060547,26.549999237060547,26.549999237060547,26.549999237060547,7119,0.0,0.0
2024-08-13 02:45:00+00:00,26.549999237060547,26.549999237060547,26.549999237060547,26.549999237060547,5341,0.0,0.0
2024-08-13 02:50:00+00:00,26.549999237060547,26.549999237060547,26.5,26.5,6050,0.0,0.0
2024-08-13 02:55:00+00:00,26.549999237060547,26.549999237060547,26.549999237060547,26.549999237060547,2000,0.0,0.0
2024-08-13 03:05:00+00:00,26.549999237060547,26.549999237060547,26.549999237060547,26.549999237060547,2000,0.0,0.0
2024-08-13 03:10:00+00:00,26.549999237060547,26.549999237060547,26.549999237060547,26.549999237060547,1158,0.0,0.0
2024-08-13 03:25:00+00:00,26.5,26.5,26.5,26.5,11000,0.0,0.0
2024-08-13 03:35:00+00:00,26.5,26.5,26.5,26.5,1000,0.0,0.0
2024-08-13 03:40:00+00:00,26.5,26.549999237060547,26.5,26.549999237060547,2000,0.0,0.0
2024-08-13 04:05:00+00:00,26.549999237060547,26.549999237060547,26.549999237060547,26.549999237060547,1009,0.0,0.0
2024-08-13 04:10:00+00:00,26.549999237060547,26.549999237060547,26.5,26.5,3181,0.0,0.0
2024-08-13 04:15:00+00:00,26.549999237060547,26.549999237060547,26.549999237060547,26.549999237060547,25045,0.0,0.0
2024-08-13 04:20:00+00:00,26.549999237060547,26.600000381469727,26.549999237060547,26.600000381469727,6113,0.0,0.0
2024-08-13 04:30:00+00:00,26.600000381469727,26.600000381469727,26.600000381469727,26.600000381469727,2000,0.0,0.0
2024-08-13 04:35:00+00:00,26.549999237060547,26.600000381469727,26.549999237060547,26.600000381469727,6001,0.0,0.0
2024-08-13 04:40:00+00:00,26.649999618530273,26.649999618530273,26.649999618530273,26.649999618530273,10000,0.0,0.0
2024-08-13 05:00:00+00:00,26.649999618530273,26.649999618530273,26.649999618530273,26.649999618530273,16000,0.0,0.0
2024-08-13 05:10:00+00:00,26.649999618530273,26.649999618530273,26.649999618530273,26.649999618530273,2000,0.0,0.0
2024-08-13 05:15:00+00:00,26.649999618530273,26.649999618530273,26.600000381469727,26.600000381469727,2000,0.0,0.0
2024-08-13 05:20:00+00:00,26.600000381469727,26.600000381469727,26.600000381469727,26.600000381469727,7000,0.0,0.0
2024-08-14 01:00:00+00:00,26.700000762939453,26.799999237060547,26.700000762939453,26.799999237060547,0,0.0,0.0
2024-08-14 01:05:00+00:00,26.75,26.799999237060547,26.75,26.799999237060547,51000,0.0,0.0
2024-08-14 01:10:00+00:00,26.75,26.75,26.649999618530273,26.649999618530273,21002,0.0,0.0
2024-08-14 01:15:00+00:00,26.799999237060547,26.799999237060547,26.799999237060547,26.799999237060547,5001,0.0,0.0
2024-08-14 01:20:00+00:00,26.75,26.799999237060547,26.75,26.799999237060547,7000,0.0,0.0
2024-08-14 01:25:00+00:00,26.75,26.850000381469727,26.75,26.75,13000,0.0,0.0
2024-08-14 01:30:00+00:00,26.799999237060547,26.799999237060547,26.799999237060547,26.799999237060547,1000,0.0,0.0
2024-08-14 01:35:00+00:00,26.799999237060547,26.850000381469727,26.799999237060547,26.799999237060547,12000,0.0,0.0
2024-08-14 01:45:00+00:00,26.850000381469727,26.899999618530273,26.850000381469727,26.899999618530273,3000,0.0,0.0
2024-08-14 01:55:00+00:00,26.850000381469727,26.850000381469727,26.850000381469727,26.850000381469727,5000,0.0,0.0
2024-08-14 02:00:00+00:00,26.799999237060547,26.799999237060547,26.799999237060547,26.799999237060547,9000,0.0,0.0
2024-08-14 02:05:00+00:00,26.799999237060547,26.799999237060547,26.75,26.75,11000,0.0,0.0
2024-08-14 02:10:00+00:00,26.75,26.75,26.75,26.75,19000,0.0,0.0
2024-08-14 02:15:00+00:00,26.75,26.75,26.700000762939453,26.700000762939453,11088,0.0,0.0
2024-08-14 02:25:00+00:00,26.700000762939453,26.700000762939453,26.700000762939453,26.700000762939453,1000,0.0,0.0
2024-08-14 02:30:00+00:00,26.700000762939453,26.700000762939453,26.700000762939453,26.700000762939453,5000,0.0,0.0
2024-08-14 02:35:00+00:00,26.700000762939453,26.700000762939453,26.700000762939453,26.700000762939453,4009,0.0,0.0
2024-08-14 02:40:00+00:00,26.649999618530273,26.649999618530273,26.649999618530273,26.649999618530273,2415,0.0,0.0
2024-08-14 02:50:00+00:00,26.700000762939453,26.700000762939453,26.700000762939453,26.700000762939453,1000,0.0,0.0
2024-08-14 02:55:00+00:00,26.700000762939453,26.700000762939453,26.700000762939453,26.700000762939453,3001,0.0,0.0
2024-08-14 03:00:00+00:00,26.700000762939453,26.700000762939453,26.700000762939453,26.700000762939453,5002,0.0,0.0
2024-08-14 03:20:00+00:00,26.700000762939453,26.700000762939453,26.700000762939453,26.700000762939453,2118,0.0,0.0
2024-08-14 03:25:00+00:00,26.75,26.75,26.75,26.75,12000,0.0,0.0
2024-08-14 03:30:00+00:00,26.75,26.75,26.75,26.75,1001,0.0,0.0
2024-08-14 03:50:00+00:00,26.75,26.75,26.75,26.75,1000,0.0,0.0
2024-08-14 03:55:00+00:00,26.799999237060547,26.799999237060547,26.799999237060547,26.799999237060547,3000,0.0,0.0
2024-08-14 04:05:00+00:00,26.799999237060547,26.799999237060547,26.75,26.75,6000,0.0,0.0
2024-08-14 04:10:00+00:00,26.75,26.75,26.75,26.75,4000,0.0,0.0
2024-08-14 04:20:00+00:00,26.75,26.75,26.75,26.75,3000,0.0,0.0
2024-08-14 04:25:00+00:00,26.75,26.75,26.75,26.75,2200,0.0,0.0
2024-08-14 04:40:00+00:00,26.700000762939453,26.700000762939453,26.700000762939453,26.700000762939453,22234,0.0,0.0
2024-08-14 04:45:00+00:00,26.649999618530273,26.649999618530273,26.649999618530273,26.649999618530273,4023,0.0,0.0
2024-08-14 04:50:00+00:00,26.649999618530273,26.649999618530273,26.649999618530273,26.649999618530273,5000,0.0,0.0
2024-08-14 04:55:00+00:00,26.649999618530273,26.649999618530273,26.649999618530273,26.649999618530273,6050,0.0,0.0
2024-08-14 05:05:00+00:00,26.649999618530273,26.649999618530273,26.649999618530273,26.649999618530273,1000,0.0,0.0
2024-08-14 05:10:00+00:00,26.649999618530273,26.649999618530273,26.600000381469727,26.600000381469727,6000,0.0,0.0
2024-08-14 05:20:00+00:00,26.649999618530273,26.649999618530273,26.649999618530273,26.649999618530273,2085,0.0,0.0
2024-08-15 01:00:00+00:00,26.600000381469727,26.600000381469727,26.600000381469727,26.600000381469727,0,0.0,0.0
2024-08-15 01:05:00+00:00,26.549999237060547,26.600000381469727,26.549999237060547,26.600000381469727,18010,0.0,0.0
2024-08-15 01:10:00+00:00,26.649999618530273,26.649999618530273,26.649999618530273,26.649999618530273,5001,0.0,0.0
2024-08-15 01:15:00+00:00,26.649999618530273,26.649999618530273,26.649999618530273,26.649999618530273,2000,0.0,0.0
2024-08-15 01:20:00+00:00,26.600000381469727,26.600000381469727,26.549999237060547,26.600000381469727,5000,0.0,0.0
2024-08-15 01:25:00+00:00,26.600000381469727,26.600000381469727,26.5,26.5,18783,0.0,0.0
2024-08-15 01:30:00+00:00,26.5,26.549999237060547,26.5,26.549999237060547,3000,0.0,0.0
2024-08-15 01:35:00+00:00,26.5,26.600000381469727,26.5,26.549999237060547,15244,0.0,0.0
2024-08-15 01:45:00+00:00,26.649999618530273,26.649999618530273,26.649999618530273,26.649999618530273,7000,0.0,0.0
2024-08-15 01:50:00+00:00,26.700000762939453,26.700000762939453,26.700000762939453,26.700000762939453,9000,0.0,0.0
2024-08-15 01:55:00+00:00,26.75,26.75,26.700000762939453,26.700000762939453,4000,0.0,0.0
2024-08-15 02:00:00+00:00,26.700000762939453,26.700000762939453,26.700000762939453,26.700000762939453,2000,0.0,0.0
2024-08-15 02:10:00+00:00,26.75,26.75,26.75,26.75,5000,0.0,0.0
2024-08-15 02:15:00+00:00,26.700000762939453,26.700000762939453,26.700000762939453,26.700000762939453,2000,0.0,0.0
2024-08-15 02:25:00+00:00,26.700000762939453,26.700000762939453,26.700000762939453,26.700000762939453,1000,0.0,0.0
2024-08-15 02:30:00+00:00,26.700000762939453,26.700000762939453,26.700000762939453,26.700000762939453,6001,0.0,0.0
2024-08-15 02:35:00+00:00,26.700000762939453,26.700000762939453,26.700000762939453,26.700000762939453,1000,0.0,0.0
2024-08-15 02:40:00+00:00,26.700000762939453,26.700000762939453,26.700000762939453,26.700000762939453,2000,0.0,0.0
2024-08-15 02:45:00+00:00,26.75,26.75,26.75,26.75,1000,0.0,0.0
2024-08-15 02:50:00+00:00,26.75,26.75,26.75,26.75,1000,0.0,0.0
2024-08-15 03:00:00+00:00,26.700000762939453,26.75,26.700000762939453,26.75,3000,0.0,0.0
2024-08-15 03:10:00+00:00,26.75,26.75,26.700000762939453,26.700000762939453,2000,0.0,0.0
2024-08-15 03:15:00+00:00,26.700000762939453,26.700000762939453,26.700000762939453,26.700000762939453,2000,0.0,0.0
2024-08-15 03:25:00+00:00,26.700000762939453,26.700000762939453,26.700000762939453,26.700000762939453,4000,0.0,0.0
2024-08-15 03:30:00+00:00,26.649999618530273,26.649999618530273,26.649999618530273,26.649999618530273,11000,0.0,0.0
2024-08-15 03:35:00+00:00,26.600000381469727,26.600000381469727,26.600000381469727,26.600000381469727,1000,0.0,0.0
2024-08-15 03:40:00+00:00,26.700000762939453,26.700000762939453,26.600000381469727,26.600000381469727,12000,0.0,0.0
2024-08-15 03:45:00+00:00,26.600000381469727,26.600000381469727,26.600000381469727,26.600000381469727,22447,0.0,0.0
2024-08-15 04:00:00+00:00,26.600000381469727,26.600000381469727,26.600000381469727,26.600000381469727,2000,0.0,0.0
2024-08-15 04:05:00+00:00,26.700000762939453,26.700000762939453,26.600000381469727,26.600000381469727,2000,0.0,0.0
2024-08-15 04:10:00+00:00,26.549999237060547,26.549999237060547,26.549999237060547,26.549999237060547,16000,0.0,0.0
2024-08-15 04:15:00+00:00,26.549999237060547,26.549999237060547,26.549999237060547,26.549999237060547,5000,0.0,0.0
2024-08-15 04:20:00+00:00,26.549999237060547,26.549999237060547,26.5,26.5,21000,0.0,0.0
2024-08-15 04:25:00+00:00,26.5,26.549999237060547,26.5,26.549999237060547,9200,0.0,0.0
2024-08-15 04:30:00+00:00,26.549999237060547,26.549999237060547,26.549999237060547,26.549999237060547,3144,0.0,0.0
2024-08-15 04:35:00+00:00,26.549999237060547,26.549999237060547,26.549999237060547,26.549999237060547,21046,0.0,0.0
2024-08-15 04:40:00+00:00,26.549999237060547,26.549999237060547,26.549999237060547,26.549999237060547,1000,0.0,0.0
2024-08-15 04:45:00+00:00,26.600000381469727,26.600000381469727,26.600000381469727,26.600000381469727,9000,0.0,0.0
2024-08-15 04:55:00+00:00,26.549999237060547,26.549999237060547,26.549999237060547,26.549999237060547,4106,0.0,0.0
2024-08-15 05:00:00+00:00,26.5,26.5,26.5,26.5,1005,0.0,0.0
2024-08-15 05:05:00+00:00,26.549999237060547,26.549999237060547,26.549999237060547,26.549999237060547,1100,0.0,0.0
2024-08-15 05:10:00+00:00,26.5,26.5,26.5,26.5,22000,0.0,0.0
2024-08-15 05:15:00+00:00,26.549999237060547,26.549999237060547,26.5,26.5,7400,0.0,0.0
2024-08-15 05:20:00+00:00,26.5,26.549999237060547,26.5,26.549999237060547,5146,0.0,0.0
2024-08-16 01:00:00+00:00,26.799999237060547,26.799999237060547,26.75,26.75,0,0.0,0.0
2024-08-16 01:05:00+00:00,26.700000762939453,26.75,26.549999237060547,26.75,20000,0.0,0.0
2024-08-16 01:10:00+00:00,26.799999237060547,26.850000381469727,26.799999237060547,26.850000381469727,6000,0.0,0.0
2024-08-16 01:15:00+00:00,26.799999237060547,26.799999237060547,26.75,26.75,4000,0.0,0.0
2024-08-16 01:20:00+00:00,26.799999237060547,26.799999237060547,26.799999237060547,26.799999237060547,1000,0.0,0.0
2024-08-16 01:25:00+00:00,26.799999237060547,26.799999237060547,26.700000762939453,26.75,12044,0.0,0.0
2024-08-16 01:30:00+00:00,26.75,26.799999237060547,26.700000762939453,26.75,19022,0.0,0.0
2024-08-16 01:35:00+00:00,26.75,26.75,26.75,26.75,1001,0.0,0.0
2024-08-16 01:40:00+00:00,26.75,26.799999237060547,26.75,26.75,19000,0.0,0.0
2024-08-16 01:50:00+00:00,26.75,26.75,26.75,26.75,10000,0.0,0.0
2024-08-16 01:55:00+00:00,26.799999237060547,26.799999237060547,26.75,26.75,6000,0.0,0.0
2024-08-16 02:00:00+00:00,26.75,26.75,26.75,26.75,6000,0.0,0.0
2024-08-16 02:05:00+00:00,26.75,26.75,26.700000762939453,26.700000762939453,8335,0.0,0.0
2024-08-16 02:15:00+00:00,26.75,26.75,26.700000762939453,26.700000762939453,6368,0.0,0.0
2024-08-16 02:30:00+00:00,26.75,26.75,26.75,26.75,5000,0.0,0.0
2024-08-16 02:35:00+00:00,26.75,26.75,26.75,26.75,5000,0.0,0.0
2024-08-16 02:45:00+00:00,26.75,26.75,26.75,26.75,2000,0.0,0.0
2024-08-16 02:50:00+00:00,26.75,26.75,26.75,26.75,1166,0.0,0.0
2024-08-16 03:10:00+00:00,26.75,26.75,26.75,26.75,1000,0.0,0.0
2024-08-16 03:20:00+00:00,26.75,26.75,26.75,26.75,1000,0.0,0.0
2024-08-16 03:25:00+00:00,26.700000762939453,26.700000762939453,26.700000762939453,26.700000762939453,1000,0.0,0.0
2024-08-16 03:30:00+00:00,26.700000762939453,26.700000762939453,26.700000762939453,26.700000762939453,6000,0.0,0.0
2024-08-16 03:35:00+00:00,26.700000762939453,26.700000762939453,26.700000762939453,26.700000762939453,2001,0.0,0.0
2024-08-16 03:45:00+00:00,26.700000762939453,26.700000762939453,26.700000762939453,26.700000762939453,8000,0.0,0.0
2024-08-16 03:50:00+00:00,26.700000762939453,26.700000762939453,26.649999618530273,26.649999618530273,7089,0.0,0.0
2024-08-16 03:55:00+00:00,26.700000762939453,26.700000762939453,26.700000762939453,26.700000762939453,2027,0.0,0.0
2024-08-16 04:20:00+00:00,26.649999618530273,26.649999618530273,26.649999618530273,26.649999618530273,10000,0.0,0.0
2024-08-16 04:30:00+00:00,26.649999618530273,26.649999618530273,26.649999618530273,26.649999618530273,9000,0.0,0.0
2024-08-16 04:35:00+00:00,26.700000762939453,26.700000762939453,26.649999618530273,26.649999618530273,3127,0.0,0.0
2024-08-16 05:00:00+00:00,26.649999618530273,26.649999618530273,26.649999618530273,26.649999618530273,7135,0.0,0.0
2024-08-16 05:05:00+00:00,26.649999618530273,26.649999618530273,26.649999618530273,26.649999618530273,2032,0.0,0.0
2024-08-16 05:15:00+00:00,26.649999618530273,26.649999618530273,26.649999618530273,26.649999618530273,1001,0.0,0.0
2024-08-16 05:20:00+00:00,26.649999618530273,26.649999618530273,26.649999618530273,26.649999618530273,2709,0.0,0.0
2024-08-19 01:00:00+00:00,26.75,26.75,26.75,26.75,0,0.0,0.0
2024-08-19 01:05:00+00:00,26.700000762939453,26.700000762939453,26.649999618530273,26.649999618530273,23143,0.0,0.0
2024-08-19 01:10:00+00:00,26.700000762939453,26.75,26.700000762939453,26.75,5000,0.0,0.0
2024-08-19 01:15:00+00:00,26.799999237060547,26.799999237060547,26.799999237060547,26.799999237060547,2000,0.0,0.0
2024-08-19 01:20:00+00:00,26.75,26.75,26.75,26.75,1022,0.0,0.0
2024-08-19 01:35:00+00:00,26.75,26.75,26.600000381469727,26.600000381469727,21000,0.0,0.0
2024-08-19 01:45:00+00:00,26.649999618530273,26.649999618530273,26.649999618530273,26.649999618530273,1000,0.0,0.0
2024-08-19 01:50:00+00:00,26.649999618530273,26.649999618530273,26.649999618530273,26.649999618530273,1003,0.0,0.0
2024-08-19 01:55:00+00:00,26.700000762939453,26.700000762939453,26.700000762939453,26.700000762939453,6002,0.0,0.0
2024-08-19 02:00:00+00:00,26.649999618530273,26.649999618530273,26.649999618530273,26.649999618530273,1000,0.0,0.0
2024-08-19 02:05:00+00:00,26.649999618530273,26.700000762939453,26.600000381469727,26.600000381469727,7000,0.0,0.0
2024-08-19 02:10:00+00:00,26.649999618530273,26.700000762939453,26.649999618530273,26.700000762939453,25005,0.0,0.0
2024-08-19 02:45:00+00:00,26.75,26.75,26.75,26.75,7465,0.0,0.0
2024-08-19 03:00:00+00:00,26.799999237060547,26.799999237060547,26.799999237060547,26.799999237060547,1000,0.0,0.0
2024-08-19 03:05:00+00:00,26.75,26.75,26.700000762939453,26.700000762939453,10145,0.0,0.0
2024-08-19 03:10:00+00:00,26.700000762939453,26.700000762939453,26.700000762939453,26.700000762939453,2001,0.0,0.0
2024-08-19 03:15:00+00:00,26.700000762939453,26.700000762939453,26.700000762939453,26.700000762939453,1000,0.0,0.0
2024-08-19 03:25:00+00:00,26.75,26.75,26.75,26.75,2000,0.0,0.0
2024-08-19 03:30:00+00:00,26.75,26.75,26.75,26.75,2000,0.0,0.0
2024-08-19 03:35:00+00:00,26.75,26.799999237060547,26.700000762939453,26.799999237060547,26000,0.0,0.0
2024-08-19 03:40:00+00:00,26.799999237060547,26.799999237060547,26.799999237060547,26.799999237060547,1104,0.0,0.0
2024-08-19 03:50:00+00:00,26.799999237060547,26.799999237060547,26.799999237060547,26.799999237060547,4000,0.0,0.0
2024-08-19 03:55:00+00:00,26.75,26.75,26.75,26.75,1001,0.0,0.0
2024-08-19 04:05:00+00:00,26.75,26.75,26.700000762939453,26.700000762939453,7000,0.0,0.0
2024-08-19 04:10:00+00:00,26.700000762939453,26.700000762939453,26.700000762939453,26.700000762939453,3000,0.0,0.0
2024-08-19 04:15:00+00:00,26.700000762939453,26.700000762939453,26.700000762939453,26.700000762939453,5001,0.0,0.0
2024-08-19 04:20:00+00:00,26.700000762939453,26.700000762939453,26.700000762939453,26.700000762939453,2000,0.0,0.0
2024-08-19 04:25:00+00:00,26.700000762939453,26.700000762939453,26.700000762939453,26.700000762939453,2080,0.0,0.0
2024-08-19 04:30:00+00:00,26.75,26.75,26.75,26.75,4000,0.0,0.0
2024-08-19 04:40:00+00:00,26.700000762939453,26.700000762939453,26.600000381469727,26.600000381469727,24105,0.0,0.0
2024-08-19 04:45:00+00:00,26.600000381469727,26.600000381469727,26.549999237060547,26.549999237060547,20001,0.0,0.0
2024-08-19 04:50:00+00:00,26.549999237060547,26.549999237060547,26.5,26.549999237060547,61309,0.0,0.0
2024-08-19 05:05:00+00:00,26.600000381469727,26.600000381469727,26.600000381469727,26.600000381469727,1000,0.0,0.0
2024-08-19 05:10:00+00:00,26.649999618530273,26.649999618530273,26.600000381469727,26.649999618530273,8000,0.0,0.0
2024-08-19 05:15:00+00:00,26.649999618530273,26.649999618530273,26.549999237060547,26.549999237060547,11000,0.0,0.0
2024-08-19 05:20:00+00:00,26.649999618530273,26.649999618530273,26.600000381469727,26.600000381469727,4000,0.0,0.0
2024-08-20 01:00:00+00:00,26.799999237060547,26.799999237060547,26.799999237060547,26.799999237060547,0,0.0,0.0
2024-08-20 01:05:00+00:00,26.799999237060547,26.950000762939453,26.799999237060547,26.950000762939453,27001,0.0,0.0
2024-08-20 01:10:00+00:00,26.899999618530273,27.0,26.899999618530273,27.0,15000,0.0,0.0
2024-08-20 01:15:00+00:00,27.0,27.049999237060547,27.0,27.049999237060547,34000,0.0,0.0
2024-08-20 01:20:00+00:00,27.049999237060547,27.049999237060547,27.0,27.0,4000,0.0,0.0
2024-08-20 01:25:00+00:00,27.0,27.0,26.950000762939453,26.950000762939453,4019,0.0,0.0
2024-08-20 01:30:00+00:00,26.950000762939453,26.950000762939453,26.950000762939453,26.950000762939453,5011,0.0,0.0
2024-08-20 01:35:00+00:00,26.950000762939453,27.0,26.950000762939453,27.0,15000,0.0,0.0
2024-08-20 01:40:00+00:00,27.0,27.149999618530273,27.0,27.149999618530273,58066,0.0,0.0
2024-08-20 01:45:00+00:00,27.149999618530273,27.149999618530273,27.100000381469727,27.100000381469727,11000,0.0,0.0
2024-08-20 01:50:00+00:00,27.049999237060547,27.049999237060547,27.049999237060547,27.049999237060547,11000,0.0,0.0
2024-08-20 01:55:00+00:00,27.049999237060547,27.049999237060547,27.0,27.0,13001,0.0,0.0
2024-08-20 02:00:00+00:00,27.0,27.0,27.0,27.0,2177,0.0,0.0
2024-08-20 02:05:00+00:00,27.049999237060547,27.049999237060547,27.049999237060547,27.049999237060547,3000,0.0,0.0
2024-08-20 02:10:00+00:00,27.049999237060547,27.049999237060547,27.049999237060547,27.049999237060547,1000,0.0,0.0
2024-08-20 02:15:00+00:00,27.049999237060547,27.049999237060547,27.0,27.0,10000,0.0,0.0
2024-08-20 02:20:00+00:00,27.049999237060547,27.100000381469727,27.049999237060547,27.100000381469727,16868,0.0,0.0
2024-08-20 02:25:00+00:00,27.100000381469727,27.100000381469727,27.100000381469727,27.100000381469727,12000,0.0,0.0
2024-08-20 02:30:00+00:00,27.100000381469727,27.100000381469727,27.100000381469727,27.100000381469727,2063,0.0,0.0
2024-08-20 02:35:00+00:00,27.100000381469727,27.149999618530273,27.100000381469727,27.149999618530273,7189,0.0,0.0
2024-08-20 02:40:00+00:00,27.100000381469727,27.149999618530273,27.100000381469727,27.149999618530273,10000,0.0,0.0
2024-08-20 02:45:00+00:00,27.100000381469727,27.100000381469727,27.100000381469727,27.100000381469727,6002,0.0,0.0
2024-08-20 02:50:00+00:00,27.049999237060547,27.049999237060547,27.0,27.0,12000,0.0,0.0
2024-08-20 02:55:00+00:00,27.049999237060547,27.200000762939453,27.049999237060547,27.200000762939453,29376,0.0,0.0
2024-08-20 03:00:00+00:00,27.25,27.299999237060547,27.25,27.25,24100,0.0,0.0
2024-08-20 03:10:00+00:00,27.25,27.25,27.25,27.25,3100,0.0,0.0
2024-08-20 03:15:00+00:00,27.25,27.25,27.25,27.25,5000,0.0,0.0
2024-08-20 03:20:00+00:00,27.200000762939453,27.200000762939453,27.200000762939453,27.200000762939453,0,0.0,0.0
2024-08-20 03:25:00+00:00,27.149999618530273,27.149999618530273,27.149999618530273,27.149999618530273,356973,0.0,0.0
2024-08-20 03:30:00+00:00,27.149999618530273,27.149999618530273,27.149999618530273,27.149999618530273,4001,0.0,0.0
2024-08-20 03:35:00+00:00,27.100000381469727,27.100000381469727,27.100000381469727,27.100000381469727,7000,0.0,0.0
2024-08-20 03:40:00+00:00,27.100000381469727,27.100000381469727,27.049999237060547,27.049999237060547,4015,0.0,0.0
2024-08-20 03:45:00+00:00,27.100000381469727,27.100000381469727,27.100000381469727,27.100000381469727,5000,0.0,0.0
2024-08-20 04:00:00+00:00,27.100000381469727,27.100000381469727,27.049999237060547,27.049999237060547,19007,0.0,0.0
2024-08-20 04:10:00+00:00,27.049999237060547,27.049999237060547,27.049999237060547,27.049999237060547,1000,0.0,0.0
2024-08-20 04:15:00+00:00,27.049999237060547,27.049999237060547,27.049999237060547,27.049999237060547,6000,0.0,0.0
2024-08-20 04:20:00+00:00,27.049999237060547,27.049999237060547,27.049999237060547,27.049999237060547,2000,0.0,0.0
2024-08-20 04:30:00+00:00,27.049999237060547,27.049999237060547,27.049999237060547,27.049999237060547,16200,0.0,0.0
2024-08-20 04:35:00+00:00,27.049999237060547,27.049999237060547,27.049999237060547,27.049999237060547,6240,0.0,0.0
2024-08-20 04:45:00+00:00,27.049999237060547,27.049999237060547,27.049999237060547,27.049999237060547,2050,0.0,0.0
2024-08-20 04:50:00+00:00,27.049999237060547,27.049999237060547,27.049999237060547,27.049999237060547,6000,0.0,0.0
2024-08-20 04:55:00+00:00,27.0,27.0,27.0,27.0,5000,0.0,0.0
2024-08-20 05:05:00+00:00,27.0,27.0,27.0,27.0,7000,0.0,0.0
2024-08-20 05:10:00+00:00,27.0,27.0,27.0,27.0,2000,0.0,0.0
2024-08-20 05:15:00+00:00,27.0,27.049999237060547,27.0,27.049999237060547,9002,0.0,0.0
2024-08-20 05:20:00+00:00,27.049999237060547,27.049999237060547,27.0,27.0,3101,0.0,0.0
2024-08-21 01:00:00+00:00,27.149999618530273,27.149999618530273,26.850000381469727,26.850000381469727,0,0.0,0.0
2024-08-21 01:05:00+00:00,26.799999237060547,26.799999237060547,26.600000381469727,26.649999618530273,42001,0.0,0.0
2024-08-21 01:10:00+00:00,26.649999618530273,26.700000762939453,26.649999618530273,26.700000762939453,12040,0.0,0.0
2024-08-21 01:15:00+00:00,26.700000762939453,26.75,26.700000762939453,26.75,8000,0.0,0.0
2024-08-21 01:20:00+00:00,26.75,26.75,26.75,26.75,1000,0.0,0.0
2024-08-21 01:25:00+00:00,26.799999237060547,26.799999237060547,26.799999237060547,26.799999237060547,3000,0.0,0.0
2024-08-21 01:30:00+00:00,26.799999237060547,26.850000381469727,26.799999237060547,26.850000381469727,5000,0.0,0.0
2024-08-21 01:35:00+00:00,26.850000381469727,26.899999618530273,26.850000381469727,26.899999618530273,4001,0.0,0.0
2024-08-21 01:45:00+00:00,26.950000762939453,26.950000762939453,26.950000762939453,26.950000762939453,5201,0.0,0.0
2024-08-21 01:50:00+00:00,26.899999618530273,26.899999618530273,26.899999618530273,26.899999618530273,9000,0.0,0.0
2024-08-21 01:55:00+00:00,26.799999237060547,26.899999618530273,26.799999237060547,26.899999618530273,2031,0.0,0.0
2024-08-21 02:00:00+00:00,26.899999618530273,26.899999618530273,26.899999618530273,26.899999618530273,2085,0.0,0.0
2024-08-21 02:05:00+00:00,26.799999237060547,26.799999237060547,26.799999237060547,26.799999237060547,2111,0.0,0.0
2024-08-21 02:25:00+00:00,26.799999237060547,26.799999237060547,26.799999237060547,26.799999237060547,1000,0.0,0.0
2024-08-21 02:30:00+00:00,26.850000381469727,26.850000381469727,26.799999237060547,26.799999237060547,4097,0.0,0.0
2024-08-21 02:55:00+00:00,26.799999237060547,26.799999237060547,26.799999237060547,26.799999237060547,4000,0.0,0.0
2024-08-21 03:00:00+00:00,26.799999237060547,26.799999237060547,26.75,26.75,9042,0.0,0.0
2024-08-21 03:10:00+00:00,26.799999237060547,26.799999237060547,26.799999237060547,26.799999237060547,1295,0.0,0.0
2024-08-21 03:15:00+00:00,26.799999237060547,26.799999237060547,26.75,26.75,7756,0.0,0.0
2024-08-21 03:35:00+00:00,26.799999237060547,26.799999237060547,26.799999237060547,26.799999237060547,4000,0.0,0.0
2024-08-21 03:40:00+00:00,26.799999237060547,26.799999237060547,26.799999237060547,26.799999237060547,2040,0.0,0.0
2024-08-21 03:45:00+00:00,26.799999237060547,26.799999237060547,26.799999237060547,26.799999237060547,1030,0.0,0.0
2024-08-21 03:55:00+00:00,26.799999237060547,26.799999237060547,26.75,26.75,2001,0.0,0.0
2024-08-21 04:00:00+00:00,26.75,26.75,26.75,26.75,1000,0.0,0.0
2024-08-21 04:05:00+00:00,26.75,26.75,26.75,26.75,6000,0.0,0.0
2024-08-21 04:10:00+00:00,26.75,26.75,26.75,26.75,1000,0.0,0.0
2024-08-21 04:15:00+00:00,26.799999237060547,26.799999237060547,26.799999237060547,26.799999237060547,1057,0.0,0.0
2024-08-21 04:30:00+00:00,26.75,26.75,26.75,26.75,1003,0.0,0.0
2024-08-21 04:40:00+00:00,26.75,26.799999237060547,26.75,26.799999237060547,5000,0.0,0.0
2024-08-21 04:45:00+00:00,26.75,26.75,26.700000762939453,26.75,19050,0.0,0.0
2024-08-21 04:50:00+00:00,26.700000762939453,26.700000762939453,26.700000762939453,26.700000762939453,16298,0.0,0.0
2024-08-21 04:55:00+00:00,26.700000762939453,26.700000762939453,26.700000762939453,26.700000762939453,2000,0.0,0.0
2024-08-21 05:05:00+00:00,26.75,26.75,26.75,26.75,9000,0.0,0.0
2024-08-21 05:10:00+00:00,26.700000762939453,26.700000762939453,26.700000762939453,26.700000762939453,4000,0.0,0.0
2024-08-21 05:15:00+00:00,26.700000762939453,26.75,26.700000762939453,26.75,6000,0.0,0.0
2024-08-21 05:20:00+00:00,26.75,26.75,26.75,26.75,2001,0.0,0.0
2024-08-22 01:05:00+00:00,26.899999618530273,26.899999618530273,26.899999618530273,26.899999618530273,0,0.0,0.0
2024-08-22 01:10:00+00:00,26.899999618530273,26.899999618530273,26.899999618530273,26.899999618530273,4000,0.0,0.0
2024-08-22 01:15:00+00:00,26.899999618530273,26.899999618530273,26.899999618530273,26.899999618530273,10002,0.0,0.0
2024-08-22 01:20:00+00:00,26.899999618530273,26.899999618530273,26.850000381469727,26.850000381469727,13000,0.0,0.0
2024-08-22 01:30:00+00:00,26.850000381469727,26.899999618530273,26.850000381469727,26.899999618530273,25000,0.0,0.0
2024-08-22 01:40:00+00:00,26.850000381469727,26.850000381469727,26.850000381469727,26.850000381469727,1000,0.0,0.0
2024-08-22 01:50:00+00:00,26.899999618530273,26.899999618530273,26.899999618530273,26.899999618530273,5000,0.0,0.0
2024-08-22 01:55:00+00:00,26.899999618530273,26.899999618530273,26.899999618530273,26.899999618530273,1000,0.0,0.0
2024-08-22 02:00:00+00:00,26.950000762939453,27.0,26.950000762939453,26.950000762939453,20071,0.0,0.0
2024-08-22 02:05:00+00:00,27.0,27.049999237060547,27.0,27.049999237060547,17007,0.0,0.0
2024-08-22 02:10:00+00:00,27.049999237060547,27.100000381469727,27.049999237060547,27.100000381469727,20000,0.0,0.0
2024-08-22 02:15:00+00:00,27.100000381469727,27.149999618530273,27.100000381469727,27.149999618530273,10000,0.0,0.0
2024-08-22 02:20:00+00:00,27.100000381469727,27.100000381469727,27.100000381469727,27.100000381469727,2000,0.0,0.0
2024-08-22 02:25:00+00:00,27.049999237060547,27.100000381469727,27.049999237060547,27.100000381469727,6000,0.0,0.0
2024-08-22 02:30:00+00:00,27.049999237060547,27.049999237060547,27.049999237060547,27.049999237060547,7000,0.0,0.0
2024-08-22 02:35:00+00:00,27.100000381469727,27.100000381469727,27.100000381469727,27.100000381469727,48001,0.0,0.0
2024-08-22 02:40:00+00:00,27.049999237060547,27.049999237060547,27.049999237060547,27.049999237060547,1018,0.0,0.0
2024-08-22 02:50:00+00:00,27.049999237060547,27.049999237060547,27.049999237060547,27.049999237060547,4000,0.0,0.0
2024-08-22 03:00:00+00:00,27.049999237060547,27.049999237060547,27.049999237060547,27.049999237060547,3000,0.0,0.0
2024-08-22 03:05:00+00:00,27.049999237060547,27.049999237060547,27.049999237060547,27.049999237060547,4001,0.0,0.0
2024-08-22 03:15:00+00:00,27.049999237060547,27.049999237060547,27.049999237060547,27.049999237060547,6000,0.0,0.0
2024-08-22 03:20:00+00:00,27.049999237060547,27.049999237060547,27.049999237060547,27.049999237060547,4001,0.0,0.0
2024-08-22 03:25:00+00:00,27.100000381469727,27.100000381469727,27.049999237060547,27.049999237060547,14000,0.0,0.0
2024-08-22 03:30:00+00:00,27.049999237060547,27.049999237060547,27.049999237060547,27.049999237060547,3000,0.0,0.0
2024-08-22 03:40:00+00:00,27.049999237060547,27.049999237060547,27.049999237060547,27.049999237060547,8200,0.0,0.0
2024-08-22 03:55:00+00:00,27.049999237060547,27.049999237060547,27.0,27.0,12000,0.0,0.0
2024-08-22 04:00:00+00:00,27.0,27.0,27.0,27.0,20000,0.0,0.0
2024-08-22 04:05:00+00:00,27.0,27.0,27.0,27.0,3000,0.0,0.0
2024-08-22 04:10:00+00:00,27.0,27.0,27.0,27.0,1000,0.0,0.0
2024-08-22 04:15:00+00:00,27.049999237060547,27.049999237060547,27.0,27.0,6006,0.0,0.0
2024-08-22 04:25:00+00:00,27.0,27.0,26.950000762939453,26.950000762939453,45087,0.0,0.0
2024-08-22 04:30:00+00:00,26.950000762939453,26.950000762939453,26.950000762939453,26.950000762939453,6000,0.0,0.0
2024-08-22 04:35:00+00:00,27.0,27.0,27.0,27.0,10100,0.0,0.0
2024-08-22 04:40:00+00:00,27.0,27.0,27.0,27.0,3000,0.0,0.0
2024-08-22 04:50:00+00:00,26.950000762939453,27.0,26.950000762939453,27.0,19000,0.0,0.0
2024-08-22 05:00:00+00:00,26.950000762939453,26.950000762939453,26.950000762939453,26.950000762939453,1000,0.0,0.0
2024-08-22 05:05:00+00:00,26.950000762939453,27.0,26.950000762939453,26.950000762939453,13020,0.0,0.0
2024-08-22 05:10:00+00:00,26.950000762939453,26.950000762939453,26.899999618530273,26.899999618530273,3000,0.0,0.0
2024-08-22 05:15:00+00:00,26.899999618530273,26.899999618530273,26.899999618530273,26.899999618530273,5994,0.0,0.0
2024-08-22 05:20:00+00:00,26.899999618530273,26.950000762939453,26.899999618530273,26.899999618530273,4016,0.0,0.0
2024-08-23 01:00:00+00:00,27.25,27.350000381469727,27.049999237060547,27.350000381469727,0,0.0,0.0
2024-08-23 01:05:00+00:00,27.399999618530273,28.149999618530273,27.350000381469727,27.899999618530273,213600,0.0,0.0
2024-08-23 01:10:00+00:00,27.850000381469727,27.950000762939453,27.649999618530273,27.649999618530273,130060,0.0,0.0
2024-08-23 01:15:00+00:00,27.600000381469727,27.649999618530273,27.5,27.600000381469727,39000,0.0,0.0
2024-08-23 01:20:00+00:00,27.600000381469727,28.0,27.600000381469727,27.950000762939453,117060,0.0,0.0
2024-08-23 01:25:00+00:00,27.899999618530273,27.950000762939453,27.700000762939453,27.799999237060547,52135,0.0,0.0
2024-08-23 01:30:00+00:00,27.799999237060547,27.899999618530273,27.600000381469727,27.850000381469727,71210,0.0,0.0
2024-08-23 01:35:00+00:00,27.850000381469727,27.850000381469727,27.799999237060547,27.850000381469727,37000,0.0,0.0
2024-08-23 01:40:00+00:00,27.799999237060547,27.850000381469727,27.75,27.75,13085,0.0,0.0
2024-08-23 01:45:00+00:00,27.75,27.799999237060547,27.700000762939453,27.700000762939453,18133,0.0,0.0
2024-08-23 01:50:00+00:00,27.649999618530273,27.649999618530273,27.649999618530273,27.649999618530273,20000,0.0,0.0
2024-08-23 01:55:00+00:00,27.649999618530273,27.649999618530273,27.649999618530273,27.649999618530273,3014,0.0,0.0
2024-08-23 02:00:00+00:00,27.600000381469727,27.700000762939453,27.600000381469727,27.700000762939453,40001,0.0,0.0
2024-08-23 02:05:00+00:00,27.649999618530273,27.649999618530273,27.600000381469727,27.649999618530273,12001,0.0,0.0
2024-08-23 02:10:00+00:00,27.700000762939453,27.700000762939453,27.700000762939453,27.700000762939453,1035,0.0,0.0
2024-08-23 02:15:00+00:00,27.700000762939453,27.850000381469727,27.700000762939453,27.700000762939453,26036,0.0,0.0
2024-08-23 02:20:00+00:00,27.700000762939453,28.450000762939453,27.700000762939453,28.299999237060547,270347,0.0,0.0
2024-08-23 02:25:00+00:00,28.25,28.25,28.049999237060547,28.049999237060547,79000,0.0,0.0
2024-08-23 02:30:00+00:00,28.049999237060547,28.100000381469727,27.950000762939453,27.950000762939453,49102,0.0,0.0
2024-08-23 02:35:00+00:00,27.950000762939453,28.100000381469727,27.950000762939453,28.100000381469727,28000,0.0,0.0
2024-08-23 02:40:00+00:00,28.100000381469727,28.149999618530273,28.049999237060547,28.149999618530273,63082,0.0,0.0
2024-08-23 02:45:00+00:00,28.049999237060547,28.149999618530273,28.049999237060547,28.049999237060547,9195,0.0,0.0
2024-08-23 02:50:00+00:00,28.049999237060547,28.049999237060547,27.950000762939453,27.950000762939453,32175,0.0,0.0
2024-08-23 02:55:00+00:00,27.899999618530273,27.950000762939453,27.899999618530273,27.950000762939453,8000,0.0,0.0
2024-08-23 03:00:00+00:00,28.0,28.0,27.950000762939453,27.950000762939453,9544,0.0,0.0
2024-08-23 03:05:00+00:00,27.950000762939453,27.950000762939453,27.950000762939453,27.950000762939453,8000,0.0,0.0
2024-08-23 03:10:00+00:00,27.950000762939453,27.950000762939453,27.899999618530273,27.899999618530273,3212,0.0,0.0
2024-08-23 03:15:00+00:00,27.899999618530273,27.950000762939453,27.850000381469727,27.950000762939453,35406,0.0,0.0
2024-08-23 03:20:00+00:00,27.950000762939453,28.0,27.950000762939453,28.0,21000,0.0,0.0
2024-08-23 03:25:00+00:00,28.0,28.100000381469727,28.0,28.100000381469727,25000,0.0,0.0
2024-08-23 03:30:00+00:00,28.100000381469727,28.100000381469727,28.100000381469727,28.100000381469727,11000,0.0,0.0
2024-08-23 03:35:00+00:00,28.049999237060547,28.049999237060547,28.049999237060547,28.049999237060547,4008,0.0,0.0
2024-08-23 03:40:00+00:00,28.100000381469727,28.100000381469727,28.0,28.100000381469727,14000,0.0,0.0
2024-08-23 03:45:00+00:00,28.100000381469727,28.149999618530273,28.0,28.0,10000,0.0,0.0
2024-08-23 03:50:00+00:00,28.100000381469727,28.100000381469727,28.100000381469727,28.100000381469727,3006,0.0,0.0
2024-08-23 03:55:00+00:00,28.100000381469727,28.25,28.100000381469727,28.100000381469727,57000,0.0,0.0
2024-08-23 04:00:00+00:00,28.200000762939453,28.25,28.200000762939453,28.25,25000,0.0,0.0
2024-08-23 04:05:00+00:00,28.25,28.25,28.149999618530273,28.200000762939453,9000,0.0,0.0
2024-08-23 04:10:00+00:00,28.100000381469727,28.700000762939453,28.100000381469727,28.649999618530273,222460,0.0,0.0
2024-08-23 04:15:00+00:00,28.549999237060547,28.649999618530273,28.549999237060547,28.549999237060547,26055,0.0,0.0
2024-08-23 04:20:00+00:00,28.5,28.5,28.399999618530273,28.450000762939453,33100,0.0,0.0
2024-08-23 04:25:00+00:00,28.450000762939453,28.5,28.350000381469727,28.350000381469727,26155,0.0,0.0
2024-08-23 04:30:00+00:00,28.399999618530273,28.450000762939453,28.350000381469727,28.399999618530273,11000,0.0,0.0
2024-08-23 04:35:00+00:00,28.399999618530273,28.399999618530273,28.399999618530273,28.399999618530273,6008,0.0,0.0
2024-08-23 04:40:00+00:00,28.450000762939453,28.450000762939453,28.399999618530273,28.399999618530273,4020,0.0,0.0
2024-08-23 04:45:00+00:00,28.399999618530273,28.399999618530273,28.399999618530273,28.399999618530273,16003,0.0,0.0
2024-08-23 04:50:00+00:00,28.350000381469727,28.350000381469727,28.200000762939453,28.200000762939453,45393,0.0,0.0
2024-08-23 04:55:00+00:00,28.149999618530273,28.25,28.149999618530273,28.25,36675,0.0,0.0
2024-08-23 05:00:00+00:00,28.25,28.299999237060547,28.200000762939453,28.200000762939453,15332,0.0,0.0
2024-08-23 05:05:00+00:00,28.200000762939453,28.200000762939453,28.100000381469727,28.100000381469727,40472,0.0,0.0
2024-08-23 05:10:00+00:00,28.100000381469727,28.200000762939453,28.100000381469727,28.200000762939453,18000,0.0,0.0
2024-08-23 05:15:00+00:00,28.25,28.350000381469727,28.25,28.25,24000,0.0,0.0
2024-08-23 05:20:00+00:00,28.25,28.350000381469727,28.25,28.350000381469727,45511,0.0,0.0
2024-08-26 01:00:00+00:00,28.399999618530273,28.399999618530273,28.0,28.350000381469727,0,0.0,0.0
2024-08-26 01:05:00+00:00,28.350000381469727,28.350000381469727,28.200000762939453,28.25,46697,0.0,0.0
2024-08-26 01:10:00+00:00,28.25,28.25,28.100000381469727,28.149999618530273,49130,0.0,0.0
2024-08-26 01:15:00+00:00,28.200000762939453,28.200000762939453,28.049999237060547,28.049999237060547,42101,0.0,0.0
2024-08-26 01:20:00+00:00,28.049999237060547,28.100000381469727,28.049999237060547,28.100000381469727,24165,0.0,0.0
2024-08-26 01:25:00+00:00,28.149999618530273,28.149999618530273,28.149999618530273,28.149999618530273,1006,0.0,0.0
2024-08-26 01:30:00+00:00,28.200000762939453,28.25,28.200000762939453,28.25,16021,0.0,0.0
2024-08-26 01:35:00+00:00,28.25,28.25,28.25,28.25,9000,0.0,0.0
2024-08-26 01:40:00+00:00,28.25,28.299999237060547,28.200000762939453,28.200000762939453,14305,0.0,0.0
2024-08-26 01:45:00+00:00,28.200000762939453,28.399999618530273,28.149999618530273,28.399999618530273,18032,0.0,0.0
2024-08-26 01:50:00+00:00,28.399999618530273,28.399999618530273,28.200000762939453,28.25,13100,0.0,0.0
2024-08-26 01:55:00+00:00,28.299999237060547,28.299999237060547,28.299999237060547,28.299999237060547,2000,0.0,0.0
2024-08-26 02:00:00+00:00,28.299999237060547,28.299999237060547,28.200000762939453,28.25,10050,0.0,0.0
2024-08-26 02:05:00+00:00,28.25,28.299999237060547,28.25,28.299999237060547,2120,0.0,0.0
2024-08-26 02:10:00+00:00,28.299999237060547,28.299999237060547,28.25,28.25,15000,0.0,0.0
2024-08-26 02:15:00+00:00,28.299999237060547,28.299999237060547,28.299999237060547,28.299999237060547,2000,0.0,0.0
2024-08-26 02:20:00+00:00,28.299999237060547,28.299999237060547,28.299999237060547,28.299999237060547,6000,0.0,0.0
2024-08-26 02:25:00+00:00,28.299999237060547,28.299999237060547,28.25,28.25,20111,0.0,0.0
2024-08-26 02:30:00+00:00,28.25,28.299999237060547,28.25,28.299999237060547,34001,0.0,0.0
2024-08-26 02:35:00+00:00,28.350000381469727,28.399999618530273,28.299999237060547,28.299999237060547,29249,0.0,0.0
2024-08-26 02:40:00+00:00,28.399999618530273,28.399999618530273,28.299999237060547,28.299999237060547,5001,0.0,0.0
2024-08-26 02:45:00+00:00,28.350000381469727,28.350000381469727,28.350000381469727,28.350000381469727,1000,0.0,0.0
2024-08-26 02:50:00+00:00,28.399999618530273,28.399999618530273,28.350000381469727,28.350000381469727,4000,0.0,0.0
2024-08-26 02:55:00+00:00,28.299999237060547,28.299999237060547,28.25,28.25,14020,0.0,0.0
2024-08-26 03:00:00+00:00,28.299999237060547,28.299999237060547,28.299999237060547,28.299999237060547,3001,0.0,0.0
2024-08-26 03:05:00+00:00,28.25,28.350000381469727,28.25,28.350000381469727,22016,0.0,0.0
2024-08-26 03:10:00+00:00,28.350000381469727,28.350000381469727,28.350000381469727,28.350000381469727,3000,0.0,0.0
2024-08-26 03:15:00+00:00,28.299999237060547,28.350000381469727,28.299999237060547,28.350000381469727,2000,0.0,0.0
2024-08-26 03:20:00+00:00,28.350000381469727,28.350000381469727,28.299999237060547,28.350000381469727,5301,0.0,0.0
2024-08-26 03:25:00+00:00,28.299999237060547,28.299999237060547,28.25,28.25,11000,0.0,0.0
2024-08-26 03:30:00+00:00,28.299999237060547,28.299999237060547,28.299999237060547,28.299999237060547,2000,0.0,0.0
2024-08-26 03:40:00+00:00,28.299999237060547,28.299999237060547,28.25,28.299999237060547,8092,0.0,0.0
2024-08-26 03:45:00+00:00,28.200000762939453,28.25,28.200000762939453,28.25,16000,0.0,0.0
2024-08-26 03:50:00+00:00,28.200000762939453,28.299999237060547,28.200000762939453,28.299999237060547,13000,0.0,0.0
2024-08-26 03:55:00+00:00,28.25,28.299999237060547,28.149999618530273,28.149999618530273,34000,0.0,0.0
2024-08-26 04:00:00+00:00,28.200000762939453,28.200000762939453,28.200000762939453,28.200000762939453,1000,0.0,0.0
2024-08-26 04:05:00+00:00,28.149999618530273,28.200000762939453,28.149999618530273,28.149999618530273,4000,0.0,0.0
2024-08-26 04:10:00+00:00,28.149999618530273,28.200000762939453,28.149999618530273,28.200000762939453,9000,0.0,0.0
2024-08-26 04:20:00+00:00,28.200000762939453,28.200000762939453,28.200000762939453,28.200000762939453,3001,0.0,0.0
2024-08-26 04:25:00+00:00,28.200000762939453,28.200000762939453,28.200000762939453,28.200000762939453,6047,0.0,0.0
2024-08-26 04:30:00+00:00,28.200000762939453,28.200000762939453,28.200000762939453,28.200000762939453,3016,0.0,0.0
2024-08-26 04:35:00+00:00,28.200000762939453,28.200000762939453,28.200000762939453,28.200000762939453,1239,0.0,0.0
2024-08-26 04:45:00+00:00,28.200000762939453,28.200000762939453,28.149999618530273,28.149999618530273,10000,0.0,0.0
2024-08-26 05:00:00+00:00,28.149999618530273,28.149999618530273,28.149999618530273,28.149999618530273,10287,0.0,0.0
2024-08-26 05:05:00+00:00,28.100000381469727,28.100000381469727,28.049999237060547,28.049999237060547,42098,0.0,0.0
2024-08-26 05:10:00+00:00,28.049999237060547,28.049999237060547,28.049999237060547,28.049999237060547,3239,0.0,0.0
2024-08-26 05:15:00+00:00,28.049999237060547,28.049999237060547,28.0,28.049999237060547,40000,0.0,0.0
2024-08-26 05:20:00+00:00,28.049999237060547,28.049999237060547,28.0,28.049999237060547,23149,0.0,0.0
2024-08-27 01:00:00+00:00,27.899999618530273,27.899999618530273,27.899999618530273,27.899999618530273,0,0.0,0.0
2024-08-27 01:10:00+00:00,27.899999618530273,27.899999618530273,27.850000381469727,27.850000381469727,13291,0.0,0.0
2024-08-27 01:15:00+00:00,27.850000381469727,27.899999618530273,27.850000381469727,27.850000381469727,13000,0.0,0.0
2024-08-27 01:20:00+00:00,27.950000762939453,28.299999237060547,27.950000762939453,28.299999237060547,44000,0.0,0.0
2024-08-27 01:25:00+00:00,28.299999237060547,28.299999237060547,28.200000762939453,28.200000762939453,16000,0.0,0.0
2024-08-27 01:30:00+00:00,28.149999618530273,28.149999618530273,28.100000381469727,28.149999618530273,7000,0.0,0.0
2024-08-27 01:35:00+00:00,28.049999237060547,28.049999237060547,28.049999237060547,28.049999237060547,3000,0.0,0.0
2024-08-27 01:40:00+00:00,27.950000762939453,28.0,27.950000762939453,28.0,18022,0.0,0.0
2024-08-27 01:45:00+00:00,28.0,28.100000381469727,28.0,28.100000381469727,41000,0.0,0.0
2024-08-27 01:50:00+00:00,28.100000381469727,28.149999618530273,28.100000381469727,28.149999618530273,0,0.0,0.0
2024-08-27 01:55:00+00:00,28.149999618530273,28.200000762939453,28.149999618530273,28.200000762939453,178314,0.0,0.0
2024-08-27 02:00:00+00:00,28.100000381469727,28.100000381469727,28.049999237060547,28.049999237060547,6000,0.0,0.0
2024-08-27 02:05:00+00:00,28.100000381469727,28.100000381469727,28.100000381469727,28.100000381469727,5001,0.0,0.0
2024-08-27 02:10:00+00:00,28.049999237060547,28.049999237060547,28.049999237060547,28.049999237060547,3000,0.0,0.0
2024-08-27 02:20:00+00:00,28.0,28.0,28.0,28.0,2000,0.0,0.0
2024-08-27 02:25:00+00:00,28.0,28.0,27.950000762939453,27.950000762939453,14000,0.0,0.0
2024-08-27 02:30:00+00:00,27.950000762939453,27.950000762939453,27.950000762939453,27.950000762939453,1000,0.0,0.0
2024-08-27 02:35:00+00:00,27.950000762939453,27.950000762939453,27.950000762939453,27.950000762939453,3000,0.0,0.0
2024-08-27 02:40:00+00:00,27.950000762939453,27.950000762939453,27.950000762939453,27.950000762939453,2001,0.0,0.0
2024-08-27 02:45:00+00:00,27.950000762939453,27.950000762939453,27.950000762939453,27.950000762939453,2000,0.0,0.0
2024-08-27 02:50:00+00:00,27.950000762939453,27.950000762939453,27.950000762939453,27.950000762939453,1000,0.0,0.0
2024-08-27 02:55:00+00:00,27.950000762939453,27.950000762939453,27.950000762939453,27.950000762939453,3000,0.0,0.0
2024-08-27 03:00:00+00:00,27.950000762939453,27.950000762939453,27.899999618530273,27.899999618530273,20056,0.0,0.0
2024-08-27 03:05:00+00:00,27.899999618530273,27.899999618530273,27.899999618530273,27.899999618530273,13118,0.0,0.0
2024-08-27 03:10:00+00:00,27.899999618530273,27.899999618530273,27.899999618530273,27.899999618530273,4000,0.0,0.0
2024-08-27 03:15:00+00:00,27.899999618530273,27.899999618530273,27.899999618530273,27.899999618530273,2100,0.0,0.0
2024-08-27 03:25:00+00:00,27.899999618530273,27.899999618530273,27.899999618530273,27.899999618530273,2000,0.0,0.0
2024-08-27 03:35:00+00:00,27.899999618530273,27.899999618530273,27.899999618530273,27.899999618530273,7000,0.0,0.0
2024-08-27 03:45:00+00:00,27.899999618530273,27.899999618530273,27.899999618530273,27.899999618530273,3023,0.0,0.0
2024-08-27 04:05:00+00:00,27.899999618530273,27.899999618530273,27.899999618530273,27.899999618530273,4000,0.0,0.0
2024-08-27 04:10:00+00:00,27.899999618530273,27.899999618530273,27.899999618530273,27.899999618530273,9000,0.0,0.0
2024-08-27 04:20:00+00:00,27.899999618530273,27.899999618530273,27.899999618530273,27.899999618530273,2000,0.0,0.0
2024-08-27 04:30:00+00:00,27.950000762939453,27.950000762939453,27.899999618530273,27.950000762939453,10002,0.0,0.0
2024-08-27 04:35:00+00:00,27.950000762939453,27.950000762939453,27.899999618530273,27.899999618530273,6000,0.0,0.0
2024-08-27 04:40:00+00:00,27.899999618530273,27.899999618530273,27.899999618530273,27.899999618530273,2000,0.0,0.0
2024-08-27 04:45:00+00:00,27.950000762939453,27.950000762939453,27.950000762939453,27.950000762939453,3000,0.0,0.0
2024-08-27 04:50:00+00:00,27.899999618530273,27.899999618530273,27.899999618530273,27.899999618530273,2001,0.0,0.0
2024-08-27 05:00:00+00:00,27.899999618530273,27.899999618530273,27.899999618530273,27.899999618530273,14000,0.0,0.0
2024-08-27 05:05:00+00:00,27.899999618530273,27.899999618530273,27.899999618530273,27.899999618530273,4000,0.0,0.0
2024-08-27 05:10:00+00:00,27.950000762939453,27.950000762939453,27.899999618530273,27.899999618530273,7000,0.0,0.0
2024-08-27 05:15:00+00:00,27.899999618530273,27.950000762939453,27.899999618530273,27.950000762939453,28000,0.0,0.0
2024-08-27 05:20:00+00:00,27.899999618530273,28.0,27.899999618530273,27.899999618530273,9574,0.0,0.0
2024-08-28 01:00:00+00:00,27.899999618530273,27.899999618530273,27.799999237060547,27.799999237060547,0,0.0,0.0
2024-08-28 01:05:00+00:00,27.75,27.75,27.75,27.75,8121,0.0,0.0
2024-08-28 01:10:00+00:00,27.75,27.75,27.700000762939453,27.700000762939453,33011,0.0,0.0
2024-08-28 01:15:00+00:00,27.700000762939453,27.700000762939453,27.649999618530273,27.700000762939453,13509,0.0,0.0
2024-08-28 01:20:00+00:00,27.700000762939453,27.700000762939453,27.649999618530273,27.700000762939453,14000,0.0,0.0
2024-08-28 01:25:00+00:00,27.700000762939453,27.700000762939453,27.649999618530273,27.700000762939453,10020,0.0,0.0
2024-08-28 01:35:00+00:00,27.700000762939453,27.700000762939453,27.649999618530273,27.649999618530273,17000,0.0,0.0
2024-08-28 01:40:00+00:00,27.649999618530273,27.700000762939453,27.649999618530273,27.649999618530273,10000,0.0,0.0
2024-08-28 01:45:00+00:00,27.649999618530273,27.649999618530273,27.649999618530273,27.649999618530273,4000,0.0,0.0
2024-08-28 01:50:00+00:00,27.649999618530273,27.649999618530273,27.649999618530273,27.649999618530273,14071,0.0,0.0
2024-08-28 01:55:00+00:00,27.649999618530273,27.649999618530273,27.649999618530273,27.649999618530273,4182,0.0,0.0
2024-08-28 02:00:00+00:00,27.600000381469727,27.649999618530273,27.600000381469727,27.600000381469727,38070,0.0,0.0
2024-08-28 02:10:00+00:00,27.600000381469727,27.600000381469727,27.549999237060547,27.549999237060547,37001,0.0,0.0
2024-08-28 02:15:00+00:00,27.600000381469727,27.649999618530273,27.600000381469727,27.649999618530273,10182,0.0,0.0
2024-08-28 02:30:00+00:00,27.600000381469727,27.600000381469727,27.600000381469727,27.600000381469727,1000,0.0,0.0
2024-08-28 02:35:00+00:00,27.600000381469727,27.600000381469727,27.600000381469727,27.600000381469727,2000,0.0,0.0
2024-08-28 02:40:00+00:00,27.600000381469727,27.649999618530273,27.600000381469727,27.600000381469727,28000,0.0,0.0
2024-08-28 02:45:00+00:00,27.600000381469727,27.700000762939453,27.600000381469727,27.700000762939453,21000,0.0,0.0
2024-08-28 02:50:00+00:00,27.700000762939453,27.700000762939453,27.700000762939453,27.700000762939453,2000,0.0,0.0
2024-08-28 02:55:00+00:00,27.700000762939453,27.700000762939453,27.700000762939453,27.700000762939453,7000,0.0,0.0
2024-08-28 03:00:00+00:00,27.700000762939453,27.700000762939453,27.700000762939453,27.700000762939453,6000,0.0,0.0
2024-08-28 03:05:00+00:00,27.649999618530273,27.649999618530273,27.649999618530273,27.649999618530273,2000,0.0,0.0
2024-08-28 03:15:00+00:00,27.649999618530273,27.649999618530273,27.649999618530273,27.649999618530273,1000,0.0,0.0
2024-08-28 03:20:00+00:00,27.649999618530273,27.700000762939453,27.649999618530273,27.700000762939453,6000,0.0,0.0
2024-08-28 03:25:00+00:00,27.75,27.75,27.75,27.75,5021,0.0,0.0
2024-08-28 03:30:00+00:00,27.649999618530273,27.649999618530273,27.649999618530273,27.649999618530273,1045,0.0,0.0
2024-08-28 03:50:00+00:00,27.649999618530273,27.75,27.649999618530273,27.75,12010,0.0,0.0
2024-08-28 03:55:00+00:00,27.75,27.75,27.75,27.75,2170,0.0,0.0
2024-08-28 04:00:00+00:00,27.75,27.75,27.75,27.75,1000,0.0,0.0
2024-08-28 04:05:00+00:00,27.75,27.75,27.75,27.75,2000,0.0,0.0
2024-08-28 04:10:00+00:00,27.700000762939453,27.75,27.700000762939453,27.75,6000,0.0,0.0
2024-08-28 04:15:00+00:00,27.700000762939453,27.700000762939453,27.700000762939453,27.700000762939453,6000,0.0,0.0
2024-08-28 04:20:00+00:00,27.649999618530273,27.649999618530273,27.649999618530273,27.649999618530273,6000,0.0,0.0
2024-08-28 04:25:00+00:00,27.700000762939453,27.700000762939453,27.700000762939453,27.700000762939453,1000,0.0,0.0
2024-08-28 04:35:00+00:00,27.700000762939453,27.700000762939453,27.700000762939453,27.700000762939453,5000,0.0,0.0
2024-08-28 04:40:00+00:00,27.700000762939453,27.700000762939453,27.649999618530273,27.649999618530273,8000,0.0,0.0
2024-08-28 04:45:00+00:00,27.700000762939453,27.700000762939453,27.700000762939453,27.700000762939453,6000,0.0,0.0
2024-08-28 04:50:00+00:00,27.75,27.75,27.75,27.75,7000,0.0,0.0
2024-08-28 04:55:00+00:00,27.700000762939453,27.700000762939453,27.700000762939453,27.700000762939453,5000,0.0,0.0
2024-08-28 05:05:00+00:00,27.75,27.75,27.649999618530273,27.649999618530273,8000,0.0,0.0
2024-08-28 05:10:00+00:00,27.649999618530273,27.700000762939453,27.649999618530273,27.649999618530273,5000,0.0,0.0
2024-08-28 05:15:00+00:00,27.700000762939453,27.700000762939453,27.649999618530273,27.700000762939453,8000,0.0,0.0
2024-08-28 05:20:00+00:00,27.700000762939453,27.700000762939453,27.649999618530273,27.649999618530273,5000,0.0,0.0
2024-08-29 01:00:00+00:00,27.649999618530273,27.799999237060547,27.649999618530273,27.700000762939453,0,0.0,0.0
2024-08-29 01:05:00+00:00,27.649999618530273,27.649999618530273,27.649999618530273,27.649999618530273,1003,0.0,0.0
2024-08-29 01:10:00+00:00,27.649999618530273,27.799999237060547,27.649999618530273,27.799999237060547,19001,0.0,0.0
2024-08-29 01:15:00+00:00,27.799999237060547,27.799999237060547,27.799999237060547,27.799999237060547,5000,0.0,0.0
2024-08-29 01:25:00+00:00,27.75,27.75,27.75,27.75,2000,0.0,0.0
2024-08-29 01:30:00+00:00,27.75,27.75,27.75,27.75,3000,0.0,0.0
2024-08-29 01:35:00+00:00,27.75,27.75,27.75,27.75,1000,0.0,0.0
2024-08-29 01:40:00+00:00,27.75,27.950000762939453,27.75,27.950000762939453,33100,0.0,0.0
2024-08-29 01:45:00+00:00,27.950000762939453,27.950000762939453,27.799999237060547,27.799999237060547,12004,0.0,0.0
2024-08-29 01:50:00+00:00,27.799999237060547,27.850000381469727,27.799999237060547,27.850000381469727,7000,0.0,0.0
2024-08-29 01:55:00+00:00,27.799999237060547,27.799999237060547,27.799999237060547,27.799999237060547,9000,0.0,0.0
2024-08-29 02:00:00+00:00,27.799999237060547,27.850000381469727,27.799999237060547,27.850000381469727,4000,0.0,0.0
2024-08-29 02:10:00+00:00,27.850000381469727,27.850000381469727,27.75,27.75,22002,0.0,0.0
2024-08-29 02:15:00+00:00,27.75,27.75,27.649999618530273,27.649999618530273,41000,0.0,0.0
2024-08-29 02:20:00+00:00,27.649999618530273,27.700000762939453,27.600000381469727,27.700000762939453,32000,0.0,0.0
2024-08-29 02:25:00+00:00,27.75,27.75,27.75,27.75,3000,0.0,0.0
2024-08-29 02:30:00+00:00,27.75,27.75,27.700000762939453,27.700000762939453,7000,0.0,0.0
2024-08-29 02:35:00+00:00,27.700000762939453,27.700000762939453,27.700000762939453,27.700000762939453,10000,0.0,0.0
2024-08-29 02:40:00+00:00,27.75,27.75,27.75,27.75,2014,0.0,0.0
2024-08-29 02:50:00+00:00,27.75,27.75,27.700000762939453,27.700000762939453,2000,0.0,0.0
2024-08-29 02:55:00+00:00,27.700000762939453,27.700000762939453,27.700000762939453,27.700000762939453,6000,0.0,0.0
2024-08-29 03:05:00+00:00,27.649999618530273,27.649999618530273,27.649999618530273,27.649999618530273,2001,0.0,0.0
2024-08-29 03:10:00+00:00,27.700000762939453,27.700000762939453,27.649999618530273,27.649999618530273,2000,0.0,0.0
2024-08-29 03:15:00+00:00,27.700000762939453,27.700000762939453,27.700000762939453,27.700000762939453,4000,0.0,0.0
2024-08-29 03:20:00+00:00,27.649999618530273,27.649999618530273,27.649999618530273,27.649999618530273,1055,0.0,0.0
2024-08-29 03:25:00+00:00,27.649999618530273,27.649999618530273,27.649999618530273,27.649999618530273,1000,0.0,0.0
2024-08-29 03:30:00+00:00,27.649999618530273,27.649999618530273,27.600000381469727,27.600000381469727,36046,0.0,0.0
2024-08-29 03:35:00+00:00,27.600000381469727,27.649999618530273,27.600000381469727,27.649999618530273,9040,0.0,0.0
2024-08-29 03:40:00+00:00,27.649999618530273,27.649999618530273,27.649999618530273,27.649999618530273,1000,0.0,0.0
2024-08-29 03:45:00+00:00,27.649999618530273,27.649999618530273,27.649999618530273,27.649999618530273,1000,0.0,0.0
2024-08-29 03:50:00+00:00,27.649999618530273,27.649999618530273,27.649999618530273,27.649999618530273,4000,0.0,0.0
2024-08-29 04:00:00+00:00,27.649999618530273,27.649999618530273,27.649999618530273,27.649999618530273,1000,0.0,0.0
2024-08-29 04:05:00+00:00,27.600000381469727,27.600000381469727,27.600000381469727,27.600000381469727,2000,0.0,0.0
2024-08-29 04:10:00+00:00,27.600000381469727,27.600000381469727,27.600000381469727,27.600000381469727,1000,0.0,0.0
2024-08-29 04:15:00+00:00,27.600000381469727,27.649999618530273,27.600000381469727,27.649999618530273,2000,0.0,0.0
2024-08-29 04:20:00+00:00,27.649999618530273,27.649999618530273,27.649999618530273,27.649999618530273,6000,0.0,0.0
2024-08-29 04:25:00+00:00,27.649999618530273,27.649999618530273,27.649999618530273,27.649999618530273,8000,0.0,0.0
2024-08-29 04:30:00+00:00,27.649999618530273,27.649999618530273,27.649999618530273,27.649999618530273,1000,0.0,0.0
2024-08-29 04:35:00+00:00,27.649999618530273,27.649999618530273,27.649999618530273,27.649999618530273,1000,0.0,0.0
2024-08-29 04:40:00+00:00,27.649999618530273,27.649999618530273,27.649999618530273,27.649999618530273,2100,0.0,0.0
2024-08-29 04:45:00+00:00,27.649999618530273,27.649999618530273,27.649999618530273,27.649999618530273,1039,0.0,0.0
2024-08-29 04:55:00+00:00,27.649999618530273,27.649999618530273,27.649999618530273,27.649999618530273,10001,0.0,0.0
2024-08-29 05:00:00+00:00,27.649999618530273,27.649999618530273,27.649999618530273,27.649999618530273,2000,0.0,0.0
2024-08-29 05:05:00+00:00,27.649999618530273,27.649999618530273,27.600000381469727,27.600000381469727,3000,0.0,0.0
2024-08-29 05:15:00+00:00,27.600000381469727,27.649999618530273,27.600000381469727,27.649999618530273,3000,0.0,0.0
2024-08-29 05:20:00+00:00,27.649999618530273,27.649999618530273,27.600000381469727,27.600000381469727,23574,0.0,0.0
2024-08-30 01:00:00+00:00,27.700000762939453,27.799999237060547,27.700000762939453,27.799999237060547,0,0.0,0.0
2024-08-30 01:05:00+00:00,27.799999237060547,27.799999237060547,27.700000762939453,27.75,16000,0.0,0.0
2024-08-30 01:10:00+00:00,27.799999237060547,27.799999237060547,27.75,27.75,2000,0.0,0.0
2024-08-30 01:15:00+00:00,27.75,27.950000762939453,27.75,27.950000762939453,47066,0.0,0.0
2024-08-30 01:20:00+00:00,27.950000762939453,28.049999237060547,27.950000762939453,28.049999237060547,40000,0.0,0.0
2024-08-30 01:25:00+00:00,28.100000381469727,28.100000381469727,28.0,28.0,23000,0.0,0.0
2024-08-30 01:30:00+00:00,28.0,28.0,28.0,28.0,5035,0.0,0.0
2024-08-30 01:35:00+00:00,28.049999237060547,28.049999237060547,28.0,28.0,8000,0.0,0.0
2024-08-30 01:40:00+00:00,28.0,28.0,28.0,28.0,9000,0.0,0.0
2024-08-30 01:45:00+00:00,28.0,28.0,28.0,28.0,8000,0.0,0.0
2024-08-30 01:50:00+00:00,28.0,28.0,28.0,28.0,3000,0.0,0.0
2024-08-30 01:55:00+00:00,28.0,28.0,27.950000762939453,27.950000762939453,9001,0.0,0.0
2024-08-30 02:00:00+00:00,27.950000762939453,27.950000762939453,27.899999618530273,27.899999618530273,9000,0.0,0.0
2024-08-30 02:05:00+00:00,27.850000381469727,27.899999618530273,27.850000381469727,27.850000381469727,7321,0.0,0.0
2024-08-30 02:10:00+00:00,27.850000381469727,27.899999618530273,27.850000381469727,27.899999618530273,8000,0.0,0.0
2024-08-30 02:15:00+00:00,27.950000762939453,27.950000762939453,27.950000762939453,27.950000762939453,3001,0.0,0.0
2024-08-30 02:20:00+00:00,27.950000762939453,27.950000762939453,27.950000762939453,27.950000762939453,5000,0.0,0.0
2024-08-30 02:25:00+00:00,27.950000762939453,27.950000762939453,27.950000762939453,27.950000762939453,1000,0.0,0.0
2024-08-30 02:30:00+00:00,28.0,28.049999237060547,28.0,28.049999237060547,15000,0.0,0.0
2024-08-30 02:35:00+00:00,28.049999237060547,28.049999237060547,28.049999237060547,28.049999237060547,9000,0.0,0.0
2024-08-30 02:40:00+00:00,28.049999237060547,28.049999237060547,28.049999237060547,28.049999237060547,2000,0.0,0.0
2024-08-30 02:50:00+00:00,28.049999237060547,28.049999237060547,28.0,28.0,7000,0.0,0.0
2024-08-30 02:55:00+00:00,28.0,28.0,28.0,28.0,3000,0.0,0.0
2024-08-30 03:00:00+00:00,27.950000762939453,27.950000762939453,27.950000762939453,27.950000762939453,8000,0.0,0.0
2024-08-30 03:05:00+00:00,27.950000762939453,27.950000762939453,27.950000762939453,27.950000762939453,4001,0.0,0.0
2024-08-30 03:15:00+00:00,27.899999618530273,27.899999618530273,27.899999618530273,27.899999618530273,2000,0.0,0.0
2024-08-30 03:20:00+00:00,27.899999618530273,27.899999618530273,27.899999618530273,27.899999618530273,12000,0.0,0.0
2024-08-30 03:30:00+00:00,27.850000381469727,27.850000381469727,27.799999237060547,27.799999237060547,12000,0.0,0.0
2024-08-30 03:35:00+00:00,27.850000381469727,27.850000381469727,27.850000381469727,27.850000381469727,5000,0.0,0.0
2024-08-30 03:50:00+00:00,27.850000381469727,27.850000381469727,27.799999237060547,27.799999237060547,5000,0.0,0.0
2024-08-30 03:55:00+00:00,27.799999237060547,27.799999237060547,27.799999237060547,27.799999237060547,17000,0.0,0.0
2024-08-30 04:05:00+00:00,27.799999237060547,27.799999237060547,27.75,27.75,8000,0.0,0.0
2024-08-30 04:10:00+00:00,27.799999237060547,27.799999237060547,27.799999237060547,27.799999237060547,3000,0.0,0.0
2024-08-30 04:15:00+00:00,27.799999237060547,27.799999237060547,27.799999237060547,27.799999237060547,4000,0.0,0.0
2024-08-30 04:20:00+00:00,27.799999237060547,27.799999237060547,27.75,27.75,8000,0.0,0.0
2024-08-30 04:25:00+00:00,27.799999237060547,27.799999237060547,27.75,27.799999237060547,24000,0.0,0.0
2024-08-30 04:30:00+00:00,27.75,27.799999237060547,27.75,27.799999237060547,10333,0.0,0.0
2024-08-30 04:35:00+00:00,27.799999237060547,27.799999237060547,27.799999237060547,27.799999237060547,7006,0.0,0.0
2024-08-30 04:40:00+00:00,27.799999237060547,27.799999237060547,27.799999237060547,27.799999237060547,8000,0.0,0.0
2024-08-30 04:45:00+00:00,27.75,27.75,27.75,27.75,5000,0.0,0.0
2024-08-30 04:55:00+00:00,27.899999618530273,27.899999618530273,27.899999618530273,27.899999618530273,2002,0.0,0.0
2024-08-30 05:05:00+00:00,27.850000381469727,27.850000381469727,27.850000381469727,27.850000381469727,1000,0.0,0.0
2024-08-30 05:10:00+00:00,27.799999237060547,27.850000381469727,27.75,27.75,13000,0.0,0.0
2024-08-30 05:15:00+00:00,27.75,27.75,27.75,27.75,1000,0.0,0.0
2024-08-30 05:20:00+00:00,27.799999237060547,27.799999237060547,27.799999237060547,27.799999237060547,1004,0.0,0.0
2024-09-02 01:00:00+00:00,27.899999618530273,27.899999618530273,27.850000381469727,27.850000381469727,0,0.0,0.0
2024-09-02 01:05:00+00:00,27.899999618530273,27.899999618530273,27.850000381469727,27.850000381469727,4035,0.0,0.0
2024-09-02 01:10:00+00:00,27.850000381469727,27.850000381469727,27.850000381469727,27.850000381469727,9000,0.0,0.0
2024-09-02 01:15:00+00:00,27.850000381469727,27.850000381469727,27.850000381469727,27.850000381469727,1040,0.0,0.0
2024-09-02 01:20:00+00:00,27.850000381469727,27.899999618530273,27.850000381469727,27.899999618530273,12025,0.0,0.0
2024-09-02 01:30:00+00:00,27.899999618530273,27.899999618530273,27.899999618530273,27.899999618530273,3000,0.0,0.0
2024-09-02 01:35:00+00:00,27.850000381469727,27.899999618530273,27.850000381469727,27.850000381469727,3001,0.0,0.0
2024-09-02 01:40:00+00:00,27.850000381469727,27.850000381469727,27.850000381469727,27.850000381469727,8031,0.0,0.0
2024-09-02 01:50:00+00:00,27.799999237060547,27.799999237060547,27.799999237060547,27.799999237060547,10000,0.0,0.0
2024-09-02 01:55:00+00:00,27.799999237060547,27.799999237060547,27.75,27.75,3001,0.0,0.0
2024-09-02 02:00:00+00:00,27.799999237060547,27.799999237060547,27.799999237060547,27.799999237060547,6000,0.0,0.0
2024-09-02 02:05:00+00:00,27.75,27.850000381469727,27.75,27.850000381469727,4000,0.0,0.0
2024-09-02 02:10:00+00:00,27.850000381469727,27.850000381469727,27.850000381469727,27.850000381469727,2000,0.0,0.0
2024-09-02 02:15:00+00:00,27.850000381469727,27.850000381469727,27.850000381469727,27.850000381469727,3000,0.0,0.0
2024-09-02 02:20:00+00:00,27.850000381469727,27.850000381469727,27.850000381469727,27.850000381469727,3001,0.0,0.0
2024-09-02 02:25:00+00:00,27.899999618530273,27.899999618530273,27.899999618530273,27.899999618530273,1000,0.0,0.0
2024-09-02 02:45:00+00:00,27.899999618530273,27.899999618530273,27.899999618530273,27.899999618530273,1000,0.0,0.0
2024-09-02 02:50:00+00:00,27.899999618530273,27.899999618530273,27.899999618530273,27.899999618530273,1000,0.0,0.0
2024-09-02 02:55:00+00:00,27.899999618530273,27.899999618530273,27.899999618530273,27.899999618530273,3001,0.0,0.0
2024-09-02 03:00:00+00:00,27.899999618530273,27.899999618530273,27.899999618530273,27.899999618530273,3001,0.0,0.0
2024-09-02 03:15:00+00:00,27.950000762939453,27.950000762939453,27.950000762939453,27.950000762939453,11000,0.0,0.0
2024-09-02 03:25:00+00:00,27.950000762939453,27.950000762939453,27.950000762939453,27.950000762939453,3000,0.0,0.0
2024-09-02 03:30:00+00:00,27.950000762939453,27.950000762939453,27.950000762939453,27.950000762939453,5001,0.0,0.0
2024-09-02 04:15:00+00:00,27.899999618530273,27.899999618530273,27.850000381469727,27.850000381469727,9050,0.0,0.0
2024-09-02 04:20:00+00:00,27.850000381469727,27.850000381469727,27.850000381469727,27.850000381469727,6000,0.0,0.0
2024-09-02 04:30:00+00:00,27.850000381469727,27.850000381469727,27.850000381469727,27.850000381469727,1020,0.0,0.0
2024-09-02 04:35:00+00:00,27.850000381469727,27.850000381469727,27.850000381469727,27.850000381469727,1240,0.0,0.0
2024-09-02 04:45:00+00:00,27.799999237060547,27.799999237060547,27.799999237060547,27.799999237060547,6000,0.0,0.0
2024-09-02 04:50:00+00:00,27.75,27.75,27.75,27.75,0,0.0,0.0
2024-09-02 04:55:00+00:00,27.799999237060547,27.799999237060547,27.799999237060547,27.799999237060547,142632,0.0,0.0
2024-09-02 05:05:00+00:00,27.799999237060547,27.799999237060547,27.799999237060547,27.799999237060547,9018,0.0,0.0
2024-09-02 05:10:00+00:00,27.75,27.75,27.75,27.75,2000,0.0,0.0
2024-09-02 05:15:00+00:00,27.75,27.75,27.75,27.75,21001,0.0,0.0
2024-09-02 05:20:00+00:00,27.75,27.75,27.75,27.75,7155,0.0,0.0
2024-09-03 01:00:00+00:00,27.700000762939453,27.700000762939453,27.700000762939453,27.700000762939453,0,0.0,0.0
2024-09-03 01:05:00+00:00,27.75,27.75,27.700000762939453,27.700000762939453,12300,0.0,0.0
2024-09-03 01:10:00+00:00,27.700000762939453,27.700000762939453,27.700000762939453,27.700000762939453,2000,0.0,0.0
2024-09-03 01:25:00+00:00,27.700000762939453,27.700000762939453,27.700000762939453,27.700000762939453,4000,0.0,0.0
2024-09-03 01:30:00+00:00,27.75,27.75,27.75,27.75,8120,0.0,0.0
2024-09-03 01:35:00+00:00,27.75,27.75,27.75,27.75,2036,0.0,0.0
2024-09-03 01:40:00+00:00,27.75,27.75,27.75,27.75,6001,0.0,0.0
2024-09-03 01:45:00+00:00,27.75,27.75,27.75,27.75,2000,0.0,0.0
2024-09-03 01:50:00+00:00,27.75,27.75,27.75,27.75,1000,0.0,0.0
2024-09-03 02:00:00+00:00,27.700000762939453,27.700000762939453,27.700000762939453,27.700000762939453,2000,0.0,0.0
2024-09-03 02:15:00+00:00,27.700000762939453,27.75,27.700000762939453,27.75,14000,0.0,0.0
2024-09-03 02:20:00+00:00,27.75,27.75,27.75,27.75,1000,0.0,0.0
2024-09-03 02:30:00+00:00,27.75,27.75,27.75,27.75,0,0.0,0.0
2024-09-03 02:35:00+00:00,27.75,27.75,27.75,27.75,61468,0.0,0.0
2024-09-03 02:40:00+00:00,27.700000762939453,27.700000762939453,27.700000762939453,27.700000762939453,1000,0.0,0.0
2024-09-03 02:45:00+00:00,27.700000762939453,27.700000762939453,27.700000762939453,27.700000762939453,2000,0.0,0.0
2024-09-03 03:00:00+00:00,27.700000762939453,27.700000762939453,27.700000762939453,27.700000762939453,21000,0.0,0.0
2024-09-03 03:05:00+00:00,27.649999618530273,27.649999618530273,27.649999618530273,27.649999618530273,16025,0.0,0.0
2024-09-03 03:10:00+00:00,27.600000381469727,27.600000381469727,27.600000381469727,27.600000381469727,26000,0.0,0.0
2024-09-03 03:15:00+00:00,27.600000381469727,27.600000381469727,27.600000381469727,27.600000381469727,2000,0.0,0.0
2024-09-03 03:20:00+00:00,27.600000381469727,27.600000381469727,27.600000381469727,27.600000381469727,3001,0.0,0.0
2024-09-03 03:30:00+00:00,27.649999618530273,27.649999618530273,27.649999618530273,27.649999618530273,5098,0.0,0.0
2024-09-03 03:45:00+00:00,27.649999618530273,27.649999618530273,27.549999237060547,27.549999237060547,10000,0.0,0.0
2024-09-03 03:50:00+00:00,27.549999237060547,27.549999237060547,27.549999237060547,27.549999237060547,2001,0.0,0.0
2024-09-03 03:55:00+00:00,27.600000381469727,27.600000381469727,27.600000381469727,27.600000381469727,1001,0.0,0.0
2024-09-03 04:05:00+00:00,27.600000381469727,27.600000381469727,27.600000381469727,27.600000381469727,2016,0.0,0.0
2024-09-03 04:20:00+00:00,27.549999237060547,27.549999237060547,27.549999237060547,27.549999237060547,5000,0.0,0.0
2024-09-03 04:25:00+00:00,27.549999237060547,27.549999237060547,27.549999237060547,27.549999237060547,7000,0.0,0.0
2024-09-03 04:30:00+00:00,27.600000381469727,27.600000381469727,27.600000381469727,27.600000381469727,1051,0.0,0.0
2024-09-03 04:35:00+00:00,27.600000381469727,27.600000381469727,27.600000381469727,27.600000381469727,2002,0.0,0.0
2024-09-03 04:45:00+00:00,27.600000381469727,27.600000381469727,27.600000381469727,27.600000381469727,1000,0.0,0.0
2024-09-03 04:50:00+00:00,27.600000381469727,27.600000381469727,27.549999237060547,27.549999237060547,3133,0.0,0.0
2024-09-03 04:55:00+00:00,27.549999237060547,27.549999237060547,27.549999237060547,27.549999237060547,4000,0.0,0.0
2024-09-03 05:00:00+00:00,27.549999237060547,27.649999618530273,27.549999237060547,27.649999618530273,3010,0.0,0.0
2024-09-03 05:05:00+00:00,27.649999618530273,27.649999618530273,27.649999618530273,27.649999618530273,1000,0.0,0.0
2024-09-03 05:15:00+00:00,27.600000381469727,27.600000381469727,27.549999237060547,27.549999237060547,4000,0.0,0.0
2024-09-03 05:20:00+00:00,27.549999237060547,27.600000381469727,27.5,27.600000381469727,10797,0.0,0.0
2024-09-04 01:00:00+00:00,26.799999237060547,26.799999237060547,26.200000762939453,26.350000381469727,0,0.0,0.0
2024-09-04 01:05:00+00:00,26.200000762939453,26.350000381469727,26.100000381469727,26.350000381469727,10113,0.0,0.0
2024-09-04 01:10:00+00:00,26.649999618530273,26.649999618530273,26.5,26.5,6150,0.0,0.0
2024-09-04 01:15:00+00:00,26.549999237060547,26.600000381469727,26.5,26.600000381469727,10000,0.0,0.0
2024-09-04 01:20:00+00:00,26.600000381469727,26.600000381469727,26.549999237060547,26.549999237060547,5000,0.0,0.0
2024-09-04 01:25:00+00:00,26.549999237060547,26.600000381469727,26.549999237060547,26.600000381469727,19200,0.0,0.0
2024-09-04 01:30:00+00:00,26.700000762939453,26.799999237060547,26.700000762939453,26.799999237060547,3040,0.0,0.0
2024-09-04 01:35:00+00:00,26.799999237060547,26.799999237060547,26.649999618530273,26.649999618530273,18250,0.0,0.0
2024-09-04 01:40:00+00:00,26.600000381469727,26.600000381469727,26.600000381469727,26.600000381469727,8100,0.0,0.0
2024-09-04 01:45:00+00:00,26.649999618530273,26.799999237060547,26.649999618530273,26.799999237060547,8211,0.0,0.0
2024-09-04 01:50:00+00:00,26.899999618530273,26.899999618530273,26.899999618530273,26.899999618530273,11000,0.0,0.0
2024-09-04 01:55:00+00:00,26.899999618530273,26.899999618530273,26.899999618530273,26.899999618530273,11000,0.0,0.0
2024-09-04 02:00:00+00:00,26.899999618530273,26.899999618530273,26.799999237060547,26.799999237060547,14027,0.0,0.0
2024-09-04 02:05:00+00:00,26.700000762939453,26.850000381469727,26.700000762939453,26.850000381469727,14000,0.0,0.0
2024-09-04 02:10:00+00:00,26.799999237060547,26.799999237060547,26.799999237060547,26.799999237060547,2000,0.0,0.0
2024-09-04 02:15:00+00:00,26.799999237060547,26.799999237060547,26.799999237060547,26.799999237060547,1000,0.0,0.0
2024-09-04 02:25:00+00:00,26.799999237060547,26.799999237060547,26.799999237060547,26.799999237060547,2000,0.0,0.0
2024-09-04 02:30:00+00:00,26.899999618530273,26.899999618530273,26.899999618530273,26.899999618530273,9000,0.0,0.0
2024-09-04 02:35:00+00:00,26.950000762939453,26.950000762939453,26.950000762939453,26.950000762939453,16000,0.0,0.0
2024-09-04 02:40:00+00:00,27.0,27.0,27.0,27.0,11000,0.0,0.0
2024-09-04 02:45:00+00:00,26.899999618530273,26.899999618530273,26.899999618530273,26.899999618530273,4000,0.0,0.0
2024-09-04 02:50:00+00:00,26.899999618530273,26.899999618530273,26.899999618530273,26.899999618530273,6000,0.0,0.0
2024-09-04 02:55:00+00:00,26.899999618530273,26.899999618530273,26.850000381469727,26.850000381469727,8074,0.0,0.0
2024-09-04 03:00:00+00:00,26.850000381469727,26.850000381469727,26.850000381469727,26.850000381469727,4000,0.0,0.0
2024-09-04 03:15:00+00:00,26.799999237060547,26.799999237060547,26.799999237060547,26.799999237060547,3000,0.0,0.0
2024-09-04 03:25:00+00:00,26.799999237060547,26.799999237060547,26.75,26.75,30000,0.0,0.0
2024-09-04 03:30:00+00:00,26.75,26.75,26.600000381469727,26.600000381469727,30000,0.0,0.0
2024-09-04 03:35:00+00:00,26.649999618530273,26.649999618530273,26.649999618530273,26.649999618530273,5202,0.0,0.0
2024-09-04 03:40:00+00:00,26.649999618530273,26.649999618530273,26.649999618530273,26.649999618530273,6123,0.0,0.0
2024-09-04 03:55:00+00:00,26.700000762939453,26.700000762939453,26.700000762939453,26.700000762939453,3001,0.0,0.0
2024-09-04 04:00:00+00:00,26.700000762939453,26.700000762939453,26.700000762939453,26.700000762939453,5000,0.0,0.0
2024-09-04 04:05:00+00:00,26.700000762939453,26.700000762939453,26.700000762939453,26.700000762939453,1000,0.0,0.0
2024-09-04 04:15:00+00:00,26.700000762939453,26.700000762939453,26.700000762939453,26.700000762939453,2110,0.0,0.0
2024-09-04 04:20:00+00:00,26.649999618530273,26.700000762939453,26.649999618530273,26.700000762939453,19007,0.0,0.0
2024-09-04 04:25:00+00:00,26.649999618530273,26.700000762939453,26.649999618530273,26.700000762939453,5099,0.0,0.0
2024-09-04 04:30:00+00:00,26.700000762939453,26.700000762939453,26.700000762939453,26.700000762939453,3000,0.0,0.0
2024-09-04 04:35:00+00:00,26.700000762939453,26.700000762939453,26.649999618530273,26.649999618530273,3000,0.0,0.0
2024-09-04 04:45:00+00:00,26.700000762939453,26.700000762939453,26.649999618530273,26.649999618530273,4048,0.0,0.0
2024-09-04 04:50:00+00:00,26.700000762939453,26.700000762939453,26.700000762939453,26.700000762939453,1000,0.0,0.0
2024-09-04 04:55:00+00:00,26.700000762939453,26.700000762939453,26.649999618530273,26.649999618530273,4105,0.0,0.0
2024-09-04 05:00:00+00:00,26.700000762939453,26.700000762939453,26.649999618530273,26.649999618530273,10004,0.0,0.0
2024-09-04 05:05:00+00:00,26.649999618530273,26.850000381469727,26.649999618530273,26.850000381469727,31000,0.0,0.0
2024-09-04 05:10:00+00:00,26.649999618530273,26.649999618530273,26.649999618530273,26.649999618530273,1000,0.0,0.0
2024-09-04 05:15:00+00:00,26.649999618530273,26.75,26.649999618530273,26.649999618530273,4021,0.0,0.0
2024-09-04 05:20:00+00:00,26.700000762939453,26.700000762939453,26.700000762939453,26.700000762939453,2787,0.0,0.0
2024-09-05 01:00:00+00:00,27.049999237060547,27.049999237060547,27.049999237060547,27.049999237060547,0,0.0,0.0
2024-09-05 01:05:00+00:00,27.049999237060547,27.100000381469727,27.049999237060547,27.049999237060547,12004,0.0,0.0
2024-09-05 01:10:00+00:00,27.049999237060547,27.049999237060547,27.0,27.0,8000,0.0,0.0
2024-09-05 01:15:00+00:00,27.049999237060547,27.100000381469727,27.0,27.0,8000,0.0,0.0
2024-09-05 01:20:00+00:00,27.0,27.0,27.0,27.0,4000,0.0,0.0
2024-09-05 01:25:00+00:00,27.0,27.0,27.0,27.0,1002,0.0,0.0
2024-09-05 01:30:00+00:00,27.0,27.0,27.0,27.0,1037,0.0,0.0
2024-09-05 01:40:00+00:00,27.049999237060547,27.049999237060547,27.049999237060547,27.049999237060547,1000,0.0,0.0
2024-09-05 01:45:00+00:00,27.049999237060547,27.049999237060547,26.899999618530273,26.899999618530273,13000,0.0,0.0
2024-09-05 02:00:00+00:00,27.0,27.049999237060547,27.0,27.049999237060547,4000,0.0,0.0
2024-09-05 02:05:00+00:00,27.049999237060547,27.049999237060547,26.950000762939453,27.0,12014,0.0,0.0
2024-09-05 02:10:00+00:00,26.950000762939453,26.950000762939453,26.899999618530273,26.899999618530273,10090,0.0,0.0
2024-09-05 02:15:00+00:00,26.899999618530273,26.899999618530273,26.850000381469727,26.850000381469727,5416,0.0,0.0
2024-09-05 02:20:00+00:00,26.850000381469727,26.850000381469727,26.850000381469727,26.850000381469727,1000,0.0,0.0
2024-09-05 02:25:00+00:00,26.850000381469727,26.850000381469727,26.799999237060547,26.850000381469727,13584,0.0,0.0
2024-09-05 02:30:00+00:00,26.899999618530273,26.899999618530273,26.899999618530273,26.899999618530273,1000,0.0,0.0
2024-09-05 02:35:00+00:00,26.899999618530273,26.899999618530273,26.899999618530273,26.899999618530273,1100,0.0,0.0
2024-09-05 02:50:00+00:00,26.899999618530273,26.899999618530273,26.899999618530273,26.899999618530273,1000,0.0,0.0
2024-09-05 03:05:00+00:00,26.850000381469727,26.850000381469727,26.75,26.75,13000,0.0,0.0
2024-09-05 03:10:00+00:00,26.75,26.75,26.75,26.75,1000,0.0,0.0
2024-09-05 03:15:00+00:00,26.75,26.75,26.75,26.75,1030,0.0,0.0
2024-09-05 03:20:00+00:00,26.75,26.75,26.75,26.75,2170,0.0,0.0
2024-09-05 03:30:00+00:00,26.850000381469727,27.0,26.850000381469727,26.950000762939453,8005,0.0,0.0
2024-09-05 03:45:00+00:00,26.799999237060547,26.799999237060547,26.799999237060547,26.799999237060547,2000,0.0,0.0
2024-09-05 03:50:00+00:00,26.799999237060547,26.799999237060547,26.799999237060547,26.799999237060547,1100,0.0,0.0
2024-09-05 03:55:00+00:00,26.799999237060547,26.799999237060547,26.75,26.75,4000,0.0,0.0
2024-09-05 04:00:00+00:00,26.75,26.75,26.75,26.75,3000,0.0,0.0
2024-09-05 04:05:00+00:00,26.700000762939453,26.700000762939453,26.700000762939453,26.700000762939453,2106,0.0,0.0
2024-09-05 04:10:00+00:00,26.700000762939453,26.700000762939453,26.700000762939453,26.700000762939453,7000,0.0,0.0
2024-09-05 04:15:00+00:00,26.700000762939453,26.700000762939453,26.700000762939453,26.700000762939453,3001,0.0,0.0
2024-09-05 04:20:00+00:00,26.649999618530273,26.649999618530273,26.600000381469727,26.600000381469727,5000,0.0,0.0
2024-09-05 04:25:00+00:00,26.649999618530273,26.649999618530273,26.649999618530273,26.649999618530273,3000,0.0,0.0
2024-09-05 04:35:00+00:00,26.649999618530273,26.649999618530273,26.649999618530273,26.649999618530273,4000,0.0,0.0
2024-09-05 04:40:00+00:00,26.600000381469727,26.600000381469727,26.600000381469727,26.600000381469727,5001,0.0,0.0
2024-09-05 04:45:00+00:00,26.600000381469727,26.600000381469727,26.549999237060547,26.549999237060547,17000,0.0,0.0
2024-09-05 04:50:00+00:00,26.549999237060547,26.549999237060547,26.549999237060547,26.549999237060547,2098,0.0,0.0
2024-09-05 04:55:00+00:00,26.549999237060547,26.549999237060547,26.549999237060547,26.549999237060547,2001,0.0,0.0
2024-09-05 05:00:00+00:00,26.549999237060547,26.549999237060547,26.5,26.549999237060547,9001,0.0,0.0
2024-09-05 05:05:00+00:00,26.5,26.5,26.5,26.5,16073,0.0,0.0
2024-09-05 05:10:00+00:00,26.5,26.5,26.450000762939453,26.450000762939453,12127,0.0,0.0
2024-09-05 05:15:00+00:00,26.450000762939453,26.450000762939453,26.399999618530273,26.399999618530273,13022,0.0,0.0
2024-09-05 05:20:00+00:00,26.450000762939453,26.450000762939453,26.450000762939453,26.450000762939453,10060,0.0,0.0
2024-09-06 01:00:00+00:00,26.450000762939453,26.5,26.350000381469727,26.350000381469727,0,0.0,0.0
2024-09-06 01:05:00+00:00,26.350000381469727,26.350000381469727,26.350000381469727,26.350000381469727,5299,0.0,0.0
2024-09-06 01:10:00+00:00,26.299999237060547,26.549999237060547,26.299999237060547,26.549999237060547,17000,0.0,0.0
2024-09-06 01:15:00+00:00,26.549999237060547,26.549999237060547,26.450000762939453,26.450000762939453,2125,0.0,0.0
2024-09-06 01:20:00+00:00,26.549999237060547,26.549999237060547,26.549999237060547,26.549999237060547,1090,0.0,0.0
2024-09-06 01:25:00+00:00,26.549999237060547,26.549999237060547,26.549999237060547,26.549999237060547,2030,0.0,0.0
2024-09-06 01:35:00+00:00,26.5,26.5,26.5,26.5,2000,0.0,0.0
2024-09-06 01:40:00+00:00,26.5,26.5,26.5,26.5,9152,0.0,0.0
2024-09-06 01:50:00+00:00,26.549999237060547,26.600000381469727,26.549999237060547,26.600000381469727,3000,0.0,0.0
2024-09-06 01:55:00+00:00,26.600000381469727,26.600000381469727,26.600000381469727,26.600000381469727,2000,0.0,0.0
2024-09-06 02:00:00+00:00,26.649999618530273,26.700000762939453,26.649999618530273,26.700000762939453,10000,0.0,0.0
2024-09-06 02:05:00+00:00,26.600000381469727,26.600000381469727,26.600000381469727,26.600000381469727,10000,0.0,0.0
2024-09-06 02:10:00+00:00,26.600000381469727,26.600000381469727,26.600000381469727,26.600000381469727,1000,0.0,0.0
2024-09-06 02:20:00+00:00,26.600000381469727,26.600000381469727,26.600000381469727,26.600000381469727,2000,0.0,0.0
2024-09-06 02:25:00+00:00,26.600000381469727,26.600000381469727,26.600000381469727,26.600000381469727,1000,0.0,0.0
2024-09-06 02:30:00+00:00,26.549999237060547,26.549999237060547,26.549999237060547,26.549999237060547,5000,0.0,0.0
2024-09-06 02:35:00+00:00,26.549999237060547,26.549999237060547,26.549999237060547,26.549999237060547,2000,0.0,0.0
2024-09-06 02:45:00+00:00,26.549999237060547,26.549999237060547,26.549999237060547,26.549999237060547,8000,0.0,0.0
2024-09-06 02:50:00+00:00,26.5,26.5,26.5,26.5,2000,0.0,0.0
2024-09-06 03:00:00+00:00,26.549999237060547,26.600000381469727,26.5,26.5,13000,0.0,0.0
2024-09-06 03:05:00+00:00,26.5,26.5,26.5,26.5,7000,0.0,0.0
2024-09-06 03:10:00+00:00,26.5,26.5,26.5,26.5,1000,0.0,0.0
2024-09-06 03:15:00+00:00,26.5,26.5,26.5,26.5,2000,0.0,0.0
2024-09-06 03:30:00+00:00,26.600000381469727,26.600000381469727,26.600000381469727,26.600000381469727,2000,0.0,0.0
2024-09-06 03:50:00+00:00,26.5,26.5,26.5,26.5,2020,0.0,0.0
2024-09-06 04:00:00+00:00,26.600000381469727,26.700000762939453,26.549999237060547,26.549999237060547,11310,0.0,0.0
2024-09-06 04:15:00+00:00,26.600000381469727,26.649999618530273,26.549999237060547,26.649999618530273,5077,0.0,0.0
2024-09-06 04:20:00+00:00,26.649999618530273,26.700000762939453,26.649999618530273,26.700000762939453,2000,0.0,0.0
2024-09-06 04:25:00+00:00,26.700000762939453,26.700000762939453,26.700000762939453,26.700000762939453,2000,0.0,0.0
2024-09-06 04:30:00+00:00,26.700000762939453,26.700000762939453,26.700000762939453,26.700000762939453,2000,0.0,0.0
2024-09-06 04:35:00+00:00,26.75,26.75,26.75,26.75,4680,0.0,0.0
2024-09-06 04:40:00+00:00,26.75,26.75,26.75,26.75,2029,0.0,0.0
2024-09-06 04:45:00+00:00,26.75,26.75,26.75,26.75,2000,0.0,0.0
2024-09-06 04:50:00+00:00,26.75,26.75,26.75,26.75,2000,0.0,0.0
2024-09-06 04:55:00+00:00,26.75,26.799999237060547,26.75,26.799999237060547,4000,0.0,0.0
2024-09-06 05:00:00+00:00,26.799999237060547,26.799999237060547,26.799999237060547,26.799999237060547,12000,0.0,0.0
2024-09-06 05:05:00+00:00,26.850000381469727,26.850000381469727,26.700000762939453,26.700000762939453,3000,0.0,0.0
2024-09-06 05:10:00+00:00,26.850000381469727,26.850000381469727,26.850000381469727,26.850000381469727,2000,0.0,0.0
2024-09-06 05:15:00+00:00,26.850000381469727,26.899999618530273,26.850000381469727,26.899999618530273,4000,0.0,0.0
2024-09-06 05:20:00+00:00,26.850000381469727,26.850000381469727,26.75,26.75,3859,0.0,0.0
2024-09-09 01:00:00+00:00,26.149999618530273,26.350000381469727,26.0,26.350000381469727,0,0.0,0.0
2024-09-09 01:05:00+00:00,26.350000381469727,26.399999618530273,26.25,26.25,39102,0.0,0.0
2024-09-09 01:10:00+00:00,26.299999237060547,26.399999618530273,26.299999237060547,26.399999618530273,23100,0.0,0.0
2024-09-09 01:15:00+00:00,26.450000762939453,26.450000762939453,26.299999237060547,26.299999237060547,4256,0.0,0.0
2024-09-09 01:20:00+00:00,26.299999237060547,26.299999237060547,26.200000762939453,26.200000762939453,5054,0.0,0.0
2024-09-09 01:25:00+00:00,26.25,26.25,26.25,26.25,4000,0.0,0.0
2024-09-09 01:30:00+00:00,26.350000381469727,26.350000381469727,26.25,26.350000381469727,7000,0.0,0.0
2024-09-09 01:35:00+00:00,26.25,26.25,26.25,26.25,1003,0.0,0.0
2024-09-09 01:40:00+00:00,26.25,26.25,26.200000762939453,26.200000762939453,11021,0.0,0.0
2024-09-09 01:45:00+00:00,26.25,26.25,26.25,26.25,6000,0.0,0.0
2024-09-09 01:50:00+00:00,26.25,26.350000381469727,26.25,26.350000381469727,8000,0.0,0.0
2024-09-09 01:55:00+00:00,26.399999618530273,26.399999618530273,26.399999618530273,26.399999618530273,2000,0.0,0.0
2024-09-09 02:00:00+00:00,26.450000762939453,26.5,26.399999618530273,26.5,18270,0.0,0.0
2024-09-09 02:20:00+00:00,26.399999618530273,26.399999618530273,26.399999618530273,26.399999618530273,3000,0.0,0.0
2024-09-09 02:35:00+00:00,26.399999618530273,26.399999618530273,26.399999618530273,26.399999618530273,3000,0.0,0.0
2024-09-09 02:40:00+00:00,26.350000381469727,26.350000381469727,26.350000381469727,26.350000381469727,1000,0.0,0.0
2024-09-09 03:00:00+00:00,26.399999618530273,26.5,26.399999618530273,26.450000762939453,15033,0.0,0.0
2024-09-09 03:30:00+00:00,26.350000381469727,26.350000381469727,26.350000381469727,26.350000381469727,2000,0.0,0.0
2024-09-09 03:40:00+00:00,26.299999237060547,26.350000381469727,26.299999237060547,26.350000381469727,10353,0.0,0.0
2024-09-09 03:50:00+00:00,26.299999237060547,26.299999237060547,26.25,26.25,10100,0.0,0.0
2024-09-09 04:00:00+00:00,26.450000762939453,26.450000762939453,26.450000762939453,26.450000762939453,4080,0.0,0.0
2024-09-09 04:05:00+00:00,26.450000762939453,26.450000762939453,26.450000762939453,26.450000762939453,1000,0.0,0.0
2024-09-09 04:10:00+00:00,26.450000762939453,26.450000762939453,26.450000762939453,26.450000762939453,3000,0.0,0.0
2024-09-09 04:15:00+00:00,26.5,26.5,26.5,26.5,2000,0.0,0.0
2024-09-09 04:25:00+00:00,26.5,26.5,26.5,26.5,1000,0.0,0.0
2024-09-09 04:30:00+00:00,26.450000762939453,26.5,26.450000762939453,26.5,9030,0.0,0.0
2024-09-09 04:35:00+00:00,26.450000762939453,26.450000762939453,26.450000762939453,26.450000762939453,1000,0.0,0.0
2024-09-09 04:40:00+00:00,26.5,26.5,26.5,26.5,5000,0.0,0.0
2024-09-09 04:50:00+00:00,26.549999237060547,26.649999618530273,26.549999237060547,26.649999618530273,7675,0.0,0.0
2024-09-09 05:00:00+00:00,26.600000381469727,26.649999618530273,26.600000381469727,26.649999618530273,7000,0.0,0.0
2024-09-09 05:10:00+00:00,26.649999618530273,26.649999618530273,26.600000381469727,26.600000381469727,3001,0.0,0.0
2024-09-09 05:20:00+00:00,26.600000381469727,26.600000381469727,26.549999237060547,26.549999237060547,8150,0.0,0.0
2024-09-10 01:00:00+00:00,26.600000381469727,26.649999618530273,26.600000381469727,26.649999618530273,0,0.0,0.0
2024-09-10 01:05:00+00:00,26.649999618530273,26.649999618530273,26.649999618530273,26.649999618530273,1001,0.0,0.0
2024-09-10 01:10:00+00:00,26.649999618530273,26.649999618530273,26.649999618530273,26.649999618530273,2000,0.0,0.0
2024-09-10 01:20:00+00:00,26.600000381469727,26.799999237060547,26.600000381469727,26.799999237060547,10000,0.0,0.0
2024-09-10 01:25:00+00:00,26.600000381469727,26.600000381469727,26.600000381469727,26.600000381469727,5000,0.0,0.0
2024-09-10 01:30:00+00:00,26.549999237060547,26.549999237060547,26.549999237060547,26.549999237060547,4000,0.0,0.0
2024-09-10 01:35:00+00:00,26.549999237060547,26.549999237060547,26.549999237060547,26.549999237060547,5000,0.0,0.0
2024-09-10 01:40:00+00:00,26.549999237060547,26.549999237060547,26.5,26.5,3000,0.0,0.0
2024-09-10 01:55:00+00:00,26.600000381469727,26.600000381469727,26.600000381469727,26.600000381469727,10000,0.0,0.0
2024-09-10 02:00:00+00:00,26.549999237060547,26.600000381469727,26.549999237060547,26.600000381469727,15000,0.0,0.0
2024-09-10 02:05:00+00:00,26.549999237060547,26.549999237060547,26.549999237060547,26.549999237060547,1000,0.0,0.0
2024-09-10 02:10:00+00:00,26.5,26.5,26.5,26.5,2000,0.0,0.0
2024-09-10 02:20:00+00:00,26.549999237060547,26.600000381469727,26.549999237060547,26.600000381469727,9000,0.0,0.0
2024-09-10 02:30:00+00:00,26.649999618530273,26.700000762939453,26.649999618530273,26.700000762939453,14000,0.0,0.0
2024-09-10 02:35:00+00:00,26.75,26.75,26.75,26.75,3000,0.0,0.0
2024-09-10 02:40:00+00:00,26.799999237060547,26.799999237060547,26.799999237060547,26.799999237060547,1188,0.0,0.0
2024-09-10 02:45:00+00:00,26.75,26.75,26.75,26.75,4000,0.0,0.0
2024-09-10 03:00:00+00:00,26.700000762939453,26.700000762939453,26.600000381469727,26.600000381469727,22000,0.0,0.0
2024-09-10 03:10:00+00:00,26.549999237060547,26.549999237060547,26.549999237060547,26.549999237060547,2032,0.0,0.0
2024-09-10 03:40:00+00:00,26.600000381469727,26.600000381469727,26.600000381469727,26.600000381469727,1000,0.0,0.0
2024-09-10 03:50:00+00:00,26.549999237060547,26.549999237060547,26.5,26.5,11500,0.0,0.0
2024-09-10 03:55:00+00:00,26.450000762939453,26.450000762939453,26.450000762939453,26.450000762939453,1000,0.0,0.0
2024-09-10 04:00:00+00:00,26.5,26.5,26.5,26.5,1000,0.0,0.0
2024-09-10 04:10:00+00:00,26.5,26.549999237060547,26.5,26.549999237060547,9000,0.0,0.0
2024-09-10 04:15:00+00:00,26.600000381469727,26.600000381469727,26.600000381469727,26.600000381469727,1000,0.0,0.0
2024-09-10 04:20:00+00:00,26.5,26.5,26.5,26.5,3000,0.0,0.0
2024-09-10 04:25:00+00:00,26.450000762939453,26.450000762939453,26.299999237060547,26.350000381469727,20892,0.0,0.0
2024-09-10 04:30:00+00:00,26.299999237060547,26.299999237060547,26.299999237060547,26.299999237060547,2000,0.0,0.0
2024-09-10 04:35:00+00:00,26.200000762939453,26.200000762939453,26.149999618530273,26.149999618530273,4000,0.0,0.0
2024-09-10 04:45:00+00:00,26.200000762939453,26.200000762939453,26.200000762939453,26.200000762939453,6000,0.0,0.0
2024-09-10 04:55:00+00:00,26.200000762939453,26.299999237060547,26.200000762939453,26.299999237060547,3000,0.0,0.0
2024-09-10 05:00:00+00:00,26.149999618530273,26.149999618530273,26.149999618530273,26.149999618530273,7000,0.0,0.0
2024-09-10 05:05:00+00:00,26.149999618530273,26.200000762939453,26.149999618530273,26.200000762939453,5020,0.0,0.0
2024-09-10 05:10:00+00:00,26.200000762939453,26.200000762939453,26.200000762939453,26.200000762939453,1500,0.0,0.0
2024-09-10 05:15:00+00:00,26.200000762939453,26.200000762939453,26.200000762939453,26.200000762939453,1000,0.0,0.0
2024-09-10 05:20:00+00:00,26.200000762939453,26.200000762939453,26.100000381469727,26.200000762939453,8218,0.0,0.0
2024-09-11 01:00:00+00:00,25.75,26.149999618530273,25.75,26.0,0,0.0,0.0
2024-09-11 01:05:00+00:00,25.850000381469727,25.950000762939453,25.850000381469727,25.950000762939453,5340,0.0,0.0
2024-09-11 01:10:00+00:00,25.850000381469727,25.899999618530273,25.850000381469727,25.899999618530273,7101,0.0,0.0
2024-09-11 01:20:00+00:00,25.899999618530273,25.899999618530273,25.850000381469727,25.850000381469727,50017,0.0,0.0
2024-09-11 01:25:00+00:00,25.850000381469727,25.850000381469727,25.850000381469727,25.850000381469727,5000,0.0,0.0
2024-09-11 01:30:00+00:00,25.850000381469727,25.850000381469727,25.850000381469727,25.850000381469727,5000,0.0,0.0
2024-09-11 01:35:00+00:00,25.950000762939453,25.950000762939453,25.950000762939453,25.950000762939453,3000,0.0,0.0
2024-09-11 01:40:00+00:00,25.899999618530273,25.950000762939453,25.850000381469727,25.950000762939453,18000,0.0,0.0
2024-09-11 01:45:00+00:00,26.0,26.0,26.0,26.0,1000,0.0,0.0
2024-09-11 02:00:00+00:00,25.950000762939453,25.950000762939453,25.899999618530273,25.899999618530273,5000,0.0,0.0
2024-09-11 02:05:00+00:00,25.899999618530273,25.899999618530273,25.899999618530273,25.899999618530273,1030,0.0,0.0
2024-09-11 02:10:00+00:00,25.899999618530273,25.899999618530273,25.899999618530273,25.899999618530273,10000,0.0,0.0
2024-09-11 02:20:00+00:00,25.899999618530273,25.899999618530273,25.899999618530273,25.899999618530273,2000,0.0,0.0
2024-09-11 02:25:00+00:00,26.0,26.0,26.0,26.0,5000,0.0,0.0
2024-09-11 02:30:00+00:00,26.0,26.0,26.0,26.0,2000,0.0,0.0
2024-09-11 02:35:00+00:00,26.0,26.0,26.0,26.0,1000,0.0,0.0
2024-09-11 02:40:00+00:00,26.0,26.0,25.950000762939453,25.950000762939453,12000,0.0,0.0
2024-09-11 02:45:00+00:00,25.950000762939453,26.0,25.950000762939453,26.0,2000,0.0,0.0
2024-09-11 02:50:00+00:00,26.0,26.0,26.0,26.0,7000,0.0,0.0
2024-09-11 02:55:00+00:00,25.950000762939453,25.950000762939453,25.899999618530273,25.899999618530273,5000,0.0,0.0
2024-09-11 03:00:00+00:00,25.899999618530273,25.899999618530273,25.899999618530273,25.899999618530273,1000,0.0,0.0
2024-09-11 03:05:00+00:00,25.899999618530273,25.899999618530273,25.899999618530273,25.899999618530273,1000,0.0,0.0
2024-09-11 03:10:00+00:00,25.899999618530273,25.899999618530273,25.899999618530273,25.899999618530273,1000,0.0,0.0
2024-09-11 03:15:00+00:00,25.899999618530273,25.899999618530273,25.899999618530273,25.899999618530273,13000,0.0,0.0
2024-09-11 03:30:00+00:00,25.899999618530273,25.899999618530273,25.899999618530273,25.899999618530273,1000,0.0,0.0
2024-09-11 03:35:00+00:00,25.899999618530273,25.899999618530273,25.899999618530273,25.899999618530273,1000,0.0,0.0
2024-09-11 03:40:00+00:00,25.850000381469727,25.850000381469727,25.850000381469727,25.850000381469727,24000,0.0,0.0
2024-09-11 03:45:00+00:00,25.850000381469727,25.850000381469727,25.850000381469727,25.850000381469727,15505,0.0,0.0
2024-09-11 03:50:00+00:00,25.850000381469727,25.850000381469727,25.850000381469727,25.850000381469727,2123,0.0,0.0
2024-09-11 03:55:00+00:00,25.850000381469727,25.850000381469727,25.850000381469727,25.850000381469727,1023,0.0,0.0
2024-09-11 04:05:00+00:00,25.850000381469727,25.850000381469727,25.850000381469727,25.850000381469727,3150,0.0,0.0
2024-09-11 04:15:00+00:00,25.899999618530273,25.899999618530273,25.899999618530273,25.899999618530273,1319,0.0,0.0
2024-09-11 04:25:00+00:00,25.899999618530273,25.899999618530273,25.899999618530273,25.899999618530273,1000,0.0,0.0
2024-09-11 04:30:00+00:00,25.899999618530273,25.899999618530273,25.850000381469727,25.850000381469727,9000,0.0,0.0
2024-09-11 04:35:00+00:00,25.899999618530273,25.899999618530273,25.899999618530273,25.899999618530273,4018,0.0,0.0
2024-09-11 04:40:00+00:00,25.850000381469727,25.899999618530273,25.850000381469727,25.899999618530273,5038,0.0,0.0
2024-09-11 04:45:00+00:00,25.899999618530273,25.899999618530273,25.899999618530273,25.899999618530273,3000,0.0,0.0
2024-09-11 04:50:00+00:00,25.899999618530273,25.899999618530273,25.899999618530273,25.899999618530273,5030,0.0,0.0
2024-09-11 05:00:00+00:00,25.950000762939453,26.0,25.950000762939453,26.0,13000,0.0,0.0
2024-09-11 05:05:00+00:00,26.049999237060547,26.049999237060547,26.049999237060547,26.049999237060547,1118,0.0,0.0
2024-09-11 05:10:00+00:00,26.0,26.0,26.0,26.0,1020,0.0,0.0
2024-09-11 05:15:00+00:00,26.049999237060547,26.049999237060547,26.0,26.0,5042,0.0,0.0
2024-09-12 01:00:00+00:00,26.049999237060547,26.200000762939453,26.049999237060547,26.200000762939453,0,0.0,0.0
2024-09-12 01:05:00+00:00,26.200000762939453,26.200000762939453,26.200000762939453,26.200000762939453,1547,0.0,0.0
2024-09-12 01:15:00+00:00,26.100000381469727,26.100000381469727,26.100000381469727,26.100000381469727,1000,0.0,0.0
2024-09-12 01:20:00+00:00,26.100000381469727,26.100000381469727,26.049999237060547,26.100000381469727,8000,0.0,0.0
2024-09-12 01:25:00+00:00,26.100000381469727,26.100000381469727,26.100000381469727,26.100000381469727,5000,0.0,0.0
2024-09-12 01:30:00+00:00,26.100000381469727,26.200000762939453,26.100000381469727,26.200000762939453,2000,0.0,0.0
2024-09-12 01:35:00+00:00,26.200000762939453,26.350000381469727,26.200000762939453,26.350000381469727,26000,0.0,0.0
2024-09-12 01:40:00+00:00,26.350000381469727,26.350000381469727,26.350000381469727,26.350000381469727,2100,0.0,0.0
2024-09-12 01:50:00+00:00,26.350000381469727,26.350000381469727,26.350000381469727,26.350000381469727,7001,0.0,0.0
2024-09-12 02:10:00+00:00,26.299999237060547,26.299999237060547,26.200000762939453,26.200000762939453,16000,0.0,0.0
2024-09-12 02:20:00+00:00,26.25,26.299999237060547,26.25,26.299999237060547,2000,0.0,0.0
2024-09-12 02:25:00+00:00,26.25,26.25,26.200000762939453,26.200000762939453,16000,0.0,0.0
2024-09-12 02:30:00+00:00,26.25,26.25,26.25,26.25,2000,0.0,0.0
2024-09-12 02:35:00+00:00,26.299999237060547,26.299999237060547,26.299999237060547,26.299999237060547,1000,0.0,0.0
2024-09-12 02:40:00+00:00,26.299999237060547,26.299999237060547,26.299999237060547,26.299999237060547,6000,0.0,0.0
2024-09-12 02:45:00+00:00,26.350000381469727,26.350000381469727,26.350000381469727,26.350000381469727,1000,0.0,0.0
2024-09-12 02:50:00+00:00,26.299999237060547,26.299999237060547,26.299999237060547,26.299999237060547,7000,0.0,0.0
2024-09-12 02:55:00+00:00,26.299999237060547,26.299999237060547,26.25,26.25,5200,0.0,0.0
2024-09-12 03:05:00+00:00,26.200000762939453,26.200000762939453,26.200000762939453,26.200000762939453,1000,0.0,0.0
2024-09-12 03:15:00+00:00,26.25,26.25,26.25,26.25,1000,0.0,0.0
2024-09-12 03:20:00+00:00,26.25,26.25,26.200000762939453,26.200000762939453,6000,0.0,0.0
2024-09-12 03:25:00+00:00,26.200000762939453,26.200000762939453,26.200000762939453,26.200000762939453,1000,0.0,0.0
2024-09-12 03:30:00+00:00,26.200000762939453,26.200000762939453,26.200000762939453,26.200000762939453,1000,0.0,0.0
2024-09-12 03:40:00+00:00,26.25,26.25,26.25,26.25,1035,0.0,0.0
2024-09-12 04:10:00+00:00,26.25,26.25,26.25,26.25,1000,0.0,0.0
2024-09-12 04:15:00+00:00,26.200000762939453,26.200000762939453,26.200000762939453,26.200000762939453,1000,0.0,0.0
2024-09-12 04:25:00+00:00,26.25,26.25,26.25,26.25,1000,0.0,0.0
2024-09-12 04:30:00+00:00,26.25,26.25,26.200000762939453,26.200000762939453,3000,0.0,0.0
2024-09-12 04:35:00+00:00,26.200000762939453,26.200000762939453,26.200000762939453,26.200000762939453,18000,0.0,0.0
2024-09-12 04:45:00+00:00,26.200000762939453,26.200000762939453,26.149999618530273,26.149999618530273,2000,0.0,0.0
2024-09-12 04:50:00+00:00,26.200000762939453,26.25,26.200000762939453,26.25,2000,0.0,0.0
2024-09-12 04:55:00+00:00,26.200000762939453,26.25,26.149999618530273,26.200000762939453,20000,0.0,0.0
2024-09-12 05:00:00+00:00,26.200000762939453,26.200000762939453,26.200000762939453,26.200000762939453,1400,0.0,0.0
2024-09-12 05:15:00+00:00,26.25,26.25,26.25,26.25,4000,0.0,0.0
2024-09-12 05:20:00+00:00,26.25,26.25,26.200000762939453,26.200000762939453,5318,0.0,0.0
2024-09-13 01:00:00+00:00,26.299999237060547,26.350000381469727,26.299999237060547,26.350000381469727,0,0.0,0.0
2024-09-13 01:05:00+00:00,26.350000381469727,26.350000381469727,26.299999237060547,26.299999237060547,5001,0.0,0.0
2024-09-13 01:10:00+00:00,26.299999237060547,26.299999237060547,26.299999237060547,26.299999237060547,2106,0.0,0.0
2024-09-13 01:20:00+00:00,26.299999237060547,26.299999237060547,26.299999237060547,26.299999237060547,5001,0.0,0.0
2024-09-13 01:30:00+00:00,26.350000381469727,26.350000381469727,26.350000381469727,26.350000381469727,2000,0.0,0.0
2024-09-13 01:35:00+00:00,26.350000381469727,26.350000381469727,26.350000381469727,26.350000381469727,2000,0.0,0.0
2024-09-13 02:00:00+00:00,26.299999237060547,26.350000381469727,26.299999237060547,26.350000381469727,6016,0.0,0.0
2024-09-13 02:10:00+00:00,26.350000381469727,26.399999618530273,26.350000381469727,26.399999618530273,15000,0.0,0.0
2024-09-13 02:15:00+00:00,26.399999618530273,26.399999618530273,26.399999618530273,26.399999618530273,1000,0.0,0.0
2024-09-13 02:20:00+00:00,26.399999618530273,26.399999618530273,26.399999618530273,26.399999618530273,7026,0.0,0.0
2024-09-13 02:30:00+00:00,26.399999618530273,26.399999618530273,26.399999618530273,26.399999618530273,2000,0.0,0.0
2024-09-13 02:40:00+00:00,26.450000762939453,26.450000762939453,26.450000762939453,26.450000762939453,3019,0.0,0.0
2024-09-13 02:50:00+00:00,26.450000762939453,26.450000762939453,26.450000762939453,26.450000762939453,1000,0.0,0.0
2024-09-13 03:00:00+00:00,26.450000762939453,26.450000762939453,26.450000762939453,26.450000762939453,1000,0.0,0.0
2024-09-13 03:10:00+00:00,26.450000762939453,26.5,26.450000762939453,26.5,4003,0.0,0.0
2024-09-13 03:15:00+00:00,26.450000762939453,26.450000762939453,26.450000762939453,26.450000762939453,1000,0.0,0.0
2024-09-13 03:25:00+00:00,26.450000762939453,26.450000762939453,26.450000762939453,26.450000762939453,7000,0.0,0.0
2024-09-13 03:30:00+00:00,26.399999618530273,26.399999618530273,26.399999618530273,26.399999618530273,12000,0.0,0.0
2024-09-13 03:50:00+00:00,26.450000762939453,26.5,26.450000762939453,26.5,6001,0.0,0.0
2024-09-13 04:05:00+00:00,26.5,26.5,26.5,26.5,3000,0.0,0.0
2024-09-13 04:10:00+00:00,26.549999237060547,26.549999237060547,26.549999237060547,26.549999237060547,1000,0.0,0.0
2024-09-13 04:15:00+00:00,26.549999237060547,26.549999237060547,26.549999237060547,26.549999237060547,4000,0.0,0.0
2024-09-13 04:20:00+00:00,26.549999237060547,26.549999237060547,26.549999237060547,26.549999237060547,9084,0.0,0.0
2024-09-13 04:30:00+00:00,26.549999237060547,26.549999237060547,26.549999237060547,26.549999237060547,1050,0.0,0.0
2024-09-13 04:35:00+00:00,26.549999237060547,26.549999237060547,26.549999237060547,26.549999237060547,1000,0.0,0.0
2024-09-13 04:40:00+00:00,26.549999237060547,26.549999237060547,26.549999237060547,26.549999237060547,1000,0.0,0.0
2024-09-13 04:45:00+00:00,26.600000381469727,26.799999237060547,26.600000381469727,26.700000762939453,28002,0.0,0.0
2024-09-13 04:50:00+00:00,26.75,26.75,26.75,26.75,1000,0.0,0.0
2024-09-13 04:55:00+00:00,26.75,26.75,26.75,26.75,5000,0.0,0.0
2024-09-13 05:00:00+00:00,26.75,26.75,26.75,26.75,7031,0.0,0.0
2024-09-13 05:05:00+00:00,26.799999237060547,26.799999237060547,26.75,26.75,2300,0.0,0.0
2024-09-13 05:10:00+00:00,26.799999237060547,26.799999237060547,26.75,26.75,3100,0.0,0.0
2024-09-13 05:15:00+00:00,26.75,26.75,26.75,26.75,11000,0.0,0.0
2024-09-13 05:20:00+00:00,26.799999237060547,26.799999237060547,26.799999237060547,26.799999237060547,7081,0.0,0.0
2024-09-16 01:00:00+00:00,26.600000381469727,26.799999237060547,26.549999237060547,26.799999237060547,0,0.0,0.0
2024-09-16 01:05:00+00:00,26.799999237060547,26.850000381469727,26.75,26.850000381469727,14009,0.0,0.0
2024-09-16 01:10:00+00:00,26.75,26.799999237060547,26.649999618530273,26.700000762939453,28000,0.0,0.0
2024-09-16 01:15:00+00:00,26.700000762939453,26.850000381469727,26.700000762939453,26.700000762939453,25041,0.0,0.0
2024-09-16 01:20:00+00:00,26.850000381469727,27.0,26.850000381469727,26.850000381469727,25035,0.0,0.0
2024-09-16 01:25:00+00:00,26.950000762939453,27.0,26.950000762939453,27.0,14099,0.0,0.0
2024-09-16 01:30:00+00:00,27.0,27.0,27.0,27.0,17038,0.0,0.0
2024-09-16 01:40:00+00:00,26.950000762939453,27.0,26.950000762939453,27.0,5000,0.0,0.0
2024-09-16 01:45:00+00:00,27.0,27.049999237060547,27.0,27.049999237060547,15001,0.0,0.0
2024-09-16 01:50:00+00:00,27.049999237060547,27.049999237060547,27.049999237060547,27.049999237060547,12000,0.0,0.0
2024-09-16 01:55:00+00:00,27.049999237060547,27.049999237060547,27.049999237060547,27.049999237060547,1000,0.0,0.0
2024-09-16 02:00:00+00:00,27.049999237060547,27.049999237060547,27.049999237060547,27.049999237060547,2000,0.0,0.0
2024-09-16 02:05:00+00:00,27.100000381469727,27.100000381469727,27.100000381469727,27.100000381469727,15075,0.0,0.0
2024-09-16 02:10:00+00:00,27.149999618530273,27.25,27.149999618530273,27.25,20438,0.0,0.0
2024-09-16 02:15:00+00:00,27.25,27.25,27.200000762939453,27.200000762939453,11001,0.0,0.0
2024-09-16 02:20:00+00:00,27.149999618530273,27.149999618530273,27.149999618530273,27.149999618530273,3000,0.0,0.0
2024-09-16 02:30:00+00:00,27.149999618530273,27.149999618530273,27.149999618530273,27.149999618530273,1000,0.0,0.0
2024-09-16 02:35:00+00:00,27.149999618530273,27.200000762939453,27.149999618530273,27.149999618530273,6113,0.0,0.0
2024-09-16 02:45:00+00:00,27.100000381469727,27.100000381469727,27.100000381469727,27.100000381469727,15000,0.0,0.0
2024-09-16 02:50:00+00:00,27.100000381469727,27.100000381469727,27.100000381469727,27.100000381469727,4001,0.0,0.0
2024-09-16 03:05:00+00:00,27.100000381469727,27.100000381469727,27.100000381469727,27.100000381469727,1000,0.0,0.0
2024-09-16 03:10:00+00:00,27.100000381469727,27.149999618530273,27.100000381469727,27.149999618530273,3000,0.0,0.0
2024-09-16 03:20:00+00:00,27.149999618530273,27.149999618530273,27.149999618530273,27.149999618530273,1000,0.0,0.0
2024-09-16 03:25:00+00:00,27.100000381469727,27.149999618530273,27.100000381469727,27.149999618530273,2000,0.0,0.0
2024-09-16 03:30:00+00:00,27.149999618530273,27.149999618530273,27.149999618530273,27.149999618530273,1000,0.0,0.0
2024-09-16 03:35:00+00:00,27.149999618530273,27.149999618530273,27.149999618530273,27.149999618530273,1001,0.0,0.0
2024-09-16 03:45:00+00:00,27.149999618530273,27.149999618530273,27.149999618530273,27.149999618530273,2000,0.0,0.0
2024-09-16 03:50:00+00:00,27.149999618530273,27.149999618530273,26.950000762939453,26.950000762939453,33114,0.0,0.0
2024-09-16 04:05:00+00:00,27.049999237060547,27.049999237060547,27.049999237060547,27.049999237060547,1000,0.0,0.0
2024-09-16 04:15:00+00:00,27.100000381469727,27.100000381469727,27.100000381469727,27.100000381469727,1000,0.0,0.0
2024-09-16 04:20:00+00:00,27.149999618530273,27.149999618530273,27.149999618530273,27.149999618530273,1000,0.0,0.0
2024-09-16 04:25:00+00:00,27.149999618530273,27.149999618530273,27.149999618530273,27.149999618530273,1000,0.0,0.0
2024-09-16 04:30:00+00:00,27.149999618530273,27.149999618530273,27.100000381469727,27.100000381469727,3010,0.0,0.0
2024-09-16 04:35:00+00:00,27.149999618530273,27.149999618530273,27.149999618530273,27.149999618530273,1000,0.0,0.0
2024-09-16 04:40:00+00:00,27.100000381469727,27.100000381469727,27.0,27.0,20017,0.0,0.0
2024-09-16 04:50:00+00:00,27.100000381469727,27.100000381469727,27.100000381469727,27.100000381469727,2000,0.0,0.0
2024-09-16 04:55:00+00:00,27.100000381469727,27.100000381469727,27.100000381469727,27.100000381469727,1000,0.0,0.0
2024-09-16 05:00:00+00:00,27.149999618530273,27.149999618530273,27.149999618530273,27.149999618530273,2069,0.0,0.0
2024-09-16 05:05:00+00:00,27.149999618530273,27.149999618530273,27.149999618530273,27.149999618530273,1000,0.0,0.0
2024-09-16 05:10:00+00:00,27.0,27.149999618530273,27.0,27.100000381469727,4000,0.0,0.0
2024-09-16 05:15:00+00:00,27.149999618530273,27.149999618530273,27.0,27.0,4000,0.0,0.0
2024-09-16 05:20:00+00:00,27.100000381469727,27.100000381469727,27.0,27.100000381469727,5213,0.0,0.0
2024-09-18 01:00:00+00:00,27.149999618530273,27.149999618530273,27.100000381469727,27.100000381469727,0,0.0,0.0
2024-09-18 01:15:00+00:00,27.100000381469727,27.100000381469727,27.100000381469727,27.100000381469727,5000,0.0,0.0
2024-09-18 01:30:00+00:00,27.0,27.0,27.0,27.0,3003,0.0,0.0
2024-09-18 01:35:00+00:00,27.049999237060547,27.049999237060547,26.850000381469727,26.850000381469727,23051,0.0,0.0
2024-09-18 01:40:00+00:00,26.850000381469727,26.850000381469727,26.850000381469727,26.850000381469727,1000,0.0,0.0
2024-09-18 01:50:00+00:00,26.899999618530273,26.899999618530273,26.850000381469727,26.850000381469727,12000,0.0,0.0
2024-09-18 01:55:00+00:00,26.850000381469727,26.850000381469727,26.700000762939453,26.75,50802,0.0,0.0
2024-09-18 02:00:00+00:00,26.700000762939453,26.75,26.700000762939453,26.700000762939453,5000,0.0,0.0
2024-09-18 02:05:00+00:00,26.700000762939453,26.75,26.700000762939453,26.75,7000,0.0,0.0
2024-09-18 02:10:00+00:00,26.700000762939453,26.700000762939453,26.649999618530273,26.649999618530273,30376,0.0,0.0
2024-09-18 02:15:00+00:00,26.649999618530273,26.649999618530273,26.600000381469727,26.649999618530273,9095,0.0,0.0
2024-09-18 02:20:00+00:00,26.649999618530273,26.649999618530273,26.600000381469727,26.649999618530273,8009,0.0,0.0
2024-09-18 02:25:00+00:00,26.649999618530273,26.649999618530273,26.649999618530273,26.649999618530273,27000,0.0,0.0
2024-09-18 02:30:00+00:00,26.700000762939453,26.700000762939453,26.700000762939453,26.700000762939453,8000,0.0,0.0
2024-09-18 02:35:00+00:00,26.700000762939453,26.700000762939453,26.700000762939453,26.700000762939453,1000,0.0,0.0
2024-09-18 02:40:00+00:00,26.700000762939453,26.700000762939453,26.649999618530273,26.649999618530273,2000,0.0,0.0
2024-09-18 02:45:00+00:00,26.649999618530273,26.700000762939453,26.649999618530273,26.649999618530273,15000,0.0,0.0
2024-09-18 02:50:00+00:00,26.649999618530273,26.649999618530273,26.649999618530273,26.649999618530273,2220,0.0,0.0
2024-09-18 02:55:00+00:00,26.600000381469727,26.600000381469727,26.600000381469727,26.600000381469727,20500,0.0,0.0
2024-09-18 03:00:00+00:00,26.549999237060547,26.549999237060547,26.549999237060547,26.549999237060547,8000,0.0,0.0
2024-09-18 03:05:00+00:00,26.549999237060547,26.549999237060547,26.549999237060547,26.549999237060547,3000,0.0,0.0
2024-09-18 03:10:00+00:00,26.600000381469727,26.600000381469727,26.600000381469727,26.600000381469727,4000,0.0,0.0
2024-09-18 03:15:00+00:00,26.549999237060547,26.549999237060547,26.549999237060547,26.549999237060547,9000,0.0,0.0
2024-09-18 03:20:00+00:00,26.549999237060547,26.549999237060547,26.549999237060547,26.549999237060547,6000,0.0,0.0
2024-09-18 03:25:00+00:00,26.549999237060547,26.549999237060547,26.549999237060547,26.549999237060547,2000,0.0,0.0
2024-09-18 03:30:00+00:00,26.600000381469727,26.600000381469727,26.549999237060547,26.549999237060547,11000,0.0,0.0
2024-09-18 03:35:00+00:00,26.549999237060547,26.600000381469727,26.549999237060547,26.600000381469727,4033,0.0,0.0
2024-09-18 03:55:00+00:00,26.549999237060547,26.549999237060547,26.549999237060547,26.549999237060547,2300,0.0,0.0
2024-09-18 04:00:00+00:00,26.600000381469727,26.600000381469727,26.600000381469727,26.600000381469727,3000,0.0,0.0
2024-09-18 04:05:00+00:00,26.549999237060547,26.549999237060547,26.549999237060547,26.549999237060547,8094,0.0,0.0
2024-09-18 04:10:00+00:00,26.549999237060547,26.549999237060547,26.5,26.5,28230,0.0,0.0
2024-09-18 04:15:00+00:00,26.549999237060547,26.549999237060547,26.549999237060547,26.549999237060547,14000,0.0,0.0
2024-09-18 04:20:00+00:00,26.549999237060547,26.549999237060547,26.549999237060547,26.549999237060547,2000,0.0,0.0
2024-09-18 04:25:00+00:00,26.549999237060547,26.549999237060547,26.549999237060547,26.549999237060547,2000,0.0,0.0
2024-09-18 04:30:00+00:00,26.549999237060547,26.549999237060547,26.549999237060547,26.549999237060547,2000,0.0,0.0
2024-09-18 04:35:00+00:00,26.5,26.549999237060547,26.450000762939453,26.450000762939453,59000,0.0,0.0
2024-09-18 04:40:00+00:00,26.450000762939453,26.450000762939453,26.399999618530273,26.399999618530273,30000,0.0,0.0
2024-09-18 04:45:00+00:00,26.350000381469727,26.399999618530273,26.350000381469727,26.399999618530273,8713,0.0,0.0
2024-09-18 04:50:00+00:00,26.399999618530273,26.399999618530273,26.350000381469727,26.350000381469727,7239,0.0,0.0
2024-09-18 04:55:00+00:00,26.399999618530273,26.399999618530273,26.350000381469727,26.350000381469727,4024,0.0,0.0
2024-09-18 05:00:00+00:00,26.350000381469727,26.399999618530273,26.350000381469727,26.399999618530273,11117,0.0,0.0
2024-09-18 05:05:00+00:00,26.350000381469727,26.399999618530273,26.350000381469727,26.399999618530273,5009,0.0,0.0
2024-09-18 05:10:00+00:00,26.399999618530273,26.399999618530273,26.299999237060547,26.299999237060547,8000,0.0,0.0
2024-09-18 05:15:00+00:00,26.399999618530273,26.399999618530273,26.299999237060547,26.299999237060547,9001,0.0,0.0
2024-09-18 05:20:00+00:00,26.350000381469727,26.399999618530273,26.299999237060547,26.399999618530273,25844,0.0,0.0
2024-09-19 01:00:00+00:00,26.450000762939453,26.450000762939453,26.450000762939453,26.450000762939453,0,0.0,0.0
2024-09-19 01:05:00+00:00,26.399999618530273,26.399999618530273,26.350000381469727,26.350000381469727,8056,0.0,0.0
2024-09-19 01:10:00+00:00,26.399999618530273,26.399999618530273,26.100000381469727,26.100000381469727,45000,0.0,0.0
2024-09-19 01:15:00+00:00,26.149999618530273,26.149999618530273,26.049999237060547,26.049999237060547,34006,0.0,0.0
2024-09-19 01:20:00+00:00,26.049999237060547,26.149999618530273,26.049999237060547,26.100000381469727,18200,0.0,0.0
2024-09-19 01:25:00+00:00,26.100000381469727,26.149999618530273,26.100000381469727,26.149999618530273,22000,0.0,0.0
2024-09-19 01:30:00+00:00,26.149999618530273,26.149999618530273,26.100000381469727,26.100000381469727,17000,0.0,0.0
2024-09-19 01:40:00+00:00,26.200000762939453,26.200000762939453,26.149999618530273,26.149999618530273,3000,0.0,0.0
2024-09-19 01:45:00+00:00,26.200000762939453,26.200000762939453,26.149999618530273,26.149999618530273,3000,0.0,0.0
2024-09-19 01:50:00+00:00,26.149999618530273,26.200000762939453,26.149999618530273,26.149999618530273,7000,0.0,0.0
2024-09-19 01:55:00+00:00,26.200000762939453,26.200000762939453,26.200000762939453,26.200000762939453,3000,0.0,0.0
2024-09-19 02:00:00+00:00,26.200000762939453,26.299999237060547,26.200000762939453,26.25,37000,0.0,0.0
2024-09-19 02:05:00+00:00,26.350000381469727,26.350000381469727,26.299999237060547,26.350000381469727,7000,0.0,0.0
2024-09-19 02:10:00+00:00,26.350000381469727,26.399999618530273,26.350000381469727,26.399999618530273,4000,0.0,0.0
2024-09-19 02:15:00+00:00,26.399999618530273,26.399999618530273,26.399999618530273,26.399999618530273,5010,0.0,0.0
2024-09-19 02:20:00+00:00,26.350000381469727,26.350000381469727,26.299999237060547,26.299999237060547,16000,0.0,0.0
2024-09-19 02:25:00+00:00,26.299999237060547,26.350000381469727,26.25,26.350000381469727,8000,0.0,0.0
2024-09-19 02:35:00+00:00,26.350000381469727,26.350000381469727,26.25,26.25,14000,0.0,0.0
2024-09-19 02:40:00+00:00,26.299999237060547,26.350000381469727,26.299999237060547,26.350000381469727,4000,0.0,0.0
2024-09-19 02:45:00+00:00,26.350000381469727,26.350000381469727,26.299999237060547,26.299999237060547,6000,0.0,0.0
2024-09-19 02:55:00+00:00,26.350000381469727,26.350000381469727,26.299999237060547,26.299999237060547,3000,0.0,0.0
2024-09-19 03:05:00+00:00,26.350000381469727,26.350000381469727,26.299999237060547,26.299999237060547,7000,0.0,0.0
2024-09-19 03:15:00+00:00,26.350000381469727,26.350000381469727,26.25,26.25,26000,0.0,0.0
2024-09-19 03:20:00+00:00,26.299999237060547,26.299999237060547,26.25,26.299999237060547,10030,0.0,0.0
2024-09-19 03:25:00+00:00,26.299999237060547,26.299999237060547,26.299999237060547,26.299999237060547,7000,0.0,0.0
2024-09-19 03:30:00+00:00,26.299999237060547,26.299999237060547,26.299999237060547,26.299999237060547,2000,0.0,0.0
2024-09-19 03:35:00+00:00,26.299999237060547,26.299999237060547,26.299999237060547,26.299999237060547,5000,0.0,0.0
2024-09-19 03:40:00+00:00,26.299999237060547,26.350000381469727,26.299999237060547,26.350000381469727,16000,0.0,0.0
2024-09-19 03:45:00+00:00,26.350000381469727,26.350000381469727,26.350000381469727,26.350000381469727,4000,0.0,0.0
2024-09-19 03:50:00+00:00,26.399999618530273,26.399999618530273,26.350000381469727,26.350000381469727,7249,0.0,0.0
2024-09-19 03:55:00+00:00,26.399999618530273,26.399999618530273,26.350000381469727,26.350000381469727,11000,0.0,0.0
2024-09-19 04:00:00+00:00,26.399999618530273,26.399999618530273,26.399999618530273,26.399999618530273,3000,0.0,0.0
2024-09-19 04:05:00+00:00,26.450000762939453,26.450000762939453,26.399999618530273,26.399999618530273,11000,0.0,0.0
2024-09-19 04:10:00+00:00,26.399999618530273,26.450000762939453,26.399999618530273,26.450000762939453,3000,0.0,0.0
2024-09-19 04:15:00+00:00,26.450000762939453,26.450000762939453,26.450000762939453,26.450000762939453,2000,0.0,0.0
2024-09-19 04:20:00+00:00,26.399999618530273,26.450000762939453,26.399999618530273,26.450000762939453,9000,0.0,0.0
2024-09-19 04:25:00+00:00,26.450000762939453,26.450000762939453,26.450000762939453,26.450000762939453,3000,0.0,0.0
2024-09-19 04:30:00+00:00,26.399999618530273,26.450000762939453,26.399999618530273,26.399999618530273,7000,0.0,0.0
2024-09-19 04:35:00+00:00,26.450000762939453,26.450000762939453,26.399999618530273,26.450000762939453,4001,0.0,0.0
2024-09-19 04:40:00+00:00,26.450000762939453,26.450000762939453,26.399999618530273,26.399999618530273,3000,0.0,0.0
2024-09-19 04:45:00+00:00,26.450000762939453,26.450000762939453,26.450000762939453,26.450000762939453,3000,0.0,0.0
2024-09-19 04:50:00+00:00,26.450000762939453,26.450000762939453,26.399999618530273,26.399999618530273,40000,0.0,0.0
2024-09-19 04:55:00+00:00,26.5,26.5,26.399999618530273,26.5,13000,0.0,0.0
2024-09-19 05:00:00+00:00,26.5,26.5,26.399999618530273,26.399999618530273,10002,0.0,0.0
2024-09-19 05:05:00+00:00,26.5,26.5,26.5,26.5,1000,0.0,0.0
2024-09-19 05:10:00+00:00,26.5,26.5,26.399999618530273,26.5,3000,0.0,0.0
2024-09-19 05:15:00+00:00,26.5,26.5,26.399999618530273,26.399999618530273,9000,0.0,0.0
2024-09-19 05:20:00+00:00,26.5,26.5,26.399999618530273,26.399999618530273,6855,0.0,0.0
2024-09-20 01:00:00+00:00,26.5,26.700000762939453,26.5,26.5,0,0.0,0.0
2024-09-20 01:05:00+00:00,26.549999237060547,26.600000381469727,26.5,26.600000381469727,11002,0.0,0.0
2024-09-20 01:10:00+00:00,26.600000381469727,26.600000381469727,26.600000381469727,26.600000381469727,1000,0.0,0.0
2024-09-20 01:15:00+00:00,26.600000381469727,26.600000381469727,26.5,26.5,7133,0.0,0.0
2024-09-20 01:20:00+00:00,26.450000762939453,26.600000381469727,26.450000762939453,26.600000381469727,12033,0.0,0.0
2024-09-20 01:25:00+00:00,26.5,26.5,26.450000762939453,26.450000762939453,7000,0.0,0.0
2024-09-20 01:35:00+00:00,26.5,26.5,26.5,26.5,10000,0.0,0.0
2024-09-20 01:40:00+00:00,26.5,26.549999237060547,26.5,26.549999237060547,4021,0.0,0.0
2024-09-20 01:45:00+00:00,26.549999237060547,26.549999237060547,26.549999237060547,26.549999237060547,1000,0.0,0.0
2024-09-20 01:50:00+00:00,26.549999237060547,26.549999237060547,26.5,26.5,11100,0.0,0.0
2024-09-20 01:55:00+00:00,26.5,26.5,26.5,26.5,11000,0.0,0.0
2024-09-20 02:00:00+00:00,26.5,26.5,26.450000762939453,26.5,6001,0.0,0.0
2024-09-20 02:05:00+00:00,26.450000762939453,26.450000762939453,26.450000762939453,26.450000762939453,8109,0.0,0.0
2024-09-20 02:10:00+00:00,26.450000762939453,26.450000762939453,26.450000762939453,26.450000762939453,1013,0.0,0.0
2024-09-20 02:15:00+00:00,26.450000762939453,26.450000762939453,26.450000762939453,26.450000762939453,6000,0.0,0.0
2024-09-20 02:20:00+00:00,26.450000762939453,26.450000762939453,26.399999618530273,26.450000762939453,3000,0.0,0.0
2024-09-20 02:25:00+00:00,26.399999618530273,26.399999618530273,26.399999618530273,26.399999618530273,26000,0.0,0.0
2024-09-20 02:30:00+00:00,26.350000381469727,26.350000381469727,26.25,26.25,19381,0.0,0.0
2024-09-20 02:35:00+00:00,26.25,26.25,26.25,26.25,9000,0.0,0.0
2024-09-20 02:40:00+00:00,26.25,26.25,26.25,26.25,3185,0.0,0.0
2024-09-20 02:45:00+00:00,26.299999237060547,26.299999237060547,26.25,26.25,4018,0.0,0.0
2024-09-20 02:50:00+00:00,26.25,26.25,26.25,26.25,1403,0.0,0.0
2024-09-20 02:55:00+00:00,26.299999237060547,26.299999237060547,26.299999237060547,26.299999237060547,5000,0.0,0.0
2024-09-20 03:00:00+00:00,26.25,26.299999237060547,26.25,26.299999237060547,4197,0.0,0.0
2024-09-20 03:05:00+00:00,26.25,26.299999237060547,26.25,26.299999237060547,3000,0.0,0.0
2024-09-20 03:15:00+00:00,26.25,26.299999237060547,26.25,26.299999237060547,6000,0.0,0.0
2024-09-20 03:20:00+00:00,26.299999237060547,26.299999237060547,26.299999237060547,26.299999237060547,2045,0.0,0.0
2024-09-20 03:25:00+00:00,26.299999237060547,26.299999237060547,26.299999237060547,26.299999237060547,1000,0.0,0.0
2024-09-20 03:30:00+00:00,26.299999237060547,26.299999237060547,26.299999237060547,26.299999237060547,3000,0.0,0.0
2024-09-20 03:40:00+00:00,26.299999237060547,26.299999237060547,26.200000762939453,26.25,52000,0.0,0.0
2024-09-20 03:45:00+00:00,26.299999237060547,26.299999237060547,26.299999237060547,26.299999237060547,8001,0.0,0.0
2024-09-20 03:55:00+00:00,26.299999237060547,26.299999237060547,26.299999237060547,26.299999237060547,1003,0.0,0.0
2024-09-20 04:05:00+00:00,26.350000381469727,26.350000381469727,26.350000381469727,26.350000381469727,1500,0.0,0.0
2024-09-20 04:10:00+00:00,26.299999237060547,26.299999237060547,26.299999237060547,26.299999237060547,1060,0.0,0.0
2024-09-20 04:20:00+00:00,26.299999237060547,26.299999237060547,26.299999237060547,26.299999237060547,2000,0.0,0.0
2024-09-20 04:25:00+00:00,26.299999237060547,26.299999237060547,26.299999237060547,26.299999237060547,7286,0.0,0.0
2024-09-20 04:30:00+00:00,26.25,26.25,26.200000762939453,26.200000762939453,45912,0.0,0.0
2024-09-20 04:35:00+00:00,26.200000762939453,26.25,26.200000762939453,26.25,7052,0.0,0.0
2024-09-20 04:40:00+00:00,26.25,26.299999237060547,26.25,26.25,4118,0.0,0.0
2024-09-20 04:45:00+00:00,26.25,26.25,26.25,26.25,1103,0.0,0.0
2024-09-20 04:55:00+00:00,26.25,26.25,26.25,26.25,2001,0.0,0.0
2024-09-20 05:00:00+00:00,26.25,26.25,26.200000762939453,26.200000762939453,11000,0.0,0.0
2024-09-20 05:05:00+00:00,26.200000762939453,26.200000762939453,26.149999618530273,26.149999618530273,43673,0.0,0.0
2024-09-20 05:10:00+00:00,26.149999618530273,26.149999618530273,26.149999618530273,26.149999618530273,12000,0.0,0.0
2024-09-20 05:15:00+00:00,26.149999618530273,26.149999618530273,26.149999618530273,26.149999618530273,7000,0.0,0.0
2024-09-20 05:20:00+00:00,26.149999618530273,26.200000762939453,26.149999618530273,26.149999618530273,20015,0.0,0.0
2024-09-23 01:00:00+00:00,26.200000762939453,26.299999237060547,26.149999618530273,26.299999237060547,0,0.0,0.0
2024-09-23 01:05:00+00:00,26.200000762939453,26.200000762939453,26.149999618530273,26.149999618530273,9008,0.0,0.0
2024-09-23 01:10:00+00:00,26.149999618530273,26.149999618530273,26.100000381469727,26.100000381469727,14000,0.0,0.0
2024-09-23 01:15:00+00:00,26.149999618530273,26.200000762939453,26.100000381469727,26.200000762939453,17000,0.0,0.0
2024-09-23 01:20:00+00:00,26.200000762939453,26.25,26.149999618530273,26.200000762939453,4000,0.0,0.0
2024-09-23 01:25:00+00:00,26.200000762939453,26.200000762939453,26.200000762939453,26.200000762939453,1050,0.0,0.0
2024-09-23 01:30:00+00:00,26.200000762939453,26.200000762939453,26.200000762939453,26.200000762939453,10000,0.0,0.0
2024-09-23 01:35:00+00:00,26.200000762939453,26.200000762939453,26.149999618530273,26.149999618530273,11000,0.0,0.0
2024-09-23 01:40:00+00:00,26.149999618530273,26.149999618530273,26.100000381469727,26.100000381469727,11084,0.0,0.0
2024-09-23 01:45:00+00:00,26.149999618530273,26.149999618530273,26.100000381469727,26.149999618530273,3084,0.0,0.0
2024-09-23 01:50:00+00:00,26.100000381469727,26.149999618530273,26.100000381469727,26.100000381469727,4050,0.0,0.0
2024-09-23 01:55:00+00:00,26.100000381469727,26.100000381469727,26.0,26.0,49643,0.0,0.0
2024-09-23 02:00:00+00:00,26.049999237060547,26.100000381469727,26.0,26.0,28115,0.0,0.0
2024-09-23 02:05:00+00:00,26.049999237060547,26.049999237060547,26.0,26.049999237060547,10106,0.0,0.0
2024-09-23 02:10:00+00:00,26.049999237060547,26.049999237060547,26.049999237060547,26.049999237060547,4025,0.0,0.0
2024-09-23 02:15:00+00:00,26.049999237060547,26.049999237060547,26.049999237060547,26.049999237060547,1143,0.0,0.0
2024-09-23 02:30:00+00:00,26.0,26.0,25.899999618530273,25.899999618530273,76669,0.0,0.0
2024-09-23 02:40:00+00:00,26.0,26.0,25.950000762939453,25.950000762939453,9000,0.0,0.0
2024-09-23 02:45:00+00:00,26.0,26.0,26.0,26.0,21000,0.0,0.0
2024-09-23 02:50:00+00:00,26.049999237060547,26.049999237060547,26.049999237060547,26.049999237060547,2000,0.0,0.0
2024-09-23 02:55:00+00:00,26.049999237060547,26.049999237060547,26.049999237060547,26.049999237060547,8000,0.0,0.0
2024-09-23 03:00:00+00:00,26.049999237060547,26.049999237060547,26.049999237060547,26.049999237060547,1390,0.0,0.0
2024-09-23 03:05:00+00:00,26.049999237060547,26.049999237060547,26.049999237060547,26.049999237060547,1001,0.0,0.0
2024-09-23 03:15:00+00:00,26.049999237060547,26.049999237060547,26.049999237060547,26.049999237060547,1000,0.0,0.0
2024-09-23 03:20:00+00:00,26.049999237060547,26.049999237060547,26.0,26.0,4000,0.0,0.0
2024-09-23 03:25:00+00:00,26.0,26.0,26.0,26.0,54001,0.0,0.0
2024-09-23 03:35:00+00:00,26.049999237060547,26.149999618530273,26.049999237060547,26.149999618530273,23114,0.0,0.0
2024-09-23 03:45:00+00:00,26.200000762939453,26.25,26.200000762939453,26.25,12026,0.0,0.0
2024-09-23 03:55:00+00:00,26.25,26.25,26.25,26.25,10000,0.0,0.0
2024-09-23 04:00:00+00:00,26.200000762939453,26.200000762939453,26.200000762939453,26.200000762939453,10000,0.0,0.0
2024-09-23 04:10:00+00:00,26.25,26.25,26.200000762939453,26.200000762939453,2000,0.0,0.0
2024-09-23 04:15:00+00:00,26.200000762939453,26.200000762939453,26.149999618530273,26.149999618530273,11000,0.0,0.0
2024-09-23 04:20:00+00:00,26.100000381469727,26.200000762939453,26.100000381469727,26.200000762939453,13000,0.0,0.0
2024-09-23 04:30:00+00:00,26.200000762939453,26.200000762939453,26.200000762939453,26.200000762939453,1001,0.0,0.0
2024-09-23 04:35:00+00:00,26.200000762939453,26.200000762939453,26.200000762939453,26.200000762939453,1000,0.0,0.0
2024-09-23 04:40:00+00:00,26.200000762939453,26.200000762939453,26.149999618530273,26.149999618530273,3000,0.0,0.0
2024-09-23 04:45:00+00:00,26.149999618530273,26.149999618530273,26.149999618530273,26.149999618530273,2000,0.0,0.0
2024-09-23 04:50:00+00:00,26.200000762939453,26.25,26.200000762939453,26.25,13000,0.0,0.0
2024-09-23 04:55:00+00:00,26.200000762939453,26.200000762939453,26.200000762939453,26.200000762939453,6000,0.0,0.0
2024-09-23 05:05:00+00:00,26.149999618530273,26.149999618530273,26.149999618530273,26.149999618530273,9000,0.0,0.0
2024-09-23 05:10:00+00:00,26.149999618530273,26.149999618530273,26.149999618530273,26.149999618530273,3000,0.0,0.0
2024-09-23 05:15:00+00:00,26.149999618530273,26.149999618530273,26.100000381469727,26.100000381469727,12000,0.0,0.0
2024-09-23 05:20:00+00:00,26.200000762939453,26.200000762939453,26.149999618530273,26.149999618530273,6000,0.0,0.0
2024-09-24 01:10:00+00:00,26.200000762939453,26.200000762939453,26.200000762939453,26.200000762939453,0,0.0,0.0
2024-09-24 01:15:00+00:00,26.299999237060547,26.299999237060547,26.200000762939453,26.200000762939453,4000,0.0,0.0
2024-09-24 01:20:00+00:00,26.200000762939453,26.200000762939453,26.200000762939453,26.200000762939453,2000,0.0,0.0
2024-09-24 01:30:00+00:00,26.200000762939453,26.200000762939453,26.100000381469727,26.100000381469727,13003,0.0,0.0
2024-09-24 01:40:00+00:00,26.149999618530273,26.149999618530273,26.149999618530273,26.149999618530273,1000,0.0,0.0
2024-09-24 01:45:00+00:00,26.200000762939453,26.200000762939453,26.200000762939453,26.200000762939453,4001,0.0,0.0
2024-09-24 01:55:00+00:00,26.200000762939453,26.200000762939453,26.200000762939453,26.200000762939453,2000,0.0,0.0
2024-09-24 02:00:00+00:00,26.149999618530273,26.149999618530273,26.149999618530273,26.149999618530273,2000,0.0,0.0
2024-09-24 02:05:00+00:00,26.149999618530273,26.149999618530273,26.149999618530273,26.149999618530273,1000,0.0,0.0
2024-09-24 02:20:00+00:00,26.200000762939453,26.200000762939453,26.149999618530273,26.149999618530273,10041,0.0,0.0
2024-09-24 02:40:00+00:00,26.200000762939453,26.200000762939453,26.200000762939453,26.200000762939453,1000,0.0,0.0
2024-09-24 02:45:00+00:00,26.200000762939453,26.200000762939453,26.149999618530273,26.200000762939453,4000,0.0,0.0
2024-09-24 02:50:00+00:00,26.149999618530273,26.149999618530273,26.149999618530273,26.149999618530273,15871,0.0,0.0
2024-09-24 03:10:00+00:00,26.200000762939453,26.200000762939453,26.149999618530273,26.149999618530273,11463,0.0,0.0
2024-09-24 03:25:00+00:00,26.149999618530273,26.149999618530273,26.149999618530273,26.149999618530273,3001,0.0,0.0
2024-09-24 03:50:00+00:00,26.149999618530273,26.149999618530273,26.149999618530273,26.149999618530273,8001,0.0,0.0
2024-09-24 04:00:00+00:00,26.200000762939453,26.200000762939453,26.200000762939453,26.200000762939453,5000,0.0,0.0
2024-09-24 04:10:00+00:00,26.200000762939453,26.200000762939453,26.200000762939453,26.200000762939453,5000,0.0,0.0
2024-09-24 04:15:00+00:00,26.149999618530273,26.149999618530273,26.149999618530273,26.149999618530273,11258,0.0,0.0
2024-09-24 04:45:00+00:00,26.149999618530273,26.149999618530273,26.149999618530273,26.149999618530273,1000,0.0,0.0
2024-09-24 04:50:00+00:00,26.149999618530273,26.149999618530273,26.149999618530273,26.149999618530273,1000,0.0,0.0
2024-09-24 05:00:00+00:00,26.149999618530273,26.149999618530273,26.149999618530273,26.149999618530273,1000,0.0,0.0
2024-09-24 05:05:00+00:00,26.149999618530273,26.149999618530273,26.149999618530273,26.149999618530273,2020,0.0,0.0
2024-09-24 05:10:00+00:00,26.149999618530273,26.149999618530273,26.149999618530273,26.149999618530273,4000,0.0,0.0
2024-09-24 05:20:00+00:00,26.200000762939453,26.200000762939453,26.149999618530273,26.149999618530273,8253,0.0,0.0
2024-09-25 01:00:00+00:00,26.200000762939453,26.299999237060547,26.200000762939453,26.299999237060547,0,0.0,0.0
2024-09-25 01:05:00+00:00,26.25,26.299999237060547,26.25,26.299999237060547,3100,0.0,0.0
2024-09-25 01:10:00+00:00,26.299999237060547,26.350000381469727,26.299999237060547,26.350000381469727,37000,0.0,0.0
2024-09-25 01:15:00+00:00,26.350000381469727,26.350000381469727,26.350000381469727,26.350000381469727,1000,0.0,0.0
2024-09-25 01:20:00+00:00,26.350000381469727,26.350000381469727,26.350000381469727,26.350000381469727,8000,0.0,0.0
2024-09-25 01:25:00+00:00,26.299999237060547,26.350000381469727,26.299999237060547,26.350000381469727,2000,0.0,0.0
2024-09-25 01:30:00+00:00,26.350000381469727,26.350000381469727,26.350000381469727,26.350000381469727,3000,0.0,0.0
2024-09-25 01:35:00+00:00,26.350000381469727,26.350000381469727,26.350000381469727,26.350000381469727,2000,0.0,0.0
2024-09-25 01:40:00+00:00,26.350000381469727,26.350000381469727,26.350000381469727,26.350000381469727,3000,0.0,0.0
2024-09-25 01:50:00+00:00,26.299999237060547,26.299999237060547,26.25,26.25,25020,0.0,0.0
2024-09-25 02:00:00+00:00,26.25,26.25,26.25,26.25,6180,0.0,0.0
2024-09-25 02:05:00+00:00,26.25,26.299999237060547,26.25,26.25,8002,0.0,0.0
2024-09-25 02:10:00+00:00,26.25,26.25,26.200000762939453,26.200000762939453,13000,0.0,0.0
2024-09-25 02:15:00+00:00,26.299999237060547,26.299999237060547,26.299999237060547,26.299999237060547,1000,0.0,0.0
2024-09-25 02:20:00+00:00,26.25,26.25,26.200000762939453,26.25,12000,0.0,0.0
2024-09-25 02:25:00+00:00,26.25,26.25,26.149999618530273,26.149999618530273,39001,0.0,0.0
2024-09-25 02:30:00+00:00,26.200000762939453,26.200000762939453,26.200000762939453,26.200000762939453,29358,0.0,0.0
2024-09-25 02:55:00+00:00,26.299999237060547,26.299999237060547,26.25,26.25,27000,0.0,0.0
2024-09-25 03:00:00+00:00,26.25,26.299999237060547,26.25,26.299999237060547,2000,0.0,0.0
2024-09-25 03:05:00+00:00,26.299999237060547,26.299999237060547,26.299999237060547,26.299999237060547,1000,0.0,0.0
2024-09-25 03:10:00+00:00,26.299999237060547,26.299999237060547,26.299999237060547,26.299999237060547,1000,0.0,0.0
2024-09-25 03:20:00+00:00,26.299999237060547,26.299999237060547,26.299999237060547,26.299999237060547,7000,0.0,0.0
2024-09-25 03:25:00+00:00,26.299999237060547,26.299999237060547,26.25,26.25,17000,0.0,0.0
2024-09-25 03:30:00+00:00,26.25,26.299999237060547,26.25,26.299999237060547,34184,0.0,0.0
2024-09-25 03:35:00+00:00,26.25,26.25,26.25,26.25,7015,0.0,0.0
2024-09-25 03:45:00+00:00,26.350000381469727,26.350000381469727,26.350000381469727,26.350000381469727,1000,0.0,0.0
2024-09-25 03:50:00+00:00,26.299999237060547,26.299999237060547,26.299999237060547,26.299999237060547,2000,0.0,0.0
2024-09-25 03:55:00+00:00,26.299999237060547,26.299999237060547,26.25,26.25,7000,0.0,0.0
2024-09-25 04:00:00+00:00,26.25,26.25,26.25,26.25,11001,0.0,0.0
2024-09-25 04:05:00+00:00,26.25,26.25,26.200000762939453,26.200000762939453,5000,0.0,0.0
2024-09-25 04:10:00+00:00,26.200000762939453,26.200000762939453,26.200000762939453,26.200000762939453,3000,0.0,0.0
2024-09-25 04:15:00+00:00,26.200000762939453,26.200000762939453,26.200000762939453,26.200000762939453,2000,0.0,0.0
2024-09-25 04:25:00+00:00,26.25,26.299999237060547,26.200000762939453,26.299999237060547,17002,0.0,0.0
2024-09-25 04:30:00+00:00,26.350000381469727,26.350000381469727,26.350000381469727,26.350000381469727,1191,0.0,0.0
2024-09-25 04:35:00+00:00,26.299999237060547,26.299999237060547,26.299999237060547,26.299999237060547,2100,0.0,0.0
2024-09-25 04:40:00+00:00,26.299999237060547,26.299999237060547,26.299999237060547,26.299999237060547,20015,0.0,0.0
2024-09-25 04:50:00+00:00,26.200000762939453,26.200000762939453,26.200000762939453,26.200000762939453,3041,0.0,0.0
2024-09-25 04:55:00+00:00,26.200000762939453,26.200000762939453,26.200000762939453,26.200000762939453,2019,0.0,0.0
2024-09-25 05:00:00+00:00,26.200000762939453,26.299999237060547,26.200000762939453,26.299999237060547,12008,0.0,0.0
2024-09-25 05:05:00+00:00,26.299999237060547,26.299999237060547,26.200000762939453,26.200000762939453,9000,0.0,0.0
2024-09-25 05:10:00+00:00,26.299999237060547,26.299999237060547,26.299999237060547,26.299999237060547,2000,0.0,0.0
2024-09-25 05:15:00+00:00,26.25,26.25,26.200000762939453,26.200000762939453,4000,0.0,0.0
2024-09-25 05:20:00+00:00,26.299999237060547,26.299999237060547,26.200000762939453,26.200000762939453,12119,0.0,0.0
2024-09-26 01:00:00+00:00,26.399999618530273,26.399999618530273,26.299999237060547,26.299999237060547,0,0.0,0.0
2024-09-26 01:05:00+00:00,26.350000381469727,26.399999618530273,26.350000381469727,26.399999618530273,22002,0.0,0.0
2024-09-26 01:10:00+00:00,26.399999618530273,26.399999618530273,26.399999618530273,26.399999618530273,5040,0.0,0.0
2024-09-26 01:15:00+00:00,26.350000381469727,26.350000381469727,26.350000381469727,26.350000381469727,6016,0.0,0.0
2024-09-26 01:20:00+00:00,26.399999618530273,26.399999618530273,26.399999618530273,26.399999618530273,13000,0.0,0.0
2024-09-26 01:25:00+00:00,26.399999618530273,26.399999618530273,26.399999618530273,26.399999618530273,1040,0.0,0.0
2024-09-26 01:30:00+00:00,26.399999618530273,26.399999618530273,26.399999618530273,26.399999618530273,2000,0.0,0.0
2024-09-26 01:35:00+00:00,26.399999618530273,26.450000762939453,26.399999618530273,26.450000762939453,14020,0.0,0.0
2024-09-26 01:40:00+00:00,26.450000762939453,26.450000762939453,26.399999618530273,26.399999618530273,6002,0.0,0.0
2024-09-26 01:45:00+00:00,26.399999618530273,26.399999618530273,26.350000381469727,26.350000381469727,7000,0.0,0.0
2024-09-26 01:50:00+00:00,26.450000762939453,26.450000762939453,26.450000762939453,26.450000762939453,1000,0.0,0.0
2024-09-26 01:55:00+00:00,26.450000762939453,26.450000762939453,26.450000762939453,26.450000762939453,2000,0.0,0.0
2024-09-26 02:00:00+00:00,26.5,26.5,26.450000762939453,26.5,20000,0.0,0.0
2024-09-26 02:05:00+00:00,26.5,26.5,26.450000762939453,26.450000762939453,2000,0.0,0.0
2024-09-26 02:10:00+00:00,26.450000762939453,26.5,26.450000762939453,26.5,2000,0.0,0.0
2024-09-26 02:15:00+00:00,26.450000762939453,26.450000762939453,26.450000762939453,26.450000762939453,3000,0.0,0.0
2024-09-26 02:20:00+00:00,26.450000762939453,26.450000762939453,26.450000762939453,26.450000762939453,3001,0.0,0.0
2024-09-26 02:25:00+00:00,26.5,26.5,26.5,26.5,12000,0.0,0.0
2024-09-26 02:35:00+00:00,26.5,26.5,26.450000762939453,26.450000762939453,3000,0.0,0.0
2024-09-26 02:50:00+00:00,26.5,26.5,26.5,26.5,11100,0.0,0.0
2024-09-26 02:55:00+00:00,26.5,26.5,26.5,26.5,1080,0.0,0.0
2024-09-26 03:10:00+00:00,26.5,26.5,26.5,26.5,10000,0.0,0.0
2024-09-26 03:15:00+00:00,26.5,26.5,26.5,26.5,6718,0.0,0.0
2024-09-26 03:25:00+00:00,26.5,26.5,26.5,26.5,6000,0.0,0.0
2024-09-26 03:30:00+00:00,26.5,26.5,26.5,26.5,2275,0.0,0.0
2024-09-26 03:40:00+00:00,26.5,26.5,26.5,26.5,9500,0.0,0.0
2024-09-26 03:55:00+00:00,26.5,26.5,26.5,26.5,3001,0.0,0.0
2024-09-26 04:05:00+00:00,26.5,26.5,26.5,26.5,2000,0.0,0.0
2024-09-26 04:10:00+00:00,26.450000762939453,26.450000762939453,26.399999618530273,26.399999618530273,22037,0.0,0.0
2024-09-26 04:15:00+00:00,26.399999618530273,26.399999618530273,26.399999618530273,26.399999618530273,1005,0.0,0.0
2024-09-26 04:30:00+00:00,26.350000381469727,26.350000381469727,26.350000381469727,26.350000381469727,1188,0.0,0.0
2024-09-26 04:35:00+00:00,26.350000381469727,26.350000381469727,26.350000381469727,26.350000381469727,12167,0.0,0.0
2024-09-26 04:40:00+00:00,26.299999237060547,26.299999237060547,26.299999237060547,26.299999237060547,3000,0.0,0.0
2024-09-26 04:45:00+00:00,26.299999237060547,26.299999237060547,26.299999237060547,26.299999237060547,1000,0.0,0.0
2024-09-26 04:55:00+00:00,26.299999237060547,26.299999237060547,26.299999237060547,26.299999237060547,15000,0.0,0.0
2024-09-26 05:00:00+00:00,26.25,26.25,26.25,26.25,5000,0.0,0.0
2024-09-26 05:05:00+00:00,26.25,26.25,26.25,26.25,2030,0.0,0.0
2024-09-26 05:10:00+00:00,26.350000381469727,26.350000381469727,26.350000381469727,26.350000381469727,1000,0.0,0.0
2024-09-26 05:15:00+00:00,26.299999237060547,26.299999237060547,26.299999237060547,26.299999237060547,2001,0.0,0.0
2024-09-27 01:00:00+00:00,26.450000762939453,26.450000762939453,26.450000762939453,26.450000762939453,0,0.0,0.0
2024-09-27 01:05:00+00:00,26.399999618530273,26.399999618530273,26.399999618530273,26.399999618530273,1101,0.0,0.0
2024-09-27 01:10:00+00:00,26.5,26.549999237060547,26.5,26.549999237060547,24500,0.0,0.0
2024-09-27 01:20:00+00:00,26.5,26.549999237060547,26.5,26.549999237060547,16000,0.0,0.0
2024-09-27 01:25:00+00:00,26.600000381469727,26.600000381469727,26.600000381469727,26.600000381469727,3000,0.0,0.0
2024-09-27 01:30:00+00:00,26.600000381469727,26.649999618530273,26.600000381469727,26.600000381469727,17000,0.0,0.0
2024-09-27 01:35:00+00:00,26.600000381469727,26.600000381469727,26.600000381469727,26.600000381469727,9000,0.0,0.0
2024-09-27 01:40:00+00:00,26.600000381469727,26.600000381469727,26.549999237060547,26.549999237060547,6000,0.0,0.0
2024-09-27 01:45:00+00:00,26.549999237060547,26.549999237060547,26.549999237060547,26.549999237060547,4500,0.0,0.0
2024-09-27 01:50:00+00:00,26.600000381469727,26.600000381469727,26.600000381469727,26.600000381469727,6000,0.0,0.0
2024-09-27 01:55:00+00:00,26.649999618530273,26.649999618530273,26.600000381469727,26.600000381469727,3000,0.0,0.0
2024-09-27 02:00:00+00:00,26.600000381469727,26.600000381469727,26.549999237060547,26.549999237060547,8000,0.0,0.0
2024-09-27 02:05:00+00:00,26.549999237060547,26.549999237060547,26.5,26.5,21000,0.0,0.0
2024-09-27 02:10:00+00:00,26.5,26.5,26.5,26.5,2188,0.0,0.0
2024-09-27 02:20:00+00:00,26.5,26.5,26.5,26.5,1030,0.0,0.0
2024-09-27 02:25:00+00:00,26.5,26.5,26.5,26.5,1000,0.0,0.0
2024-09-27 02:35:00+00:00,26.5,26.5,26.5,26.5,17000,0.0,0.0
2024-09-27 02:40:00+00:00,26.5,26.549999237060547,26.5,26.549999237060547,6001,0.0,0.0
2024-09-27 02:50:00+00:00,26.5,26.5,26.5,26.5,1000,0.0,0.0
2024-09-27 03:00:00+00:00,26.5,26.5,26.5,26.5,2000,0.0,0.0
2024-09-27 03:05:00+00:00,26.5,26.5,26.5,26.5,1015,0.0,0.0
2024-09-27 03:10:00+00:00,26.5,26.5,26.5,26.5,3000,0.0,0.0
2024-09-27 03:15:00+00:00,26.5,26.5,26.5,26.5,2041,0.0,0.0
2024-09-27 03:20:00+00:00,26.5,26.5,26.5,26.5,5410,0.0,0.0
2024-09-27 03:30:00+00:00,26.450000762939453,26.450000762939453,26.450000762939453,26.450000762939453,10222,0.0,0.0
2024-09-27 03:40:00+00:00,26.5,26.5,26.5,26.5,3002,0.0,0.0
2024-09-27 03:45:00+00:00,26.5,26.5,26.5,26.5,3000,0.0,0.0
2024-09-27 03:55:00+00:00,26.5,26.5,26.5,26.5,2000,0.0,0.0
2024-09-27 04:05:00+00:00,26.5,26.5,26.450000762939453,26.450000762939453,22000,0.0,0.0
2024-09-27 04:10:00+00:00,26.450000762939453,26.450000762939453,26.450000762939453,26.450000762939453,10595,0.0,0.0
2024-09-27 04:15:00+00:00,26.450000762939453,26.450000762939453,26.450000762939453,26.450000762939453,1000,0.0,0.0
2024-09-27 04:20:00+00:00,26.450000762939453,26.450000762939453,26.450000762939453,26.450000762939453,1000,0.0,0.0
2024-09-27 04:30:00+00:00,26.450000762939453,26.450000762939453,26.450000762939453,26.450000762939453,3000,0.0,0.0
2024-09-27 04:40:00+00:00,26.450000762939453,26.450000762939453,26.450000762939453,26.450000762939453,4000,0.0,0.0
2024-09-27 04:45:00+00:00,26.399999618530273,26.399999618530273,26.399999618530273,26.399999618530273,15000,0.0,0.0
2024-09-27 04:50:00+00:00,26.450000762939453,26.450000762939453,26.399999618530273,26.399999618530273,11000,0.0,0.0
2024-09-27 04:55:00+00:00,26.350000381469727,26.399999618530273,26.299999237060547,26.299999237060547,39000,0.0,0.0
2024-09-27 05:00:00+00:00,26.399999618530273,26.399999618530273,26.399999618530273,26.399999618530273,7004,0.0,0.0
2024-09-27 05:05:00+00:00,26.350000381469727,26.350000381469727,26.350000381469727,26.350000381469727,27041,0.0,0.0
2024-09-27 05:10:00+00:00,26.350000381469727,26.399999618530273,26.350000381469727,26.350000381469727,8049,0.0,0.0
2024-09-27 05:15:00+00:00,26.350000381469727,26.350000381469727,26.350000381469727,26.350000381469727,16006,0.0,0.0
2024-09-27 05:20:00+00:00,26.399999618530273,26.399999618530273,26.350000381469727,26.399999618530273,8202,0.0,0.0
2024-09-30 01:00:00+00:00,26.350000381469727,26.350000381469727,26.350000381469727,26.350000381469727,0,0.0,0.0
2024-09-30 01:05:00+00:00,26.350000381469727,26.399999618530273,26.350000381469727,26.399999618530273,2275,0.0,0.0
2024-09-30 01:10:00+00:00,26.399999618530273,26.399999618530273,26.350000381469727,26.350000381469727,10022,0.0,0.0
2024-09-30 01:15:00+00:00,26.350000381469727,26.350000381469727,26.350000381469727,26.350000381469727,2000,0.0,0.0
2024-09-30 01:25:00+00:00,26.399999618530273,26.399999618530273,26.399999618530273,26.399999618530273,3000,0.0,0.0
2024-09-30 01:30:00+00:00,26.399999618530273,26.450000762939453,26.350000381469727,26.450000762939453,7000,0.0,0.0
2024-09-30 01:35:00+00:00,26.5,26.5,26.350000381469727,26.350000381469727,13116,0.0,0.0
2024-09-30 01:40:00+00:00,26.399999618530273,26.399999618530273,26.299999237060547,26.299999237060547,18337,0.0,0.0
2024-09-30 01:45:00+00:00,26.350000381469727,26.399999618530273,26.350000381469727,26.399999618530273,2038,0.0,0.0
2024-09-30 01:50:00+00:00,26.399999618530273,26.399999618530273,26.350000381469727,26.350000381469727,3000,0.0,0.0
2024-09-30 01:55:00+00:00,26.399999618530273,26.399999618530273,26.399999618530273,26.399999618530273,1001,0.0,0.0
2024-09-30 02:00:00+00:00,26.399999618530273,26.399999618530273,26.350000381469727,26.350000381469727,7000,0.0,0.0
2024-09-30 02:05:00+00:00,26.350000381469727,26.350000381469727,26.350000381469727,26.350000381469727,13000,0.0,0.0
2024-09-30 02:10:00+00:00,26.350000381469727,26.350000381469727,26.299999237060547,26.299999237060547,4000,0.0,0.0
2024-09-30 02:15:00+00:00,26.299999237060547,26.299999237060547,26.299999237060547,26.299999237060547,1040,0.0,0.0
2024-09-30 02:20:00+00:00,26.350000381469727,26.350000381469727,26.350000381469727,26.350000381469727,1000,0.0,0.0
2024-09-30 02:25:00+00:00,26.299999237060547,26.299999237060547,26.299999237060547,26.299999237060547,13000,0.0,0.0
2024-09-30 02:30:00+00:00,26.299999237060547,26.299999237060547,26.299999237060547,26.299999237060547,1030,0.0,0.0
2024-09-30 02:35:00+00:00,26.299999237060547,26.299999237060547,26.299999237060547,26.299999237060547,1000,0.0,0.0
2024-09-30 02:40:00+00:00,26.350000381469727,26.350000381469727,26.350000381469727,26.350000381469727,1001,0.0,0.0
2024-09-30 02:45:00+00:00,26.350000381469727,26.350000381469727,26.350000381469727,26.350000381469727,1000,0.0,0.0
2024-09-30 02:50:00+00:00,26.350000381469727,26.350000381469727,26.299999237060547,26.299999237060547,3033,0.0,0.0
2024-09-30 03:05:00+00:00,26.299999237060547,26.299999237060547,26.299999237060547,26.299999237060547,1000,0.0,0.0
2024-09-30 03:10:00+00:00,26.299999237060547,26.299999237060547,26.299999237060547,26.299999237060547,3080,0.0,0.0
2024-09-30 03:20:00+00:00,26.350000381469727,26.350000381469727,26.299999237060547,26.299999237060547,2089,0.0,0.0
2024-09-30 03:35:00+00:00,26.299999237060547,26.299999237060547,26.299999237060547,26.299999237060547,1000,0.0,0.0
2024-09-30 03:45:00+00:00,26.299999237060547,26.299999237060547,26.299999237060547,26.299999237060547,1000,0.0,0.0
2024-09-30 03:50:00+00:00,26.350000381469727,26.350000381469727,26.350000381469727,26.350000381469727,1000,0.0,0.0
2024-09-30 03:55:00+00:00,26.350000381469727,26.350000381469727,26.299999237060547,26.350000381469727,8001,0.0,0.0
2024-09-30 04:00:00+00:00,26.350000381469727,26.350000381469727,26.299999237060547,26.299999237060547,4000,0.0,0.0
2024-09-30 04:05:00+00:00,26.350000381469727,26.350000381469727,26.299999237060547,26.350000381469727,7000,0.0,0.0
2024-09-30 04:10:00+00:00,26.350000381469727,26.350000381469727,26.350000381469727,26.350000381469727,1000,0.0,0.0
2024-09-30 04:15:00+00:00,26.299999237060547,26.299999237060547,26.25,26.25,21000,0.0,0.0
2024-09-30 04:20:00+00:00,26.299999237060547,26.299999237060547,26.25,26.25,2172,0.0,0.0
2024-09-30 04:35:00+00:00,26.350000381469727,26.350000381469727,26.25,26.25,11000,0.0,0.0
2024-09-30 04:40:00+00:00,26.299999237060547,26.299999237060547,26.299999237060547,26.299999237060547,1000,0.0,0.0
2024-09-30 04:45:00+00:00,26.299999237060547,26.299999237060547,26.200000762939453,26.200000762939453,23263,0.0,0.0
2024-09-30 04:50:00+00:00,26.200000762939453,26.200000762939453,26.200000762939453,26.200000762939453,14865,0.0,0.0
2024-09-30 04:55:00+00:00,26.200000762939453,26.200000762939453,26.200000762939453,26.200000762939453,6000,0.0,0.0
2024-09-30 05:05:00+00:00,26.149999618530273,26.149999618530273,26.149999618530273,26.149999618530273,1000,0.0,0.0
2024-09-30 05:10:00+00:00,26.200000762939453,26.200000762939453,26.149999618530273,26.149999618530273,2228,0.0,0.0
2024-09-30 05:15:00+00:00,26.200000762939453,26.200000762939453,26.149999618530273,26.149999618530273,3000,0.0,0.0
2024-09-30 05:20:00+00:00,26.200000762939453,26.200000762939453,26.149999618530273,26.149999618530273,21000,0.0,0.0
2024-10-01 01:00:00+00:00,26.299999237060547,26.299999237060547,26.299999237060547,26.299999237060547,0,0.0,0.0
2024-10-01 01:05:00+00:00,26.25,26.25,26.149999618530273,26.149999618530273,27002,0.0,0.0
2024-10-01 01:10:00+00:00,26.149999618530273,26.149999618530273,26.149999618530273,26.149999618530273,10000,0.0,0.0
2024-10-01 01:15:00+00:00,26.149999618530273,26.149999618530273,26.149999618530273,26.149999618530273,5000,0.0,0.0
2024-10-01 01:20:00+00:00,26.149999618530273,26.149999618530273,26.149999618530273,26.149999618530273,2000,0.0,0.0
2024-10-01 01:30:00+00:00,26.149999618530273,26.149999618530273,26.149999618530273,26.149999618530273,1010,0.0,0.0
2024-10-01 01:45:00+00:00,26.149999618530273,26.149999618530273,26.149999618530273,26.149999618530273,5000,0.0,0.0
2024-10-01 01:50:00+00:00,26.200000762939453,26.200000762939453,26.200000762939453,26.200000762939453,5000,0.0,0.0
2024-10-01 01:55:00+00:00,26.200000762939453,26.200000762939453,26.149999618530273,26.149999618530273,2000,0.0,0.0
2024-10-01 02:00:00+00:00,26.149999618530273,26.149999618530273,26.149999618530273,26.149999618530273,5000,0.0,0.0
2024-10-01 02:10:00+00:00,26.149999618530273,26.149999618530273,26.149999618530273,26.149999618530273,7000,0.0,0.0
2024-10-01 02:15:00+00:00,26.200000762939453,26.200000762939453,26.200000762939453,26.200000762939453,2000,0.0,0.0
2024-10-01 02:20:00+00:00,26.200000762939453,26.200000762939453,26.200000762939453,26.200000762939453,1000,0.0,0.0
2024-10-01 02:25:00+00:00,26.149999618530273,26.149999618530273,26.149999618530273,26.149999618530273,5000,0.0,0.0
2024-10-01 02:30:00+00:00,26.149999618530273,26.149999618530273,26.149999618530273,26.149999618530273,2165,0.0,0.0
2024-10-01 02:40:00+00:00,26.149999618530273,26.149999618530273,26.149999618530273,26.149999618530273,2000,0.0,0.0
2024-10-01 02:45:00+00:00,26.149999618530273,26.149999618530273,26.149999618530273,26.149999618530273,6000,0.0,0.0
2024-10-01 02:50:00+00:00,26.149999618530273,26.149999618530273,26.149999618530273,26.149999618530273,1456,0.0,0.0
2024-10-01 03:00:00+00:00,26.149999618530273,26.149999618530273,26.149999618530273,26.149999618530273,3000,0.0,0.0
2024-10-01 03:10:00+00:00,26.149999618530273,26.149999618530273,26.149999618530273,26.149999618530273,4000,0.0,0.0
2024-10-01 03:15:00+00:00,26.200000762939453,26.200000762939453,26.149999618530273,26.149999618530273,5001,0.0,0.0
2024-10-01 03:35:00+00:00,26.200000762939453,26.200000762939453,26.200000762939453,26.200000762939453,2001,0.0,0.0
2024-10-01 03:40:00+00:00,26.200000762939453,26.200000762939453,26.200000762939453,26.200000762939453,1006,0.0,0.0
2024-10-01 04:00:00+00:00,26.25,26.25,26.25,26.25,1000,0.0,0.0
2024-10-01 04:05:00+00:00,26.25,26.25,26.25,26.25,1093,0.0,0.0
2024-10-01 04:35:00+00:00,26.200000762939453,26.200000762939453,26.200000762939453,26.200000762939453,5000,0.0,0.0
2024-10-01 04:55:00+00:00,26.200000762939453,26.200000762939453,26.149999618530273,26.149999618530273,11002,0.0,0.0
2024-10-01 05:00:00+00:00,26.149999618530273,26.200000762939453,26.149999618530273,26.149999618530273,10998,0.0,0.0
2024-10-01 05:10:00+00:00,26.149999618530273,26.200000762939453,26.149999618530273,26.200000762939453,3000,0.0,0.0
2024-10-01 05:20:00+00:00,26.200000762939453,26.200000762939453,26.200000762939453,26.200000762939453,6000,0.0,0.0
2024-10-04 01:00:00+00:00,26.299999237060547,26.299999237060547,26.149999618530273,26.149999618530273,0,0.0,0.0
2024-10-04 01:05:00+00:00,26.149999618530273,26.149999618530273,26.149999618530273,26.149999618530273,2101,0.0,0.0
2024-10-04 01:10:00+00:00,26.149999618530273,26.149999618530273,26.149999618530273,26.149999618530273,4000,0.0,0.0
2024-10-04 01:20:00+00:00,26.200000762939453,26.200000762939453,26.200000762939453,26.200000762939453,6500,0.0,0.0
2024-10-04 01:30:00+00:00,26.200000762939453,26.200000762939453,26.200000762939453,26.200000762939453,1000,0.0,0.0
2024-10-04 01:35:00+00:00,26.149999618530273,26.149999618530273,26.149999618530273,26.149999618530273,7040,0.0,0.0
2024-10-04 01:40:00+00:00,26.149999618530273,26.149999618530273,26.149999618530273,26.149999618530273,2000,0.0,0.0
2024-10-04 01:45:00+00:00,26.149999618530273,26.149999618530273,26.100000381469727,26.100000381469727,7000,0.0,0.0
2024-10-04 01:50:00+00:00,26.100000381469727,26.100000381469727,26.0,26.0,39041,0.0,0.0
2024-10-04 01:55:00+00:00,26.0,26.0,25.899999618530273,25.950000762939453,50543,0.0,0.0
2024-10-04 02:00:00+00:00,25.950000762939453,25.950000762939453,25.899999618530273,25.950000762939453,15003,0.0,0.0
2024-10-04 02:05:00+00:00,25.950000762939453,25.950000762939453,25.950000762939453,25.950000762939453,3029,0.0,0.0
2024-10-04 02:10:00+00:00,26.0,26.0,26.0,26.0,1000,0.0,0.0
2024-10-04 02:15:00+00:00,26.0,26.0,26.0,26.0,7000,0.0,0.0
2024-10-04 02:25:00+00:00,26.049999237060547,26.049999237060547,26.0,26.0,5000,0.0,0.0
2024-10-04 02:35:00+00:00,26.0,26.0,26.0,26.0,1000,0.0,0.0
2024-10-04 02:40:00+00:00,26.0,26.0,26.0,26.0,4000,0.0,0.0
2024-10-04 02:55:00+00:00,26.0,26.0,26.0,26.0,9000,0.0,0.0
2024-10-04 03:00:00+00:00,26.0,26.0,26.0,26.0,13000,0.0,0.0
2024-10-04 03:05:00+00:00,26.049999237060547,26.049999237060547,26.049999237060547,26.049999237060547,1000,0.0,0.0
2024-10-04 03:15:00+00:00,26.049999237060547,26.049999237060547,26.049999237060547,26.049999237060547,1000,0.0,0.0
2024-10-04 03:20:00+00:00,26.049999237060547,26.049999237060547,26.049999237060547,26.049999237060547,4000,0.0,0.0
2024-10-04 03:25:00+00:00,26.0,26.0,26.0,26.0,12000,0.0,0.0
2024-10-04 03:30:00+00:00,26.0,26.0,25.950000762939453,26.0,5313,0.0,0.0
2024-10-04 03:40:00+00:00,25.950000762939453,25.950000762939453,25.950000762939453,25.950000762939453,5001,0.0,0.0
2024-10-04 03:45:00+00:00,25.950000762939453,25.950000762939453,25.950000762939453,25.950000762939453,1183,0.0,0.0
2024-10-04 03:50:00+00:00,25.950000762939453,25.950000762939453,25.950000762939453,25.950000762939453,1018,0.0,0.0
2024-10-04 03:55:00+00:00,25.950000762939453,25.950000762939453,25.950000762939453,25.950000762939453,1000,0.0,0.0
2024-10-04 04:00:00+00:00,25.950000762939453,25.950000762939453,25.950000762939453,25.950000762939453,1000,0.0,0.0
2024-10-04 04:10:00+00:00,25.950000762939453,25.950000762939453,25.950000762939453,25.950000762939453,5000,0.0,0.0
2024-10-04 04:15:00+00:00,25.950000762939453,25.950000762939453,25.950000762939453,25.950000762939453,1000,0.0,0.0
2024-10-04 04:20:00+00:00,25.950000762939453,25.950000762939453,25.950000762939453,25.950000762939453,2000,0.0,0.0
2024-10-04 04:25:00+00:00,25.950000762939453,25.950000762939453,25.950000762939453,25.950000762939453,2000,0.0,0.0
2024-10-04 04:35:00+00:00,26.0,26.0,25.950000762939453,25.950000762939453,5000,0.0,0.0
2024-10-04 04:40:00+00:00,26.0,26.0,26.0,26.0,3000,0.0,0.0
2024-10-04 04:45:00+00:00,26.0,26.0,26.0,26.0,16000,0.0,0.0
2024-10-04 04:50:00+00:00,26.0,26.0,26.0,26.0,3010,0.0,0.0
2024-10-04 04:55:00+00:00,26.0,26.0,26.0,26.0,1000,0.0,0.0
2024-10-04 05:00:00+00:00,25.950000762939453,26.0,25.950000762939453,25.950000762939453,11001,0.0,0.0
2024-10-04 05:05:00+00:00,26.0,26.0,25.950000762939453,25.950000762939453,3000,0.0,0.0
2024-10-04 05:10:00+00:00,26.0,26.0,25.950000762939453,25.950000762939453,3000,0.0,0.0
2024-10-04 05:15:00+00:00,26.0,26.0,26.0,26.0,7000,0.0,0.0
2024-10-04 05:20:00+00:00,25.950000762939453,26.0,25.950000762939453,25.950000762939453,6000,0.0,0.0
2024-10-07 01:00:00+00:00,26.100000381469727,26.100000381469727,26.100000381469727,26.100000381469727,0,0.0,0.0
2024-10-07 01:10:00+00:00,26.049999237060547,26.100000381469727,26.0,26.0,17176,0.0,0.0
2024-10-07 01:15:00+00:00,26.049999237060547,26.049999237060547,26.049999237060547,26.049999237060547,3088,0.0,0.0
2024-10-07 01:20:00+00:00,26.049999237060547,26.049999237060547,26.0,26.0,24142,0.0,0.0
2024-10-07 01:30:00+00:00,26.0,26.049999237060547,26.0,26.049999237060547,13035,0.0,0.0
2024-10-07 01:35:00+00:00,26.100000381469727,26.149999618530273,26.049999237060547,26.049999237060547,26000,0.0,0.0
2024-10-07 01:50:00+00:00,26.100000381469727,26.149999618530273,26.100000381469727,26.149999618530273,7000,0.0,0.0
2024-10-07 01:55:00+00:00,26.100000381469727,26.100000381469727,26.100000381469727,26.100000381469727,4000,0.0,0.0
2024-10-07 02:00:00+00:00,26.149999618530273,26.200000762939453,26.149999618530273,26.200000762939453,14018,0.0,0.0
2024-10-07 02:15:00+00:00,26.100000381469727,26.100000381469727,26.100000381469727,26.100000381469727,6550,0.0,0.0
2024-10-07 02:25:00+00:00,26.100000381469727,26.100000381469727,26.100000381469727,26.100000381469727,5046,0.0,0.0
2024-10-07 02:35:00+00:00,26.100000381469727,26.100000381469727,26.100000381469727,26.100000381469727,1003,0.0,0.0
2024-10-07 02:45:00+00:00,26.100000381469727,26.100000381469727,26.049999237060547,26.049999237060547,13000,0.0,0.0
2024-10-07 02:50:00+00:00,26.049999237060547,26.049999237060547,26.049999237060547,26.049999237060547,1000,0.0,0.0
2024-10-07 03:00:00+00:00,26.049999237060547,26.100000381469727,26.049999237060547,26.100000381469727,23220,0.0,0.0
2024-10-07 03:35:00+00:00,26.100000381469727,26.100000381469727,26.100000381469727,26.100000381469727,5050,0.0,0.0
2024-10-07 04:00:00+00:00,26.200000762939453,26.200000762939453,26.200000762939453,26.200000762939453,14000,0.0,0.0
2024-10-07 04:05:00+00:00,26.200000762939453,26.200000762939453,26.200000762939453,26.200000762939453,1000,0.0,0.0
2024-10-07 04:10:00+00:00,26.200000762939453,26.200000762939453,26.200000762939453,26.200000762939453,2312,0.0,0.0
2024-10-07 04:20:00+00:00,26.25,26.25,26.25,26.25,1032,0.0,0.0
2024-10-07 04:35:00+00:00,26.25,26.25,26.200000762939453,26.200000762939453,7000,0.0,0.0
2024-10-07 04:40:00+00:00,26.200000762939453,26.200000762939453,26.200000762939453,26.200000762939453,3000,0.0,0.0
2024-10-07 04:45:00+00:00,26.25,26.25,26.25,26.25,12000,0.0,0.0
2024-10-07 04:50:00+00:00,26.200000762939453,26.200000762939453,26.200000762939453,26.200000762939453,6000,0.0,0.0
2024-10-07 04:55:00+00:00,26.200000762939453,26.200000762939453,26.200000762939453,26.200000762939453,3000,0.0,0.0
2024-10-07 05:00:00+00:00,26.149999618530273,26.149999618530273,26.149999618530273,26.149999618530273,4000,0.0,0.0
2024-10-07 05:05:00+00:00,26.149999618530273,26.149999618530273,26.149999618530273,26.149999618530273,1001,0.0,0.0
2024-10-07 05:20:00+00:00,26.200000762939453,26.200000762939453,26.200000762939453,26.200000762939453,1001,0.0,0.0
2024-10-08 01:00:00+00:00,26.100000381469727,26.100000381469727,26.049999237060547,26.049999237060547,0,0.0,0.0
2024-10-08 01:05:00+00:00,26.049999237060547,26.100000381469727,25.950000762939453,26.0,49130,0.0,0.0
2024-10-08 01:10:00+00:00,26.200000762939453,26.350000381469727,26.049999237060547,26.049999237060547,15015,0.0,0.0
2024-10-08 01:15:00+00:00,26.149999618530273,26.149999618530273,26.049999237060547,26.049999237060547,9038,0.0,0.0
2024-10-08 01:20:00+00:00,26.100000381469727,26.100000381469727,26.100000381469727,26.100000381469727,2031,0.0,0.0
2024-10-08 01:25:00+00:00,26.100000381469727,26.100000381469727,26.100000381469727,26.100000381469727,8000,0.0,0.0
2024-10-08 01:30:00+00:00,26.100000381469727,26.100000381469727,26.0,26.0,15005,0.0,0.0
2024-10-08 01:35:00+00:00,26.100000381469727,26.100000381469727,26.100000381469727,26.100000381469727,5000,0.0,0.0
2024-10-08 01:45:00+00:00,26.0,26.0,25.850000381469727,25.850000381469727,61300,0.0,0.0
2024-10-08 01:55:00+00:00,25.899999618530273,25.899999618530273,25.850000381469727,25.850000381469727,13675,0.0,0.0
2024-10-08 02:00:00+00:00,25.899999618530273,25.899999618530273,25.899999618530273,25.899999618530273,16074,0.0,0.0
2024-10-08 02:05:00+00:00,25.899999618530273,25.899999618530273,25.850000381469727,25.899999618530273,23000,0.0,0.0
2024-10-08 02:10:00+00:00,25.850000381469727,25.850000381469727,25.700000762939453,25.75,52431,0.0,0.0
2024-10-08 02:15:00+00:00,25.75,25.799999237060547,25.75,25.75,11000,0.0,0.0
2024-10-08 02:20:00+00:00,25.799999237060547,25.799999237060547,25.799999237060547,25.799999237060547,8001,0.0,0.0
2024-10-08 02:25:00+00:00,25.850000381469727,25.850000381469727,25.850000381469727,25.850000381469727,4000,0.0,0.0
2024-10-08 02:30:00+00:00,25.850000381469727,25.850000381469727,25.850000381469727,25.850000381469727,1000,0.0,0.0
2024-10-08 02:35:00+00:00,25.799999237060547,25.799999237060547,25.75,25.75,8000,0.0,0.0
2024-10-08 02:40:00+00:00,25.75,25.75,25.75,25.75,10000,0.0,0.0
2024-10-08 02:45:00+00:00,25.799999237060547,25.799999237060547,25.799999237060547,25.799999237060547,3000,0.0,0.0
2024-10-08 02:50:00+00:00,25.799999237060547,25.799999237060547,25.799999237060547,25.799999237060547,3539,0.0,0.0
2024-10-08 03:00:00+00:00,25.850000381469727,25.899999618530273,25.850000381469727,25.899999618530273,20000,0.0,0.0
2024-10-08 03:10:00+00:00,25.899999618530273,25.899999618530273,25.899999618530273,25.899999618530273,1000,0.0,0.0
2024-10-08 03:15:00+00:00,25.899999618530273,25.899999618530273,25.899999618530273,25.899999618530273,1000,0.0,0.0
2024-10-08 03:20:00+00:00,25.850000381469727,25.850000381469727,25.850000381469727,25.850000381469727,1000,0.0,0.0
2024-10-08 03:55:00+00:00,25.899999618530273,25.899999618530273,25.899999618530273,25.899999618530273,2000,0.0,0.0
2024-10-08 04:00:00+00:00,25.899999618530273,25.950000762939453,25.899999618530273,25.950000762939453,12000,0.0,0.0
2024-10-08 04:05:00+00:00,25.899999618530273,25.899999618530273,25.899999618530273,25.899999618530273,4001,0.0,0.0
2024-10-08 04:15:00+00:00,25.899999618530273,25.899999618530273,25.899999618530273,25.899999618530273,1001,0.0,0.0
2024-10-08 04:20:00+00:00,25.950000762939453,25.950000762939453,25.950000762939453,25.950000762939453,2003,0.0,0.0
2024-10-08 04:25:00+00:00,25.950000762939453,25.950000762939453,25.950000762939453,25.950000762939453,2000,0.0,0.0
2024-10-08 04:35:00+00:00,25.899999618530273,25.899999618530273,25.899999618530273,25.899999618530273,11000,0.0,0.0
2024-10-08 04:40:00+00:00,25.899999618530273,25.899999618530273,25.899999618530273,25.899999618530273,1001,0.0,0.0
2024-10-08 04:45:00+00:00,25.899999618530273,25.899999618530273,25.899999618530273,25.899999618530273,6143,0.0,0.0
2024-10-08 04:55:00+00:00,25.899999618530273,25.899999618530273,25.899999618530273,25.899999618530273,1000,0.0,0.0
2024-10-08 05:10:00+00:00,25.899999618530273,25.899999618530273,25.850000381469727,25.850000381469727,2000,0.0,0.0
2024-10-08 05:15:00+00:00,25.850000381469727,25.899999618530273,25.850000381469727,25.899999618530273,14000,0.0,0.0
2024-10-08 05:20:00+00:00,25.899999618530273,25.950000762939453,25.850000381469727,25.850000381469727,6000,0.0,0.0
2024-10-09 01:00:00+00:00,25.950000762939453,26.0,25.899999618530273,25.899999618530273,0,0.0,0.0
2024-10-09 01:05:00+00:00,25.899999618530273,26.0,25.899999618530273,25.899999618530273,3500,0.0,0.0
2024-10-09 01:10:00+00:00,25.899999618530273,25.899999618530273,25.899999618530273,25.899999618530273,2000,0.0,0.0
2024-10-09 01:15:00+00:00,25.950000762939453,25.950000762939453,25.899999618530273,25.899999618530273,9000,0.0,0.0
2024-10-09 01:20:00+00:00,25.899999618530273,25.899999618530273,25.899999618530273,25.899999618530273,2000,0.0,0.0
2024-10-09 01:30:00+00:00,25.899999618530273,25.899999618530273,25.899999618530273,25.899999618530273,6019,0.0,0.0
2024-10-09 01:35:00+00:00,25.899999618530273,25.899999618530273,25.850000381469727,25.850000381469727,5002,0.0,0.0
2024-10-09 01:40:00+00:00,25.850000381469727,25.850000381469727,25.850000381469727,25.850000381469727,13121,0.0,0.0
2024-10-09 01:45:00+00:00,25.799999237060547,25.799999237060547,25.799999237060547,25.799999237060547,6000,0.0,0.0
2024-10-09 01:50:00+00:00,25.799999237060547,25.850000381469727,25.799999237060547,25.799999237060547,6000,0.0,0.0
2024-10-09 01:55:00+00:00,25.850000381469727,25.850000381469727,25.850000381469727,25.850000381469727,1000,0.0,0.0
2024-10-09 02:00:00+00:00,25.799999237060547,25.850000381469727,25.799999237060547,25.799999237060547,17459,0.0,0.0
2024-10-09 02:05:00+00:00,25.799999237060547,25.799999237060547,25.75,25.799999237060547,25000,0.0,0.0
2024-10-09 02:10:00+00:00,25.75,25.75,25.700000762939453,25.700000762939453,33195,0.0,0.0
2024-10-09 02:15:00+00:00,25.700000762939453,25.700000762939453,25.700000762939453,25.700000762939453,8000,0.0,0.0
2024-10-09 02:20:00+00:00,25.700000762939453,25.700000762939453,25.649999618530273,25.649999618530273,25028,0.0,0.0
2024-10-09 02:25:00+00:00,25.75,25.75,25.75,25.75,1044,0.0,0.0
2024-10-09 02:30:00+00:00,25.700000762939453,25.700000762939453,25.600000381469727,25.649999618530273,26155,0.0,0.0
2024-10-09 02:35:00+00:00,25.649999618530273,25.649999618530273,25.649999618530273,25.649999618530273,3000,0.0,0.0
2024-10-09 02:40:00+00:00,25.700000762939453,25.700000762939453,25.649999618530273,25.649999618530273,3000,0.0,0.0
2024-10-09 03:05:00+00:00,25.649999618530273,25.649999618530273,25.649999618530273,25.649999618530273,1000,0.0,0.0
2024-10-09 03:10:00+00:00,25.649999618530273,25.649999618530273,25.649999618530273,25.649999618530273,2000,0.0,0.0
2024-10-09 03:15:00+00:00,25.649999618530273,25.649999618530273,25.649999618530273,25.649999618530273,4000,0.0,0.0
2024-10-09 03:20:00+00:00,25.649999618530273,25.649999618530273,25.649999618530273,25.649999618530273,8000,0.0,0.0
2024-10-09 03:25:00+00:00,25.600000381469727,25.600000381469727,25.600000381469727,25.600000381469727,1000,0.0,0.0
2024-10-09 03:30:00+00:00,25.600000381469727,25.600000381469727,25.600000381469727,25.600000381469727,1000,0.0,0.0
2024-10-09 03:35:00+00:00,25.649999618530273,25.649999618530273,25.649999618530273,25.649999618530273,6000,0.0,0.0
2024-10-09 03:45:00+00:00,25.649999618530273,25.649999618530273,25.649999618530273,25.649999618530273,7000,0.0,0.0
2024-10-09 03:50:00+00:00,25.649999618530273,25.649999618530273,25.649999618530273,25.649999618530273,5000,0.0,0.0
2024-10-09 03:55:00+00:00,25.649999618530273,25.700000762939453,25.649999618530273,25.700000762939453,4000,0.0,0.0
2024-10-09 04:00:00+00:00,25.700000762939453,25.700000762939453,25.649999618530273,25.649999618530273,3000,0.0,0.0
2024-10-09 04:05:00+00:00,25.649999618530273,25.649999618530273,25.649999618530273,25.649999618530273,13747,0.0,0.0
2024-10-09 04:15:00+00:00,25.649999618530273,25.649999618530273,25.649999618530273,25.649999618530273,2018,0.0,0.0
2024-10-09 04:20:00+00:00,25.649999618530273,25.649999618530273,25.649999618530273,25.649999618530273,2000,0.0,0.0
2024-10-09 04:25:00+00:00,25.649999618530273,25.649999618530273,25.649999618530273,25.649999618530273,5002,0.0,0.0
2024-10-09 04:30:00+00:00,25.649999618530273,25.649999618530273,25.600000381469727,25.600000381469727,31191,0.0,0.0
2024-10-09 04:35:00+00:00,25.600000381469727,25.600000381469727,25.549999237060547,25.549999237060547,43313,0.0,0.0
2024-10-09 04:45:00+00:00,25.600000381469727,25.600000381469727,25.549999237060547,25.600000381469727,16000,0.0,0.0
2024-10-09 04:50:00+00:00,25.549999237060547,25.549999237060547,25.549999237060547,25.549999237060547,18000,0.0,0.0
2024-10-09 04:55:00+00:00,25.549999237060547,25.549999237060547,25.549999237060547,25.549999237060547,7120,0.0,0.0
2024-10-09 05:00:00+00:00,25.549999237060547,25.549999237060547,25.549999237060547,25.549999237060547,17603,0.0,0.0
2024-10-09 05:05:00+00:00,25.549999237060547,25.549999237060547,25.5,25.5,2006,0.0,0.0
2024-10-09 05:10:00+00:00,25.549999237060547,25.549999237060547,25.5,25.5,6010,0.0,0.0
2024-10-09 05:15:00+00:00,25.5,25.5,25.450000762939453,25.450000762939453,52535,0.0,0.0
2024-10-09 05:20:00+00:00,25.450000762939453,25.5,25.450000762939453,25.5,6000,0.0,0.0
2024-10-11 01:00:00+00:00,25.450000762939453,25.450000762939453,25.450000762939453,25.450000762939453,0,0.0,0.0
2024-10-11 01:05:00+00:00,25.5,25.549999237060547,25.5,25.549999237060547,3057,0.0,0.0
2024-10-11 01:10:00+00:00,25.549999237060547,25.549999237060547,25.350000381469727,25.350000381469727,23864,0.0,0.0
2024-10-11 01:15:00+00:00,25.350000381469727,25.399999618530273,25.25,25.25,20565,0.0,0.0
2024-10-11 01:20:00+00:00,25.299999237060547,25.299999237060547,25.100000381469727,25.100000381469727,75123,0.0,0.0
2024-10-11 01:25:00+00:00,25.200000762939453,25.200000762939453,25.149999618530273,25.149999618530273,19011,0.0,0.0
2024-10-11 01:30:00+00:00,25.200000762939453,25.200000762939453,25.149999618530273,25.149999618530273,41000,0.0,0.0
2024-10-11 01:35:00+00:00,25.149999618530273,25.149999618530273,25.149999618530273,25.149999618530273,3015,0.0,0.0
2024-10-11 01:40:00+00:00,25.149999618530273,25.149999618530273,25.100000381469727,25.100000381469727,15545,0.0,0.0
2024-10-11 01:45:00+00:00,25.100000381469727,25.149999618530273,25.049999237060547,25.049999237060547,27206,0.0,0.0
2024-10-11 01:50:00+00:00,25.049999237060547,25.049999237060547,25.0,25.0,27548,0.0,0.0
2024-10-11 01:55:00+00:00,25.0,25.149999618530273,25.0,25.149999618530273,8000,0.0,0.0
2024-10-11 02:00:00+00:00,25.149999618530273,25.149999618530273,25.100000381469727,25.100000381469727,5103,0.0,0.0
2024-10-11 02:05:00+00:00,25.100000381469727,25.100000381469727,25.049999237060547,25.049999237060547,10001,0.0,0.0
2024-10-11 02:10:00+00:00,25.100000381469727,25.100000381469727,25.049999237060547,25.049999237060547,8000,0.0,0.0
2024-10-11 02:20:00+00:00,25.100000381469727,25.100000381469727,25.049999237060547,25.100000381469727,35045,0.0,0.0
2024-10-11 02:25:00+00:00,25.100000381469727,25.149999618530273,25.100000381469727,25.149999618530273,12000,0.0,0.0
2024-10-11 02:30:00+00:00,25.149999618530273,25.149999618530273,25.149999618530273,25.149999618530273,7000,0.0,0.0
2024-10-11 02:35:00+00:00,25.100000381469727,25.100000381469727,25.100000381469727,25.100000381469727,3000,0.0,0.0
2024-10-11 02:40:00+00:00,25.100000381469727,25.100000381469727,25.100000381469727,25.100000381469727,8000,0.0,0.0
2024-10-11 02:45:00+00:00,25.100000381469727,25.100000381469727,25.100000381469727,25.100000381469727,2000,0.0,0.0
2024-10-11 02:50:00+00:00,25.100000381469727,25.100000381469727,25.100000381469727,25.100000381469727,5000,0.0,0.0
2024-10-11 02:55:00+00:00,25.149999618530273,25.149999618530273,25.100000381469727,25.100000381469727,18000,0.0,0.0
2024-10-11 03:05:00+00:00,25.100000381469727,25.100000381469727,25.100000381469727,25.100000381469727,5000,0.0,0.0
2024-10-11 03:10:00+00:00,25.100000381469727,25.100000381469727,25.049999237060547,25.049999237060547,4948,0.0,0.0
2024-10-11 03:15:00+00:00,25.049999237060547,25.100000381469727,25.049999237060547,25.100000381469727,17000,0.0,0.0
2024-10-11 03:20:00+00:00,25.100000381469727,25.100000381469727,25.100000381469727,25.100000381469727,1000,0.0,0.0
2024-10-11 03:25:00+00:00,25.100000381469727,25.100000381469727,25.100000381469727,25.100000381469727,2153,0.0,0.0
2024-10-11 03:35:00+00:00,25.100000381469727,25.100000381469727,25.100000381469727,25.100000381469727,4000,0.0,0.0
2024-10-11 03:40:00+00:00,25.100000381469727,25.100000381469727,25.100000381469727,25.100000381469727,3000,0.0,0.0
2024-10-11 03:45:00+00:00,25.049999237060547,25.049999237060547,25.049999237060547,25.049999237060547,4000,0.0,0.0
2024-10-11 03:50:00+00:00,25.049999237060547,25.100000381469727,25.049999237060547,25.049999237060547,9000,0.0,0.0
2024-10-11 03:55:00+00:00,25.049999237060547,25.100000381469727,25.049999237060547,25.049999237060547,3450,0.0,0.0
2024-10-11 04:05:00+00:00,25.100000381469727,25.100000381469727,25.100000381469727,25.100000381469727,2200,0.0,0.0
2024-10-11 04:15:00+00:00,25.100000381469727,25.100000381469727,25.049999237060547,25.049999237060547,7084,0.0,0.0
2024-10-11 04:20:00+00:00,25.049999237060547,25.049999237060547,25.049999237060547,25.049999237060547,1131,0.0,0.0
2024-10-11 04:25:00+00:00,25.049999237060547,25.049999237060547,25.049999237060547,25.049999237060547,13105,0.0,0.0
2024-10-11 04:30:00+00:00,25.049999237060547,25.100000381469727,25.049999237060547,25.049999237060547,4009,0.0,0.0
2024-10-11 04:40:00+00:00,25.049999237060547,25.100000381469727,25.049999237060547,25.100000381469727,8000,0.0,0.0
2024-10-11 04:50:00+00:00,25.100000381469727,25.100000381469727,25.0,25.0,11504,0.0,0.0
2024-10-11 04:55:00+00:00,25.0,25.049999237060547,25.0,25.0,9163,0.0,0.0
2024-10-11 05:00:00+00:00,25.0,25.0,25.0,25.0,11000,0.0,0.0
2024-10-11 05:05:00+00:00,25.049999237060547,25.049999237060547,25.049999237060547,25.049999237060547,1000,0.0,0.0
2024-10-11 05:10:00+00:00,25.049999237060547,25.049999237060547,25.0,25.0,5000,0.0,0.0
2024-10-11 05:15:00+00:00,25.0,25.0,25.0,25.0,29000,0.0,0.0
2024-10-11 05:20:00+00:00,25.0,25.049999237060547,25.0,25.0,53000,0.0,0.0
2024-10-14 01:00:00+00:00,25.0,25.0,24.899999618530273,24.899999618530273,0,0.0,0.0
2024-10-14 01:05:00+00:00,24.899999618530273,24.899999618530273,24.899999618530273,24.899999618530273,3408,0.0,0.0
2024-10-14 01:10:00+00:00,24.899999618530273,24.899999618530273,24.850000381469727,24.899999618530273,20000,0.0,0.0
2024-10-14 01:15:00+00:00,25.0,25.049999237060547,25.0,25.049999237060547,8000,0.0,0.0
2024-10-14 01:20:00+00:00,25.100000381469727,25.100000381469727,25.0,25.0,14000,0.0,0.0
2024-10-14 01:25:00+00:00,25.0,25.100000381469727,25.0,25.100000381469727,17000,0.0,0.0
2024-10-14 01:30:00+00:00,25.100000381469727,25.100000381469727,25.100000381469727,25.100000381469727,2000,0.0,0.0
2024-10-14 01:40:00+00:00,25.0,25.0,25.0,25.0,10000,0.0,0.0
2024-10-14 01:45:00+00:00,25.049999237060547,25.049999237060547,25.049999237060547,25.049999237060547,5000,0.0,0.0
2024-10-14 01:50:00+00:00,25.0,25.0,25.0,25.0,4043,0.0,0.0
2024-10-14 02:00:00+00:00,25.0,25.0,25.0,25.0,8000,0.0,0.0
2024-10-14 02:10:00+00:00,25.0,25.0,25.0,25.0,7006,0.0,0.0
2024-10-14 02:15:00+00:00,25.049999237060547,25.049999237060547,25.049999237060547,25.049999237060547,2000,0.0,0.0
2024-10-14 02:20:00+00:00,25.0,25.0,25.0,25.0,10000,0.0,0.0
2024-10-14 02:25:00+00:00,25.0,25.0,25.0,25.0,2000,0.0,0.0
2024-10-14 02:35:00+00:00,25.049999237060547,25.049999237060547,25.049999237060547,25.049999237060547,1000,0.0,0.0
2024-10-14 02:40:00+00:00,25.049999237060547,25.100000381469727,25.049999237060547,25.100000381469727,20000,0.0,0.0
2024-10-14 02:45:00+00:00,25.149999618530273,25.200000762939453,25.100000381469727,25.100000381469727,15322,0.0,0.0
2024-10-14 03:10:00+00:00,25.100000381469727,25.100000381469727,25.100000381469727,25.100000381469727,1000,0.0,0.0
2024-10-14 03:15:00+00:00,25.100000381469727,25.100000381469727,25.100000381469727,25.100000381469727,1000,0.0,0.0
2024-10-14 03:20:00+00:00,25.100000381469727,25.100000381469727,25.100000381469727,25.100000381469727,4000,0.0,0.0
2024-10-14 03:25:00+00:00,25.049999237060547,25.049999237060547,25.049999237060547,25.049999237060547,3000,0.0,0.0
2024-10-14 03:35:00+00:00,25.049999237060547,25.100000381469727,25.049999237060547,25.100000381469727,18026,0.0,0.0
2024-10-14 03:55:00+00:00,25.049999237060547,25.049999237060547,25.049999237060547,25.049999237060547,1100,0.0,0.0
2024-10-14 04:05:00+00:00,25.100000381469727,25.100000381469727,25.049999237060547,25.049999237060547,4220,0.0,0.0
2024-10-14 04:40:00+00:00,25.100000381469727,25.100000381469727,25.100000381469727,25.100000381469727,13000,0.0,0.0
2024-10-14 04:45:00+00:00,25.100000381469727,25.100000381469727,25.100000381469727,25.100000381469727,1000,0.0,0.0
2024-10-14 04:50:00+00:00,25.049999237060547,25.049999237060547,25.049999237060547,25.049999237060547,3000,0.0,0.0
2024-10-14 04:55:00+00:00,25.100000381469727,25.100000381469727,25.049999237060547,25.049999237060547,5016,0.0,0.0
2024-10-14 05:00:00+00:00,25.100000381469727,25.149999618530273,25.049999237060547,25.149999618530273,9000,0.0,0.0
2024-10-14 05:10:00+00:00,25.049999237060547,25.049999237060547,25.049999237060547,25.049999237060547,5000,0.0,0.0
2024-10-14 05:15:00+00:00,25.049999237060547,25.100000381469727,25.049999237060547,25.100000381469727,2000,0.0,0.0
2024-10-14 05:20:00+00:00,25.100000381469727,25.149999618530273,25.049999237060547,25.049999237060547,11200,0.0,0.0
2024-10-15 01:00:00+00:00,25.299999237060547,25.700000762939453,25.299999237060547,25.700000762939453,0,0.0,0.0
2024-10-15 01:05:00+00:00,25.700000762939453,25.700000762939453,25.549999237060547,25.549999237060547,15001,0.0,0.0
2024-10-15 01:10:00+00:00,25.600000381469727,25.600000381469727,25.450000762939453,25.450000762939453,31001,0.0,0.0
2024-10-15 01:15:00+00:00,25.5,25.549999237060547,25.450000762939453,25.450000762939453,12280,0.0,0.0
2024-10-15 01:20:00+00:00,25.5,25.600000381469727,25.5,25.5,18000,0.0,0.0
2024-10-15 01:25:00+00:00,25.549999237060547,25.549999237060547,25.450000762939453,25.450000762939453,27000,0.0,0.0
2024-10-15 01:30:00+00:00,25.450000762939453,25.450000762939453,25.399999618530273,25.399999618530273,7000,0.0,0.0
2024-10-15 01:35:00+00:00,25.450000762939453,25.450000762939453,25.450000762939453,25.450000762939453,1054,0.0,0.0
2024-10-15 01:45:00+00:00,25.450000762939453,25.5,25.450000762939453,25.450000762939453,4140,0.0,0.0
2024-10-15 02:00:00+00:00,25.450000762939453,25.450000762939453,25.450000762939453,25.450000762939453,1000,0.0,0.0
2024-10-15 02:05:00+00:00,25.450000762939453,25.5,25.450000762939453,25.5,20000,0.0,0.0
2024-10-15 02:10:00+00:00,25.450000762939453,25.450000762939453,25.450000762939453,25.450000762939453,3100,0.0,0.0
2024-10-15 02:15:00+00:00,25.399999618530273,25.399999618530273,25.399999618530273,25.399999618530273,19000,0.0,0.0
2024-10-15 02:20:00+00:00,25.350000381469727,25.399999618530273,25.299999237060547,25.399999618530273,12272,0.0,0.0
2024-10-15 02:25:00+00:00,25.399999618530273,25.399999618530273,25.399999618530273,25.399999618530273,3170,0.0,0.0
2024-10-15 02:30:00+00:00,25.399999618530273,25.399999618530273,25.399999618530273,25.399999618530273,2018,0.0,0.0
2024-10-15 02:50:00+00:00,25.399999618530273,25.399999618530273,25.350000381469727,25.350000381469727,10000,0.0,0.0
2024-10-15 02:55:00+00:00,25.350000381469727,25.350000381469727,25.350000381469727,25.350000381469727,2020,0.0,0.0
2024-10-15 03:00:00+00:00,25.299999237060547,25.299999237060547,25.299999237060547,25.299999237060547,6000,0.0,0.0
2024-10-15 03:10:00+00:00,25.25,25.25,25.25,25.25,4000,0.0,0.0
2024-10-15 03:20:00+00:00,25.25,25.25,25.200000762939453,25.200000762939453,4000,0.0,0.0
2024-10-15 03:25:00+00:00,25.200000762939453,25.200000762939453,25.200000762939453,25.200000762939453,8001,0.0,0.0
2024-10-15 03:40:00+00:00,25.25,25.25,25.25,25.25,1000,0.0,0.0
2024-10-15 04:00:00+00:00,25.25,25.299999237060547,25.25,25.299999237060547,3000,0.0,0.0
2024-10-15 04:10:00+00:00,25.25,25.299999237060547,25.25,25.299999237060547,4001,0.0,0.0
2024-10-15 04:15:00+00:00,25.25,25.25,25.25,25.25,1000,0.0,0.0
2024-10-15 04:20:00+00:00,25.25,25.299999237060547,25.25,25.299999237060547,7011,0.0,0.0
2024-10-15 04:30:00+00:00,25.299999237060547,25.299999237060547,25.200000762939453,25.200000762939453,21047,0.0,0.0
2024-10-15 04:45:00+00:00,25.200000762939453,25.200000762939453,25.200000762939453,25.200000762939453,1007,0.0,0.0
2024-10-15 04:55:00+00:00,25.200000762939453,25.200000762939453,25.200000762939453,25.200000762939453,1091,0.0,0.0
2024-10-15 05:00:00+00:00,25.299999237060547,25.299999237060547,25.299999237060547,25.299999237060547,10100,0.0,0.0
2024-10-15 05:05:00+00:00,25.200000762939453,25.200000762939453,25.100000381469727,25.100000381469727,21548,0.0,0.0
2024-10-15 05:10:00+00:00,25.100000381469727,25.149999618530273,25.100000381469727,25.100000381469727,23071,0.0,0.0
2024-10-15 05:15:00+00:00,25.149999618530273,25.149999618530273,25.100000381469727,25.100000381469727,6000,0.0,0.0
2024-10-15 05:20:00+00:00,25.100000381469727,25.100000381469727,25.0,25.100000381469727,20925,0.0,0.0
2024-10-16 01:05:00+00:00,25.049999237060547,25.049999237060547,25.049999237060547,25.049999237060547,0,0.0,0.0
2024-10-16 01:10:00+00:00,25.049999237060547,25.049999237060547,25.049999237060547,25.049999237060547,1000,0.0,0.0
2024-10-16 01:15:00+00:00,25.049999237060547,25.049999237060547,25.049999237060547,25.049999237060547,7000,0.0,0.0
2024-10-16 01:20:00+00:00,25.149999618530273,25.149999618530273,25.100000381469727,25.100000381469727,22000,0.0,0.0
2024-10-16 01:25:00+00:00,25.100000381469727,25.100000381469727,25.100000381469727,25.100000381469727,3000,0.0,0.0
2024-10-16 01:40:00+00:00,25.100000381469727,25.100000381469727,25.100000381469727,25.100000381469727,1187,0.0,0.0
2024-10-16 01:45:00+00:00,25.100000381469727,25.100000381469727,25.100000381469727,25.100000381469727,2000,0.0,0.0
2024-10-16 01:55:00+00:00,25.149999618530273,25.149999618530273,25.100000381469727,25.100000381469727,25005,0.0,0.0
2024-10-16 02:00:00+00:00,25.100000381469727,25.149999618530273,25.100000381469727,25.149999618530273,6000,0.0,0.0
2024-10-16 02:05:00+00:00,25.149999618530273,25.149999618530273,25.149999618530273,25.149999618530273,1100,0.0,0.0
2024-10-16 02:15:00+00:00,25.149999618530273,25.149999618530273,25.100000381469727,25.100000381469727,4000,0.0,0.0
2024-10-16 02:20:00+00:00,25.100000381469727,25.149999618530273,25.100000381469727,25.149999618530273,2000,0.0,0.0
2024-10-16 02:30:00+00:00,25.100000381469727,25.149999618530273,25.100000381469727,25.149999618530273,4000,0.0,0.0
2024-10-16 02:40:00+00:00,25.149999618530273,25.149999618530273,25.149999618530273,25.149999618530273,1000,0.0,0.0
2024-10-16 02:45:00+00:00,25.149999618530273,25.149999618530273,25.149999618530273,25.149999618530273,5100,0.0,0.0
2024-10-16 02:50:00+00:00,25.149999618530273,25.200000762939453,25.149999618530273,25.200000762939453,4000,0.0,0.0
2024-10-16 02:55:00+00:00,25.149999618530273,25.200000762939453,25.149999618530273,25.200000762939453,4000,0.0,0.0
2024-10-16 03:00:00+00:00,25.200000762939453,25.200000762939453,25.200000762939453,25.200000762939453,2000,0.0,0.0
2024-10-16 03:05:00+00:00,25.200000762939453,25.200000762939453,25.200000762939453,25.200000762939453,2000,0.0,0.0
2024-10-16 03:10:00+00:00,25.200000762939453,25.200000762939453,25.200000762939453,25.200000762939453,2000,0.0,0.0
2024-10-16 03:15:00+00:00,25.200000762939453,25.200000762939453,25.200000762939453,25.200000762939453,1000,0.0,0.0
2024-10-16 03:20:00+00:00,25.200000762939453,25.200000762939453,25.200000762939453,25.200000762939453,2000,0.0,0.0
2024-10-16 03:25:00+00:00,25.200000762939453,25.200000762939453,25.200000762939453,25.200000762939453,9000,0.0,0.0
2024-10-16 03:30:00+00:00,25.200000762939453,25.200000762939453,25.200000762939453,25.200000762939453,12000,0.0,0.0
2024-10-16 03:45:00+00:00,25.200000762939453,25.200000762939453,25.200000762939453,25.200000762939453,2000,0.0,0.0
2024-10-16 03:50:00+00:00,25.200000762939453,25.200000762939453,25.200000762939453,25.200000762939453,2060,0.0,0.0
2024-10-16 04:05:00+00:00,25.200000762939453,25.200000762939453,25.200000762939453,25.200000762939453,7000,0.0,0.0
2024-10-16 04:10:00+00:00,25.200000762939453,25.200000762939453,25.149999618530273,25.200000762939453,15075,0.0,0.0
2024-10-16 04:20:00+00:00,25.149999618530273,25.149999618530273,25.149999618530273,25.149999618530273,5000,0.0,0.0
2024-10-16 04:25:00+00:00,25.149999618530273,25.149999618530273,25.149999618530273,25.149999618530273,12000,0.0,0.0
2024-10-16 04:35:00+00:00,25.149999618530273,25.149999618530273,25.149999618530273,25.149999618530273,1000,0.0,0.0
2024-10-16 04:40:00+00:00,25.149999618530273,25.149999618530273,25.100000381469727,25.100000381469727,5000,0.0,0.0
2024-10-16 04:50:00+00:00,25.149999618530273,25.149999618530273,25.149999618530273,25.149999618530273,2000,0.0,0.0
2024-10-16 05:00:00+00:00,25.149999618530273,25.149999618530273,25.149999618530273,25.149999618530273,2000,0.0,0.0
2024-10-16 05:05:00+00:00,25.100000381469727,25.149999618530273,25.100000381469727,25.100000381469727,4000,0.0,0.0
2024-10-16 05:10:00+00:00,25.149999618530273,25.149999618530273,25.100000381469727,25.149999618530273,4000,0.0,0.0
2024-10-16 05:15:00+00:00,25.100000381469727,25.149999618530273,25.100000381469727,25.100000381469727,18000,0.0,0.0
2024-10-16 05:20:00+00:00,25.149999618530273,25.149999618530273,25.100000381469727,25.100000381469727,12000,0.0,0.0
2024-10-17 01:00:00+00:00,25.200000762939453,25.299999237060547,25.200000762939453,25.299999237060547,0,0.0,0.0
2024-10-17 01:05:00+00:00,25.350000381469727,25.399999618530273,25.350000381469727,25.399999618530273,5200,0.0,0.0
2024-10-17 01:10:00+00:00,25.399999618530273,25.5,25.350000381469727,25.5,11000,0.0,0.0
2024-10-17 01:15:00+00:00,25.5,25.5,25.5,25.5,3000,0.0,0.0
2024-10-17 01:20:00+00:00,25.399999618530273,25.399999618530273,25.350000381469727,25.350000381469727,25000,0.0,0.0
2024-10-17 01:25:00+00:00,25.350000381469727,25.5,25.350000381469727,25.5,23030,0.0,0.0
2024-10-17 01:30:00+00:00,25.5,25.5,25.5,25.5,2000,0.0,0.0
2024-10-17 01:35:00+00:00,25.450000762939453,25.450000762939453,25.399999618530273,25.399999618530273,16000,0.0,0.0
2024-10-17 01:40:00+00:00,25.450000762939453,25.5,25.350000381469727,25.399999618530273,21020,0.0,0.0
2024-10-17 01:45:00+00:00,25.399999618530273,25.399999618530273,25.399999618530273,25.399999618530273,2000,0.0,0.0
2024-10-17 02:05:00+00:00,25.350000381469727,25.350000381469727,25.350000381469727,25.350000381469727,9000,0.0,0.0
2024-10-17 02:10:00+00:00,25.399999618530273,25.399999618530273,25.350000381469727,25.350000381469727,9000,0.0,0.0
2024-10-17 02:15:00+00:00,25.350000381469727,25.350000381469727,25.350000381469727,25.350000381469727,4001,0.0,0.0
2024-10-17 02:20:00+00:00,25.450000762939453,25.5,25.450000762939453,25.5,6000,0.0,0.0
2024-10-17 02:35:00+00:00,25.399999618530273,25.399999618530273,25.399999618530273,25.399999618530273,10000,0.0,0.0
2024-10-17 02:40:00+00:00,25.299999237060547,25.450000762939453,25.299999237060547,25.450000762939453,2000,0.0,0.0
2024-10-17 02:55:00+00:00,25.399999618530273,25.399999618530273,25.399999618530273,25.399999618530273,3000,0.0,0.0
2024-10-17 03:10:00+00:00,25.399999618530273,25.399999618530273,25.350000381469727,25.350000381469727,15000,0.0,0.0
2024-10-17 03:15:00+00:00,25.350000381469727,25.350000381469727,25.350000381469727,25.350000381469727,11000,0.0,0.0
2024-10-17 03:20:00+00:00,25.350000381469727,25.350000381469727,25.299999237060547,25.299999237060547,9000,0.0,0.0
2024-10-17 03:35:00+00:00,25.350000381469727,25.350000381469727,25.350000381469727,25.350000381469727,4001,0.0,0.0
2024-10-17 03:45:00+00:00,25.399999618530273,25.399999618530273,25.399999618530273,25.399999618530273,5000,0.0,0.0
2024-10-17 03:50:00+00:00,25.399999618530273,25.450000762939453,25.399999618530273,25.450000762939453,5000,0.0,0.0
2024-10-17 03:55:00+00:00,25.450000762939453,25.450000762939453,25.450000762939453,25.450000762939453,2165,0.0,0.0
2024-10-17 04:10:00+00:00,25.399999618530273,25.399999618530273,25.399999618530273,25.399999618530273,1000,0.0,0.0
2024-10-17 04:15:00+00:00,25.399999618530273,25.399999618530273,25.399999618530273,25.399999618530273,2175,0.0,0.0
2024-10-17 04:35:00+00:00,25.450000762939453,25.450000762939453,25.450000762939453,25.450000762939453,2000,0.0,0.0
2024-10-17 04:40:00+00:00,25.399999618530273,25.399999618530273,25.299999237060547,25.299999237060547,37274,0.0,0.0
2024-10-17 05:05:00+00:00,25.299999237060547,25.299999237060547,25.299999237060547,25.299999237060547,3000,0.0,0.0
2024-10-17 05:10:00+00:00,25.350000381469727,25.350000381469727,25.299999237060547,25.350000381469727,7000,0.0,0.0
2024-10-17 05:20:00+00:00,25.399999618530273,25.399999618530273,25.350000381469727,25.350000381469727,3032,0.0,0.0
2024-10-18 01:00:00+00:00,25.450000762939453,25.5,25.399999618530273,25.399999618530273,0,0.0,0.0
2024-10-18 01:05:00+00:00,25.350000381469727,25.350000381469727,25.350000381469727,25.350000381469727,3001,0.0,0.0
2024-10-18 01:10:00+00:00,25.350000381469727,25.350000381469727,25.299999237060547,25.350000381469727,5000,0.0,0.0
2024-10-18 01:15:00+00:00,25.350000381469727,25.350000381469727,25.350000381469727,25.350000381469727,4001,0.0,0.0
2024-10-18 01:25:00+00:00,25.350000381469727,25.350000381469727,25.299999237060547,25.299999237060547,9001,0.0,0.0
2024-10-18 01:30:00+00:00,25.350000381469727,25.399999618530273,25.350000381469727,25.350000381469727,20098,0.0,0.0
2024-10-18 01:35:00+00:00,25.399999618530273,25.399999618530273,25.350000381469727,25.399999618530273,6019,0.0,0.0
2024-10-18 01:40:00+00:00,25.399999618530273,25.399999618530273,25.399999618530273,25.399999618530273,8000,0.0,0.0
2024-10-18 01:45:00+00:00,25.399999618530273,25.399999618530273,25.399999618530273,25.399999618530273,6002,0.0,0.0
2024-10-18 01:50:00+00:00,25.399999618530273,25.399999618530273,25.350000381469727,25.350000381469727,7000,0.0,0.0
2024-10-18 02:00:00+00:00,25.350000381469727,25.350000381469727,25.350000381469727,25.350000381469727,13000,0.0,0.0
2024-10-18 02:05:00+00:00,25.350000381469727,25.350000381469727,25.350000381469727,25.350000381469727,2013,0.0,0.0
2024-10-18 02:10:00+00:00,25.399999618530273,25.399999618530273,25.399999618530273,25.399999618530273,3000,0.0,0.0
2024-10-18 02:15:00+00:00,25.399999618530273,25.399999618530273,25.399999618530273,25.399999618530273,1001,0.0,0.0
2024-10-18 02:20:00+00:00,25.350000381469727,25.399999618530273,25.350000381469727,25.399999618530273,9000,0.0,0.0
2024-10-18 02:25:00+00:00,25.399999618530273,25.399999618530273,25.25,25.25,22054,0.0,0.0
2024-10-18 02:30:00+00:00,25.25,25.350000381469727,25.25,25.25,3006,0.0,0.0
2024-10-18 02:50:00+00:00,25.25,25.25,25.25,25.25,5168,0.0,0.0
2024-10-18 03:00:00+00:00,25.299999237060547,25.299999237060547,25.299999237060547,25.299999237060547,2000,0.0,0.0
2024-10-18 03:05:00+00:00,25.299999237060547,25.299999237060547,25.25,25.25,3001,0.0,0.0
2024-10-18 03:15:00+00:00,25.25,25.25,25.25,25.25,3199,0.0,0.0
2024-10-18 03:35:00+00:00,25.200000762939453,25.200000762939453,25.149999618530273,25.149999618530273,25000,0.0,0.0
2024-10-18 03:45:00+00:00,25.149999618530273,25.149999618530273,25.149999618530273,25.149999618530273,3000,0.0,0.0
2024-10-18 03:50:00+00:00,25.149999618530273,25.149999618530273,25.149999618530273,25.149999618530273,1048,0.0,0.0
2024-10-18 03:55:00+00:00,25.200000762939453,25.200000762939453,25.200000762939453,25.200000762939453,3249,0.0,0.0
2024-10-18 04:00:00+00:00,25.200000762939453,25.200000762939453,25.100000381469727,25.100000381469727,22520,0.0,0.0
2024-10-18 04:15:00+00:00,25.149999618530273,25.149999618530273,25.149999618530273,25.149999618530273,1000,0.0,0.0
2024-10-18 04:20:00+00:00,25.149999618530273,25.149999618530273,25.149999618530273,25.149999618530273,1104,0.0,0.0
2024-10-18 04:30:00+00:00,25.149999618530273,25.149999618530273,25.149999618530273,25.149999618530273,11000,0.0,0.0
2024-10-18 04:35:00+00:00,25.100000381469727,25.100000381469727,25.049999237060547,25.049999237060547,16028,0.0,0.0
2024-10-18 04:40:00+00:00,25.100000381469727,25.100000381469727,25.100000381469727,25.100000381469727,4000,0.0,0.0
2024-10-18 04:45:00+00:00,25.100000381469727,25.100000381469727,25.100000381469727,25.100000381469727,1100,0.0,0.0
2024-10-18 04:55:00+00:00,25.100000381469727,25.100000381469727,25.100000381469727,25.100000381469727,15000,0.0,0.0
2024-10-18 05:00:00+00:00,25.149999618530273,25.149999618530273,25.149999618530273,25.149999618530273,1012,0.0,0.0
2024-10-18 05:05:00+00:00,25.149999618530273,25.149999618530273,25.149999618530273,25.149999618530273,1000,0.0,0.0
2024-10-18 05:10:00+00:00,25.100000381469727,25.100000381469727,25.049999237060547,25.100000381469727,27000,0.0,0.0
2024-10-18 05:15:00+00:00,25.100000381469727,25.100000381469727,25.049999237060547,25.049999237060547,7000,0.0,0.0
2024-10-18 05:20:00+00:00,25.100000381469727,25.100000381469727,25.049999237060547,25.100000381469727,9000,0.0,0.0
2024-10-21 01:00:00+00:00,25.100000381469727,25.100000381469727,25.100000381469727,25.100000381469727,0,0.0,0.0
2024-10-21 01:05:00+00:00,25.100000381469727,25.100000381469727,25.049999237060547,25.049999237060547,14013,0.0,0.0
2024-10-21 01:10:00+00:00,25.049999237060547,25.049999237060547,25.049999237060547,25.049999237060547,5046,0.0,0.0
2024-10-21 01:25:00+00:00,25.200000762939453,25.200000762939453,25.149999618530273,25.149999618530273,3000,0.0,0.0
2024-10-21 01:30:00+00:00,25.149999618530273,25.200000762939453,25.149999618530273,25.149999618530273,6000,0.0,0.0
2024-10-21 01:45:00+00:00,25.200000762939453,25.200000762939453,25.200000762939453,25.200000762939453,7000,0.0,0.0
2024-10-21 02:00:00+00:00,25.200000762939453,25.200000762939453,25.200000762939453,25.200000762939453,6000,0.0,0.0
2024-10-21 02:05:00+00:00,25.200000762939453,25.200000762939453,25.200000762939453,25.200000762939453,4000,0.0,0.0
2024-10-21 02:10:00+00:00,25.200000762939453,25.200000762939453,25.200000762939453,25.200000762939453,3000,0.0,0.0
2024-10-21 02:15:00+00:00,25.200000762939453,25.200000762939453,25.149999618530273,25.149999618530273,4000,0.0,0.0
2024-10-21 02:20:00+00:00,25.200000762939453,25.200000762939453,25.200000762939453,25.200000762939453,1000,0.0,0.0
2024-10-21 02:30:00+00:00,25.25,25.25,25.25,25.25,5048,0.0,0.0
2024-10-21 02:40:00+00:00,25.200000762939453,25.200000762939453,25.200000762939453,25.200000762939453,10000,0.0,0.0
2024-10-21 02:45:00+00:00,25.200000762939453,25.200000762939453,25.200000762939453,25.200000762939453,1000,0.0,0.0
2024-10-21 02:50:00+00:00,25.25,25.25,25.25,25.25,4093,0.0,0.0
2024-10-21 02:55:00+00:00,25.25,25.25,25.200000762939453,25.200000762939453,6001,0.0,0.0
2024-10-21 03:05:00+00:00,25.200000762939453,25.299999237060547,25.200000762939453,25.299999237060547,14701,0.0,0.0
2024-10-21 03:10:00+00:00,25.25,25.25,25.25,25.25,11000,0.0,0.0
2024-10-21 03:15:00+00:00,25.299999237060547,25.299999237060547,25.299999237060547,25.299999237060547,2000,0.0,0.0
2024-10-21 03:25:00+00:00,25.350000381469727,25.350000381469727,25.350000381469727,25.350000381469727,9037,0.0,0.0
2024-10-21 03:55:00+00:00,25.299999237060547,25.299999237060547,25.299999237060547,25.299999237060547,1000,0.0,0.0
2024-10-21 04:00:00+00:00,25.299999237060547,25.299999237060547,25.299999237060547,25.299999237060547,2000,0.0,0.0
2024-10-21 04:05:00+00:00,25.299999237060547,25.299999237060547,25.299999237060547,25.299999237060547,3000,0.0,0.0
2024-10-21 04:10:00+00:00,25.299999237060547,25.350000381469727,25.299999237060547,25.350000381469727,3091,0.0,0.0
2024-10-21 04:35:00+00:00,25.399999618530273,25.399999618530273,25.350000381469727,25.350000381469727,17000,0.0,0.0
2024-10-21 04:40:00+00:00,25.350000381469727,25.350000381469727,25.350000381469727,25.350000381469727,1000,0.0,0.0
2024-10-21 04:45:00+00:00,25.399999618530273,25.399999618530273,25.350000381469727,25.350000381469727,16000,0.0,0.0
2024-10-21 04:55:00+00:00,25.399999618530273,25.399999618530273,25.350000381469727,25.350000381469727,8040,0.0,0.0
2024-10-21 05:00:00+00:00,25.350000381469727,25.350000381469727,25.350000381469727,25.350000381469727,6000,0.0,0.0
2024-10-21 05:05:00+00:00,25.350000381469727,25.399999618530273,25.299999237060547,25.299999237060547,8000,0.0,0.0
2024-10-21 05:10:00+00:00,25.350000381469727,25.350000381469727,25.350000381469727,25.350000381469727,4000,0.0,0.0
2024-10-21 05:15:00+00:00,25.399999618530273,25.399999618530273,25.299999237060547,25.299999237060547,3002,0.0,0.0
2024-10-21 05:20:00+00:00,25.299999237060547,25.450000762939453,25.299999237060547,25.350000381469727,12004,0.0,0.0
2024-10-22 01:05:00+00:00,25.25,25.25,25.200000762939453,25.200000762939453,0,0.0,0.0
2024-10-22 01:10:00+00:00,25.200000762939453,25.200000762939453,25.200000762939453,25.200000762939453,2000,0.0,0.0
2024-10-22 01:15:00+00:00,25.200000762939453,25.200000762939453,25.149999618530273,25.149999618530273,18400,0.0,0.0
2024-10-22 01:20:00+00:00,25.149999618530273,25.149999618530273,25.149999618530273,25.149999618530273,4000,0.0,0.0
2024-10-22 01:25:00+00:00,25.350000381469727,25.350000381469727,25.350000381469727,25.350000381469727,6000,0.0,0.0
2024-10-22 01:40:00+00:00,25.299999237060547,25.299999237060547,25.25,25.25,4051,0.0,0.0
2024-10-22 01:45:00+00:00,25.200000762939453,25.200000762939453,25.200000762939453,25.200000762939453,1000,0.0,0.0
2024-10-22 01:55:00+00:00,25.200000762939453,25.200000762939453,25.200000762939453,25.200000762939453,5500,0.0,0.0
2024-10-22 02:00:00+00:00,25.200000762939453,25.200000762939453,25.200000762939453,25.200000762939453,2000,0.0,0.0
2024-10-22 02:05:00+00:00,25.200000762939453,25.299999237060547,25.149999618530273,25.299999237060547,186074,0.0,0.0
2024-10-22 02:10:00+00:00,25.350000381469727,25.350000381469727,25.350000381469727,25.350000381469727,3424,0.0,0.0
2024-10-22 02:25:00+00:00,25.299999237060547,25.350000381469727,25.299999237060547,25.350000381469727,2052,0.0,0.0
2024-10-22 02:30:00+00:00,25.299999237060547,25.299999237060547,25.299999237060547,25.299999237060547,1000,0.0,0.0
2024-10-22 02:35:00+00:00,25.350000381469727,25.399999618530273,25.350000381469727,25.399999618530273,23172,0.0,0.0
2024-10-22 02:40:00+00:00,25.399999618530273,25.399999618530273,25.399999618530273,25.399999618530273,3000,0.0,0.0
2024-10-22 02:45:00+00:00,25.399999618530273,25.399999618530273,25.399999618530273,25.399999618530273,1000,0.0,0.0
2024-10-22 02:50:00+00:00,25.399999618530273,25.399999618530273,25.399999618530273,25.399999618530273,2002,0.0,0.0
2024-10-22 02:55:00+00:00,25.450000762939453,25.450000762939453,25.450000762939453,25.450000762939453,9000,0.0,0.0
2024-10-22 03:00:00+00:00,25.450000762939453,25.450000762939453,25.450000762939453,25.450000762939453,4000,0.0,0.0
2024-10-22 03:05:00+00:00,25.450000762939453,25.450000762939453,25.450000762939453,25.450000762939453,4001,0.0,0.0
2024-10-22 03:15:00+00:00,25.450000762939453,25.450000762939453,25.450000762939453,25.450000762939453,5000,0.0,0.0
2024-10-22 03:20:00+00:00,25.450000762939453,25.5,25.450000762939453,25.5,10000,0.0,0.0
2024-10-22 03:25:00+00:00,25.5,25.5,25.5,25.5,2001,0.0,0.0
2024-10-22 03:30:00+00:00,25.549999237060547,25.549999237060547,25.549999237060547,25.549999237060547,3000,0.0,0.0
2024-10-22 03:35:00+00:00,25.600000381469727,25.649999618530273,25.600000381469727,25.600000381469727,11000,0.0,0.0
2024-10-22 03:40:00+00:00,25.649999618530273,25.649999618530273,25.600000381469727,25.600000381469727,5000,0.0,0.0
2024-10-22 03:45:00+00:00,25.549999237060547,25.549999237060547,25.549999237060547,25.549999237060547,3000,0.0,0.0
2024-10-22 03:55:00+00:00,25.5,25.5,25.5,25.5,7000,0.0,0.0
2024-10-22 04:00:00+00:00,25.5,25.5,25.5,25.5,1000,0.0,0.0
2024-10-22 04:10:00+00:00,25.450000762939453,25.450000762939453,25.399999618530273,25.450000762939453,8061,0.0,0.0
2024-10-22 04:15:00+00:00,25.450000762939453,25.450000762939453,25.450000762939453,25.450000762939453,1000,0.0,0.0
2024-10-22 04:20:00+00:00,25.5,25.5,25.5,25.5,1000,0.0,0.0
2024-10-22 04:25:00+00:00,25.450000762939453,25.450000762939453,25.350000381469727,25.350000381469727,52516,0.0,0.0
2024-10-22 04:30:00+00:00,25.350000381469727,25.350000381469727,25.350000381469727,25.350000381469727,1000,0.0,0.0
2024-10-22 04:35:00+00:00,25.350000381469727,25.350000381469727,25.350000381469727,25.350000381469727,4001,0.0,0.0
2024-10-22 04:40:00+00:00,25.350000381469727,25.350000381469727,25.350000381469727,25.350000381469727,0,0.0,0.0
2024-10-22 04:45:00+00:00,25.350000381469727,25.399999618530273,25.350000381469727,25.350000381469727,408277,0.0,0.0
2024-10-22 04:50:00+00:00,25.350000381469727,25.350000381469727,25.350000381469727,25.350000381469727,2000,0.0,0.0
2024-10-22 04:55:00+00:00,25.399999618530273,25.399999618530273,25.399999618530273,25.399999618530273,12020,0.0,0.0
2024-10-22 05:00:00+00:00,25.399999618530273,25.5,25.399999618530273,25.5,7000,0.0,0.0
2024-10-22 05:05:00+00:00,25.5,25.5,25.5,25.5,1001,0.0,0.0
2024-10-22 05:10:00+00:00,25.450000762939453,25.450000762939453,25.450000762939453,25.450000762939453,1050,0.0,0.0
2024-10-22 05:15:00+00:00,25.450000762939453,25.450000762939453,25.450000762939453,25.450000762939453,4000,0.0,0.0
2024-10-22 05:20:00+00:00,25.5,25.5,25.399999618530273,25.399999618530273,4000,0.0,0.0
2024-10-23 01:00:00+00:00,25.399999618530273,25.5,25.399999618530273,25.5,0,0.0,0.0
2024-10-23 01:05:00+00:00,25.549999237060547,25.549999237060547,25.549999237060547,25.549999237060547,4003,0.0,0.0
2024-10-23 01:10:00+00:00,25.549999237060547,25.600000381469727,25.549999237060547,25.549999237060547,4000,0.0,0.0
2024-10-23 01:15:00+00:00,25.600000381469727,25.649999618530273,25.600000381469727,25.649999618530273,33000,0.0,0.0
2024-10-23 01:20:00+00:00,25.700000762939453,25.75,25.700000762939453,25.75,42027,0.0,0.0
2024-10-23 01:25:00+00:00,25.75,25.75,25.75,25.75,22000,0.0,0.0
2024-10-23 01:30:00+00:00,25.700000762939453,25.700000762939453,25.700000762939453,25.700000762939453,3000,0.0,0.0
2024-10-23 01:35:00+00:00,25.700000762939453,25.700000762939453,25.700000762939453,25.700000762939453,6000,0.0,0.0
2024-10-23 01:40:00+00:00,25.700000762939453,25.700000762939453,25.700000762939453,25.700000762939453,11000,0.0,0.0
2024-10-23 01:45:00+00:00,25.700000762939453,25.700000762939453,25.700000762939453,25.700000762939453,3000,0.0,0.0
2024-10-23 01:50:00+00:00,25.700000762939453,25.75,25.700000762939453,25.75,14000,0.0,0.0
2024-10-23 01:55:00+00:00,25.75,25.75,25.700000762939453,25.700000762939453,18020,0.0,0.0
2024-10-23 02:00:00+00:00,25.649999618530273,25.700000762939453,25.649999618530273,25.700000762939453,27049,0.0,0.0
2024-10-23 02:05:00+00:00,25.700000762939453,25.799999237060547,25.700000762939453,25.799999237060547,50203,0.0,0.0
2024-10-23 02:10:00+00:00,25.799999237060547,25.799999237060547,25.799999237060547,25.799999237060547,2000,0.0,0.0
2024-10-23 02:15:00+00:00,25.799999237060547,25.850000381469727,25.799999237060547,25.850000381469727,6198,0.0,0.0
2024-10-23 02:25:00+00:00,25.850000381469727,25.950000762939453,25.850000381469727,25.950000762939453,54302,0.0,0.0
2024-10-23 02:30:00+00:00,25.950000762939453,25.950000762939453,25.950000762939453,25.950000762939453,28584,0.0,0.0
2024-10-23 02:35:00+00:00,25.950000762939453,25.950000762939453,25.899999618530273,25.950000762939453,9491,0.0,0.0
2024-10-23 02:40:00+00:00,25.899999618530273,25.899999618530273,25.899999618530273,25.899999618530273,1000,0.0,0.0
2024-10-23 02:45:00+00:00,25.899999618530273,25.899999618530273,25.850000381469727,25.850000381469727,16000,0.0,0.0
2024-10-23 03:10:00+00:00,25.850000381469727,25.899999618530273,25.850000381469727,25.899999618530273,5000,0.0,0.0
2024-10-23 03:15:00+00:00,25.899999618530273,25.899999618530273,25.899999618530273,25.899999618530273,3000,0.0,0.0
2024-10-23 03:20:00+00:00,25.899999618530273,25.899999618530273,25.899999618530273,25.899999618530273,1000,0.0,0.0
2024-10-23 03:25:00+00:00,25.899999618530273,25.899999618530273,25.899999618530273,25.899999618530273,2100,0.0,0.0
2024-10-23 03:30:00+00:00,25.850000381469727,25.850000381469727,25.75,25.850000381469727,66120,0.0,0.0
2024-10-23 03:35:00+00:00,25.899999618530273,25.899999618530273,25.799999237060547,25.799999237060547,17000,0.0,0.0
2024-10-23 03:40:00+00:00,25.799999237060547,25.799999237060547,25.75,25.75,3150,0.0,0.0
2024-10-23 04:00:00+00:00,25.75,25.75,25.75,25.75,2000,0.0,0.0
2024-10-23 04:10:00+00:00,25.799999237060547,25.950000762939453,25.799999237060547,25.950000762939453,20000,0.0,0.0
2024-10-23 04:15:00+00:00,25.899999618530273,25.899999618530273,25.899999618530273,25.899999618530273,5006,0.0,0.0
2024-10-23 04:25:00+00:00,25.799999237060547,25.899999618530273,25.799999237060547,25.899999618530273,5139,0.0,0.0
2024-10-23 04:40:00+00:00,25.799999237060547,25.799999237060547,25.799999237060547,25.799999237060547,4000,0.0,0.0
2024-10-23 04:45:00+00:00,25.850000381469727,25.850000381469727,25.850000381469727,25.850000381469727,8100,0.0,0.0
2024-10-23 04:50:00+00:00,25.850000381469727,25.850000381469727,25.850000381469727,25.850000381469727,1115,0.0,0.0
2024-10-23 04:55:00+00:00,25.799999237060547,25.850000381469727,25.75,25.75,6000,0.0,0.0
2024-10-23 05:00:00+00:00,25.75,25.75,25.75,25.75,7057,0.0,0.0
2024-10-23 05:05:00+00:00,25.700000762939453,25.700000762939453,25.700000762939453,25.700000762939453,1000,0.0,0.0
2024-10-23 05:10:00+00:00,25.75,25.850000381469727,25.75,25.799999237060547,7000,0.0,0.0
2024-10-23 05:15:00+00:00,25.799999237060547,25.850000381469727,25.700000762939453,25.850000381469727,8000,0.0,0.0
2024-10-23 05:20:00+00:00,25.75,25.850000381469727,25.75,25.850000381469727,3816,0.0,0.0
2024-10-24 01:00:00+00:00,25.75,25.75,25.600000381469727,25.600000381469727,0,0.0,0.0
2024-10-24 01:10:00+00:00,25.75,25.799999237060547,25.75,25.799999237060547,11001,0.0,0.0
2024-10-24 01:15:00+00:00,25.799999237060547,25.799999237060547,25.799999237060547,25.799999237060547,5000,0.0,0.0
2024-10-24 01:20:00+00:00,25.799999237060547,25.799999237060547,25.799999237060547,25.799999237060547,3001,0.0,0.0
2024-10-24 01:25:00+00:00,25.799999237060547,25.850000381469727,25.75,25.850000381469727,13000,0.0,0.0
2024-10-24 01:30:00+00:00,25.700000762939453,25.700000762939453,25.700000762939453,25.700000762939453,1000,0.0,0.0
2024-10-24 01:35:00+00:00,25.799999237060547,25.799999237060547,25.799999237060547,25.799999237060547,3000,0.0,0.0
2024-10-24 01:40:00+00:00,25.75,25.75,25.75,25.75,1000,0.0,0.0
2024-10-24 01:55:00+00:00,25.799999237060547,25.850000381469727,25.799999237060547,25.850000381469727,3000,0.0,0.0
2024-10-24 02:00:00+00:00,25.850000381469727,25.850000381469727,25.799999237060547,25.799999237060547,5001,0.0,0.0
2024-10-24 02:05:00+00:00,25.799999237060547,25.799999237060547,25.799999237060547,25.799999237060547,5000,0.0,0.0
2024-10-24 02:10:00+00:00,25.75,25.799999237060547,25.75,25.799999237060547,8000,0.0,0.0
2024-10-24 02:15:00+00:00,25.75,25.799999237060547,25.75,25.799999237060547,6100,0.0,0.0
2024-10-24 02:25:00+00:00,25.75,25.75,25.75,25.75,2001,0.0,0.0
2024-10-24 02:30:00+00:00,25.799999237060547,25.850000381469727,25.799999237060547,25.850000381469727,0,0.0,0.0
2024-10-24 02:45:00+00:00,25.850000381469727,25.850000381469727,25.850000381469727,25.850000381469727,100105,0.0,0.0
2024-10-24 02:50:00+00:00,25.850000381469727,25.850000381469727,25.850000381469727,25.850000381469727,3000,0.0,0.0
2024-10-24 02:55:00+00:00,25.899999618530273,26.0,25.899999618530273,26.0,27000,0.0,0.0
2024-10-24 03:00:00+00:00,26.0,26.100000381469727,26.0,26.049999237060547,72597,0.0,0.0
2024-10-24 03:05:00+00:00,26.049999237060547,26.049999237060547,26.049999237060547,26.049999237060547,2000,0.0,0.0
2024-10-24 03:10:00+00:00,26.049999237060547,26.049999237060547,26.049999237060547,26.049999237060547,3000,0.0,0.0
2024-10-24 03:15:00+00:00,26.049999237060547,26.100000381469727,26.049999237060547,26.100000381469727,13000,0.0,0.0
2024-10-24 03:20:00+00:00,26.200000762939453,26.200000762939453,26.149999618530273,26.149999618530273,8000,0.0,0.0
2024-10-24 03:25:00+00:00,26.149999618530273,26.200000762939453,26.149999618530273,26.200000762939453,15450,0.0,0.0
2024-10-24 03:30:00+00:00,26.149999618530273,26.149999618530273,26.149999618530273,26.149999618530273,6045,0.0,0.0
2024-10-24 03:35:00+00:00,26.149999618530273,26.149999618530273,26.149999618530273,26.149999618530273,2390,0.0,0.0
2024-10-24 03:40:00+00:00,26.149999618530273,26.149999618530273,26.149999618530273,26.149999618530273,2000,0.0,0.0
2024-10-24 03:45:00+00:00,26.149999618530273,26.149999618530273,26.100000381469727,26.100000381469727,14050,0.0,0.0
2024-10-24 03:50:00+00:00,26.100000381469727,26.100000381469727,26.0,26.0,10392,0.0,0.0
2024-10-24 03:55:00+00:00,26.0,26.0,26.0,26.0,14190,0.0,0.0
2024-10-24 04:00:00+00:00,26.0,26.0,26.0,26.0,4150,0.0,0.0
2024-10-24 04:05:00+00:00,26.0,26.0,26.0,26.0,9053,0.0,0.0
2024-10-24 04:10:00+00:00,25.950000762939453,25.950000762939453,25.950000762939453,25.950000762939453,9201,0.0,0.0
2024-10-24 04:15:00+00:00,25.899999618530273,25.899999618530273,25.899999618530273,25.899999618530273,5780,0.0,0.0
2024-10-24 04:20:00+00:00,25.899999618530273,25.899999618530273,25.899999618530273,25.899999618530273,1000,0.0,0.0
2024-10-24 04:25:00+00:00,25.950000762939453,26.0,25.950000762939453,26.0,15001,0.0,0.0
2024-10-24 04:35:00+00:00,25.899999618530273,25.899999618530273,25.899999618530273,25.899999618530273,1100,0.0,0.0
2024-10-24 04:40:00+00:00,26.0,26.0,25.950000762939453,25.950000762939453,7000,0.0,0.0
2024-10-24 04:45:00+00:00,25.950000762939453,25.950000762939453,25.950000762939453,25.950000762939453,1000,0.0,0.0
2024-10-24 04:50:00+00:00,25.950000762939453,25.950000762939453,25.899999618530273,25.899999618530273,3000,0.0,0.0
2024-10-24 04:55:00+00:00,25.950000762939453,26.0,25.950000762939453,26.0,2555,0.0,0.0
2024-10-24 05:00:00+00:00,26.0,26.0,25.950000762939453,25.950000762939453,3005,0.0,0.0
2024-10-24 05:05:00+00:00,26.0,26.0,26.0,26.0,15000,0.0,0.0
2024-10-24 05:10:00+00:00,26.0,26.0,25.950000762939453,25.950000762939453,12086,0.0,0.0
2024-10-24 05:15:00+00:00,26.0,26.049999237060547,26.0,26.0,10000,0.0,0.0
2024-10-24 05:20:00+00:00,26.049999237060547,26.049999237060547,26.0,26.0,8417,0.0,0.0
2024-10-25 01:00:00+00:00,26.0,26.049999237060547,26.0,26.049999237060547,0,0.0,0.0
2024-10-25 01:05:00+00:00,26.100000381469727,26.100000381469727,26.100000381469727,26.100000381469727,2002,0.0,0.0
2024-10-25 01:10:00+00:00,26.049999237060547,26.049999237060547,26.049999237060547,26.049999237060547,9000,0.0,0.0
2024-10-25 01:15:00+00:00,26.049999237060547,26.049999237060547,26.049999237060547,26.049999237060547,8000,0.0,0.0
2024-10-25 01:20:00+00:00,26.049999237060547,26.049999237060547,26.049999237060547,26.049999237060547,3000,0.0,0.0
2024-10-25 01:25:00+00:00,26.049999237060547,26.049999237060547,26.0,26.0,3000,0.0,0.0
2024-10-25 01:30:00+00:00,26.0,26.049999237060547,25.899999618530273,26.049999237060547,40100,0.0,0.0
2024-10-25 01:35:00+00:00,25.950000762939453,26.0,25.950000762939453,26.0,4000,0.0,0.0
2024-10-25 01:40:00+00:00,26.0,26.049999237060547,25.950000762939453,26.049999237060547,15000,0.0,0.0
2024-10-25 01:45:00+00:00,26.100000381469727,26.100000381469727,26.100000381469727,26.100000381469727,2002,0.0,0.0
2024-10-25 01:55:00+00:00,26.100000381469727,26.100000381469727,26.100000381469727,26.100000381469727,3000,0.0,0.0
2024-10-25 02:00:00+00:00,26.149999618530273,26.149999618530273,26.149999618530273,26.149999618530273,1000,0.0,0.0
2024-10-25 02:05:00+00:00,26.100000381469727,26.100000381469727,26.100000381469727,26.100000381469727,6694,0.0,0.0
2024-10-25 02:20:00+00:00,26.049999237060547,26.049999237060547,26.049999237060547,26.049999237060547,1010,0.0,0.0
2024-10-25 02:25:00+00:00,26.049999237060547,26.049999237060547,26.049999237060547,26.049999237060547,3000,0.0,0.0
2024-10-25 02:30:00+00:00,26.049999237060547,26.100000381469727,26.049999237060547,26.049999237060547,7000,0.0,0.0
2024-10-25 02:40:00+00:00,26.149999618530273,26.149999618530273,26.149999618530273,26.149999618530273,19000,0.0,0.0
2024-10-25 02:45:00+00:00,26.100000381469727,26.100000381469727,26.100000381469727,26.100000381469727,1000,0.0,0.0
2024-10-25 02:50:00+00:00,26.100000381469727,26.100000381469727,26.100000381469727,26.100000381469727,2000,0.0,0.0
2024-10-25 02:55:00+00:00,26.149999618530273,26.25,26.149999618530273,26.200000762939453,38000,0.0,0.0
2024-10-25 03:00:00+00:00,26.25,26.25,26.200000762939453,26.200000762939453,6001,0.0,0.0
2024-10-25 03:05:00+00:00,26.200000762939453,26.200000762939453,26.149999618530273,26.149999618530273,15000,0.0,0.0
2024-10-25 03:20:00+00:00,26.149999618530273,26.149999618530273,26.149999618530273,26.149999618530273,1001,0.0,0.0
2024-10-25 03:25:00+00:00,26.149999618530273,26.149999618530273,26.149999618530273,26.149999618530273,3000,0.0,0.0
2024-10-25 03:40:00+00:00,26.100000381469727,26.100000381469727,26.100000381469727,26.100000381469727,1000,0.0,0.0
2024-10-25 03:45:00+00:00,26.100000381469727,26.100000381469727,26.0,26.100000381469727,53304,0.0,0.0
2024-10-25 04:00:00+00:00,26.100000381469727,26.100000381469727,26.100000381469727,26.100000381469727,2094,0.0,0.0
2024-10-25 04:15:00+00:00,26.100000381469727,26.100000381469727,26.100000381469727,26.100000381469727,1000,0.0,0.0
2024-10-25 04:20:00+00:00,26.0,26.0,26.0,26.0,22000,0.0,0.0
2024-10-25 04:25:00+00:00,26.0,26.049999237060547,26.0,26.049999237060547,6009,0.0,0.0
2024-10-25 04:35:00+00:00,26.049999237060547,26.049999237060547,26.049999237060547,26.049999237060547,5000,0.0,0.0
2024-10-25 04:45:00+00:00,26.0,26.0,26.0,26.0,1000,0.0,0.0
2024-10-25 04:50:00+00:00,26.0,26.0,26.0,26.0,2000,0.0,0.0
2024-10-25 04:55:00+00:00,26.0,26.0,26.0,26.0,2000,0.0,0.0
2024-10-25 05:00:00+00:00,26.049999237060547,26.049999237060547,26.049999237060547,26.049999237060547,12000,0.0,0.0
2024-10-25 05:10:00+00:00,26.049999237060547,26.049999237060547,26.049999237060547,26.049999237060547,6000,0.0,0.0
2024-10-25 05:15:00+00:00,26.049999237060547,26.049999237060547,26.049999237060547,26.049999237060547,6000,0.0,0.0
2024-10-25 05:20:00+00:00,26.049999237060547,26.049999237060547,26.0,26.0,18415,0.0,0.0
2024-10-28 01:00:00+00:00,26.049999237060547,26.100000381469727,26.049999237060547,26.100000381469727,0,0.0,0.0
2024-10-28 01:05:00+00:00,26.100000381469727,26.100000381469727,26.100000381469727,26.100000381469727,14000,0.0,0.0
2024-10-28 01:10:00+00:00,26.049999237060547,26.149999618530273,26.0,26.100000381469727,22006,0.0,0.0
2024-10-28 01:15:00+00:00,26.100000381469727,26.100000381469727,26.100000381469727,26.100000381469727,4001,0.0,0.0
2024-10-28 01:20:00+00:00,26.049999237060547,26.049999237060547,26.0,26.0,7001,0.0,0.0
2024-10-28 01:25:00+00:00,26.049999237060547,26.100000381469727,26.049999237060547,26.100000381469727,35000,0.0,0.0
2024-10-28 01:30:00+00:00,26.149999618530273,26.200000762939453,26.149999618530273,26.200000762939453,9250,0.0,0.0
2024-10-28 01:35:00+00:00,26.149999618530273,26.149999618530273,26.100000381469727,26.100000381469727,21200,0.0,0.0
2024-10-28 01:40:00+00:00,26.100000381469727,26.149999618530273,26.100000381469727,26.100000381469727,7078,0.0,0.0
2024-10-28 01:50:00+00:00,26.100000381469727,26.100000381469727,26.100000381469727,26.100000381469727,7001,0.0,0.0
2024-10-28 02:00:00+00:00,26.100000381469727,26.100000381469727,26.049999237060547,26.049999237060547,7000,0.0,0.0
2024-10-28 02:10:00+00:00,26.0,26.0,26.0,26.0,17089,0.0,0.0
2024-10-28 02:25:00+00:00,26.0,26.0,26.0,26.0,1000,0.0,0.0
2024-10-28 02:35:00+00:00,26.0,26.0,26.0,26.0,3049,0.0,0.0
2024-10-28 02:45:00+00:00,25.950000762939453,25.950000762939453,25.950000762939453,25.950000762939453,2000,0.0,0.0
2024-10-28 02:50:00+00:00,26.0,26.0,26.0,26.0,1000,0.0,0.0
2024-10-28 02:55:00+00:00,26.0,26.0,26.0,26.0,2300,0.0,0.0
2024-10-28 03:00:00+00:00,26.0,26.0,26.0,26.0,1000,0.0,0.0
2024-10-28 03:10:00+00:00,26.0,26.0,26.0,26.0,1000,0.0,0.0
2024-10-28 03:20:00+00:00,26.0,26.0,26.0,26.0,4000,0.0,0.0
2024-10-28 03:25:00+00:00,25.950000762939453,25.950000762939453,25.950000762939453,25.950000762939453,9000,0.0,0.0
2024-10-28 03:30:00+00:00,25.950000762939453,25.950000762939453,25.950000762939453,25.950000762939453,15000,0.0,0.0
2024-10-28 03:35:00+00:00,25.950000762939453,25.950000762939453,25.950000762939453,25.950000762939453,7001,0.0,0.0
2024-10-28 03:40:00+00:00,25.950000762939453,25.950000762939453,25.950000762939453,25.950000762939453,7000,0.0,0.0
2024-10-28 03:45:00+00:00,25.899999618530273,25.899999618530273,25.899999618530273,25.899999618530273,2013,0.0,0.0
2024-10-28 03:55:00+00:00,25.850000381469727,25.950000762939453,25.850000381469727,25.899999618530273,7000,0.0,0.0
2024-10-28 04:00:00+00:00,25.899999618530273,25.899999618530273,25.899999618530273,25.899999618530273,1000,0.0,0.0
2024-10-28 04:50:00+00:00,25.899999618530273,25.899999618530273,25.899999618530273,25.899999618530273,1100,0.0,0.0
2024-10-28 04:55:00+00:00,26.0,26.0,26.0,26.0,2000,0.0,0.0
2024-10-28 05:00:00+00:00,26.0,26.0,26.0,26.0,2000,0.0,0.0
2024-10-28 05:05:00+00:00,26.0,26.0,26.0,26.0,2000,0.0,0.0
2024-10-28 05:10:00+00:00,26.0,26.0,26.0,26.0,4000,0.0,0.0
2024-10-28 05:15:00+00:00,26.0,26.049999237060547,26.0,26.049999237060547,5000,0.0,0.0
2024-10-28 05:20:00+00:00,26.0,26.049999237060547,26.0,26.049999237060547,8262,0.0,0.0
2024-10-29 01:00:00+00:00,26.049999237060547,26.049999237060547,26.049999237060547,26.049999237060547,0,0.0,0.0
2024-10-29 01:05:00+00:00,25.899999618530273,25.899999618530273,25.799999237060547,25.799999237060547,17000,0.0,0.0
2024-10-29 01:10:00+00:00,25.799999237060547,25.799999237060547,25.649999618530273,25.700000762939453,53301,0.0,0.0
2024-10-29 01:15:00+00:00,25.75,25.75,25.649999618530273,25.649999618530273,4000,0.0,0.0
2024-10-29 01:20:00+00:00,25.649999618530273,25.700000762939453,25.649999618530273,25.700000762939453,2000,0.0,0.0
2024-10-29 01:25:00+00:00,25.75,25.799999237060547,25.75,25.799999237060547,23001,0.0,0.0
2024-10-29 01:30:00+00:00,25.799999237060547,25.850000381469727,25.799999237060547,25.799999237060547,4000,0.0,0.0
2024-10-29 01:35:00+00:00,25.799999237060547,25.850000381469727,25.75,25.850000381469727,11003,0.0,0.0
2024-10-29 01:40:00+00:00,25.850000381469727,25.850000381469727,25.850000381469727,25.850000381469727,2000,0.0,0.0
2024-10-29 01:45:00+00:00,25.799999237060547,25.799999237060547,25.799999237060547,25.799999237060547,3038,0.0,0.0
2024-10-29 01:50:00+00:00,25.700000762939453,25.75,25.700000762939453,25.75,11000,0.0,0.0
2024-10-29 01:55:00+00:00,25.649999618530273,25.649999618530273,25.649999618530273,25.649999618530273,1000,0.0,0.0
2024-10-29 02:00:00+00:00,25.649999618530273,25.649999618530273,25.649999618530273,25.649999618530273,6000,0.0,0.0
2024-10-29 02:05:00+00:00,25.649999618530273,25.649999618530273,25.649999618530273,25.649999618530273,3000,0.0,0.0
2024-10-29 02:10:00+00:00,25.649999618530273,25.700000762939453,25.649999618530273,25.649999618530273,6000,0.0,0.0
2024-10-29 02:15:00+00:00,25.649999618530273,25.700000762939453,25.649999618530273,25.700000762939453,10000,0.0,0.0
2024-10-29 02:25:00+00:00,25.649999618530273,25.649999618530273,25.649999618530273,25.649999618530273,1000,0.0,0.0
2024-10-29 02:30:00+00:00,25.600000381469727,25.600000381469727,25.600000381469727,25.600000381469727,2000,0.0,0.0
2024-10-29 02:35:00+00:00,25.600000381469727,25.600000381469727,25.600000381469727,25.600000381469727,5000,0.0,0.0
2024-10-29 02:40:00+00:00,25.649999618530273,25.649999618530273,25.649999618530273,25.649999618530273,1000,0.0,0.0
2024-10-29 02:45:00+00:00,25.649999618530273,25.649999618530273,25.649999618530273,25.649999618530273,6205,0.0,0.0
2024-10-29 02:50:00+00:00,25.649999618530273,25.649999618530273,25.649999618530273,25.649999618530273,2000,0.0,0.0
2024-10-29 02:55:00+00:00,25.700000762939453,25.700000762939453,25.700000762939453,25.700000762939453,1000,0.0,0.0
2024-10-29 03:00:00+00:00,25.75,25.75,25.75,25.75,0,0.0,0.0
2024-10-29 03:05:00+00:00,25.75,25.799999237060547,25.75,25.799999237060547,201559,0.0,0.0
2024-10-29 03:30:00+00:00,25.799999237060547,25.799999237060547,25.799999237060547,25.799999237060547,3000,0.0,0.0
2024-10-29 03:35:00+00:00,25.799999237060547,25.799999237060547,25.799999237060547,25.799999237060547,4643,0.0,0.0
2024-10-29 03:50:00+00:00,25.700000762939453,25.700000762939453,25.700000762939453,25.700000762939453,1000,0.0,0.0
2024-10-29 03:55:00+00:00,25.700000762939453,25.700000762939453,25.700000762939453,25.700000762939453,8000,0.0,0.0
2024-10-29 04:05:00+00:00,25.649999618530273,25.649999618530273,25.649999618530273,25.649999618530273,6000,0.0,0.0
2024-10-29 04:10:00+00:00,25.649999618530273,25.75,25.649999618530273,25.75,7000,0.0,0.0
2024-10-29 04:20:00+00:00,25.799999237060547,25.799999237060547,25.799999237060547,25.799999237060547,1000,0.0,0.0
2024-10-29 04:50:00+00:00,25.75,25.75,25.700000762939453,25.75,3000,0.0,0.0
2024-10-29 04:55:00+00:00,25.75,25.799999237060547,25.75,25.799999237060547,22000,0.0,0.0
2024-10-29 05:00:00+00:00,25.75,25.75,25.75,25.75,2000,0.0,0.0
2024-10-29 05:10:00+00:00,25.75,25.75,25.75,25.75,7000,0.0,0.0
2024-10-29 05:15:00+00:00,25.75,25.75,25.75,25.75,5000,0.0,0.0
2024-10-29 05:20:00+00:00,25.75,25.799999237060547,25.75,25.799999237060547,4785,0.0,0.0
2024-10-30 01:00:00+00:00,25.850000381469727,26.049999237060547,25.850000381469727,26.0,0,0.0,0.0
2024-10-30 01:05:00+00:00,26.0,26.0,26.0,26.0,5000,0.0,0.0
2024-10-30 01:10:00+00:00,26.0,26.0,26.0,26.0,5006,0.0,0.0
2024-10-30 01:15:00+00:00,25.899999618530273,25.899999618530273,25.899999618530273,25.899999618530273,3051,0.0,0.0
2024-10-30 01:25:00+00:00,25.899999618530273,25.899999618530273,25.899999618530273,25.899999618530273,3000,0.0,0.0
2024-10-30 01:40:00+00:00,25.850000381469727,25.850000381469727,25.850000381469727,25.850000381469727,7000,0.0,0.0
2024-10-30 01:45:00+00:00,25.850000381469727,25.850000381469727,25.850000381469727,25.850000381469727,5000,0.0,0.0
2024-10-30 01:50:00+00:00,25.850000381469727,25.850000381469727,25.850000381469727,25.850000381469727,1090,0.0,0.0
2024-10-30 02:05:00+00:00,25.850000381469727,25.850000381469727,25.850000381469727,25.850000381469727,2000,0.0,0.0
2024-10-30 02:10:00+00:00,25.850000381469727,25.850000381469727,25.850000381469727,25.850000381469727,2000,0.0,0.0
2024-10-30 02:20:00+00:00,25.799999237060547,25.799999237060547,25.799999237060547,25.799999237060547,8000,0.0,0.0
2024-10-30 02:25:00+00:00,25.799999237060547,25.799999237060547,25.799999237060547,25.799999237060547,2000,0.0,0.0
2024-10-30 02:30:00+00:00,25.75,25.75,25.75,25.75,3000,0.0,0.0
2024-10-30 02:50:00+00:00,25.799999237060547,25.799999237060547,25.799999237060547,25.799999237060547,1099,0.0,0.0
2024-10-30 03:05:00+00:00,25.799999237060547,25.799999237060547,25.799999237060547,25.799999237060547,2002,0.0,0.0
2024-10-30 03:30:00+00:00,25.799999237060547,25.799999237060547,25.799999237060547,25.799999237060547,1000,0.0,0.0
2024-10-30 03:35:00+00:00,25.75,25.799999237060547,25.75,25.799999237060547,7000,0.0,0.0
2024-10-30 03:45:00+00:00,25.700000762939453,25.700000762939453,25.700000762939453,25.700000762939453,1000,0.0,0.0
2024-10-30 03:55:00+00:00,25.700000762939453,25.700000762939453,25.700000762939453,25.700000762939453,17000,0.0,0.0
2024-10-30 04:00:00+00:00,25.649999618530273,25.649999618530273,25.649999618530273,25.649999618530273,11357,0.0,0.0
2024-10-30 04:05:00+00:00,25.649999618530273,25.649999618530273,25.649999618530273,25.649999618530273,1010,0.0,0.0
2024-10-30 04:10:00+00:00,25.649999618530273,25.649999618530273,25.649999618530273,25.649999618530273,2000,0.0,0.0
2024-10-30 04:15:00+00:00,25.700000762939453,25.700000762939453,25.700000762939453,25.700000762939453,3001,0.0,0.0
2024-10-30 04:20:00+00:00,25.649999618530273,25.649999618530273,25.649999618530273,25.649999618530273,1000,0.0,0.0
2024-10-30 04:25:00+00:00,25.600000381469727,25.600000381469727,25.450000762939453,25.5,53499,0.0,0.0
2024-10-30 04:30:00+00:00,25.450000762939453,25.450000762939453,25.450000762939453,25.450000762939453,12000,0.0,0.0
2024-10-30 04:35:00+00:00,25.5,25.600000381469727,25.450000762939453,25.450000762939453,3000,0.0,0.0
2024-10-30 04:40:00+00:00,25.5,25.5,25.450000762939453,25.450000762939453,10000,0.0,0.0
2024-10-30 04:45:00+00:00,25.450000762939453,25.450000762939453,25.299999237060547,25.350000381469727,49000,0.0,0.0
2024-10-30 04:50:00+00:00,25.399999618530273,25.399999618530273,25.399999618530273,25.399999618530273,5744,0.0,0.0
2024-10-30 05:00:00+00:00,25.450000762939453,25.450000762939453,25.450000762939453,25.450000762939453,2000,0.0,0.0
2024-10-30 05:05:00+00:00,25.450000762939453,25.450000762939453,25.450000762939453,25.450000762939453,4117,0.0,0.0
2024-10-30 05:20:00+00:00,25.450000762939453,25.450000762939453,25.350000381469727,25.350000381469727,9174,0.0,0.0
2024-11-01 01:00:00+00:00,25.200000762939453,25.200000762939453,25.0,25.100000381469727,0,0.0,0.0
2024-11-01 01:05:00+00:00,25.100000381469727,25.100000381469727,25.100000381469727,25.100000381469727,16002,0.0,0.0
2024-11-01 01:15:00+00:00,25.200000762939453,25.299999237060547,25.200000762939453,25.25,25000,0.0,0.0
2024-11-01 01:20:00+00:00,25.350000381469727,25.350000381469727,25.350000381469727,25.350000381469727,5000,0.0,0.0
2024-11-01 01:25:00+00:00,25.350000381469727,25.350000381469727,25.350000381469727,25.350000381469727,2000,0.0,0.0
2024-11-01 01:30:00+00:00,25.350000381469727,25.450000762939453,25.350000381469727,25.450000762939453,10000,0.0,0.0
2024-11-01 01:35:00+00:00,25.399999618530273,25.399999618530273,25.399999618530273,25.399999618530273,1001,0.0,0.0
2024-11-01 01:40:00+00:00,25.399999618530273,25.450000762939453,25.399999618530273,25.450000762939453,4000,0.0,0.0
2024-11-01 01:45:00+00:00,25.450000762939453,25.450000762939453,25.450000762939453,25.450000762939453,1000,0.0,0.0
2024-11-01 02:00:00+00:00,25.450000762939453,25.450000762939453,25.399999618530273,25.399999618530273,7000,0.0,0.0
2024-11-01 02:10:00+00:00,25.299999237060547,25.299999237060547,25.299999237060547,25.299999237060547,3000,0.0,0.0
2024-11-01 02:15:00+00:00,25.299999237060547,25.299999237060547,25.299999237060547,25.299999237060547,1250,0.0,0.0
2024-11-01 02:25:00+00:00,25.299999237060547,25.299999237060547,25.299999237060547,25.299999237060547,1104,0.0,0.0
2024-11-01 02:45:00+00:00,25.299999237060547,25.299999237060547,25.299999237060547,25.299999237060547,1000,0.0,0.0
2024-11-01 02:50:00+00:00,25.299999237060547,25.299999237060547,25.299999237060547,25.299999237060547,3000,0.0,0.0
2024-11-01 03:05:00+00:00,25.399999618530273,25.450000762939453,25.399999618530273,25.450000762939453,11101,0.0,0.0
2024-11-01 03:15:00+00:00,25.5,25.5,25.5,25.5,13000,0.0,0.0
2024-11-01 03:20:00+00:00,25.549999237060547,25.549999237060547,25.549999237060547,25.549999237060547,10099,0.0,0.0
2024-11-01 03:30:00+00:00,25.5,25.5,25.5,25.5,2001,0.0,0.0
2024-11-01 04:15:00+00:00,25.5,25.5,25.5,25.5,1000,0.0,0.0
2024-11-01 04:25:00+00:00,25.5,25.5,25.5,25.5,1000,0.0,0.0
2024-11-01 04:30:00+00:00,25.549999237060547,25.549999237060547,25.549999237060547,25.549999237060547,1000,0.0,0.0
2024-11-01 04:35:00+00:00,25.549999237060547,25.549999237060547,25.549999237060547,25.549999237060547,1000,0.0,0.0
2024-11-01 04:40:00+00:00,25.549999237060547,25.549999237060547,25.549999237060547,25.549999237060547,2000,0.0,0.0
2024-11-01 04:45:00+00:00,25.600000381469727,25.600000381469727,25.600000381469727,25.600000381469727,2000,0.0,0.0
2024-11-01 04:50:00+00:00,25.600000381469727,25.600000381469727,25.600000381469727,25.600000381469727,8000,0.0,0.0
2024-11-01 04:55:00+00:00,25.649999618530273,25.649999618530273,25.649999618530273,25.649999618530273,6000,0.0,0.0
2024-11-01 05:00:00+00:00,25.649999618530273,25.649999618530273,25.649999618530273,25.649999618530273,2091,0.0,0.0
2024-11-01 05:05:00+00:00,25.700000762939453,25.75,25.700000762939453,25.75,6010,0.0,0.0
2024-11-01 05:10:00+00:00,25.700000762939453,25.700000762939453,25.700000762939453,25.700000762939453,2001,0.0,0.0
2024-11-01 05:15:00+00:00,25.700000762939453,25.75,25.700000762939453,25.700000762939453,13071,0.0,0.0
2024-11-01 05:20:00+00:00,25.700000762939453,25.700000762939453,25.700000762939453,25.700000762939453,2600,0.0,0.0
2024-11-04 01:00:00+00:00,25.799999237060547,25.799999237060547,25.799999237060547,25.799999237060547,0,0.0,0.0
2024-11-04 01:05:00+00:00,25.700000762939453,25.700000762939453,25.600000381469727,25.600000381469727,4005,0.0,0.0
2024-11-04 01:20:00+00:00,25.649999618530273,25.649999618530273,25.649999618530273,25.649999618530273,1036,0.0,0.0
2024-11-04 01:30:00+00:00,25.649999618530273,25.649999618530273,25.600000381469727,25.600000381469727,6038,0.0,0.0
2024-11-04 01:45:00+00:00,25.600000381469727,25.600000381469727,25.600000381469727,25.600000381469727,1000,0.0,0.0
2024-11-04 01:50:00+00:00,25.649999618530273,25.649999618530273,25.649999618530273,25.649999618530273,1000,0.0,0.0
2024-11-04 01:55:00+00:00,25.600000381469727,25.600000381469727,25.600000381469727,25.600000381469727,1000,0.0,0.0
2024-11-04 02:05:00+00:00,25.600000381469727,25.649999618530273,25.600000381469727,25.649999618530273,10000,0.0,0.0
2024-11-04 02:10:00+00:00,25.549999237060547,25.549999237060547,25.549999237060547,25.549999237060547,1046,0.0,0.0
2024-11-04 02:30:00+00:00,25.549999237060547,25.549999237060547,25.549999237060547,25.549999237060547,1001,0.0,0.0
2024-11-04 03:05:00+00:00,25.600000381469727,25.600000381469727,25.549999237060547,25.549999237060547,19000,0.0,0.0
2024-11-04 03:10:00+00:00,25.549999237060547,25.549999237060547,25.549999237060547,25.549999237060547,3000,0.0,0.0
2024-11-04 03:15:00+00:00,25.549999237060547,25.549999237060547,25.549999237060547,25.549999237060547,0,0.0,0.0
2024-11-04 03:50:00+00:00,25.600000381469727,25.600000381469727,25.549999237060547,25.549999237060547,57126,0.0,0.0
2024-11-04 04:10:00+00:00,25.549999237060547,25.549999237060547,25.549999237060547,25.549999237060547,1000,0.0,0.0
2024-11-04 04:15:00+00:00,25.549999237060547,25.549999237060547,25.549999237060547,25.549999237060547,2000,0.0,0.0
2024-11-04 04:20:00+00:00,25.600000381469727,25.600000381469727,25.600000381469727,25.600000381469727,3000,0.0,0.0
2024-11-04 04:30:00+00:00,25.600000381469727,25.600000381469727,25.600000381469727,25.600000381469727,5000,0.0,0.0
2024-11-04 04:40:00+00:00,25.649999618530273,25.649999618530273,25.600000381469727,25.600000381469727,5118,0.0,0.0
2024-11-04 04:45:00+00:00,25.649999618530273,25.649999618530273,25.649999618530273,25.649999618530273,1007,0.0,0.0
2024-11-04 04:50:00+00:00,25.600000381469727,25.600000381469727,25.600000381469727,25.600000381469727,1001,0.0,0.0
2024-11-04 04:55:00+00:00,25.649999618530273,25.649999618530273,25.649999618530273,25.649999618530273,7153,0.0,0.0
2024-11-04 05:00:00+00:00,25.649999618530273,25.649999618530273,25.649999618530273,25.649999618530273,5000,0.0,0.0
2024-11-04 05:05:00+00:00,25.600000381469727,25.649999618530273,25.600000381469727,25.600000381469727,6000,0.0,0.0
2024-11-04 05:10:00+00:00,25.600000381469727,25.600000381469727,25.600000381469727,25.600000381469727,2000,0.0,0.0
2024-11-04 05:15:00+00:00,25.600000381469727,25.600000381469727,25.5,25.5,24000,0.0,0.0
2024-11-04 05:20:00+00:00,25.549999237060547,25.549999237060547,25.549999237060547,25.549999237060547,1311,0.0,0.0
2024-11-05 01:15:00+00:00,25.549999237060547,25.549999237060547,25.549999237060547,25.549999237060547,0,0.0,0.0
2024-11-05 01:20:00+00:00,25.600000381469727,25.600000381469727,25.600000381469727,25.600000381469727,2000,0.0,0.0
2024-11-05 01:30:00+00:00,25.600000381469727,25.649999618530273,25.600000381469727,25.649999618530273,5000,0.0,0.0
2024-11-05 01:40:00+00:00,25.700000762939453,25.700000762939453,25.700000762939453,25.700000762939453,3000,0.0,0.0
2024-11-05 01:45:00+00:00,25.700000762939453,25.700000762939453,25.700000762939453,25.700000762939453,2005,0.0,0.0
2024-11-05 01:50:00+00:00,25.700000762939453,25.700000762939453,25.700000762939453,25.700000762939453,2000,0.0,0.0
2024-11-05 01:55:00+00:00,25.75,25.799999237060547,25.75,25.799999237060547,32006,0.0,0.0
2024-11-05 02:00:00+00:00,25.799999237060547,25.799999237060547,25.799999237060547,25.799999237060547,2039,0.0,0.0
2024-11-05 02:05:00+00:00,25.799999237060547,25.799999237060547,25.799999237060547,25.799999237060547,6000,0.0,0.0
2024-11-05 02:10:00+00:00,25.799999237060547,25.799999237060547,25.799999237060547,25.799999237060547,4000,0.0,0.0
2024-11-05 02:15:00+00:00,25.75,25.75,25.75,25.75,1000,0.0,0.0
2024-11-05 02:20:00+00:00,25.75,25.75,25.75,25.75,2000,0.0,0.0
2024-11-05 02:25:00+00:00,25.75,25.799999237060547,25.75,25.799999237060547,7001,0.0,0.0
2024-11-05 02:35:00+00:00,25.799999237060547,25.799999237060547,25.799999237060547,25.799999237060547,1200,0.0,0.0
2024-11-05 02:40:00+00:00,25.850000381469727,25.850000381469727,25.850000381469727,25.850000381469727,8000,0.0,0.0
2024-11-05 02:50:00+00:00,25.850000381469727,25.850000381469727,25.850000381469727,25.850000381469727,9020,0.0,0.0
2024-11-05 03:10:00+00:00,25.850000381469727,25.850000381469727,25.850000381469727,25.850000381469727,1001,0.0,0.0
2024-11-05 03:35:00+00:00,25.850000381469727,25.850000381469727,25.850000381469727,25.850000381469727,2024,0.0,0.0
2024-11-05 03:50:00+00:00,25.850000381469727,25.950000762939453,25.799999237060547,25.950000762939453,29000,0.0,0.0
2024-11-05 03:55:00+00:00,25.950000762939453,26.0,25.950000762939453,26.0,31000,0.0,0.0
2024-11-05 04:00:00+00:00,26.0,26.0,25.950000762939453,25.950000762939453,3047,0.0,0.0
2024-11-05 04:10:00+00:00,26.0,26.049999237060547,26.0,26.049999237060547,9000,0.0,0.0
2024-11-05 04:15:00+00:00,26.0,26.0,26.0,26.0,3030,0.0,0.0
2024-11-05 04:25:00+00:00,26.0,26.0,26.0,26.0,3083,0.0,0.0
2024-11-05 04:30:00+00:00,26.0,26.0,26.0,26.0,3000,0.0,0.0
2024-11-05 04:35:00+00:00,25.950000762939453,26.0,25.950000762939453,26.0,4117,0.0,0.0
2024-11-05 04:40:00+00:00,26.0,26.0,26.0,26.0,1000,0.0,0.0
2024-11-05 04:50:00+00:00,26.0,26.0,25.950000762939453,25.950000762939453,2000,0.0,0.0
2024-11-05 04:55:00+00:00,26.0,26.0,25.950000762939453,25.950000762939453,4000,0.0,0.0
2024-11-05 05:00:00+00:00,26.0,26.0,26.0,26.0,1200,0.0,0.0
2024-11-05 05:05:00+00:00,25.950000762939453,26.0,25.950000762939453,26.0,6000,0.0,0.0
2024-11-05 05:10:00+00:00,26.0,26.0,26.0,26.0,2001,0.0,0.0
2024-11-05 05:15:00+00:00,26.0,26.0,26.0,26.0,3000,0.0,0.0
2024-11-05 05:20:00+00:00,26.0,26.0,26.0,26.0,3360,0.0,0.0
2024-11-06 01:00:00+00:00,26.200000762939453,26.5,26.200000762939453,26.399999618530273,0,0.0,0.0
2024-11-06 01:05:00+00:00,26.25,26.5,26.25,26.5,53000,0.0,0.0
2024-11-06 01:10:00+00:00,26.5,27.0,26.5,26.950000762939453,191695,0.0,0.0
2024-11-06 01:15:00+00:00,26.950000762939453,26.950000762939453,26.75,26.850000381469727,40000,0.0,0.0
2024-11-06 01:20:00+00:00,26.850000381469727,26.899999618530273,26.75,26.899999618530273,46105,0.0,0.0
2024-11-06 01:25:00+00:00,26.950000762939453,26.950000762939453,26.899999618530273,26.899999618530273,40060,0.0,0.0
2024-11-06 01:30:00+00:00,26.950000762939453,26.950000762939453,26.75,26.75,25138,0.0,0.0
2024-11-06 01:35:00+00:00,26.700000762939453,26.799999237060547,26.700000762939453,26.799999237060547,36062,0.0,0.0
2024-11-06 01:40:00+00:00,26.799999237060547,26.799999237060547,26.799999237060547,26.799999237060547,13000,0.0,0.0
2024-11-06 01:45:00+00:00,26.799999237060547,27.0,26.799999237060547,26.850000381469727,38000,0.0,0.0
2024-11-06 01:50:00+00:00,26.850000381469727,26.850000381469727,26.75,26.75,9000,0.0,0.0
2024-11-06 01:55:00+00:00,26.75,26.899999618530273,26.75,26.850000381469727,23084,0.0,0.0
2024-11-06 02:00:00+00:00,26.899999618530273,26.950000762939453,26.700000762939453,26.700000762939453,29000,0.0,0.0
2024-11-06 02:05:00+00:00,26.75,26.75,26.75,26.75,1195,0.0,0.0
2024-11-06 02:10:00+00:00,26.799999237060547,26.850000381469727,26.799999237060547,26.850000381469727,5009,0.0,0.0
2024-11-06 02:15:00+00:00,26.850000381469727,26.899999618530273,26.799999237060547,26.799999237060547,17025,0.0,0.0
2024-11-06 02:20:00+00:00,26.799999237060547,26.799999237060547,26.75,26.75,6000,0.0,0.0
2024-11-06 02:25:00+00:00,26.75,26.799999237060547,26.75,26.799999237060547,2096,0.0,0.0
2024-11-06 02:30:00+00:00,26.75,26.75,26.649999618530273,26.700000762939453,18000,0.0,0.0
2024-11-06 02:35:00+00:00,26.649999618530273,26.649999618530273,26.600000381469727,26.600000381469727,7001,0.0,0.0
2024-11-06 02:40:00+00:00,26.649999618530273,26.799999237060547,26.600000381469727,26.600000381469727,14000,0.0,0.0
2024-11-06 02:45:00+00:00,26.799999237060547,26.799999237060547,26.600000381469727,26.600000381469727,8000,0.0,0.0
2024-11-06 02:50:00+00:00,26.649999618530273,26.649999618530273,26.649999618530273,26.649999618530273,1000,0.0,0.0
2024-11-06 02:55:00+00:00,26.649999618530273,26.649999618530273,26.649999618530273,26.649999618530273,1000,0.0,0.0
2024-11-06 03:00:00+00:00,26.649999618530273,26.700000762939453,26.649999618530273,26.700000762939453,14019,0.0,0.0
2024-11-06 03:05:00+00:00,26.700000762939453,26.700000762939453,26.700000762939453,26.700000762939453,1020,0.0,0.0
2024-11-06 03:10:00+00:00,26.700000762939453,26.700000762939453,26.700000762939453,26.700000762939453,2125,0.0,0.0
2024-11-06 03:15:00+00:00,26.649999618530273,26.649999618530273,26.649999618530273,26.649999618530273,6000,0.0,0.0
2024-11-06 03:20:00+00:00,26.700000762939453,26.700000762939453,26.700000762939453,26.700000762939453,15001,0.0,0.0
2024-11-06 03:25:00+00:00,26.799999237060547,26.799999237060547,26.799999237060547,26.799999237060547,5625,0.0,0.0
2024-11-06 03:30:00+00:00,26.799999237060547,26.799999237060547,26.75,26.75,0,0.0,0.0
2024-11-06 03:35:00+00:00,26.700000762939453,26.700000762939453,26.700000762939453,26.700000762939453,726454,0.0,0.0
2024-11-06 03:45:00+00:00,26.700000762939453,26.700000762939453,26.649999618530273,26.649999618530273,8027,0.0,0.0
2024-11-06 03:50:00+00:00,26.649999618530273,26.649999618530273,26.649999618530273,26.649999618530273,3000,0.0,0.0
2024-11-06 03:55:00+00:00,26.700000762939453,26.700000762939453,26.700000762939453,26.700000762939453,3000,0.0,0.0
2024-11-06 04:00:00+00:00,26.75,26.799999237060547,26.75,26.799999237060547,11073,0.0,0.0
2024-11-06 04:05:00+00:00,26.799999237060547,26.799999237060547,26.75,26.75,3003,0.0,0.0
2024-11-06 04:15:00+00:00,26.700000762939453,26.700000762939453,26.700000762939453,26.700000762939453,1450,0.0,0.0
2024-11-06 04:25:00+00:00,26.700000762939453,26.700000762939453,26.700000762939453,26.700000762939453,5000,0.0,0.0
2024-11-06 04:30:00+00:00,26.700000762939453,26.700000762939453,26.700000762939453,26.700000762939453,1000,0.0,0.0
2024-11-06 04:35:00+00:00,26.700000762939453,26.75,26.700000762939453,26.700000762939453,8000,0.0,0.0
2024-11-06 04:40:00+00:00,26.75,26.75,26.75,26.75,20020,0.0,0.0
2024-11-06 04:45:00+00:00,26.75,26.799999237060547,26.75,26.799999237060547,2785,0.0,0.0
2024-11-06 04:50:00+00:00,26.799999237060547,26.799999237060547,26.799999237060547,26.799999237060547,29415,0.0,0.0
2024-11-06 05:00:00+00:00,26.799999237060547,26.799999237060547,26.799999237060547,26.799999237060547,13248,0.0,0.0
2024-11-06 05:05:00+00:00,26.850000381469727,26.850000381469727,26.850000381469727,26.850000381469727,11171,0.0,0.0
2024-11-06 05:10:00+00:00,26.850000381469727,26.899999618530273,26.850000381469727,26.850000381469727,12337,0.0,0.0
2024-11-06 05:15:00+00:00,26.850000381469727,26.899999618530273,26.850000381469727,26.899999618530273,31015,0.0,0.0
2024-11-06 05:20:00+00:00,26.899999618530273,27.0,26.899999618530273,26.950000762939453,69008,0.0,0.0
2024-11-07 01:00:00+00:00,26.950000762939453,26.950000762939453,26.799999237060547,26.850000381469727,0,0.0,0.0
2024-11-07 01:05:00+00:00,26.850000381469727,27.0,26.850000381469727,27.0,6000,0.0,0.0
2024-11-07 01:10:00+00:00,27.0,27.100000381469727,26.950000762939453,27.100000381469727,43511,0.0,0.0
2024-11-07 01:15:00+00:00,27.100000381469727,27.100000381469727,27.0,27.049999237060547,12000,0.0,0.0
2024-11-07 01:20:00+00:00,27.0,27.049999237060547,27.0,27.0,25000,0.0,0.0
2024-11-07 01:25:00+00:00,27.049999237060547,27.049999237060547,27.0,27.0,12020,0.0,0.0
2024-11-07 01:30:00+00:00,27.0,27.149999618530273,27.0,27.149999618530273,85030,0.0,0.0
2024-11-07 01:35:00+00:00,27.149999618530273,27.25,27.149999618530273,27.200000762939453,61000,0.0,0.0
2024-11-07 01:45:00+00:00,27.149999618530273,27.149999618530273,27.100000381469727,27.100000381469727,13000,0.0,0.0
2024-11-07 01:50:00+00:00,27.100000381469727,27.100000381469727,27.100000381469727,27.100000381469727,4001,0.0,0.0
2024-11-07 01:55:00+00:00,27.100000381469727,27.100000381469727,27.100000381469727,27.100000381469727,2134,0.0,0.0
2024-11-07 02:00:00+00:00,27.100000381469727,27.200000762939453,27.100000381469727,27.100000381469727,19193,0.0,0.0
2024-11-07 02:10:00+00:00,27.100000381469727,27.100000381469727,27.049999237060547,27.049999237060547,3300,0.0,0.0
2024-11-07 02:20:00+00:00,27.100000381469727,27.100000381469727,27.049999237060547,27.049999237060547,4000,0.0,0.0
2024-11-07 02:25:00+00:00,27.100000381469727,27.100000381469727,27.100000381469727,27.100000381469727,11000,0.0,0.0
2024-11-07 02:30:00+00:00,27.149999618530273,27.25,27.149999618530273,27.25,79231,0.0,0.0
2024-11-07 02:35:00+00:00,27.25,27.25,27.25,27.25,14100,0.0,0.0
2024-11-07 02:40:00+00:00,27.25,27.25,27.200000762939453,27.200000762939453,11000,0.0,0.0
2024-11-07 02:45:00+00:00,27.149999618530273,27.149999618530273,27.149999618530273,27.149999618530273,2000,0.0,0.0
2024-11-07 02:50:00+00:00,27.200000762939453,27.200000762939453,27.100000381469727,27.100000381469727,6000,0.0,0.0
2024-11-07 02:55:00+00:00,27.100000381469727,27.100000381469727,27.100000381469727,27.100000381469727,7000,0.0,0.0
2024-11-07 03:00:00+00:00,27.149999618530273,27.200000762939453,27.149999618530273,27.200000762939453,12000,0.0,0.0
2024-11-07 03:05:00+00:00,27.200000762939453,27.25,27.200000762939453,27.200000762939453,9000,0.0,0.0
2024-11-07 03:10:00+00:00,27.200000762939453,27.200000762939453,27.200000762939453,27.200000762939453,1000,0.0,0.0
2024-11-07 03:15:00+00:00,27.200000762939453,27.200000762939453,27.200000762939453,27.200000762939453,1000,0.0,0.0
2024-11-07 03:20:00+00:00,27.200000762939453,27.25,27.200000762939453,27.200000762939453,11000,0.0,0.0
2024-11-07 03:35:00+00:00,27.149999618530273,27.149999618530273,27.149999618530273,27.149999618530273,3202,0.0,0.0
2024-11-07 03:45:00+00:00,27.149999618530273,27.149999618530273,27.149999618530273,27.149999618530273,9000,0.0,0.0
2024-11-07 03:50:00+00:00,27.149999618530273,27.149999618530273,27.149999618530273,27.149999618530273,4002,0.0,0.0
2024-11-07 03:55:00+00:00,27.149999618530273,27.149999618530273,27.149999618530273,27.149999618530273,2000,0.0,0.0
2024-11-07 04:00:00+00:00,27.149999618530273,27.25,27.149999618530273,27.25,18000,0.0,0.0
2024-11-07 04:15:00+00:00,27.200000762939453,27.200000762939453,27.200000762939453,27.200000762939453,7000,0.0,0.0
2024-11-07 04:20:00+00:00,27.200000762939453,27.200000762939453,27.200000762939453,27.200000762939453,4001,0.0,0.0
2024-11-07 04:25:00+00:00,27.149999618530273,27.149999618530273,27.149999618530273,27.149999618530273,11024,0.0,0.0
2024-11-07 04:30:00+00:00,27.149999618530273,27.200000762939453,27.149999618530273,27.200000762939453,4000,0.0,0.0
2024-11-07 04:35:00+00:00,27.149999618530273,27.149999618530273,27.149999618530273,27.149999618530273,4000,0.0,0.0
2024-11-07 04:40:00+00:00,27.100000381469727,27.100000381469727,27.100000381469727,27.100000381469727,22000,0.0,0.0
2024-11-07 04:45:00+00:00,27.100000381469727,27.200000762939453,27.100000381469727,27.100000381469727,7363,0.0,0.0
2024-11-07 04:50:00+00:00,27.149999618530273,27.149999618530273,27.149999618530273,27.149999618530273,1000,0.0,0.0
2024-11-07 04:55:00+00:00,27.200000762939453,27.200000762939453,27.200000762939453,27.200000762939453,8000,0.0,0.0
2024-11-07 05:00:00+00:00,27.200000762939453,27.200000762939453,27.200000762939453,27.200000762939453,2000,0.0,0.0
2024-11-07 05:05:00+00:00,27.200000762939453,27.200000762939453,27.149999618530273,27.149999618530273,6150,0.0,0.0
2024-11-07 05:10:00+00:00,27.149999618530273,27.200000762939453,27.149999618530273,27.200000762939453,6000,0.0,0.0
2024-11-07 05:15:00+00:00,27.200000762939453,27.200000762939453,27.149999618530273,27.149999618530273,5001,0.0,0.0
2024-11-07 05:20:00+00:00,27.200000762939453,27.200000762939453,27.100000381469727,27.100000381469727,2730,0.0,0.0
2024-11-08 01:00:00+00:00,27.200000762939453,27.25,27.100000381469727,27.200000762939453,0,0.0,0.0
2024-11-08 01:05:00+00:00,27.200000762939453,27.200000762939453,27.200000762939453,27.200000762939453,3101,0.0,0.0
2024-11-08 01:10:00+00:00,27.200000762939453,27.200000762939453,27.200000762939453,27.200000762939453,15284,0.0,0.0
2024-11-08 01:15:00+00:00,27.200000762939453,27.200000762939453,27.100000381469727,27.100000381469727,14150,0.0,0.0
2024-11-08 01:20:00+00:00,27.100000381469727,27.100000381469727,27.049999237060547,27.049999237060547,4080,0.0,0.0
2024-11-08 01:25:00+00:00,27.049999237060547,27.100000381469727,27.049999237060547,27.049999237060547,10119,0.0,0.0
2024-11-08 01:30:00+00:00,27.049999237060547,27.049999237060547,26.899999618530273,26.950000762939453,25000,0.0,0.0
2024-11-08 01:35:00+00:00,26.950000762939453,26.950000762939453,26.950000762939453,26.950000762939453,3000,0.0,0.0
2024-11-08 01:40:00+00:00,26.950000762939453,26.950000762939453,26.899999618530273,26.899999618530273,2401,0.0,0.0
2024-11-08 01:45:00+00:00,26.899999618530273,26.899999618530273,26.899999618530273,26.899999618530273,5099,0.0,0.0
2024-11-08 01:50:00+00:00,26.899999618530273,26.899999618530273,26.899999618530273,26.899999618530273,1000,0.0,0.0
2024-11-08 01:55:00+00:00,26.899999618530273,26.899999618530273,26.850000381469727,26.850000381469727,11480,0.0,0.0
2024-11-08 02:00:00+00:00,26.850000381469727,26.850000381469727,26.850000381469727,26.850000381469727,5000,0.0,0.0
2024-11-08 02:05:00+00:00,26.850000381469727,26.850000381469727,26.75,26.75,18458,0.0,0.0
2024-11-08 02:10:00+00:00,26.799999237060547,26.850000381469727,26.799999237060547,26.850000381469727,13101,0.0,0.0
2024-11-08 02:15:00+00:00,26.850000381469727,27.049999237060547,26.850000381469727,27.049999237060547,44000,0.0,0.0
2024-11-08 02:20:00+00:00,27.049999237060547,27.049999237060547,27.049999237060547,27.049999237060547,16000,0.0,0.0
2024-11-08 02:25:00+00:00,27.100000381469727,27.100000381469727,27.100000381469727,27.100000381469727,7516,0.0,0.0
2024-11-08 02:30:00+00:00,27.100000381469727,27.149999618530273,27.100000381469727,27.149999618530273,7285,0.0,0.0
2024-11-08 02:35:00+00:00,27.149999618530273,27.149999618530273,27.149999618530273,27.149999618530273,7115,0.0,0.0
2024-11-08 02:40:00+00:00,27.149999618530273,27.200000762939453,27.149999618530273,27.200000762939453,8000,0.0,0.0
2024-11-08 02:45:00+00:00,27.200000762939453,27.200000762939453,27.049999237060547,27.100000381469727,12000,0.0,0.0
2024-11-08 02:50:00+00:00,27.100000381469727,27.100000381469727,27.100000381469727,27.100000381469727,6000,0.0,0.0
2024-11-08 02:55:00+00:00,27.100000381469727,27.100000381469727,27.0,27.0,8000,0.0,0.0
2024-11-08 03:00:00+00:00,27.100000381469727,27.100000381469727,27.100000381469727,27.100000381469727,9000,0.0,0.0
2024-11-08 03:05:00+00:00,27.100000381469727,27.100000381469727,27.100000381469727,27.100000381469727,7000,0.0,0.0
2024-11-08 03:10:00+00:00,27.100000381469727,27.100000381469727,27.100000381469727,27.100000381469727,7000,0.0,0.0
2024-11-08 03:15:00+00:00,27.100000381469727,27.100000381469727,27.100000381469727,27.100000381469727,6000,0.0,0.0
2024-11-08 03:20:00+00:00,27.100000381469727,27.100000381469727,27.100000381469727,27.100000381469727,9000,0.0,0.0
2024-11-08 03:25:00+00:00,27.100000381469727,27.100000381469727,27.0,27.0,12251,0.0,0.0
2024-11-08 03:30:00+00:00,27.0,27.0,26.950000762939453,27.0,7000,0.0,0.0
2024-11-08 03:35:00+00:00,27.0,27.049999237060547,27.0,27.049999237060547,11100,0.0,0.0
2024-11-08 03:40:00+00:00,27.0,27.0,27.0,27.0,7000,0.0,0.0
2024-11-08 03:45:00+00:00,27.0,27.049999237060547,27.0,27.049999237060547,7000,0.0,0.0
2024-11-08 03:50:00+00:00,27.049999237060547,27.049999237060547,26.950000762939453,27.049999237060547,9000,0.0,0.0
2024-11-08 03:55:00+00:00,26.950000762939453,27.049999237060547,26.950000762939453,27.049999237060547,7000,0.0,0.0
2024-11-08 04:00:00+00:00,27.049999237060547,27.049999237060547,26.799999237060547,26.850000381469727,12094,0.0,0.0
2024-11-08 04:05:00+00:00,26.850000381469727,26.850000381469727,26.799999237060547,26.799999237060547,12000,0.0,0.0
2024-11-08 04:10:00+00:00,26.75,26.75,26.700000762939453,26.700000762939453,16460,0.0,0.0
2024-11-08 04:20:00+00:00,26.700000762939453,26.75,26.700000762939453,26.75,2000,0.0,0.0
2024-11-08 04:25:00+00:00,26.75,26.75,26.75,26.75,2000,0.0,0.0
2024-11-08 04:30:00+00:00,26.75,26.75,26.75,26.75,2040,0.0,0.0
2024-11-08 04:35:00+00:00,26.799999237060547,26.799999237060547,26.799999237060547,26.799999237060547,1000,0.0,0.0
2024-11-08 04:40:00+00:00,26.799999237060547,26.799999237060547,26.75,26.75,6990,0.0,0.0
2024-11-08 04:50:00+00:00,26.75,26.75,26.75,26.75,1000,0.0,0.0
2024-11-08 04:55:00+00:00,26.75,26.75,26.700000762939453,26.700000762939453,2000,0.0,0.0
2024-11-08 05:00:00+00:00,26.75,26.799999237060547,26.75,26.799999237060547,11000,0.0,0.0
2024-11-08 05:05:00+00:00,26.75,26.75,26.75,26.75,1000,0.0,0.0
2024-11-08 05:10:00+00:00,26.700000762939453,26.75,26.700000762939453,26.75,2000,0.0,0.0
2024-11-08 05:15:00+00:00,26.700000762939453,26.75,26.700000762939453,26.75,10000,0.0,0.0
2024-11-08 05:20:00+00:00,26.75,26.799999237060547,26.75,26.799999237060547,5679,0.0,0.0
2024-11-11 01:00:00+00:00,26.899999618530273,26.899999618530273,26.850000381469727,26.850000381469727,0,0.0,0.0
2024-11-11 01:05:00+00:00,26.799999237060547,26.799999237060547,26.75,26.75,16140,0.0,0.0
2024-11-11 01:10:00+00:00,26.75,26.799999237060547,26.700000762939453,26.75,24002,0.0,0.0
2024-11-11 01:15:00+00:00,26.700000762939453,26.700000762939453,26.700000762939453,26.700000762939453,4000,0.0,0.0
2024-11-11 01:20:00+00:00,26.700000762939453,26.700000762939453,26.649999618530273,26.649999618530273,8379,0.0,0.0
2024-11-11 01:25:00+00:00,26.649999618530273,26.649999618530273,26.649999618530273,26.649999618530273,2051,0.0,0.0
2024-11-11 01:30:00+00:00,26.600000381469727,26.600000381469727,26.600000381469727,26.600000381469727,9056,0.0,0.0
2024-11-11 01:35:00+00:00,26.600000381469727,26.649999618530273,26.600000381469727,26.649999618530273,8041,0.0,0.0
2024-11-11 01:40:00+00:00,26.649999618530273,26.649999618530273,26.600000381469727,26.649999618530273,17000,0.0,0.0
2024-11-11 01:45:00+00:00,26.649999618530273,26.700000762939453,26.649999618530273,26.700000762939453,10000,0.0,0.0
2024-11-11 01:50:00+00:00,26.700000762939453,26.700000762939453,26.700000762939453,26.700000762939453,2000,0.0,0.0
2024-11-11 01:55:00+00:00,26.700000762939453,26.75,26.700000762939453,26.75,12001,0.0,0.0
2024-11-11 02:00:00+00:00,26.75,26.75,26.75,26.75,10000,0.0,0.0
2024-11-11 02:05:00+00:00,26.75,26.75,26.75,26.75,4000,0.0,0.0
2024-11-11 02:10:00+00:00,26.75,26.75,26.75,26.75,2001,0.0,0.0
2024-11-11 02:20:00+00:00,26.700000762939453,26.700000762939453,26.649999618530273,26.649999618530273,18043,0.0,0.0
2024-11-11 02:25:00+00:00,26.700000762939453,26.700000762939453,26.649999618530273,26.649999618530273,9000,0.0,0.0
2024-11-11 02:35:00+00:00,26.700000762939453,26.700000762939453,26.700000762939453,26.700000762939453,13000,0.0,0.0
2024-11-11 02:40:00+00:00,26.799999237060547,26.799999237060547,26.799999237060547,26.799999237060547,1000,0.0,0.0
2024-11-11 02:50:00+00:00,26.75,26.75,26.75,26.75,0,0.0,0.0
2024-11-11 02:55:00+00:00,26.799999237060547,26.850000381469727,26.799999237060547,26.850000381469727,209715,0.0,0.0
2024-11-11 03:00:00+00:00,26.899999618530273,26.899999618530273,26.899999618530273,26.899999618530273,2000,0.0,0.0
2024-11-11 03:05:00+00:00,26.850000381469727,26.850000381469727,26.850000381469727,26.850000381469727,21000,0.0,0.0
2024-11-11 03:20:00+00:00,26.850000381469727,26.850000381469727,26.850000381469727,26.850000381469727,2000,0.0,0.0
2024-11-11 03:30:00+00:00,26.850000381469727,26.850000381469727,26.850000381469727,26.850000381469727,3000,0.0,0.0
2024-11-11 03:40:00+00:00,26.899999618530273,26.899999618530273,26.899999618530273,26.899999618530273,11000,0.0,0.0
2024-11-11 03:50:00+00:00,26.950000762939453,26.950000762939453,26.950000762939453,26.950000762939453,2000,0.0,0.0
2024-11-11 03:55:00+00:00,26.950000762939453,26.950000762939453,26.950000762939453,26.950000762939453,10040,0.0,0.0
2024-11-11 04:10:00+00:00,26.899999618530273,26.899999618530273,26.899999618530273,26.899999618530273,1000,0.0,0.0
2024-11-11 04:20:00+00:00,26.899999618530273,26.899999618530273,26.899999618530273,26.899999618530273,6000,0.0,0.0
2024-11-11 04:25:00+00:00,26.950000762939453,26.950000762939453,26.950000762939453,26.950000762939453,4000,0.0,0.0
2024-11-11 04:30:00+00:00,26.950000762939453,26.950000762939453,26.950000762939453,26.950000762939453,1000,0.0,0.0
2024-11-11 04:35:00+00:00,26.950000762939453,26.950000762939453,26.950000762939453,26.950000762939453,2100,0.0,0.0
2024-11-11 04:40:00+00:00,26.899999618530273,26.899999618530273,26.899999618530273,26.899999618530273,2000,0.0,0.0
2024-11-11 04:45:00+00:00,26.899999618530273,26.899999618530273,26.899999618530273,26.899999618530273,3050,0.0,0.0
2024-11-11 04:50:00+00:00,26.850000381469727,26.850000381469727,26.799999237060547,26.799999237060547,3000,0.0,0.0
2024-11-11 04:55:00+00:00,26.799999237060547,26.799999237060547,26.799999237060547,26.799999237060547,1000,0.0,0.0
2024-11-11 05:00:00+00:00,26.799999237060547,26.899999618530273,26.799999237060547,26.899999618530273,3097,0.0,0.0
2024-11-11 05:10:00+00:00,26.899999618530273,26.899999618530273,26.799999237060547,26.899999618530273,5180,0.0,0.0
2024-11-11 05:20:00+00:00,26.799999237060547,26.899999618530273,26.799999237060547,26.899999618530273,3523,0.0,0.0
2024-11-12 01:00:00+00:00,26.700000762939453,26.700000762939453,26.700000762939453,26.700000762939453,0,0.0,0.0
2024-11-12 01:05:00+00:00,26.700000762939453,26.899999618530273,26.700000762939453,26.799999237060547,36124,0.0,0.0
2024-11-12 01:10:00+00:00,26.899999618530273,26.899999618530273,26.899999618530273,26.899999618530273,1000,0.0,0.0
2024-11-12 01:15:00+00:00,26.850000381469727,26.850000381469727,26.850000381469727,26.850000381469727,1000,0.0,0.0
2024-11-12 01:20:00+00:00,26.850000381469727,26.850000381469727,26.799999237060547,26.799999237060547,5000,0.0,0.0
2024-11-12 01:25:00+00:00,26.799999237060547,26.799999237060547,26.75,26.75,6050,0.0,0.0
2024-11-12 01:30:00+00:00,26.700000762939453,26.700000762939453,26.700000762939453,26.700000762939453,2000,0.0,0.0
2024-11-12 01:35:00+00:00,26.700000762939453,26.700000762939453,26.700000762939453,26.700000762939453,9000,0.0,0.0
2024-11-12 01:40:00+00:00,26.700000762939453,26.700000762939453,26.700000762939453,26.700000762939453,2000,0.0,0.0
2024-11-12 01:45:00+00:00,26.700000762939453,26.700000762939453,26.700000762939453,26.700000762939453,2000,0.0,0.0
2024-11-12 01:55:00+00:00,26.700000762939453,26.75,26.700000762939453,26.75,9053,0.0,0.0
2024-11-12 02:05:00+00:00,26.75,26.75,26.75,26.75,2023,0.0,0.0
2024-11-12 02:10:00+00:00,26.75,26.75,26.75,26.75,3000,0.0,0.0
2024-11-12 02:15:00+00:00,26.75,26.75,26.75,26.75,13000,0.0,0.0
2024-11-12 02:20:00+00:00,26.75,26.75,26.75,26.75,1000,0.0,0.0
2024-11-12 02:30:00+00:00,26.75,26.75,26.75,26.75,2000,0.0,0.0
2024-11-12 02:35:00+00:00,26.700000762939453,26.700000762939453,26.700000762939453,26.700000762939453,10000,0.0,0.0
2024-11-12 02:40:00+00:00,26.649999618530273,26.649999618530273,26.649999618530273,26.649999618530273,4000,0.0,0.0
2024-11-12 02:45:00+00:00,26.649999618530273,26.649999618530273,26.649999618530273,26.649999618530273,1100,0.0,0.0
2024-11-12 02:50:00+00:00,26.649999618530273,26.649999618530273,26.649999618530273,26.649999618530273,7031,0.0,0.0
2024-11-12 03:00:00+00:00,26.649999618530273,26.649999618530273,26.600000381469727,26.600000381469727,8000,0.0,0.0
2024-11-12 03:10:00+00:00,26.600000381469727,26.600000381469727,26.600000381469727,26.600000381469727,2001,0.0,0.0
2024-11-12 03:15:00+00:00,26.649999618530273,26.649999618530273,26.600000381469727,26.600000381469727,7000,0.0,0.0
2024-11-12 03:20:00+00:00,26.600000381469727,26.649999618530273,26.600000381469727,26.649999618530273,2000,0.0,0.0
2024-11-12 03:25:00+00:00,26.649999618530273,26.649999618530273,26.649999618530273,26.649999618530273,2022,0.0,0.0
2024-11-12 03:45:00+00:00,26.649999618530273,26.649999618530273,26.600000381469727,26.600000381469727,4006,0.0,0.0
2024-11-12 03:55:00+00:00,26.600000381469727,26.600000381469727,26.600000381469727,26.600000381469727,2000,0.0,0.0
2024-11-12 04:00:00+00:00,26.600000381469727,26.600000381469727,26.600000381469727,26.600000381469727,4000,0.0,0.0
2024-11-12 04:05:00+00:00,26.549999237060547,26.549999237060547,26.549999237060547,26.549999237060547,1000,0.0,0.0
2024-11-12 04:10:00+00:00,26.600000381469727,26.600000381469727,26.600000381469727,26.600000381469727,4211,0.0,0.0
2024-11-12 04:15:00+00:00,26.649999618530273,26.649999618530273,26.649999618530273,26.649999618530273,11000,0.0,0.0
2024-11-12 04:25:00+00:00,26.700000762939453,26.700000762939453,26.700000762939453,26.700000762939453,1000,0.0,0.0
2024-11-12 04:30:00+00:00,26.700000762939453,26.700000762939453,26.700000762939453,26.700000762939453,1000,0.0,0.0
2024-11-12 04:35:00+00:00,26.700000762939453,26.700000762939453,26.700000762939453,26.700000762939453,2000,0.0,0.0
2024-11-12 04:40:00+00:00,26.700000762939453,26.700000762939453,26.700000762939453,26.700000762939453,7091,0.0,0.0
2024-11-12 04:45:00+00:00,26.649999618530273,26.700000762939453,26.649999618530273,26.700000762939453,5009,0.0,0.0
2024-11-12 04:50:00+00:00,26.649999618530273,26.649999618530273,26.649999618530273,26.649999618530273,20000,0.0,0.0
2024-11-12 05:00:00+00:00,26.649999618530273,26.649999618530273,26.600000381469727,26.600000381469727,4861,0.0,0.0
2024-11-12 05:05:00+00:00,26.600000381469727,26.649999618530273,26.600000381469727,26.649999618530273,18001,0.0,0.0
2024-11-12 05:10:00+00:00,26.649999618530273,26.649999618530273,26.600000381469727,26.649999618530273,14000,0.0,0.0
2024-11-12 05:15:00+00:00,26.600000381469727,26.600000381469727,26.549999237060547,26.549999237060547,7669,0.0,0.0
2024-11-12 05:20:00+00:00,26.549999237060547,26.649999618530273,26.549999237060547,26.549999237060547,15135,0.0,0.0
2024-11-13 01:00:00+00:00,26.600000381469727,26.600000381469727,26.600000381469727,26.600000381469727,0,0.0,0.0
2024-11-13 01:05:00+00:00,26.600000381469727,26.600000381469727,26.549999237060547,26.549999237060547,18004,0.0,0.0
2024-11-13 01:10:00+00:00,26.600000381469727,26.600000381469727,26.600000381469727,26.600000381469727,1000,0.0,0.0
2024-11-13 01:20:00+00:00,26.600000381469727,26.649999618530273,26.600000381469727,26.649999618530273,6000,0.0,0.0
2024-11-13 01:25:00+00:00,26.700000762939453,26.700000762939453,26.700000762939453,26.700000762939453,6000,0.0,0.0
2024-11-13 01:30:00+00:00,26.700000762939453,26.75,26.700000762939453,26.75,10000,0.0,0.0
2024-11-13 01:35:00+00:00,26.700000762939453,26.700000762939453,26.700000762939453,26.700000762939453,1000,0.0,0.0
2024-11-13 01:45:00+00:00,26.700000762939453,26.700000762939453,26.649999618530273,26.649999618530273,12000,0.0,0.0
2024-11-13 01:50:00+00:00,26.649999618530273,26.700000762939453,26.649999618530273,26.700000762939453,9001,0.0,0.0
2024-11-13 01:55:00+00:00,26.700000762939453,26.700000762939453,26.700000762939453,26.700000762939453,20000,0.0,0.0
2024-11-13 02:00:00+00:00,26.700000762939453,26.700000762939453,26.700000762939453,26.700000762939453,1040,0.0,0.0
2024-11-13 02:15:00+00:00,26.649999618530273,26.649999618530273,26.649999618530273,26.649999618530273,1000,0.0,0.0
2024-11-13 02:30:00+00:00,26.75,26.75,26.75,26.75,11000,0.0,0.0
2024-11-13 02:35:00+00:00,26.75,26.75,26.700000762939453,26.700000762939453,2030,0.0,0.0
2024-11-13 02:55:00+00:00,26.700000762939453,26.700000762939453,26.700000762939453,26.700000762939453,5002,0.0,0.0
2024-11-13 03:00:00+00:00,26.700000762939453,26.700000762939453,26.700000762939453,26.700000762939453,6001,0.0,0.0
2024-11-13 03:05:00+00:00,26.75,26.75,26.75,26.75,2000,0.0,0.0
2024-11-13 03:25:00+00:00,26.700000762939453,26.700000762939453,26.700000762939453,26.700000762939453,9000,0.0,0.0
2024-11-13 03:30:00+00:00,26.700000762939453,26.700000762939453,26.700000762939453,26.700000762939453,1000,0.0,0.0
2024-11-13 03:35:00+00:00,26.700000762939453,26.700000762939453,26.700000762939453,26.700000762939453,1000,0.0,0.0
2024-11-13 03:40:00+00:00,26.700000762939453,26.700000762939453,26.649999618530273,26.649999618530273,20000,0.0,0.0
2024-11-13 03:55:00+00:00,26.649999618530273,26.649999618530273,26.600000381469727,26.600000381469727,11000,0.0,0.0
2024-11-13 04:00:00+00:00,26.649999618530273,26.649999618530273,26.649999618530273,26.649999618530273,1198,0.0,0.0
2024-11-13 04:10:00+00:00,26.649999618530273,26.700000762939453,26.649999618530273,26.700000762939453,14000,0.0,0.0
2024-11-13 04:15:00+00:00,26.700000762939453,26.75,26.700000762939453,26.75,2000,0.0,0.0
2024-11-13 04:20:00+00:00,26.700000762939453,26.700000762939453,26.700000762939453,26.700000762939453,1009,0.0,0.0
2024-11-13 04:25:00+00:00,26.75,26.75,26.75,26.75,2000,0.0,0.0
2024-11-13 04:30:00+00:00,26.75,26.75,26.75,26.75,2470,0.0,0.0
2024-11-13 04:45:00+00:00,26.700000762939453,26.75,26.700000762939453,26.700000762939453,6000,0.0,0.0
2024-11-13 04:50:00+00:00,26.75,26.75,26.649999618530273,26.649999618530273,9000,0.0,0.0
2024-11-13 04:55:00+00:00,26.700000762939453,26.700000762939453,26.700000762939453,26.700000762939453,3000,0.0,0.0
2024-11-13 05:00:00+00:00,26.700000762939453,26.700000762939453,26.700000762939453,26.700000762939453,1000,0.0,0.0
2024-11-13 05:05:00+00:00,26.700000762939453,26.700000762939453,26.649999618530273,26.649999618530273,12000,0.0,0.0
2024-11-13 05:15:00+00:00,26.649999618530273,26.649999618530273,26.649999618530273,26.649999618530273,1001,0.0,0.0
2024-11-13 05:20:00+00:00,26.700000762939453,26.75,26.700000762939453,26.700000762939453,10840,0.0,0.0
2024-11-14 01:00:00+00:00,26.600000381469727,26.850000381469727,26.600000381469727,26.850000381469727,0,0.0,0.0
2024-11-14 01:05:00+00:00,26.850000381469727,26.850000381469727,26.850000381469727,26.850000381469727,3003,0.0,0.0
2024-11-14 01:10:00+00:00,26.899999618530273,26.899999618530273,26.899999618530273,26.899999618530273,3000,0.0,0.0
2024-11-14 01:20:00+00:00,26.850000381469727,26.850000381469727,26.799999237060547,26.799999237060547,6000,0.0,0.0
2024-11-14 01:25:00+00:00,26.799999237060547,26.799999237060547,26.75,26.75,9001,0.0,0.0
2024-11-14 01:30:00+00:00,26.700000762939453,26.700000762939453,26.700000762939453,26.700000762939453,1000,0.0,0.0
2024-11-14 01:35:00+00:00,26.700000762939453,26.700000762939453,26.649999618530273,26.649999618530273,8000,0.0,0.0
2024-11-14 01:40:00+00:00,26.700000762939453,26.700000762939453,26.700000762939453,26.700000762939453,3000,0.0,0.0
2024-11-14 01:45:00+00:00,26.700000762939453,26.700000762939453,26.700000762939453,26.700000762939453,10000,0.0,0.0
2024-11-14 01:50:00+00:00,26.700000762939453,26.700000762939453,26.700000762939453,26.700000762939453,5000,0.0,0.0
2024-11-14 01:55:00+00:00,26.799999237060547,26.850000381469727,26.799999237060547,26.850000381469727,11000,0.0,0.0
2024-11-14 02:00:00+00:00,26.850000381469727,26.850000381469727,26.799999237060547,26.850000381469727,5000,0.0,0.0
2024-11-14 02:05:00+00:00,26.850000381469727,26.850000381469727,26.75,26.799999237060547,6029,0.0,0.0
2024-11-14 02:10:00+00:00,26.799999237060547,26.799999237060547,26.75,26.799999237060547,13000,0.0,0.0
2024-11-14 02:15:00+00:00,26.75,26.75,26.700000762939453,26.75,5000,0.0,0.0
2024-11-14 02:20:00+00:00,26.75,26.75,26.700000762939453,26.75,7004,0.0,0.0
2024-11-14 02:25:00+00:00,26.75,26.75,26.700000762939453,26.700000762939453,9000,0.0,0.0
2024-11-14 02:30:00+00:00,26.799999237060547,26.799999237060547,26.799999237060547,26.799999237060547,3000,0.0,0.0
2024-11-14 02:35:00+00:00,26.799999237060547,26.799999237060547,26.799999237060547,26.799999237060547,7000,0.0,0.0
2024-11-14 02:40:00+00:00,26.799999237060547,26.799999237060547,26.799999237060547,26.799999237060547,4000,0.0,0.0
2024-11-14 02:45:00+00:00,26.850000381469727,26.850000381469727,26.75,26.75,15000,0.0,0.0
2024-11-14 02:50:00+00:00,26.799999237060547,26.799999237060547,26.75,26.799999237060547,4000,0.0,0.0
2024-11-14 02:55:00+00:00,26.799999237060547,26.799999237060547,26.799999237060547,26.799999237060547,3038,0.0,0.0
2024-11-14 03:00:00+00:00,26.75,26.75,26.75,26.75,5011,0.0,0.0
2024-11-14 03:05:00+00:00,26.75,26.75,26.75,26.75,3001,0.0,0.0
2024-11-14 03:15:00+00:00,26.75,26.75,26.75,26.75,5075,0.0,0.0
2024-11-14 03:20:00+00:00,26.799999237060547,26.799999237060547,26.75,26.75,4000,0.0,0.0
2024-11-14 03:25:00+00:00,26.799999237060547,26.799999237060547,26.75,26.75,5000,0.0,0.0
2024-11-14 03:30:00+00:00,26.75,26.75,26.700000762939453,26.700000762939453,9000,0.0,0.0
2024-11-14 03:35:00+00:00,26.700000762939453,26.75,26.700000762939453,26.75,13000,0.0,0.0
2024-11-14 03:40:00+00:00,26.75,26.75,26.75,26.75,3000,0.0,0.0
2024-11-14 03:45:00+00:00,26.75,26.75,26.75,26.75,2001,0.0,0.0
2024-11-14 03:50:00+00:00,26.700000762939453,26.75,26.700000762939453,26.700000762939453,20000,0.0,0.0
2024-11-14 03:55:00+00:00,26.700000762939453,26.700000762939453,26.700000762939453,26.700000762939453,2000,0.0,0.0
2024-11-14 04:00:00+00:00,26.700000762939453,26.700000762939453,26.700000762939453,26.700000762939453,3000,0.0,0.0
2024-11-14 04:05:00+00:00,26.700000762939453,26.700000762939453,26.649999618530273,26.649999618530273,24000,0.0,0.0
2024-11-14 04:10:00+00:00,26.649999618530273,26.649999618530273,26.649999618530273,26.649999618530273,11000,0.0,0.0
2024-11-14 04:15:00+00:00,26.700000762939453,26.700000762939453,26.700000762939453,26.700000762939453,12460,0.0,0.0
2024-11-14 04:20:00+00:00,26.75,26.75,26.75,26.75,2000,0.0,0.0
2024-11-14 04:25:00+00:00,26.75,26.75,26.75,26.75,5050,0.0,0.0
2024-11-14 04:30:00+00:00,26.75,26.75,26.75,26.75,3110,0.0,0.0
2024-11-14 04:35:00+00:00,26.75,26.75,26.75,26.75,6001,0.0,0.0
2024-11-14 04:40:00+00:00,26.799999237060547,26.799999237060547,26.75,26.75,5000,0.0,0.0
2024-11-14 04:45:00+00:00,26.75,26.799999237060547,26.75,26.799999237060547,2000,0.0,0.0
2024-11-14 04:50:00+00:00,26.75,26.799999237060547,26.75,26.799999237060547,8000,0.0,0.0
2024-11-14 04:55:00+00:00,26.799999237060547,26.799999237060547,26.799999237060547,26.799999237060547,14003,0.0,0.0
2024-11-14 05:05:00+00:00,26.75,26.799999237060547,26.75,26.799999237060547,2100,0.0,0.0
2024-11-14 05:10:00+00:00,26.75,26.799999237060547,26.75,26.799999237060547,3000,0.0,0.0
2024-11-14 05:15:00+00:00,26.799999237060547,26.799999237060547,26.799999237060547,26.799999237060547,4000,0.0,0.0
2024-11-14 05:20:00+00:00,26.799999237060547,26.799999237060547,26.799999237060547,26.799999237060547,5725,0.0,0.0
2024-11-15 01:00:00+00:00,26.899999618530273,27.149999618530273,26.899999618530273,27.049999237060547,0,0.0,0.0
2024-11-15 01:05:00+00:00,27.100000381469727,27.100000381469727,27.049999237060547,27.100000381469727,20001,0.0,0.0
2024-11-15 01:10:00+00:00,27.100000381469727,27.200000762939453,27.100000381469727,27.200000762939453,65000,0.0,0.0
2024-11-15 01:15:00+00:00,27.200000762939453,27.200000762939453,27.149999618530273,27.200000762939453,16006,0.0,0.0
2024-11-15 01:20:00+00:00,27.149999618530273,27.149999618530273,27.149999618530273,27.149999618530273,2000,0.0,0.0
2024-11-15 01:25:00+00:00,27.149999618530273,27.200000762939453,27.149999618530273,27.200000762939453,10895,0.0,0.0
2024-11-15 01:30:00+00:00,27.149999618530273,27.149999618530273,27.149999618530273,27.149999618530273,3000,0.0,0.0
2024-11-15 01:35:00+00:00,27.200000762939453,27.200000762939453,27.100000381469727,27.100000381469727,38041,0.0,0.0
2024-11-15 01:40:00+00:00,27.149999618530273,27.149999618530273,27.149999618530273,27.149999618530273,9004,0.0,0.0
2024-11-15 01:45:00+00:00,27.149999618530273,27.149999618530273,27.149999618530273,27.149999618530273,5050,0.0,0.0
2024-11-15 01:50:00+00:00,27.100000381469727,27.100000381469727,27.049999237060547,27.049999237060547,15495,0.0,0.0
2024-11-15 01:55:00+00:00,27.100000381469727,27.100000381469727,27.100000381469727,27.100000381469727,2353,0.0,0.0
2024-11-15 02:00:00+00:00,27.100000381469727,27.149999618530273,27.100000381469727,27.100000381469727,7000,0.0,0.0
2024-11-15 02:05:00+00:00,27.100000381469727,27.100000381469727,27.100000381469727,27.100000381469727,1000,0.0,0.0
2024-11-15 02:10:00+00:00,27.100000381469727,27.100000381469727,27.100000381469727,27.100000381469727,3000,0.0,0.0
2024-11-15 02:15:00+00:00,27.100000381469727,27.100000381469727,27.100000381469727,27.100000381469727,6000,0.0,0.0
2024-11-15 02:20:00+00:00,27.149999618530273,27.149999618530273,27.100000381469727,27.100000381469727,8016,0.0,0.0
2024-11-15 02:25:00+00:00,27.100000381469727,27.100000381469727,27.049999237060547,27.049999237060547,6000,0.0,0.0
2024-11-15 02:30:00+00:00,27.100000381469727,27.100000381469727,27.100000381469727,27.100000381469727,1000,0.0,0.0
2024-11-15 02:35:00+00:00,27.100000381469727,27.100000381469727,27.049999237060547,27.100000381469727,4002,0.0,0.0
2024-11-15 02:40:00+00:00,27.049999237060547,27.049999237060547,27.049999237060547,27.049999237060547,1246,0.0,0.0
2024-11-15 02:45:00+00:00,27.049999237060547,27.100000381469727,27.049999237060547,27.100000381469727,3002,0.0,0.0
2024-11-15 02:50:00+00:00,27.049999237060547,27.049999237060547,27.049999237060547,27.049999237060547,2000,0.0,0.0
2024-11-15 02:55:00+00:00,27.0,27.049999237060547,27.0,27.049999237060547,4000,0.0,0.0
2024-11-15 03:00:00+00:00,27.100000381469727,27.100000381469727,27.049999237060547,27.049999237060547,7000,0.0,0.0
2024-11-15 03:05:00+00:00,27.049999237060547,27.049999237060547,27.049999237060547,27.049999237060547,6000,0.0,0.0
2024-11-15 03:10:00+00:00,27.100000381469727,27.100000381469727,27.100000381469727,27.100000381469727,2000,0.0,0.0
2024-11-15 03:15:00+00:00,27.100000381469727,27.100000381469727,27.100000381469727,27.100000381469727,1000,0.0,0.0
2024-11-15 03:20:00+00:00,27.100000381469727,27.100000381469727,27.100000381469727,27.100000381469727,1000,0.0,0.0
2024-11-15 03:25:00+00:00,27.100000381469727,27.149999618530273,27.100000381469727,27.149999618530273,7023,0.0,0.0
2024-11-15 03:30:00+00:00,27.100000381469727,27.149999618530273,27.100000381469727,27.100000381469727,3000,0.0,0.0
2024-11-15 03:35:00+00:00,27.149999618530273,27.149999618530273,27.149999618530273,27.149999618530273,2000,0.0,0.0
2024-11-15 03:40:00+00:00,27.100000381469727,27.149999618530273,27.100000381469727,27.149999618530273,3000,0.0,0.0
2024-11-15 03:45:00+00:00,27.100000381469727,27.149999618530273,27.100000381469727,27.149999618530273,6000,0.0,0.0
2024-11-15 03:50:00+00:00,27.149999618530273,27.149999618530273,27.149999618530273,27.149999618530273,4000,0.0,0.0
2024-11-15 03:55:00+00:00,27.100000381469727,27.149999618530273,27.100000381469727,27.149999618530273,3000,0.0,0.0
2024-11-15 04:00:00+00:00,27.100000381469727,27.100000381469727,27.049999237060547,27.049999237060547,3033,0.0,0.0
2024-11-15 04:05:00+00:00,27.100000381469727,27.100000381469727,27.100000381469727,27.100000381469727,2000,0.0,0.0
2024-11-15 04:10:00+00:00,27.100000381469727,27.100000381469727,27.100000381469727,27.100000381469727,1003,0.0,0.0
2024-11-15 04:15:00+00:00,27.049999237060547,27.100000381469727,27.049999237060547,27.100000381469727,3004,0.0,0.0
2024-11-15 04:20:00+00:00,27.049999237060547,27.100000381469727,27.049999237060547,27.100000381469727,8000,0.0,0.0
2024-11-15 04:25:00+00:00,27.100000381469727,27.100000381469727,27.100000381469727,27.100000381469727,1063,0.0,0.0
2024-11-15 04:30:00+00:00,27.100000381469727,27.100000381469727,27.100000381469727,27.100000381469727,2000,0.0,0.0
2024-11-15 04:35:00+00:00,27.100000381469727,27.100000381469727,27.049999237060547,27.049999237060547,3000,0.0,0.0
2024-11-15 04:40:00+00:00,27.100000381469727,27.100000381469727,27.100000381469727,27.100000381469727,8010,0.0,0.0
2024-11-15 04:45:00+00:00,27.100000381469727,27.100000381469727,27.049999237060547,27.049999237060547,3002,0.0,0.0
2024-11-15 04:50:00+00:00,27.049999237060547,27.049999237060547,27.0,27.0,30000,0.0,0.0
2024-11-15 04:55:00+00:00,27.0,27.0,27.0,27.0,7015,0.0,0.0
2024-11-15 05:00:00+00:00,27.0,27.0,27.0,27.0,1003,0.0,0.0
2024-11-15 05:05:00+00:00,27.049999237060547,27.049999237060547,27.0,27.0,2000,0.0,0.0
2024-11-15 05:10:00+00:00,27.049999237060547,27.049999237060547,27.049999237060547,27.049999237060547,2000,0.0,0.0
2024-11-15 05:15:00+00:00,27.049999237060547,27.049999237060547,27.049999237060547,27.049999237060547,1000,0.0,0.0
2024-11-15 05:20:00+00:00,27.049999237060547,27.049999237060547,27.0,27.0,6314,0.0,0.0
2024-11-18 01:00:00+00:00,27.0,27.049999237060547,26.950000762939453,26.950000762939453,0,0.0,0.0
2024-11-18 01:05:00+00:00,26.950000762939453,27.0,26.899999618530273,26.899999618530273,8002,0.0,0.0
2024-11-18 01:15:00+00:00,26.899999618530273,27.0,26.899999618530273,27.0,4000,0.0,0.0
2024-11-18 01:20:00+00:00,26.950000762939453,26.950000762939453,26.950000762939453,26.950000762939453,1000,0.0,0.0
2024-11-18 01:30:00+00:00,26.950000762939453,26.950000762939453,26.950000762939453,26.950000762939453,2000,0.0,0.0
2024-11-18 01:35:00+00:00,27.0,27.0,27.0,27.0,2000,0.0,0.0
2024-11-18 01:40:00+00:00,27.0,27.0,26.950000762939453,27.0,11000,0.0,0.0
2024-11-18 01:45:00+00:00,27.0,27.0,27.0,27.0,4000,0.0,0.0
2024-11-18 01:50:00+00:00,27.0,27.0,26.899999618530273,26.899999618530273,7200,0.0,0.0
2024-11-18 02:00:00+00:00,27.0,27.0,26.950000762939453,26.950000762939453,2043,0.0,0.0
2024-11-18 02:10:00+00:00,26.950000762939453,26.950000762939453,26.950000762939453,26.950000762939453,10000,0.0,0.0
2024-11-18 02:15:00+00:00,26.950000762939453,26.950000762939453,26.950000762939453,26.950000762939453,2000,0.0,0.0
2024-11-18 02:25:00+00:00,27.0,27.0,27.0,27.0,21100,0.0,0.0
2024-11-18 02:30:00+00:00,27.0,27.0,27.0,27.0,2000,0.0,0.0
2024-11-18 02:35:00+00:00,27.049999237060547,27.049999237060547,27.0,27.0,8000,0.0,0.0
2024-11-18 02:45:00+00:00,27.049999237060547,27.049999237060547,27.049999237060547,27.049999237060547,1000,0.0,0.0
2024-11-18 02:50:00+00:00,27.0,27.0,27.0,27.0,1000,0.0,0.0
2024-11-18 02:55:00+00:00,27.0,27.049999237060547,27.0,27.0,4143,0.0,0.0
2024-11-18 03:05:00+00:00,27.0,27.0,27.0,27.0,2000,0.0,0.0
2024-11-18 03:10:00+00:00,27.049999237060547,27.049999237060547,27.049999237060547,27.049999237060547,3001,0.0,0.0
2024-11-18 03:15:00+00:00,27.0,27.0,27.0,27.0,6000,0.0,0.0
2024-11-18 03:20:00+00:00,27.049999237060547,27.049999237060547,27.049999237060547,27.049999237060547,1000,0.0,0.0
2024-11-18 03:25:00+00:00,27.0,27.0,27.0,27.0,1000,0.0,0.0
2024-11-18 03:30:00+00:00,27.049999237060547,27.049999237060547,27.049999237060547,27.049999237060547,1003,0.0,0.0
2024-11-18 03:40:00+00:00,27.049999237060547,27.049999237060547,27.049999237060547,27.049999237060547,1000,0.0,0.0
2024-11-18 03:45:00+00:00,27.0,27.049999237060547,27.0,27.049999237060547,10001,0.0,0.0
2024-11-18 03:50:00+00:00,27.049999237060547,27.049999237060547,27.049999237060547,27.049999237060547,2000,0.0,0.0
2024-11-18 03:55:00+00:00,27.049999237060547,27.049999237060547,27.049999237060547,27.049999237060547,1001,0.0,0.0
2024-11-18 04:00:00+00:00,27.049999237060547,27.049999237060547,27.049999237060547,27.049999237060547,1000,0.0,0.0
2024-11-18 04:05:00+00:00,27.049999237060547,27.049999237060547,27.049999237060547,27.049999237060547,2000,0.0,0.0
2024-11-18 04:15:00+00:00,27.0,27.049999237060547,27.0,27.0,3000,0.0,0.0
2024-11-18 04:20:00+00:00,27.049999237060547,27.049999237060547,27.0,27.0,3000,0.0,0.0
2024-11-18 04:25:00+00:00,27.0,27.049999237060547,27.0,27.049999237060547,3000,0.0,0.0
2024-11-18 04:30:00+00:00,27.049999237060547,27.049999237060547,27.049999237060547,27.049999237060547,1015,0.0,0.0
2024-11-18 04:35:00+00:00,27.0,27.0,27.0,27.0,3000,0.0,0.0
2024-11-18 04:40:00+00:00,27.049999237060547,27.049999237060547,27.049999237060547,27.049999237060547,3000,0.0,0.0
2024-11-18 04:45:00+00:00,27.049999237060547,27.049999237060547,27.049999237060547,27.049999237060547,5000,0.0,0.0
2024-11-18 04:50:00+00:00,27.049999237060547,27.049999237060547,27.049999237060547,27.049999237060547,1000,0.0,0.0
2024-11-18 04:55:00+00:00,27.049999237060547,27.049999237060547,27.049999237060547,27.049999237060547,3000,0.0,0.0
2024-11-18 05:00:00+00:00,27.049999237060547,27.049999237060547,27.049999237060547,27.049999237060547,2000,0.0,0.0
2024-11-18 05:05:00+00:00,27.049999237060547,27.049999237060547,27.049999237060547,27.049999237060547,14040,0.0,0.0
2024-11-18 05:10:00+00:00,27.049999237060547,27.049999237060547,27.049999237060547,27.049999237060547,4000,0.0,0.0
2024-11-18 05:15:00+00:00,27.049999237060547,27.100000381469727,27.0,27.100000381469727,3000,0.0,0.0
2024-11-18 05:20:00+00:00,27.100000381469727,27.100000381469727,27.049999237060547,27.049999237060547,6895,0.0,0.0
2024-11-19 01:00:00+00:00,26.950000762939453,27.100000381469727,26.950000762939453,27.100000381469727,0,0.0,0.0
2024-11-19 01:05:00+00:00,27.100000381469727,27.149999618530273,27.100000381469727,27.149999618530273,7345,0.0,0.0
2024-11-19 01:10:00+00:00,27.200000762939453,27.200000762939453,27.100000381469727,27.100000381469727,17000,0.0,0.0
2024-11-19 01:15:00+00:00,27.100000381469727,27.100000381469727,27.100000381469727,27.100000381469727,3000,0.0,0.0
2024-11-19 01:20:00+00:00,27.100000381469727,27.100000381469727,27.049999237060547,27.049999237060547,5001,0.0,0.0
2024-11-19 01:30:00+00:00,27.049999237060547,27.100000381469727,27.049999237060547,27.100000381469727,6000,0.0,0.0
2024-11-19 01:35:00+00:00,27.100000381469727,27.100000381469727,27.100000381469727,27.100000381469727,1040,0.0,0.0
2024-11-19 01:40:00+00:00,27.049999237060547,27.049999237060547,27.049999237060547,27.049999237060547,1000,0.0,0.0
2024-11-19 01:45:00+00:00,27.0,27.0,27.0,27.0,14000,0.0,0.0
2024-11-19 01:50:00+00:00,27.0,27.0,27.0,27.0,6000,0.0,0.0
2024-11-19 01:55:00+00:00,27.0,27.049999237060547,27.0,27.049999237060547,8000,0.0,0.0
2024-11-19 02:00:00+00:00,27.0,27.049999237060547,27.0,27.049999237060547,17031,0.0,0.0
2024-11-19 02:05:00+00:00,27.049999237060547,27.049999237060547,27.0,27.0,4001,0.0,0.0
2024-11-19 02:10:00+00:00,27.0,27.0,27.0,27.0,1099,0.0,0.0
2024-11-19 02:20:00+00:00,27.049999237060547,27.049999237060547,27.049999237060547,27.049999237060547,3000,0.0,0.0
2024-11-19 02:35:00+00:00,27.100000381469727,27.100000381469727,27.049999237060547,27.049999237060547,4001,0.0,0.0
2024-11-19 02:40:00+00:00,27.049999237060547,27.100000381469727,27.049999237060547,27.100000381469727,3000,0.0,0.0
2024-11-19 02:45:00+00:00,27.100000381469727,27.100000381469727,27.100000381469727,27.100000381469727,1100,0.0,0.0
2024-11-19 02:50:00+00:00,27.100000381469727,27.100000381469727,27.100000381469727,27.100000381469727,1000,0.0,0.0
2024-11-19 02:55:00+00:00,27.100000381469727,27.100000381469727,27.100000381469727,27.100000381469727,2000,0.0,0.0
2024-11-19 03:10:00+00:00,27.049999237060547,27.100000381469727,27.049999237060547,27.100000381469727,3000,0.0,0.0
2024-11-19 03:20:00+00:00,27.100000381469727,27.100000381469727,27.100000381469727,27.100000381469727,19000,0.0,0.0
2024-11-19 03:25:00+00:00,27.149999618530273,27.149999618530273,27.149999618530273,27.149999618530273,1000,0.0,0.0
2024-11-19 03:30:00+00:00,27.149999618530273,27.25,27.149999618530273,27.25,34000,0.0,0.0
2024-11-19 03:35:00+00:00,27.25,27.25,27.200000762939453,27.200000762939453,4000,0.0,0.0
2024-11-19 03:40:00+00:00,27.200000762939453,27.200000762939453,27.200000762939453,27.200000762939453,5000,0.0,0.0
2024-11-19 03:45:00+00:00,27.149999618530273,27.149999618530273,27.149999618530273,27.149999618530273,1000,0.0,0.0
2024-11-19 03:50:00+00:00,27.149999618530273,27.149999618530273,27.100000381469727,27.100000381469727,13000,0.0,0.0
2024-11-19 03:55:00+00:00,27.100000381469727,27.100000381469727,27.100000381469727,27.100000381469727,7000,0.0,0.0
2024-11-19 04:00:00+00:00,27.149999618530273,27.149999618530273,27.149999618530273,27.149999618530273,2000,0.0,0.0
2024-11-19 04:05:00+00:00,27.200000762939453,27.200000762939453,27.149999618530273,27.149999618530273,12000,0.0,0.0
2024-11-19 04:10:00+00:00,27.100000381469727,27.100000381469727,27.100000381469727,27.100000381469727,4000,0.0,0.0
2024-11-19 04:15:00+00:00,27.049999237060547,27.049999237060547,27.049999237060547,27.049999237060547,2000,0.0,0.0
2024-11-19 04:20:00+00:00,27.049999237060547,27.049999237060547,27.049999237060547,27.049999237060547,2000,0.0,0.0
2024-11-19 04:25:00+00:00,27.049999237060547,27.049999237060547,27.049999237060547,27.049999237060547,1000,0.0,0.0
2024-11-19 04:30:00+00:00,27.100000381469727,27.100000381469727,27.100000381469727,27.100000381469727,1000,0.0,0.0
2024-11-19 04:35:00+00:00,27.049999237060547,27.100000381469727,27.049999237060547,27.100000381469727,3000,0.0,0.0
2024-11-19 04:40:00+00:00,27.049999237060547,27.100000381469727,27.049999237060547,27.100000381469727,3000,0.0,0.0
2024-11-19 04:45:00+00:00,27.100000381469727,27.100000381469727,27.049999237060547,27.049999237060547,3000,0.0,0.0
2024-11-19 04:50:00+00:00,27.100000381469727,27.100000381469727,27.049999237060547,27.100000381469727,39000,0.0,0.0
2024-11-19 04:55:00+00:00,27.100000381469727,27.149999618530273,27.100000381469727,27.100000381469727,7000,0.0,0.0
2024-11-19 05:00:00+00:00,27.149999618530273,27.149999618530273,27.149999618530273,27.149999618530273,1000,0.0,0.0
2024-11-19 05:05:00+00:00,27.149999618530273,27.149999618530273,27.049999237060547,27.049999237060547,7050,0.0,0.0
2024-11-19 05:10:00+00:00,27.049999237060547,27.100000381469727,27.049999237060547,27.100000381469727,3000,0.0,0.0
2024-11-19 05:15:00+00:00,27.100000381469727,27.149999618530273,27.100000381469727,27.149999618530273,15001,0.0,0.0
2024-11-19 05:20:00+00:00,27.149999618530273,27.149999618530273,27.100000381469727,27.100000381469727,4938,0.0,0.0
2024-11-20 01:00:00+00:00,27.149999618530273,27.25,27.149999618530273,27.25,0,0.0,0.0
2024-11-20 01:05:00+00:00,27.200000762939453,27.200000762939453,27.149999618530273,27.149999618530273,3006,0.0,0.0
2024-11-20 01:10:00+00:00,27.149999618530273,27.200000762939453,27.149999618530273,27.200000762939453,4000,0.0,0.0
2024-11-20 01:20:00+00:00,27.200000762939453,27.200000762939453,27.149999618530273,27.149999618530273,4000,0.0,0.0
2024-11-20 01:25:00+00:00,27.149999618530273,27.149999618530273,27.100000381469727,27.100000381469727,12000,0.0,0.0
2024-11-20 01:35:00+00:00,27.100000381469727,27.149999618530273,27.100000381469727,27.149999618530273,2000,0.0,0.0
2024-11-20 01:40:00+00:00,27.200000762939453,27.200000762939453,27.200000762939453,27.200000762939453,1000,0.0,0.0
2024-11-20 01:50:00+00:00,27.200000762939453,27.200000762939453,27.200000762939453,27.200000762939453,2038,0.0,0.0
2024-11-20 02:00:00+00:00,27.200000762939453,27.200000762939453,27.200000762939453,27.200000762939453,3000,0.0,0.0
2024-11-20 02:05:00+00:00,27.200000762939453,27.200000762939453,27.200000762939453,27.200000762939453,2002,0.0,0.0
2024-11-20 02:15:00+00:00,27.149999618530273,27.200000762939453,27.149999618530273,27.200000762939453,6000,0.0,0.0
2024-11-20 02:20:00+00:00,27.200000762939453,27.350000381469727,27.200000762939453,27.299999237060547,67000,0.0,0.0
2024-11-20 02:25:00+00:00,27.299999237060547,27.299999237060547,27.299999237060547,27.299999237060547,6000,0.0,0.0
2024-11-20 02:30:00+00:00,27.299999237060547,27.450000762939453,27.299999237060547,27.450000762939453,86000,0.0,0.0
2024-11-20 02:35:00+00:00,27.450000762939453,27.5,27.450000762939453,27.5,22000,0.0,0.0
2024-11-20 02:40:00+00:00,27.5,27.549999237060547,27.5,27.5,6452,0.0,0.0
2024-11-20 02:45:00+00:00,27.5,27.549999237060547,27.5,27.5,5049,0.0,0.0
2024-11-20 02:50:00+00:00,27.5,27.5,27.5,27.5,3000,0.0,0.0
2024-11-20 02:55:00+00:00,27.5,27.5,27.450000762939453,27.450000762939453,7045,0.0,0.0
2024-11-20 03:00:00+00:00,27.450000762939453,27.450000762939453,27.450000762939453,27.450000762939453,9001,0.0,0.0
2024-11-20 03:10:00+00:00,27.450000762939453,27.450000762939453,27.450000762939453,27.450000762939453,3001,0.0,0.0
2024-11-20 03:15:00+00:00,27.399999618530273,27.399999618530273,27.350000381469727,27.350000381469727,7000,0.0,0.0
2024-11-20 03:25:00+00:00,27.399999618530273,27.399999618530273,27.399999618530273,27.399999618530273,8099,0.0,0.0
2024-11-20 03:30:00+00:00,27.399999618530273,27.399999618530273,27.399999618530273,27.399999618530273,2000,0.0,0.0
2024-11-20 03:35:00+00:00,27.399999618530273,27.399999618530273,27.399999618530273,27.399999618530273,3000,0.0,0.0
2024-11-20 03:40:00+00:00,27.399999618530273,27.399999618530273,27.399999618530273,27.399999618530273,6000,0.0,0.0
2024-11-20 03:45:00+00:00,27.399999618530273,27.399999618530273,27.399999618530273,27.399999618530273,1000,0.0,0.0
2024-11-20 03:50:00+00:00,27.399999618530273,27.399999618530273,27.399999618530273,27.399999618530273,1000,0.0,0.0
2024-11-20 03:55:00+00:00,27.399999618530273,27.399999618530273,27.399999618530273,27.399999618530273,12000,0.0,0.0
2024-11-20 04:00:00+00:00,27.399999618530273,27.399999618530273,27.399999618530273,27.399999618530273,1025,0.0,0.0
2024-11-20 04:05:00+00:00,27.399999618530273,27.399999618530273,27.399999618530273,27.399999618530273,2000,0.0,0.0
2024-11-20 04:10:00+00:00,27.399999618530273,27.399999618530273,27.399999618530273,27.399999618530273,3000,0.0,0.0
2024-11-20 04:25:00+00:00,27.399999618530273,27.399999618530273,27.350000381469727,27.350000381469727,17050,0.0,0.0
2024-11-20 04:30:00+00:00,27.399999618530273,27.399999618530273,27.399999618530273,27.399999618530273,3050,0.0,0.0
2024-11-20 04:35:00+00:00,27.350000381469727,27.350000381469727,27.299999237060547,27.299999237060547,13005,0.0,0.0
2024-11-20 04:40:00+00:00,27.299999237060547,27.350000381469727,27.299999237060547,27.350000381469727,4000,0.0,0.0
2024-11-20 04:45:00+00:00,27.350000381469727,27.350000381469727,27.299999237060547,27.299999237060547,30200,0.0,0.0
2024-11-20 04:50:00+00:00,27.299999237060547,27.299999237060547,27.299999237060547,27.299999237060547,1000,0.0,0.0
2024-11-20 04:55:00+00:00,27.299999237060547,27.299999237060547,27.299999237060547,27.299999237060547,1004,0.0,0.0
2024-11-20 05:00:00+00:00,27.299999237060547,27.299999237060547,27.25,27.299999237060547,6108,0.0,0.0
2024-11-20 05:05:00+00:00,27.299999237060547,27.299999237060547,27.299999237060547,27.299999237060547,5165,0.0,0.0
2024-11-20 05:10:00+00:00,27.299999237060547,27.299999237060547,27.299999237060547,27.299999237060547,2093,0.0,0.0
2024-11-20 05:15:00+00:00,27.299999237060547,27.299999237060547,27.299999237060547,27.299999237060547,2000,0.0,0.0
2024-11-20 05:20:00+00:00,27.25,27.350000381469727,27.25,27.350000381469727,9761,0.0,0.0
2024-11-21 01:00:00+00:00,27.5,27.5,27.299999237060547,27.399999618530273,0,0.0,0.0
2024-11-21 01:05:00+00:00,27.399999618530273,27.399999618530273,27.299999237060547,27.299999237060547,5021,0.0,0.0
2024-11-21 01:10:00+00:00,27.299999237060547,27.299999237060547,27.25,27.25,6050,0.0,0.0
2024-11-21 01:15:00+00:00,27.25,27.25,27.25,27.25,2000,0.0,0.0
2024-11-21 01:20:00+00:00,27.299999237060547,27.299999237060547,27.25,27.25,5000,0.0,0.0
2024-11-21 01:25:00+00:00,27.299999237060547,27.299999237060547,27.25,27.25,19200,0.0,0.0
2024-11-21 01:30:00+00:00,27.25,27.25,27.25,27.25,8011,0.0,0.0
2024-11-21 01:35:00+00:00,27.200000762939453,27.200000762939453,27.200000762939453,27.200000762939453,10000,0.0,0.0
2024-11-21 01:40:00+00:00,27.149999618530273,27.149999618530273,27.149999618530273,27.149999618530273,1000,0.0,0.0
2024-11-21 01:45:00+00:00,27.149999618530273,27.200000762939453,27.149999618530273,27.200000762939453,8003,0.0,0.0
2024-11-21 01:50:00+00:00,27.200000762939453,27.200000762939453,27.200000762939453,27.200000762939453,1023,0.0,0.0
2024-11-21 01:55:00+00:00,27.200000762939453,27.200000762939453,27.200000762939453,27.200000762939453,5000,0.0,0.0
2024-11-21 02:00:00+00:00,27.149999618530273,27.149999618530273,27.149999618530273,27.149999618530273,2001,0.0,0.0
2024-11-21 02:05:00+00:00,27.149999618530273,27.149999618530273,27.149999618530273,27.149999618530273,3000,0.0,0.0
2024-11-21 02:10:00+00:00,27.149999618530273,27.149999618530273,27.149999618530273,27.149999618530273,1000,0.0,0.0
2024-11-21 02:15:00+00:00,27.149999618530273,27.149999618530273,27.149999618530273,27.149999618530273,1020,0.0,0.0
2024-11-21 02:20:00+00:00,27.149999618530273,27.149999618530273,27.149999618530273,27.149999618530273,4184,0.0,0.0
2024-11-21 02:25:00+00:00,27.149999618530273,27.149999618530273,27.149999618530273,27.149999618530273,5165,0.0,0.0
2024-11-21 02:30:00+00:00,27.200000762939453,27.200000762939453,27.200000762939453,27.200000762939453,6018,0.0,0.0
2024-11-21 02:35:00+00:00,27.200000762939453,27.200000762939453,27.200000762939453,27.200000762939453,2000,0.0,0.0
2024-11-21 02:40:00+00:00,27.149999618530273,27.149999618530273,27.149999618530273,27.149999618530273,30000,0.0,0.0
2024-11-21 02:50:00+00:00,27.149999618530273,27.149999618530273,27.100000381469727,27.100000381469727,2000,0.0,0.0
2024-11-21 03:00:00+00:00,27.100000381469727,27.200000762939453,27.100000381469727,27.200000762939453,4018,0.0,0.0
2024-11-21 03:05:00+00:00,27.200000762939453,27.200000762939453,27.149999618530273,27.149999618530273,3485,0.0,0.0
2024-11-21 03:15:00+00:00,27.149999618530273,27.200000762939453,27.149999618530273,27.200000762939453,3000,0.0,0.0
2024-11-21 03:20:00+00:00,27.200000762939453,27.200000762939453,27.200000762939453,27.200000762939453,5000,0.0,0.0
2024-11-21 03:30:00+00:00,27.200000762939453,27.200000762939453,27.200000762939453,27.200000762939453,1000,0.0,0.0
2024-11-21 03:35:00+00:00,27.200000762939453,27.200000762939453,27.200000762939453,27.200000762939453,7001,0.0,0.0
2024-11-21 03:40:00+00:00,27.200000762939453,27.299999237060547,27.200000762939453,27.299999237060547,11000,0.0,0.0
2024-11-21 03:50:00+00:00,27.25,27.25,27.25,27.25,3000,0.0,0.0
2024-11-21 04:00:00+00:00,27.25,27.25,27.25,27.25,1002,0.0,0.0
2024-11-21 04:05:00+00:00,27.200000762939453,27.200000762939453,27.149999618530273,27.149999618530273,3166,0.0,0.0
2024-11-21 04:25:00+00:00,27.149999618530273,27.149999618530273,27.149999618530273,27.149999618530273,1000,0.0,0.0
2024-11-21 04:30:00+00:00,27.200000762939453,27.200000762939453,27.200000762939453,27.200000762939453,2000,0.0,0.0
2024-11-21 04:35:00+00:00,27.200000762939453,27.200000762939453,27.200000762939453,27.200000762939453,5001,0.0,0.0
2024-11-21 04:40:00+00:00,27.200000762939453,27.200000762939453,27.200000762939453,27.200000762939453,2000,0.0,0.0
2024-11-21 04:45:00+00:00,27.200000762939453,27.200000762939453,27.200000762939453,27.200000762939453,1000,0.0,0.0
2024-11-21 04:50:00+00:00,27.200000762939453,27.200000762939453,27.200000762939453,27.200000762939453,3000,0.0,0.0
2024-11-21 04:55:00+00:00,27.200000762939453,27.200000762939453,27.200000762939453,27.200000762939453,1000,0.0,0.0
2024-11-21 05:00:00+00:00,27.200000762939453,27.25,27.200000762939453,27.200000762939453,4015,0.0,0.0
2024-11-21 05:05:00+00:00,27.25,27.25,27.25,27.25,2150,0.0,0.0
2024-11-21 05:10:00+00:00,27.25,27.25,27.200000762939453,27.200000762939453,4000,0.0,0.0
2024-11-21 05:15:00+00:00,27.149999618530273,27.200000762939453,27.149999618530273,27.149999618530273,4100,0.0,0.0
2024-11-21 05:20:00+00:00,27.299999237060547,27.299999237060547,27.149999618530273,27.149999618530273,6565,0.0,0.0
2024-11-22 01:00:00+00:00,27.299999237060547,27.299999237060547,27.25,27.25,0,0.0,0.0
2024-11-22 01:05:00+00:00,27.25,27.25,27.25,27.25,10000,0.0,0.0
2024-11-22 01:10:00+00:00,27.25,27.25,27.25,27.25,1000,0.0,0.0
2024-11-22 01:15:00+00:00,27.200000762939453,27.25,27.149999618530273,27.25,16000,0.0,0.0
2024-11-22 01:20:00+00:00,27.350000381469727,27.350000381469727,27.350000381469727,27.350000381469727,8000,0.0,0.0
2024-11-22 01:25:00+00:00,27.350000381469727,27.350000381469727,27.299999237060547,27.299999237060547,9000,0.0,0.0
2024-11-22 01:35:00+00:00,27.25,27.399999618530273,27.25,27.399999618530273,15000,0.0,0.0
2024-11-22 01:40:00+00:00,27.399999618530273,27.399999618530273,27.399999618530273,27.399999618530273,6000,0.0,0.0
2024-11-22 01:45:00+00:00,27.399999618530273,27.399999618530273,27.399999618530273,27.399999618530273,7050,0.0,0.0
2024-11-22 01:50:00+00:00,27.399999618530273,27.399999618530273,27.350000381469727,27.399999618530273,11000,0.0,0.0
2024-11-22 01:55:00+00:00,27.399999618530273,27.399999618530273,27.350000381469727,27.350000381469727,22133,0.0,0.0
2024-11-22 02:05:00+00:00,27.350000381469727,27.350000381469727,27.350000381469727,27.350000381469727,1000,0.0,0.0
2024-11-22 02:10:00+00:00,27.350000381469727,27.399999618530273,27.350000381469727,27.399999618530273,2000,0.0,0.0
2024-11-22 02:20:00+00:00,27.350000381469727,27.350000381469727,27.350000381469727,27.350000381469727,2030,0.0,0.0
2024-11-22 02:40:00+00:00,27.350000381469727,27.350000381469727,27.299999237060547,27.299999237060547,6000,0.0,0.0
2024-11-22 02:45:00+00:00,27.299999237060547,27.299999237060547,27.25,27.299999237060547,21000,0.0,0.0
2024-11-22 02:50:00+00:00,27.299999237060547,27.350000381469727,27.299999237060547,27.350000381469727,6002,0.0,0.0
2024-11-22 02:55:00+00:00,27.299999237060547,27.299999237060547,27.299999237060547,27.299999237060547,1000,0.0,0.0
2024-11-22 03:00:00+00:00,27.350000381469727,27.350000381469727,27.350000381469727,27.350000381469727,1000,0.0,0.0
2024-11-22 03:30:00+00:00,27.350000381469727,27.350000381469727,27.350000381469727,27.350000381469727,1020,0.0,0.0
2024-11-22 03:40:00+00:00,27.299999237060547,27.299999237060547,27.299999237060547,27.299999237060547,17001,0.0,0.0
2024-11-22 03:50:00+00:00,27.299999237060547,27.299999237060547,27.299999237060547,27.299999237060547,5000,0.0,0.0
2024-11-22 03:55:00+00:00,27.25,27.25,27.25,27.25,2006,0.0,0.0
2024-11-22 04:15:00+00:00,27.25,27.25,27.25,27.25,13010,0.0,0.0
2024-11-22 04:20:00+00:00,27.25,27.25,27.25,27.25,1566,0.0,0.0
2024-11-22 04:35:00+00:00,27.25,27.25,27.25,27.25,2000,0.0,0.0
2024-11-22 04:40:00+00:00,27.200000762939453,27.200000762939453,27.200000762939453,27.200000762939453,3000,0.0,0.0
2024-11-22 04:45:00+00:00,27.25,27.25,27.25,27.25,3000,0.0,0.0
2024-11-22 04:50:00+00:00,27.25,27.299999237060547,27.200000762939453,27.200000762939453,3000,0.0,0.0
2024-11-22 05:00:00+00:00,27.200000762939453,27.200000762939453,27.200000762939453,27.200000762939453,4000,0.0,0.0
2024-11-22 05:05:00+00:00,27.200000762939453,27.25,27.200000762939453,27.200000762939453,4000,0.0,0.0
2024-11-22 05:15:00+00:00,27.200000762939453,27.200000762939453,27.200000762939453,27.200000762939453,3040,0.0,0.0
2024-11-22 05:20:00+00:00,27.200000762939453,27.200000762939453,27.149999618530273,27.149999618530273,5695,0.0,0.0
2024-11-25 01:00:00+00:00,27.200000762939453,27.649999618530273,27.200000762939453,27.600000381469727,0,0.0,0.0
2024-11-25 01:05:00+00:00,27.600000381469727,27.600000381469727,27.600000381469727,27.600000381469727,1704,0.0,0.0
2024-11-25 01:10:00+00:00,27.600000381469727,27.600000381469727,27.5,27.600000381469727,40000,0.0,0.0
2024-11-25 01:15:00+00:00,27.5,27.5,27.5,27.5,4000,0.0,0.0
2024-11-25 01:20:00+00:00,27.450000762939453,27.450000762939453,27.450000762939453,27.450000762939453,3000,0.0,0.0
2024-11-25 01:25:00+00:00,27.450000762939453,27.450000762939453,27.399999618530273,27.399999618530273,14042,0.0,0.0
2024-11-25 01:30:00+00:00,27.5,27.549999237060547,27.5,27.549999237060547,10000,0.0,0.0
2024-11-25 01:35:00+00:00,27.549999237060547,27.549999237060547,27.549999237060547,27.549999237060547,2000,0.0,0.0
2024-11-25 01:40:00+00:00,27.549999237060547,27.549999237060547,27.5,27.5,22010,0.0,0.0
2024-11-25 01:50:00+00:00,27.450000762939453,27.450000762939453,27.399999618530273,27.399999618530273,13000,0.0,0.0
2024-11-25 01:55:00+00:00,27.399999618530273,27.399999618530273,27.350000381469727,27.350000381469727,3000,0.0,0.0
2024-11-25 02:00:00+00:00,27.399999618530273,27.399999618530273,27.399999618530273,27.399999618530273,1000,0.0,0.0
2024-11-25 02:05:00+00:00,27.399999618530273,27.399999618530273,27.399999618530273,27.399999618530273,2000,0.0,0.0
2024-11-25 02:10:00+00:00,27.399999618530273,27.399999618530273,27.399999618530273,27.399999618530273,1000,0.0,0.0
2024-11-25 02:15:00+00:00,27.450000762939453,27.450000762939453,27.450000762939453,27.450000762939453,15021,0.0,0.0
2024-11-25 02:20:00+00:00,27.450000762939453,27.450000762939453,27.450000762939453,27.450000762939453,17002,0.0,0.0
2024-11-25 02:25:00+00:00,27.5,27.5,27.5,27.5,47015,0.0,0.0
2024-11-25 02:30:00+00:00,27.450000762939453,27.450000762939453,27.450000762939453,27.450000762939453,16015,0.0,0.0
2024-11-25 02:35:00+00:00,27.399999618530273,27.399999618530273,27.350000381469727,27.350000381469727,11000,0.0,0.0
2024-11-25 02:40:00+00:00,27.350000381469727,27.350000381469727,27.350000381469727,27.350000381469727,15003,0.0,0.0
2024-11-25 02:55:00+00:00,27.350000381469727,27.350000381469727,27.350000381469727,27.350000381469727,1000,0.0,0.0
2024-11-25 03:00:00+00:00,27.399999618530273,27.399999618530273,27.399999618530273,27.399999618530273,2000,0.0,0.0
2024-11-25 03:05:00+00:00,27.399999618530273,27.399999618530273,27.399999618530273,27.399999618530273,2000,0.0,0.0
2024-11-25 03:10:00+00:00,27.399999618530273,27.399999618530273,27.399999618530273,27.399999618530273,1000,0.0,0.0
2024-11-25 03:15:00+00:00,27.399999618530273,27.399999618530273,27.399999618530273,27.399999618530273,1032,0.0,0.0
2024-11-25 03:30:00+00:00,27.399999618530273,27.399999618530273,27.399999618530273,27.399999618530273,2000,0.0,0.0
2024-11-25 03:35:00+00:00,27.399999618530273,27.399999618530273,27.399999618530273,27.399999618530273,1001,0.0,0.0
2024-11-25 03:40:00+00:00,27.399999618530273,27.399999618530273,27.399999618530273,27.399999618530273,1000,0.0,0.0
2024-11-25 03:50:00+00:00,27.399999618530273,27.399999618530273,27.399999618530273,27.399999618530273,7000,0.0,0.0
2024-11-25 03:55:00+00:00,27.399999618530273,27.399999618530273,27.399999618530273,27.399999618530273,1000,0.0,0.0
2024-11-25 04:00:00+00:00,27.399999618530273,27.399999618530273,27.399999618530273,27.399999618530273,1000,0.0,0.0
2024-11-25 04:05:00+00:00,27.399999618530273,27.399999618530273,27.399999618530273,27.399999618530273,1022,0.0,0.0
2024-11-25 04:10:00+00:00,27.399999618530273,27.399999618530273,27.350000381469727,27.350000381469727,2000,0.0,0.0
2024-11-25 04:15:00+00:00,27.399999618530273,27.399999618530273,27.399999618530273,27.399999618530273,3000,0.0,0.0
2024-11-25 04:30:00+00:00,27.399999618530273,27.450000762939453,27.399999618530273,27.450000762939453,12050,0.0,0.0
2024-11-25 04:35:00+00:00,27.450000762939453,27.5,27.450000762939453,27.5,13000,0.0,0.0
2024-11-25 04:40:00+00:00,27.5,27.5,27.5,27.5,2051,0.0,0.0
2024-11-25 04:45:00+00:00,27.450000762939453,27.450000762939453,27.450000762939453,27.450000762939453,14000,0.0,0.0
2024-11-25 04:50:00+00:00,27.5,27.5,27.5,27.5,2049,0.0,0.0
2024-11-25 04:55:00+00:00,27.5,27.5,27.5,27.5,1000,0.0,0.0
2024-11-25 05:00:00+00:00,27.5,27.5,27.5,27.5,1000,0.0,0.0
2024-11-25 05:05:00+00:00,27.5,27.549999237060547,27.5,27.549999237060547,13000,0.0,0.0
2024-11-25 05:10:00+00:00,27.549999237060547,27.549999237060547,27.549999237060547,27.549999237060547,9205,0.0,0.0
2024-11-25 05:20:00+00:00,27.549999237060547,27.600000381469727,27.549999237060547,27.549999237060547,14583,0.0,0.0
2024-11-26 01:00:00+00:00,27.450000762939453,27.450000762939453,27.450000762939453,27.450000762939453,0,0.0,0.0
2024-11-26 01:05:00+00:00,27.600000381469727,27.649999618530273,27.600000381469727,27.600000381469727,7401,0.0,0.0
2024-11-26 01:10:00+00:00,27.600000381469727,27.600000381469727,27.600000381469727,27.600000381469727,1040,0.0,0.0
2024-11-26 01:15:00+00:00,27.600000381469727,27.649999618530273,27.600000381469727,27.649999618530273,9000,0.0,0.0
2024-11-26 01:20:00+00:00,27.649999618530273,27.649999618530273,27.600000381469727,27.600000381469727,7000,0.0,0.0
2024-11-26 01:25:00+00:00,27.600000381469727,27.600000381469727,27.600000381469727,27.600000381469727,8163,0.0,0.0
2024-11-26 01:35:00+00:00,27.600000381469727,27.700000762939453,27.600000381469727,27.700000762939453,12000,0.0,0.0
2024-11-26 01:40:00+00:00,27.649999618530273,27.649999618530273,27.649999618530273,27.649999618530273,13109,0.0,0.0
2024-11-26 01:45:00+00:00,27.649999618530273,27.649999618530273,27.600000381469727,27.600000381469727,5002,0.0,0.0
2024-11-26 01:50:00+00:00,27.600000381469727,27.600000381469727,27.600000381469727,27.600000381469727,19000,0.0,0.0
2024-11-26 01:55:00+00:00,27.600000381469727,27.600000381469727,27.600000381469727,27.600000381469727,2000,0.0,0.0
2024-11-26 02:00:00+00:00,27.600000381469727,27.600000381469727,27.600000381469727,27.600000381469727,5000,0.0,0.0
2024-11-26 02:05:00+00:00,27.600000381469727,27.600000381469727,27.600000381469727,27.600000381469727,2000,0.0,0.0
2024-11-26 02:15:00+00:00,27.600000381469727,27.600000381469727,27.600000381469727,27.600000381469727,1000,0.0,0.0
2024-11-26 02:25:00+00:00,27.600000381469727,27.600000381469727,27.600000381469727,27.600000381469727,1000,0.0,0.0
2024-11-26 02:35:00+00:00,27.600000381469727,27.600000381469727,27.600000381469727,27.600000381469727,1000,0.0,0.0
2024-11-26 02:40:00+00:00,27.600000381469727,27.600000381469727,27.600000381469727,27.600000381469727,3000,0.0,0.0
2024-11-26 02:45:00+00:00,27.600000381469727,27.600000381469727,27.600000381469727,27.600000381469727,4000,0.0,0.0
2024-11-26 02:50:00+00:00,27.600000381469727,27.600000381469727,27.600000381469727,27.600000381469727,1000,0.0,0.0
2024-11-26 03:00:00+00:00,27.600000381469727,27.649999618530273,27.600000381469727,27.649999618530273,4000,0.0,0.0
2024-11-26 03:05:00+00:00,27.600000381469727,27.600000381469727,27.600000381469727,27.600000381469727,2000,0.0,0.0
2024-11-26 03:15:00+00:00,27.600000381469727,27.600000381469727,27.600000381469727,27.600000381469727,3000,0.0,0.0
2024-11-26 03:20:00+00:00,27.649999618530273,27.649999618530273,27.649999618530273,27.649999618530273,3000,0.0,0.0
2024-11-26 03:25:00+00:00,27.649999618530273,27.649999618530273,27.649999618530273,27.649999618530273,34000,0.0,0.0
2024-11-26 03:30:00+00:00,27.700000762939453,27.700000762939453,27.649999618530273,27.649999618530273,6013,0.0,0.0
2024-11-26 03:35:00+00:00,27.649999618530273,27.649999618530273,27.649999618530273,27.649999618530273,1000,0.0,0.0
2024-11-26 03:40:00+00:00,27.649999618530273,27.649999618530273,27.649999618530273,27.649999618530273,2005,0.0,0.0
2024-11-26 04:05:00+00:00,27.649999618530273,27.649999618530273,27.649999618530273,27.649999618530273,1002,0.0,0.0
2024-11-26 04:15:00+00:00,27.649999618530273,27.649999618530273,27.649999618530273,27.649999618530273,8000,0.0,0.0
2024-11-26 04:20:00+00:00,27.649999618530273,27.649999618530273,27.649999618530273,27.649999618530273,5000,0.0,0.0
2024-11-26 04:25:00+00:00,27.649999618530273,27.649999618530273,27.649999618530273,27.649999618530273,4000,0.0,0.0
2024-11-26 04:30:00+00:00,27.649999618530273,27.649999618530273,27.649999618530273,27.649999618530273,4100,0.0,0.0
2024-11-26 04:35:00+00:00,27.700000762939453,27.700000762939453,27.700000762939453,27.700000762939453,1001,0.0,0.0
2024-11-26 04:40:00+00:00,27.700000762939453,27.700000762939453,27.700000762939453,27.700000762939453,2000,0.0,0.0
2024-11-26 04:45:00+00:00,27.700000762939453,27.700000762939453,27.700000762939453,27.700000762939453,2000,0.0,0.0
2024-11-26 04:50:00+00:00,27.649999618530273,27.700000762939453,27.649999618530273,27.700000762939453,5101,0.0,0.0
2024-11-26 04:55:00+00:00,27.700000762939453,27.700000762939453,27.600000381469727,27.700000762939453,6000,0.0,0.0
2024-11-26 05:00:00+00:00,27.600000381469727,27.649999618530273,27.600000381469727,27.649999618530273,7000,0.0,0.0
2024-11-26 05:05:00+00:00,27.700000762939453,27.700000762939453,27.700000762939453,27.700000762939453,2000,0.0,0.0
2024-11-26 05:10:00+00:00,27.700000762939453,27.700000762939453,27.649999618530273,27.649999618530273,6000,0.0,0.0
2024-11-26 05:15:00+00:00,27.700000762939453,27.700000762939453,27.700000762939453,27.700000762939453,2000,0.0,0.0
2024-11-26 05:20:00+00:00,27.700000762939453,27.700000762939453,27.649999618530273,27.649999618530273,7698,0.0,0.0
2024-11-27 01:00:00+00:00,27.549999237060547,27.549999237060547,27.549999237060547,27.549999237060547,0,0.0,0.0
2024-11-27 01:05:00+00:00,27.600000381469727,27.600000381469727,27.399999618530273,27.450000762939453,37003,0.0,0.0
2024-11-27 01:10:00+00:00,27.450000762939453,27.450000762939453,27.450000762939453,27.450000762939453,1029,0.0,0.0
2024-11-27 01:20:00+00:00,27.450000762939453,27.450000762939453,27.350000381469727,27.350000381469727,33000,0.0,0.0
2024-11-27 01:25:00+00:00,27.350000381469727,27.399999618530273,27.350000381469727,27.399999618530273,17002,0.0,0.0
2024-11-27 01:30:00+00:00,27.350000381469727,27.350000381469727,27.350000381469727,27.350000381469727,2020,0.0,0.0
2024-11-27 01:35:00+00:00,27.350000381469727,27.350000381469727,27.350000381469727,27.350000381469727,1000,0.0,0.0
2024-11-27 01:40:00+00:00,27.350000381469727,27.350000381469727,27.350000381469727,27.350000381469727,4150,0.0,0.0
2024-11-27 01:45:00+00:00,27.350000381469727,27.350000381469727,27.299999237060547,27.299999237060547,6096,0.0,0.0
2024-11-27 01:50:00+00:00,27.299999237060547,27.299999237060547,27.299999237060547,27.299999237060547,1000,0.0,0.0
2024-11-27 01:55:00+00:00,27.299999237060547,27.299999237060547,27.200000762939453,27.200000762939453,31000,0.0,0.0
2024-11-27 02:00:00+00:00,27.25,27.25,27.25,27.25,3000,0.0,0.0
2024-11-27 02:05:00+00:00,27.299999237060547,27.299999237060547,27.25,27.25,4000,0.0,0.0
2024-11-27 02:10:00+00:00,27.299999237060547,27.299999237060547,27.299999237060547,27.299999237060547,1001,0.0,0.0
2024-11-27 02:20:00+00:00,27.299999237060547,27.299999237060547,27.299999237060547,27.299999237060547,3091,0.0,0.0
2024-11-27 02:30:00+00:00,27.299999237060547,27.299999237060547,27.299999237060547,27.299999237060547,1015,0.0,0.0
2024-11-27 02:35:00+00:00,27.299999237060547,27.299999237060547,27.299999237060547,27.299999237060547,5000,0.0,0.0
2024-11-27 02:40:00+00:00,27.299999237060547,27.299999237060547,27.299999237060547,27.299999237060547,2000,0.0,0.0
2024-11-27 02:50:00+00:00,27.299999237060547,27.299999237060547,27.299999237060547,27.299999237060547,2000,0.0,0.0
2024-11-27 02:55:00+00:00,27.299999237060547,27.299999237060547,27.299999237060547,27.299999237060547,1001,0.0,0.0
2024-11-27 03:10:00+00:00,27.350000381469727,27.350000381469727,27.350000381469727,27.350000381469727,1090,0.0,0.0
2024-11-27 03:20:00+00:00,27.350000381469727,27.350000381469727,27.350000381469727,27.350000381469727,1000,0.0,0.0
2024-11-27 03:25:00+00:00,27.299999237060547,27.299999237060547,27.299999237060547,27.299999237060547,8040,0.0,0.0
2024-11-27 03:55:00+00:00,27.299999237060547,27.299999237060547,27.299999237060547,27.299999237060547,1002,0.0,0.0
2024-11-27 04:10:00+00:00,27.25,27.25,27.200000762939453,27.200000762939453,29000,0.0,0.0
2024-11-27 04:15:00+00:00,27.200000762939453,27.200000762939453,27.149999618530273,27.149999618530273,5103,0.0,0.0
2024-11-27 04:20:00+00:00,27.149999618530273,27.149999618530273,27.149999618530273,27.149999618530273,4854,0.0,0.0
2024-11-27 04:25:00+00:00,27.149999618530273,27.149999618530273,27.049999237060547,27.100000381469727,13074,0.0,0.0
2024-11-27 04:30:00+00:00,27.100000381469727,27.100000381469727,27.100000381469727,27.100000381469727,2000,0.0,0.0
2024-11-27 04:35:00+00:00,27.100000381469727,27.100000381469727,27.100000381469727,27.100000381469727,5000,0.0,0.0
2024-11-27 04:40:00+00:00,27.100000381469727,27.100000381469727,27.100000381469727,27.100000381469727,3000,0.0,0.0
2024-11-27 04:45:00+00:00,27.100000381469727,27.100000381469727,27.100000381469727,27.100000381469727,1000,0.0,0.0
2024-11-27 04:50:00+00:00,27.100000381469727,27.149999618530273,27.049999237060547,27.149999618530273,8000,0.0,0.0
2024-11-27 04:55:00+00:00,27.100000381469727,27.100000381469727,27.100000381469727,27.100000381469727,2000,0.0,0.0
2024-11-27 05:00:00+00:00,27.049999237060547,27.049999237060547,27.049999237060547,27.049999237060547,3000,0.0,0.0
2024-11-27 05:05:00+00:00,27.100000381469727,27.100000381469727,27.0,27.0,19000,0.0,0.0
2024-11-27 05:10:00+00:00,27.049999237060547,27.049999237060547,27.0,27.0,7000,0.0,0.0
2024-11-27 05:15:00+00:00,27.049999237060547,27.049999237060547,27.0,27.0,4000,0.0,0.0
2024-11-27 05:20:00+00:00,27.0,27.049999237060547,27.0,27.0,9673,0.0,0.0
2024-11-28 01:00:00+00:00,27.0,27.0,26.899999618530273,26.950000762939453,0,0.0,0.0
2024-11-28 01:05:00+00:00,26.899999618530273,26.899999618530273,26.850000381469727,26.850000381469727,17001,0.0,0.0
2024-11-28 01:10:00+00:00,26.899999618530273,26.899999618530273,26.899999618530273,26.899999618530273,6000,0.0,0.0
2024-11-28 01:20:00+00:00,26.899999618530273,26.899999618530273,26.899999618530273,26.899999618530273,6000,0.0,0.0
2024-11-28 01:25:00+00:00,26.850000381469727,26.850000381469727,26.75,26.75,22010,0.0,0.0
2024-11-28 01:30:00+00:00,26.75,26.75,26.75,26.75,2004,0.0,0.0
2024-11-28 01:35:00+00:00,26.75,26.75,26.600000381469727,26.649999618530273,27000,0.0,0.0
2024-11-28 01:40:00+00:00,26.649999618530273,26.649999618530273,26.600000381469727,26.600000381469727,4010,0.0,0.0
2024-11-28 01:45:00+00:00,26.649999618530273,26.649999618530273,26.549999237060547,26.600000381469727,11156,0.0,0.0
2024-11-28 01:50:00+00:00,26.649999618530273,26.700000762939453,26.649999618530273,26.649999618530273,19000,0.0,0.0
2024-11-28 01:55:00+00:00,26.649999618530273,26.649999618530273,26.549999237060547,26.600000381469727,21002,0.0,0.0
2024-11-28 02:00:00+00:00,26.549999237060547,26.549999237060547,26.5,26.5,13000,0.0,0.0
2024-11-28 02:05:00+00:00,26.549999237060547,26.549999237060547,26.549999237060547,26.549999237060547,2000,0.0,0.0
2024-11-28 02:10:00+00:00,26.600000381469727,26.600000381469727,26.600000381469727,26.600000381469727,7000,0.0,0.0
2024-11-28 02:15:00+00:00,26.600000381469727,26.600000381469727,26.600000381469727,26.600000381469727,1000,0.0,0.0
2024-11-28 02:20:00+00:00,26.600000381469727,26.600000381469727,26.600000381469727,26.600000381469727,1000,0.0,0.0
2024-11-28 02:25:00+00:00,26.600000381469727,26.600000381469727,26.549999237060547,26.549999237060547,5000,0.0,0.0
2024-11-28 02:30:00+00:00,26.549999237060547,26.549999237060547,26.549999237060547,26.549999237060547,1000,0.0,0.0
2024-11-28 02:35:00+00:00,26.549999237060547,26.549999237060547,26.549999237060547,26.549999237060547,6000,0.0,0.0
2024-11-28 02:40:00+00:00,26.600000381469727,26.600000381469727,26.600000381469727,26.600000381469727,1001,0.0,0.0
2024-11-28 02:45:00+00:00,26.649999618530273,26.649999618530273,26.649999618530273,26.649999618530273,3000,0.0,0.0
2024-11-28 02:50:00+00:00,26.600000381469727,26.75,26.600000381469727,26.75,29000,0.0,0.0
2024-11-28 02:55:00+00:00,26.75,26.799999237060547,26.75,26.799999237060547,24000,0.0,0.0
2024-11-28 03:05:00+00:00,26.799999237060547,26.799999237060547,26.799999237060547,26.799999237060547,1000,0.0,0.0
2024-11-28 03:20:00+00:00,26.75,26.75,26.700000762939453,26.700000762939453,14000,0.0,0.0
2024-11-28 03:25:00+00:00,26.649999618530273,26.649999618530273,26.649999618530273,26.649999618530273,10000,0.0,0.0
2024-11-28 03:35:00+00:00,26.649999618530273,26.649999618530273,26.649999618530273,26.649999618530273,1309,0.0,0.0
2024-11-28 04:00:00+00:00,26.75,26.75,26.75,26.75,1000,0.0,0.0
2024-11-28 04:05:00+00:00,26.75,26.75,26.700000762939453,26.700000762939453,3000,0.0,0.0
2024-11-28 04:10:00+00:00,26.649999618530273,26.649999618530273,26.600000381469727,26.600000381469727,11000,0.0,0.0
2024-11-28 04:20:00+00:00,26.600000381469727,26.600000381469727,26.600000381469727,26.600000381469727,3001,0.0,0.0
2024-11-28 04:25:00+00:00,26.649999618530273,26.649999618530273,26.649999618530273,26.649999618530273,4740,0.0,0.0
2024-11-28 04:35:00+00:00,26.649999618530273,26.75,26.649999618530273,26.75,10160,0.0,0.0
2024-11-28 04:55:00+00:00,26.700000762939453,26.700000762939453,26.649999618530273,26.649999618530273,2000,0.0,0.0
2024-11-28 05:05:00+00:00,26.700000762939453,26.799999237060547,26.700000762939453,26.799999237060547,4066,0.0,0.0
2024-11-28 05:15:00+00:00,26.75,26.75,26.75,26.75,4000,0.0,0.0
2024-11-28 05:20:00+00:00,26.700000762939453,26.700000762939453,26.700000762939453,26.700000762939453,3861,0.0,0.0
2024-11-29 01:00:00+00:00,26.600000381469727,26.600000381469727,26.549999237060547,26.549999237060547,0,0.0,0.0
2024-11-29 01:05:00+00:00,26.5,26.549999237060547,26.5,26.549999237060547,9003,0.0,0.0
2024-11-29 01:10:00+00:00,26.600000381469727,26.649999618530273,26.600000381469727,26.649999618530273,6000,0.0,0.0
2024-11-29 01:15:00+00:00,26.649999618530273,26.649999618530273,26.649999618530273,26.649999618530273,3000,0.0,0.0
2024-11-29 01:25:00+00:00,26.649999618530273,26.649999618530273,26.649999618530273,26.649999618530273,3000,0.0,0.0
2024-11-29 01:30:00+00:00,26.649999618530273,26.649999618530273,26.649999618530273,26.649999618530273,5000,0.0,0.0
2024-11-29 01:35:00+00:00,26.700000762939453,26.75,26.700000762939453,26.75,2000,0.0,0.0
2024-11-29 01:45:00+00:00,26.799999237060547,26.799999237060547,26.799999237060547,26.799999237060547,1000,0.0,0.0
2024-11-29 02:00:00+00:00,26.799999237060547,26.799999237060547,26.799999237060547,26.799999237060547,3010,0.0,0.0
2024-11-29 02:05:00+00:00,26.799999237060547,26.799999237060547,26.799999237060547,26.799999237060547,4000,0.0,0.0
2024-11-29 02:15:00+00:00,26.799999237060547,26.799999237060547,26.799999237060547,26.799999237060547,3000,0.0,0.0
2024-11-29 02:40:00+00:00,26.799999237060547,26.799999237060547,26.799999237060547,26.799999237060547,1001,0.0,0.0
2024-11-29 02:50:00+00:00,26.700000762939453,26.700000762939453,26.700000762939453,26.700000762939453,2000,0.0,0.0
2024-11-29 02:55:00+00:00,26.75,26.75,26.75,26.75,4000,0.0,0.0
2024-11-29 03:00:00+00:00,26.75,26.75,26.75,26.75,1000,0.0,0.0
2024-11-29 03:05:00+00:00,26.799999237060547,26.899999618530273,26.799999237060547,26.899999618530273,14000,0.0,0.0
2024-11-29 03:20:00+00:00,26.899999618530273,26.899999618530273,26.899999618530273,26.899999618530273,5000,0.0,0.0
2024-11-29 03:25:00+00:00,26.850000381469727,26.850000381469727,26.75,26.75,8000,0.0,0.0
2024-11-29 03:30:00+00:00,26.75,26.75,26.75,26.75,10001,0.0,0.0
2024-11-29 03:40:00+00:00,26.75,26.75,26.700000762939453,26.700000762939453,5000,0.0,0.0
2024-11-29 04:00:00+00:00,26.700000762939453,26.700000762939453,26.700000762939453,26.700000762939453,2000,0.0,0.0
2024-11-29 04:05:00+00:00,26.75,26.75,26.75,26.75,1099,0.0,0.0
2024-11-29 04:35:00+00:00,26.75,26.799999237060547,26.75,26.799999237060547,5000,0.0,0.0
2024-11-29 04:40:00+00:00,26.850000381469727,26.899999618530273,26.850000381469727,26.850000381469727,7000,0.0,0.0
2024-11-29 04:55:00+00:00,26.850000381469727,26.850000381469727,26.850000381469727,26.850000381469727,3001,0.0,0.0
2024-11-29 05:00:00+00:00,26.899999618530273,26.899999618530273,26.899999618530273,26.899999618530273,3400,0.0,0.0
2024-11-29 05:05:00+00:00,26.899999618530273,26.899999618530273,26.899999618530273,26.899999618530273,2030,0.0,0.0
2024-11-29 05:15:00+00:00,26.850000381469727,26.850000381469727,26.850000381469727,26.850000381469727,4100,0.0,0.0
2024-11-29 05:20:00+00:00,26.899999618530273,26.899999618530273,26.850000381469727,26.850000381469727,3787,0.0,0.0
2024-12-02 01:00:00+00:00,26.899999618530273,27.149999618530273,26.899999618530273,27.149999618530273,0,0.0,0.0
2024-12-02 01:05:00+00:00,27.100000381469727,27.200000762939453,27.049999237060547,27.049999237060547,10002,0.0,0.0
2024-12-02 01:10:00+00:00,27.100000381469727,27.100000381469727,27.100000381469727,27.100000381469727,1043,0.0,0.0
2024-12-02 01:25:00+00:00,27.049999237060547,27.049999237060547,27.0,27.0,5002,0.0,0.0
2024-12-02 01:30:00+00:00,27.0,27.0,27.0,27.0,2000,0.0,0.0
2024-12-02 01:40:00+00:00,27.0,27.0,27.0,27.0,5089,0.0,0.0
2024-12-02 02:05:00+00:00,27.049999237060547,27.049999237060547,27.0,27.0,5000,0.0,0.0
2024-12-02 02:15:00+00:00,27.049999237060547,27.049999237060547,27.049999237060547,27.049999237060547,3009,0.0,0.0
2024-12-02 02:20:00+00:00,27.0,27.0,27.0,27.0,2040,0.0,0.0
2024-12-02 02:30:00+00:00,26.950000762939453,26.950000762939453,26.950000762939453,26.950000762939453,5001,0.0,0.0
2024-12-02 02:35:00+00:00,26.899999618530273,26.899999618530273,26.899999618530273,26.899999618530273,1000,0.0,0.0
2024-12-02 02:40:00+00:00,26.899999618530273,26.899999618530273,26.899999618530273,26.899999618530273,1041,0.0,0.0
2024-12-02 02:50:00+00:00,26.950000762939453,26.950000762939453,26.950000762939453,26.950000762939453,1000,0.0,0.0
2024-12-02 03:00:00+00:00,26.950000762939453,26.950000762939453,26.950000762939453,26.950000762939453,3000,0.0,0.0
2024-12-02 03:05:00+00:00,26.950000762939453,26.950000762939453,26.950000762939453,26.950000762939453,10370,0.0,0.0
2024-12-02 03:10:00+00:00,27.0,27.0,27.0,27.0,1080,0.0,0.0
2024-12-02 03:15:00+00:00,26.950000762939453,26.950000762939453,26.950000762939453,26.950000762939453,11050,0.0,0.0
2024-12-02 03:25:00+00:00,26.899999618530273,26.899999618530273,26.899999618530273,26.899999618530273,3000,0.0,0.0
2024-12-02 03:30:00+00:00,26.950000762939453,26.950000762939453,26.950000762939453,26.950000762939453,5000,0.0,0.0
2024-12-02 03:45:00+00:00,26.950000762939453,26.950000762939453,26.950000762939453,26.950000762939453,3000,0.0,0.0
2024-12-02 03:50:00+00:00,26.950000762939453,26.950000762939453,26.950000762939453,26.950000762939453,5001,0.0,0.0
2024-12-02 04:00:00+00:00,26.950000762939453,27.0,26.950000762939453,27.0,13003,0.0,0.0
2024-12-02 04:10:00+00:00,27.0,27.0,27.0,27.0,8100,0.0,0.0
2024-12-02 04:20:00+00:00,27.0,27.0,27.0,27.0,1011,0.0,0.0
2024-12-02 04:50:00+00:00,26.950000762939453,26.950000762939453,26.950000762939453,26.950000762939453,5100,0.0,0.0
2024-12-02 04:55:00+00:00,26.950000762939453,26.950000762939453,26.950000762939453,26.950000762939453,1000,0.0,0.0
2024-12-02 05:00:00+00:00,27.0,27.0,27.0,27.0,3000,0.0,0.0
2024-12-02 05:05:00+00:00,27.0,27.0,27.0,27.0,2000,0.0,0.0
2024-12-02 05:15:00+00:00,27.0,27.0,27.0,27.0,3000,0.0,0.0
2024-12-02 05:20:00+00:00,27.0,27.0,27.0,27.0,5050,0.0,0.0
2024-12-03 01:00:00+00:00,27.0,27.299999237060547,27.0,27.25,0,0.0,0.0
2024-12-03 01:05:00+00:00,27.200000762939453,27.25,27.200000762939453,27.25,3001,0.0,0.0
2024-12-03 01:10:00+00:00,27.149999618530273,27.299999237060547,27.149999618530273,27.299999237060547,17349,0.0,0.0
2024-12-03 01:15:00+00:00,27.299999237060547,27.299999237060547,27.299999237060547,27.299999237060547,2000,0.0,0.0
2024-12-03 01:20:00+00:00,27.299999237060547,27.350000381469727,27.299999237060547,27.299999237060547,12051,0.0,0.0
2024-12-03 01:25:00+00:00,27.350000381469727,27.350000381469727,27.299999237060547,27.299999237060547,21001,0.0,0.0
2024-12-03 01:30:00+00:00,27.25,27.299999237060547,27.25,27.299999237060547,8001,0.0,0.0
2024-12-03 01:35:00+00:00,27.299999237060547,27.299999237060547,27.299999237060547,27.299999237060547,16012,0.0,0.0
2024-12-03 01:50:00+00:00,27.25,27.25,27.25,27.25,1000,0.0,0.0
2024-12-03 02:00:00+00:00,27.25,27.25,27.25,27.25,3000,0.0,0.0
2024-12-03 02:05:00+00:00,27.25,27.25,27.25,27.25,1000,0.0,0.0
2024-12-03 02:10:00+00:00,27.25,27.299999237060547,27.25,27.25,8000,0.0,0.0
2024-12-03 02:20:00+00:00,27.25,27.25,27.25,27.25,24000,0.0,0.0
2024-12-03 02:25:00+00:00,27.200000762939453,27.200000762939453,27.200000762939453,27.200000762939453,5000,0.0,0.0
2024-12-03 02:40:00+00:00,27.200000762939453,27.200000762939453,27.200000762939453,27.200000762939453,1000,0.0,0.0
2024-12-03 02:45:00+00:00,27.149999618530273,27.149999618530273,27.149999618530273,27.149999618530273,6108,0.0,0.0
2024-12-03 02:55:00+00:00,27.100000381469727,27.100000381469727,27.100000381469727,27.100000381469727,1003,0.0,0.0
2024-12-03 03:10:00+00:00,27.149999618530273,27.149999618530273,27.149999618530273,27.149999618530273,2000,0.0,0.0
2024-12-03 03:25:00+00:00,27.149999618530273,27.149999618530273,27.149999618530273,27.149999618530273,1000,0.0,0.0
2024-12-03 03:40:00+00:00,27.149999618530273,27.200000762939453,27.149999618530273,27.200000762939453,8182,0.0,0.0
2024-12-03 03:45:00+00:00,27.25,27.25,27.25,27.25,3000,0.0,0.0
2024-12-03 03:50:00+00:00,27.200000762939453,27.200000762939453,27.200000762939453,27.200000762939453,5000,0.0,0.0
2024-12-03 03:55:00+00:00,27.200000762939453,27.200000762939453,27.200000762939453,27.200000762939453,1000,0.0,0.0
2024-12-03 04:00:00+00:00,27.200000762939453,27.200000762939453,27.200000762939453,27.200000762939453,5057,0.0,0.0
2024-12-03 04:15:00+00:00,27.149999618530273,27.149999618530273,27.149999618530273,27.149999618530273,5000,0.0,0.0
2024-12-03 04:20:00+00:00,27.200000762939453,27.200000762939453,27.200000762939453,27.200000762939453,1000,0.0,0.0
2024-12-03 04:55:00+00:00,27.149999618530273,27.149999618530273,27.149999618530273,27.149999618530273,1000,0.0,0.0
2024-12-03 05:00:00+00:00,27.149999618530273,27.149999618530273,27.149999618530273,27.149999618530273,4020,0.0,0.0
2024-12-03 05:05:00+00:00,27.149999618530273,27.149999618530273,27.149999618530273,27.149999618530273,4000,0.0,0.0
2024-12-03 05:10:00+00:00,27.149999618530273,27.149999618530273,27.149999618530273,27.149999618530273,6000,0.0,0.0
2024-12-03 05:15:00+00:00,27.149999618530273,27.149999618530273,27.100000381469727,27.100000381469727,3000,0.0,0.0
2024-12-03 05:20:00+00:00,27.100000381469727,27.100000381469727,27.100000381469727,27.100000381469727,3000,0.0,0.0
2024-12-04 01:00:00+00:00,27.25,27.25,27.25,27.25,0,0.0,0.0
2024-12-04 01:10:00+00:00,27.200000762939453,27.200000762939453,27.200000762939453,27.200000762939453,1046,0.0,0.0
2024-12-04 01:15:00+00:00,27.149999618530273,27.149999618530273,27.100000381469727,27.100000381469727,10182,0.0,0.0
2024-12-04 01:30:00+00:00,27.049999237060547,27.049999237060547,27.049999237060547,27.049999237060547,2000,0.0,0.0
2024-12-04 01:35:00+00:00,27.100000381469727,27.100000381469727,27.100000381469727,27.100000381469727,1016,0.0,0.0
2024-12-04 01:45:00+00:00,27.100000381469727,27.149999618530273,27.100000381469727,27.149999618530273,7038,0.0,0.0
2024-12-04 02:05:00+00:00,27.149999618530273,27.149999618530273,27.149999618530273,27.149999618530273,5244,0.0,0.0
2024-12-04 02:25:00+00:00,27.149999618530273,27.149999618530273,27.100000381469727,27.149999618530273,8000,0.0,0.0
2024-12-04 02:30:00+00:00,27.149999618530273,27.149999618530273,27.149999618530273,27.149999618530273,1000,0.0,0.0
2024-12-04 02:40:00+00:00,27.100000381469727,27.100000381469727,27.100000381469727,27.100000381469727,4000,0.0,0.0
2024-12-04 02:45:00+00:00,27.100000381469727,27.149999618530273,27.049999237060547,27.149999618530273,5001,0.0,0.0
2024-12-04 02:50:00+00:00,27.200000762939453,27.200000762939453,27.200000762939453,27.200000762939453,5031,0.0,0.0
2024-12-04 03:00:00+00:00,27.25,27.25,27.25,27.25,24000,0.0,0.0
2024-12-04 03:05:00+00:00,27.25,27.25,27.25,27.25,3000,0.0,0.0
2024-12-04 03:15:00+00:00,27.25,27.25,27.25,27.25,1007,0.0,0.0
2024-12-04 03:30:00+00:00,27.25,27.25,27.25,27.25,39000,0.0,0.0
2024-12-04 03:35:00+00:00,27.25,27.25,27.25,27.25,6100,0.0,0.0
2024-12-04 03:50:00+00:00,27.25,27.25,27.25,27.25,10001,0.0,0.0
2024-12-04 04:00:00+00:00,27.299999237060547,27.299999237060547,27.299999237060547,27.299999237060547,16000,0.0,0.0
2024-12-04 04:05:00+00:00,27.299999237060547,27.299999237060547,27.25,27.25,18000,0.0,0.0
2024-12-04 04:15:00+00:00,27.299999237060547,27.299999237060547,27.299999237060547,27.299999237060547,1001,0.0,0.0
2024-12-04 04:35:00+00:00,27.25,27.25,27.25,27.25,3000,0.0,0.0
2024-12-04 04:40:00+00:00,27.299999237060547,27.299999237060547,27.299999237060547,27.299999237060547,1000,0.0,0.0
2024-12-04 04:45:00+00:00,27.25,27.25,27.25,27.25,3000,0.0,0.0
2024-12-04 04:50:00+00:00,27.25,27.25,27.25,27.25,3000,0.0,0.0
2024-12-04 04:55:00+00:00,27.25,27.299999237060547,27.25,27.299999237060547,3151,0.0,0.0
2024-12-04 05:00:00+00:00,27.299999237060547,27.299999237060547,27.299999237060547,27.299999237060547,20000,0.0,0.0
2024-12-04 05:05:00+00:00,27.299999237060547,27.299999237060547,27.299999237060547,27.299999237060547,6001,0.0,0.0
2024-12-04 05:15:00+00:00,27.350000381469727,27.350000381469727,27.350000381469727,27.350000381469727,19100,0.0,0.0
2024-12-04 05:20:00+00:00,27.350000381469727,27.350000381469727,27.350000381469727,27.350000381469727,2000,0.0,0.0
2024-12-05 01:00:00+00:00,27.350000381469727,27.399999618530273,27.350000381469727,27.399999618530273,0,0.0,0.0
2024-12-05 01:05:00+00:00,27.399999618530273,27.399999618530273,27.399999618530273,27.399999618530273,3110,0.0,0.0
2024-12-05 01:15:00+00:00,27.350000381469727,27.350000381469727,27.350000381469727,27.350000381469727,12000,0.0,0.0
2024-12-05 01:20:00+00:00,27.350000381469727,27.350000381469727,27.350000381469727,27.350000381469727,1000,0.0,0.0
2024-12-05 01:30:00+00:00,27.350000381469727,27.350000381469727,27.350000381469727,27.350000381469727,1010,0.0,0.0
2024-12-05 01:55:00+00:00,27.299999237060547,27.299999237060547,27.299999237060547,27.299999237060547,6000,0.0,0.0
2024-12-05 02:05:00+00:00,27.299999237060547,27.350000381469727,27.299999237060547,27.299999237060547,4000,0.0,0.0
2024-12-05 02:15:00+00:00,27.299999237060547,27.299999237060547,27.299999237060547,27.299999237060547,7000,0.0,0.0
2024-12-05 02:20:00+00:00,27.25,27.25,27.25,27.25,11110,0.0,0.0
2024-12-05 02:35:00+00:00,27.299999237060547,27.299999237060547,27.299999237060547,27.299999237060547,1000,0.0,0.0
2024-12-05 03:05:00+00:00,27.25,27.25,27.200000762939453,27.200000762939453,14000,0.0,0.0
2024-12-05 03:10:00+00:00,27.200000762939453,27.200000762939453,27.200000762939453,27.200000762939453,2000,0.0,0.0
2024-12-05 03:30:00+00:00,27.200000762939453,27.200000762939453,27.200000762939453,27.200000762939453,7400,0.0,0.0
2024-12-05 03:35:00+00:00,27.200000762939453,27.200000762939453,27.200000762939453,27.200000762939453,5930,0.0,0.0
2024-12-05 03:40:00+00:00,27.200000762939453,27.200000762939453,27.149999618530273,27.149999618530273,4000,0.0,0.0
2024-12-05 03:50:00+00:00,27.25,27.25,27.200000762939453,27.200000762939453,4000,0.0,0.0
2024-12-05 04:10:00+00:00,27.200000762939453,27.200000762939453,27.200000762939453,27.200000762939453,5000,0.0,0.0
2024-12-05 04:15:00+00:00,27.25,27.25,27.200000762939453,27.200000762939453,7000,0.0,0.0
2024-12-05 04:30:00+00:00,27.200000762939453,27.200000762939453,27.200000762939453,27.200000762939453,1100,0.0,0.0
2024-12-05 04:50:00+00:00,27.200000762939453,27.200000762939453,27.200000762939453,27.200000762939453,2000,0.0,0.0
2024-12-05 04:55:00+00:00,27.200000762939453,27.200000762939453,27.200000762939453,27.200000762939453,2107,0.0,0.0
2024-12-05 05:00:00+00:00,27.200000762939453,27.200000762939453,27.200000762939453,27.200000762939453,2000,0.0,0.0
2024-12-05 05:15:00+00:00,27.200000762939453,27.200000762939453,27.200000762939453,27.200000762939453,8000,0.0,0.0
2024-12-05 05:20:00+00:00,27.25,27.25,27.149999618530273,27.149999618530273,7467,0.0,0.0
2024-12-06 01:00:00+00:00,27.299999237060547,27.350000381469727,27.299999237060547,27.350000381469727,0,0.0,0.0
2024-12-06 01:05:00+00:00,27.350000381469727,27.350000381469727,27.350000381469727,27.350000381469727,5200,0.0,0.0
2024-12-06 01:10:00+00:00,27.399999618530273,27.5,27.399999618530273,27.399999618530273,13000,0.0,0.0
2024-12-06 01:15:00+00:00,27.399999618530273,27.399999618530273,27.399999618530273,27.399999618530273,1000,0.0,0.0
2024-12-06 01:30:00+00:00,27.350000381469727,27.350000381469727,27.350000381469727,27.350000381469727,5109,0.0,0.0
2024-12-06 01:55:00+00:00,27.399999618530273,27.399999618530273,27.399999618530273,27.399999618530273,8001,0.0,0.0
2024-12-06 02:00:00+00:00,27.450000762939453,27.5,27.450000762939453,27.5,12190,0.0,0.0
2024-12-06 02:05:00+00:00,27.450000762939453,27.450000762939453,27.399999618530273,27.399999618530273,3000,0.0,0.0
2024-12-06 02:10:00+00:00,27.450000762939453,27.549999237060547,27.450000762939453,27.549999237060547,76005,0.0,0.0
2024-12-06 02:15:00+00:00,27.549999237060547,27.549999237060547,27.549999237060547,27.549999237060547,6328,0.0,0.0
2024-12-06 02:20:00+00:00,27.549999237060547,27.549999237060547,27.549999237060547,27.549999237060547,4031,0.0,0.0
2024-12-06 02:25:00+00:00,27.549999237060547,27.549999237060547,27.5,27.5,11156,0.0,0.0
2024-12-06 02:30:00+00:00,27.5,27.549999237060547,27.5,27.5,5237,0.0,0.0
2024-12-06 02:35:00+00:00,27.5,27.5,27.5,27.5,4351,0.0,0.0
2024-12-06 02:40:00+00:00,27.5,27.5,27.5,27.5,1022,0.0,0.0
2024-12-06 03:00:00+00:00,27.5,27.549999237060547,27.5,27.5,12020,0.0,0.0
2024-12-06 03:05:00+00:00,27.5,27.5,27.450000762939453,27.450000762939453,3149,0.0,0.0
2024-12-06 03:15:00+00:00,27.5,27.5,27.5,27.5,4105,0.0,0.0
2024-12-06 03:30:00+00:00,27.5,27.5,27.5,27.5,3003,0.0,0.0
2024-12-06 03:40:00+00:00,27.5,27.5,27.5,27.5,1000,0.0,0.0
2024-12-06 03:45:00+00:00,27.5,27.5,27.5,27.5,1001,0.0,0.0
2024-12-06 04:00:00+00:00,27.5,27.549999237060547,27.5,27.549999237060547,11001,0.0,0.0
2024-12-06 04:05:00+00:00,27.5,27.5,27.5,27.5,2300,0.0,0.0
2024-12-06 04:20:00+00:00,27.549999237060547,27.549999237060547,27.549999237060547,27.549999237060547,1000,0.0,0.0
2024-12-06 04:25:00+00:00,27.5,27.5,27.5,27.5,2000,0.0,0.0
2024-12-06 04:30:00+00:00,27.5,27.5,27.5,27.5,4000,0.0,0.0
2024-12-06 04:40:00+00:00,27.5,27.5,27.5,27.5,2301,0.0,0.0
2024-12-06 04:50:00+00:00,27.450000762939453,27.450000762939453,27.450000762939453,27.450000762939453,5049,0.0,0.0
2024-12-06 04:55:00+00:00,27.5,27.5,27.450000762939453,27.450000762939453,16000,0.0,0.0
2024-12-06 05:00:00+00:00,27.5,27.5,27.5,27.5,5063,0.0,0.0
2024-12-06 05:05:00+00:00,27.5,27.5,27.5,27.5,1038,0.0,0.0
2024-12-06 05:10:00+00:00,27.5,27.5,27.5,27.5,19010,0.0,0.0
2024-12-06 05:15:00+00:00,27.5,27.549999237060547,27.5,27.549999237060547,6000,0.0,0.0
2024-12-06 05:20:00+00:00,27.549999237060547,27.549999237060547,27.549999237060547,27.549999237060547,1000,0.0,0.0
2024-12-09 01:00:00+00:00,27.549999237060547,27.549999237060547,27.450000762939453,27.450000762939453,0,0.0,0.0
2024-12-09 01:05:00+00:00,27.399999618530273,27.450000762939453,27.399999618530273,27.450000762939453,8102,0.0,0.0
2024-12-09 01:10:00+00:00,27.399999618530273,27.450000762939453,27.399999618530273,27.450000762939453,17233,0.0,0.0
2024-12-09 01:15:00+00:00,27.450000762939453,27.450000762939453,27.450000762939453,27.450000762939453,7129,0.0,0.0
2024-12-09 01:20:00+00:00,27.350000381469727,27.450000762939453,27.350000381469727,27.450000762939453,3011,0.0,0.0
2024-12-09 01:30:00+00:00,27.450000762939453,27.450000762939453,27.450000762939453,27.450000762939453,22042,0.0,0.0
2024-12-09 01:35:00+00:00,27.450000762939453,27.450000762939453,27.450000762939453,27.450000762939453,3000,0.0,0.0
2024-12-09 01:40:00+00:00,27.450000762939453,27.450000762939453,27.450000762939453,27.450000762939453,7000,0.0,0.0
2024-12-09 01:50:00+00:00,27.399999618530273,27.399999618530273,27.399999618530273,27.399999618530273,4008,0.0,0.0
2024-12-09 02:00:00+00:00,27.5,27.5,27.5,27.5,14002,0.0,0.0
2024-12-09 02:15:00+00:00,27.450000762939453,27.450000762939453,27.399999618530273,27.399999618530273,5088,0.0,0.0
2024-12-09 03:00:00+00:00,27.450000762939453,27.5,27.450000762939453,27.5,13024,0.0,0.0
2024-12-09 03:10:00+00:00,27.399999618530273,27.399999618530273,27.399999618530273,27.399999618530273,4001,0.0,0.0
2024-12-09 03:30:00+00:00,27.399999618530273,27.399999618530273,27.399999618530273,27.399999618530273,1000,0.0,0.0
2024-12-09 03:35:00+00:00,27.5,27.5,27.5,27.5,1098,0.0,0.0
2024-12-09 04:00:00+00:00,27.5,27.5,27.5,27.5,8031,0.0,0.0
2024-12-09 04:10:00+00:00,27.5,27.5,27.399999618530273,27.399999618530273,3111,0.0,0.0
2024-12-09 04:20:00+00:00,27.399999618530273,27.399999618530273,27.399999618530273,27.399999618530273,1000,0.0,0.0
2024-12-09 04:30:00+00:00,27.399999618530273,27.399999618530273,27.399999618530273,27.399999618530273,1000,0.0,0.0
2024-12-09 04:35:00+00:00,27.399999618530273,27.399999618530273,27.399999618530273,27.399999618530273,5000,0.0,0.0
2024-12-09 04:45:00+00:00,27.399999618530273,27.399999618530273,27.399999618530273,27.399999618530273,7060,0.0,0.0
2024-12-09 04:55:00+00:00,27.350000381469727,27.350000381469727,27.350000381469727,27.350000381469727,3094,0.0,0.0
2024-12-09 05:00:00+00:00,27.350000381469727,27.350000381469727,27.350000381469727,27.350000381469727,5000,0.0,0.0
2024-12-09 05:05:00+00:00,27.350000381469727,27.399999618530273,27.350000381469727,27.399999618530273,5250,0.0,0.0
2024-12-09 05:10:00+00:00,27.350000381469727,27.350000381469727,27.350000381469727,27.350000381469727,3000,0.0,0.0
2024-12-09 05:20:00+00:00,27.450000762939453,27.450000762939453,27.399999618530273,27.399999618530273,6000,0.0,0.0
2024-12-10 01:05:00+00:00,27.399999618530273,27.399999618530273,27.399999618530273,27.399999618530273,0,0.0,0.0
2024-12-10 01:15:00+00:00,27.399999618530273,27.399999618530273,27.399999618530273,27.399999618530273,1000,0.0,0.0
2024-12-10 01:20:00+00:00,27.399999618530273,27.399999618530273,27.399999618530273,27.399999618530273,1100,0.0,0.0
2024-12-10 01:30:00+00:00,27.350000381469727,27.350000381469727,27.350000381469727,27.350000381469727,5001,0.0,0.0
2024-12-10 01:35:00+00:00,27.299999237060547,27.299999237060547,27.299999237060547,27.299999237060547,4000,0.0,0.0
2024-12-10 01:40:00+00:00,27.25,27.25,27.25,27.25,1000,0.0,0.0
2024-12-10 01:45:00+00:00,27.299999237060547,27.299999237060547,27.299999237060547,27.299999237060547,1000,0.0,0.0
2024-12-10 01:50:00+00:00,27.299999237060547,27.299999237060547,27.299999237060547,27.299999237060547,1000,0.0,0.0
2024-12-10 01:55:00+00:00,27.299999237060547,27.299999237060547,27.299999237060547,27.299999237060547,1050,0.0,0.0
2024-12-10 02:10:00+00:00,27.25,27.25,27.25,27.25,1000,0.0,0.0
2024-12-10 02:20:00+00:00,27.299999237060547,27.350000381469727,27.299999237060547,27.350000381469727,5001,0.0,0.0
2024-12-10 02:45:00+00:00,27.25,27.25,27.25,27.25,3000,0.0,0.0
2024-12-10 03:05:00+00:00,27.25,27.25,27.25,27.25,3000,0.0,0.0
2024-12-10 03:10:00+00:00,27.200000762939453,27.200000762939453,27.200000762939453,27.200000762939453,1000,0.0,0.0
2024-12-10 03:20:00+00:00,27.25,27.25,27.25,27.25,3000,0.0,0.0
2024-12-10 03:35:00+00:00,27.200000762939453,27.200000762939453,27.200000762939453,27.200000762939453,13000,0.0,0.0
2024-12-10 03:45:00+00:00,27.149999618530273,27.149999618530273,27.149999618530273,27.149999618530273,1000,0.0,0.0
2024-12-10 03:50:00+00:00,27.200000762939453,27.200000762939453,27.200000762939453,27.200000762939453,3000,0.0,0.0
2024-12-10 03:55:00+00:00,27.149999618530273,27.149999618530273,27.149999618530273,27.149999618530273,5000,0.0,0.0
2024-12-10 04:00:00+00:00,27.100000381469727,27.100000381469727,27.100000381469727,27.100000381469727,5000,0.0,0.0
2024-12-10 04:10:00+00:00,27.100000381469727,27.100000381469727,27.100000381469727,27.100000381469727,1001,0.0,0.0
2024-12-10 04:15:00+00:00,27.149999618530273,27.149999618530273,27.149999618530273,27.149999618530273,1000,0.0,0.0
2024-12-10 04:20:00+00:00,27.200000762939453,27.200000762939453,27.200000762939453,27.200000762939453,1000,0.0,0.0
2024-12-10 04:40:00+00:00,27.200000762939453,27.200000762939453,27.200000762939453,27.200000762939453,13050,0.0,0.0
2024-12-10 04:55:00+00:00,27.200000762939453,27.200000762939453,27.200000762939453,27.200000762939453,3001,0.0,0.0
2024-12-10 05:15:00+00:00,27.149999618530273,27.149999618530273,27.149999618530273,27.149999618530273,1000,0.0,0.0
2024-12-10 05:20:00+00:00,27.100000381469727,27.100000381469727,27.100000381469727,27.100000381469727,1000,0.0,0.0
2024-12-11 01:00:00+00:00,27.049999237060547,27.049999237060547,27.0,27.0,0,0.0,0.0
2024-12-11 01:05:00+00:00,26.950000762939453,26.950000762939453,26.950000762939453,26.950000762939453,3823,0.0,0.0
2024-12-11 01:10:00+00:00,26.950000762939453,26.950000762939453,26.950000762939453,26.950000762939453,3075,0.0,0.0
2024-12-11 01:15:00+00:00,27.0,27.0,27.0,27.0,3000,0.0,0.0
2024-12-11 01:20:00+00:00,27.0,27.0,27.0,27.0,3000,0.0,0.0
2024-12-11 01:25:00+00:00,27.0,27.0,26.950000762939453,26.950000762939453,6000,0.0,0.0
2024-12-11 01:35:00+00:00,26.899999618530273,26.899999618530273,26.899999618530273,26.899999618530273,4051,0.0,0.0
2024-12-11 01:45:00+00:00,26.899999618530273,26.899999618530273,26.899999618530273,26.899999618530273,2000,0.0,0.0
2024-12-11 01:50:00+00:00,26.899999618530273,26.899999618530273,26.899999618530273,26.899999618530273,5000,0.0,0.0
2024-12-11 01:55:00+00:00,26.950000762939453,26.950000762939453,26.850000381469727,26.850000381469727,11360,0.0,0.0
2024-12-11 02:15:00+00:00,26.850000381469727,26.850000381469727,26.850000381469727,26.850000381469727,9000,0.0,0.0
2024-12-11 02:20:00+00:00,26.850000381469727,26.850000381469727,26.75,26.75,22204,0.0,0.0
2024-12-11 02:25:00+00:00,26.75,26.75,26.75,26.75,5000,0.0,0.0
2024-12-11 02:30:00+00:00,26.799999237060547,26.799999237060547,26.799999237060547,26.799999237060547,2000,0.0,0.0
2024-12-11 02:35:00+00:00,26.799999237060547,26.799999237060547,26.799999237060547,26.799999237060547,3145,0.0,0.0
2024-12-11 02:40:00+00:00,26.799999237060547,26.799999237060547,26.799999237060547,26.799999237060547,4000,0.0,0.0
2024-12-11 02:50:00+00:00,26.850000381469727,26.850000381469727,26.850000381469727,26.850000381469727,7101,0.0,0.0
2024-12-11 03:20:00+00:00,26.799999237060547,26.850000381469727,26.799999237060547,26.850000381469727,32112,0.0,0.0
2024-12-11 03:40:00+00:00,26.899999618530273,26.899999618530273,26.899999618530273,26.899999618530273,3000,0.0,0.0
2024-12-11 03:50:00+00:00,26.799999237060547,26.799999237060547,26.799999237060547,26.799999237060547,7000,0.0,0.0
2024-12-11 04:05:00+00:00,26.799999237060547,26.799999237060547,26.799999237060547,26.799999237060547,2000,0.0,0.0
2024-12-11 04:15:00+00:00,26.850000381469727,26.850000381469727,26.850000381469727,26.850000381469727,2023,0.0,0.0
2024-12-11 04:25:00+00:00,26.799999237060547,26.799999237060547,26.799999237060547,26.799999237060547,6000,0.0,0.0
2024-12-11 04:30:00+00:00,26.799999237060547,26.799999237060547,26.799999237060547,26.799999237060547,3001,0.0,0.0
2024-12-11 04:40:00+00:00,26.75,26.75,26.75,26.75,1202,0.0,0.0
2024-12-11 04:45:00+00:00,26.75,26.75,26.75,26.75,10167,0.0,0.0
2024-12-11 04:50:00+00:00,26.75,26.75,26.700000762939453,26.700000762939453,5000,0.0,0.0
2024-12-11 04:55:00+00:00,26.700000762939453,26.700000762939453,26.700000762939453,26.700000762939453,1000,0.0,0.0
2024-12-11 05:00:00+00:00,26.700000762939453,26.700000762939453,26.700000762939453,26.700000762939453,1000,0.0,0.0
2024-12-11 05:05:00+00:00,26.700000762939453,26.700000762939453,26.649999618530273,26.649999618530273,33590,0.0,0.0
2024-12-11 05:10:00+00:00,26.600000381469727,26.649999618530273,26.600000381469727,26.649999618530273,10350,0.0,0.0
2024-12-11 05:15:00+00:00,26.700000762939453,26.700000762939453,26.700000762939453,26.700000762939453,4000,0.0,0.0
2024-12-11 05:20:00+00:00,26.700000762939453,26.700000762939453,26.649999618530273,26.649999618530273,10667,0.0,0.0
2024-12-12 01:00:00+00:00,26.649999618530273,26.799999237060547,26.649999618530273,26.799999237060547,0,0.0,0.0
2024-12-12 01:10:00+00:00,26.75,26.75,26.75,26.75,1007,0.0,0.0
2024-12-12 01:15:00+00:00,26.850000381469727,26.850000381469727,26.850000381469727,26.850000381469727,3000,0.0,0.0
2024-12-12 01:20:00+00:00,26.850000381469727,26.850000381469727,26.850000381469727,26.850000381469727,1000,0.0,0.0
2024-12-12 01:25:00+00:00,26.850000381469727,26.850000381469727,26.850000381469727,26.850000381469727,4000,0.0,0.0
2024-12-12 01:30:00+00:00,26.899999618530273,26.950000762939453,26.899999618530273,26.950000762939453,11000,0.0,0.0
2024-12-12 01:40:00+00:00,26.899999618530273,26.899999618530273,26.899999618530273,26.899999618530273,2000,0.0,0.0
2024-12-12 01:45:00+00:00,26.899999618530273,26.899999618530273,26.899999618530273,26.899999618530273,1000,0.0,0.0
2024-12-12 01:55:00+00:00,26.850000381469727,26.850000381469727,26.850000381469727,26.850000381469727,4000,0.0,0.0
2024-12-12 02:10:00+00:00,26.799999237060547,26.799999237060547,26.799999237060547,26.799999237060547,9000,0.0,0.0
2024-12-12 02:25:00+00:00,26.850000381469727,26.850000381469727,26.850000381469727,26.850000381469727,1001,0.0,0.0
2024-12-12 02:45:00+00:00,26.850000381469727,26.850000381469727,26.850000381469727,26.850000381469727,1014,0.0,0.0
2024-12-12 03:10:00+00:00,26.75,26.75,26.75,26.75,5158,0.0,0.0
2024-12-12 03:15:00+00:00,26.700000762939453,26.700000762939453,26.700000762939453,26.700000762939453,1003,0.0,0.0
2024-12-12 03:20:00+00:00,26.700000762939453,26.700000762939453,26.700000762939453,26.700000762939453,6000,0.0,0.0
2024-12-12 03:40:00+00:00,26.75,26.75,26.75,26.75,3000,0.0,0.0
2024-12-12 03:45:00+00:00,26.700000762939453,26.700000762939453,26.700000762939453,26.700000762939453,4202,0.0,0.0
2024-12-12 03:55:00+00:00,26.700000762939453,26.700000762939453,26.700000762939453,26.700000762939453,1135,0.0,0.0
2024-12-12 04:15:00+00:00,26.649999618530273,26.649999618530273,26.649999618530273,26.649999618530273,4000,0.0,0.0
2024-12-12 04:25:00+00:00,26.700000762939453,26.700000762939453,26.700000762939453,26.700000762939453,10250,0.0,0.0
2024-12-12 04:30:00+00:00,26.649999618530273,26.649999618530273,26.649999618530273,26.649999618530273,3050,0.0,0.0
2024-12-12 04:45:00+00:00,26.649999618530273,26.649999618530273,26.649999618530273,26.649999618530273,1000,0.0,0.0
2024-12-12 04:50:00+00:00,26.649999618530273,26.649999618530273,26.649999618530273,26.649999618530273,11000,0.0,0.0
2024-12-12 05:10:00+00:00,26.649999618530273,26.850000381469727,26.649999618530273,26.649999618530273,11300,0.0,0.0
2024-12-12 05:20:00+00:00,26.649999618530273,26.649999618530273,26.649999618530273,26.649999618530273,1000,0.0,0.0
2024-12-13 01:00:00+00:00,26.600000381469727,26.600000381469727,26.5,26.5,0,0.0,0.0
2024-12-13 01:05:00+00:00,26.5,26.549999237060547,26.5,26.5,4000,0.0,0.0
2024-12-13 01:10:00+00:00,26.549999237060547,26.549999237060547,26.549999237060547,26.549999237060547,2008,0.0,0.0
2024-12-13 01:40:00+00:00,26.5,26.5,26.399999618530273,26.399999618530273,16971,0.0,0.0
2024-12-13 01:45:00+00:00,26.399999618530273,26.399999618530273,26.399999618530273,26.399999618530273,1001,0.0,0.0
2024-12-13 01:50:00+00:00,26.399999618530273,26.399999618530273,26.399999618530273,26.399999618530273,2163,0.0,0.0
2024-12-13 02:00:00+00:00,26.399999618530273,26.399999618530273,26.350000381469727,26.350000381469727,5000,0.0,0.0
2024-12-13 02:05:00+00:00,26.350000381469727,26.350000381469727,26.299999237060547,26.299999237060547,7085,0.0,0.0
2024-12-13 02:10:00+00:00,26.25,26.25,26.149999618530273,26.149999618530273,29650,0.0,0.0
2024-12-13 02:15:00+00:00,26.200000762939453,26.200000762939453,26.200000762939453,26.200000762939453,2000,0.0,0.0
2024-12-13 02:20:00+00:00,26.200000762939453,26.200000762939453,26.200000762939453,26.200000762939453,1000,0.0,0.0
2024-12-13 02:25:00+00:00,26.25,26.25,26.25,26.25,4079,0.0,0.0
2024-12-13 02:35:00+00:00,26.25,26.25,26.200000762939453,26.200000762939453,24701,0.0,0.0
2024-12-13 02:40:00+00:00,26.200000762939453,26.200000762939453,26.200000762939453,26.200000762939453,1218,0.0,0.0
2024-12-13 03:10:00+00:00,26.25,26.25,26.200000762939453,26.200000762939453,5000,0.0,0.0
2024-12-13 03:20:00+00:00,26.200000762939453,26.200000762939453,26.200000762939453,26.200000762939453,1000,0.0,0.0
2024-12-13 03:25:00+00:00,26.200000762939453,26.200000762939453,26.200000762939453,26.200000762939453,12000,0.0,0.0
2024-12-13 03:35:00+00:00,26.200000762939453,26.200000762939453,26.200000762939453,26.200000762939453,2000,0.0,0.0
2024-12-13 03:40:00+00:00,26.25,26.25,26.25,26.25,1000,0.0,0.0
2024-12-13 03:55:00+00:00,26.25,26.25,26.25,26.25,5000,0.0,0.0
2024-12-13 04:05:00+00:00,26.200000762939453,26.200000762939453,26.200000762939453,26.200000762939453,4000,0.0,0.0
2024-12-13 04:10:00+00:00,26.200000762939453,26.200000762939453,26.100000381469727,26.100000381469727,13060,0.0,0.0
2024-12-13 04:15:00+00:00,26.100000381469727,26.100000381469727,26.100000381469727,26.100000381469727,2000,0.0,0.0
2024-12-13 04:25:00+00:00,26.149999618530273,26.149999618530273,26.149999618530273,26.149999618530273,8000,0.0,0.0
2024-12-13 04:30:00+00:00,26.200000762939453,26.200000762939453,26.200000762939453,26.200000762939453,1109,0.0,0.0
2024-12-13 04:40:00+00:00,26.149999618530273,26.149999618530273,26.149999618530273,26.149999618530273,1350,0.0,0.0
2024-12-13 04:45:00+00:00,26.149999618530273,26.200000762939453,26.149999618530273,26.149999618530273,4001,0.0,0.0
2024-12-13 04:55:00+00:00,26.149999618530273,26.149999618530273,26.049999237060547,26.100000381469727,21127,0.0,0.0
2024-12-13 05:05:00+00:00,26.100000381469727,26.100000381469727,26.100000381469727,26.100000381469727,3099,0.0,0.0
2024-12-13 05:10:00+00:00,26.100000381469727,26.100000381469727,26.049999237060547,26.049999237060547,4583,0.0,0.0
2024-12-16 01:00:00+00:00,26.0,26.149999618530273,26.0,26.149999618530273,0,0.0,0.0
2024-12-16 01:05:00+00:00,26.149999618530273,26.149999618530273,26.149999618530273,26.149999618530273,2002,0.0,0.0
2024-12-16 01:10:00+00:00,26.149999618530273,26.200000762939453,26.100000381469727,26.200000762939453,4201,0.0,0.0
2024-12-16 01:20:00+00:00,26.100000381469727,26.100000381469727,26.049999237060547,26.049999237060547,3044,0.0,0.0
2024-12-16 01:25:00+00:00,26.049999237060547,26.049999237060547,26.049999237060547,26.049999237060547,1000,0.0,0.0
2024-12-16 01:30:00+00:00,26.049999237060547,26.049999237060547,26.0,26.0,8000,0.0,0.0
2024-12-16 01:40:00+00:00,26.049999237060547,26.049999237060547,26.049999237060547,26.049999237060547,2000,0.0,0.0
2024-12-16 01:45:00+00:00,26.049999237060547,26.049999237060547,26.0,26.0,7904,0.0,0.0
2024-12-16 02:10:00+00:00,26.0,26.0,26.0,26.0,1001,0.0,0.0
2024-12-16 02:15:00+00:00,26.0,26.0,26.0,26.0,4000,0.0,0.0
2024-12-16 02:20:00+00:00,26.0,26.0,26.0,26.0,7000,0.0,0.0
2024-12-16 02:25:00+00:00,26.0,26.0,26.0,26.0,1000,0.0,0.0
2024-12-16 02:35:00+00:00,26.0,26.0,26.0,26.0,2101,0.0,0.0
2024-12-16 02:45:00+00:00,25.950000762939453,25.950000762939453,25.950000762939453,25.950000762939453,3000,0.0,0.0
2024-12-16 02:50:00+00:00,26.0,26.0,26.0,26.0,2000,0.0,0.0
2024-12-16 02:55:00+00:00,25.899999618530273,25.899999618530273,25.899999618530273,25.899999618530273,3064,0.0,0.0
2024-12-16 03:00:00+00:00,25.850000381469727,25.850000381469727,25.850000381469727,25.850000381469727,2201,0.0,0.0
2024-12-16 03:10:00+00:00,25.850000381469727,25.850000381469727,25.850000381469727,25.850000381469727,1105,0.0,0.0
2024-12-16 03:20:00+00:00,25.850000381469727,25.850000381469727,25.799999237060547,25.799999237060547,9252,0.0,0.0
2024-12-16 03:35:00+00:00,25.799999237060547,25.799999237060547,25.799999237060547,25.799999237060547,2000,0.0,0.0
2024-12-16 03:40:00+00:00,25.799999237060547,25.799999237060547,25.75,25.75,16023,0.0,0.0
2024-12-16 03:45:00+00:00,25.75,25.75,25.75,25.75,1000,0.0,0.0
2024-12-16 03:55:00+00:00,25.700000762939453,25.700000762939453,25.700000762939453,25.700000762939453,4081,0.0,0.0
2024-12-16 04:00:00+00:00,25.649999618530273,25.700000762939453,25.649999618530273,25.700000762939453,2000,0.0,0.0
2024-12-16 04:10:00+00:00,25.700000762939453,25.700000762939453,25.700000762939453,25.700000762939453,1000,0.0,0.0
2024-12-16 04:15:00+00:00,25.649999618530273,25.649999618530273,25.649999618530273,25.649999618530273,3000,0.0,0.0
2024-12-16 04:20:00+00:00,25.600000381469727,25.600000381469727,25.600000381469727,25.600000381469727,5322,0.0,0.0
2024-12-16 04:30:00+00:00,25.600000381469727,25.600000381469727,25.600000381469727,25.600000381469727,10053,0.0,0.0
2024-12-16 04:35:00+00:00,25.600000381469727,25.600000381469727,25.600000381469727,25.600000381469727,1000,0.0,0.0
2024-12-16 04:40:00+00:00,25.600000381469727,25.600000381469727,25.549999237060547,25.549999237060547,5300,0.0,0.0
2024-12-16 04:45:00+00:00,25.549999237060547,25.549999237060547,25.549999237060547,25.549999237060547,4224,0.0,0.0
2024-12-16 04:50:00+00:00,25.549999237060547,25.549999237060547,25.549999237060547,25.549999237060547,1348,0.0,0.0
2024-12-16 04:55:00+00:00,25.5,25.5,25.450000762939453,25.450000762939453,10138,0.0,0.0
2024-12-16 05:00:00+00:00,25.450000762939453,25.450000762939453,25.450000762939453,25.450000762939453,3000,0.0,0.0
2024-12-16 05:05:00+00:00,25.450000762939453,25.450000762939453,25.399999618530273,25.399999618530273,20000,0.0,0.0
2024-12-16 05:10:00+00:00,25.450000762939453,25.5,25.450000762939453,25.5,3000,0.0,0.0
2024-12-16 05:15:00+00:00,25.450000762939453,25.450000762939453,25.399999618530273,25.399999618530273,6020,0.0,0.0
2024-12-16 05:20:00+00:00,25.450000762939453,25.450000762939453,25.399999618530273,25.399999618530273,4127,0.0,0.0
2024-12-17 01:00:00+00:00,25.75,25.850000381469727,25.75,25.850000381469727,0,0.0,0.0
2024-12-17 01:05:00+00:00,25.600000381469727,25.600000381469727,25.600000381469727,25.600000381469727,10005,0.0,0.0
2024-12-17 01:15:00+00:00,25.700000762939453,25.850000381469727,25.700000762939453,25.850000381469727,9000,0.0,0.0
2024-12-17 01:25:00+00:00,25.799999237060547,25.799999237060547,25.799999237060547,25.799999237060547,1050,0.0,0.0
2024-12-17 01:35:00+00:00,25.75,25.75,25.75,25.75,4000,0.0,0.0
2024-12-17 01:45:00+00:00,25.75,25.75,25.75,25.75,3000,0.0,0.0
2024-12-17 01:50:00+00:00,25.799999237060547,25.799999237060547,25.799999237060547,25.799999237060547,1001,0.0,0.0
2024-12-17 02:00:00+00:00,25.75,25.75,25.75,25.75,7000,0.0,0.0
2024-12-17 02:10:00+00:00,25.75,25.75,25.75,25.75,4000,0.0,0.0
2024-12-17 02:20:00+00:00,25.75,25.75,25.75,25.75,1000,0.0,0.0
2024-12-17 02:25:00+00:00,25.75,25.75,25.75,25.75,1006,0.0,0.0
2024-12-17 02:30:00+00:00,25.75,25.75,25.75,25.75,1000,0.0,0.0
2024-12-17 02:40:00+00:00,25.75,25.75,25.75,25.75,6000,0.0,0.0
2024-12-17 02:50:00+00:00,25.700000762939453,25.700000762939453,25.700000762939453,25.700000762939453,1000,0.0,0.0
2024-12-17 02:55:00+00:00,25.700000762939453,25.799999237060547,25.700000762939453,25.799999237060547,6102,0.0,0.0
2024-12-17 03:30:00+00:00,25.700000762939453,25.700000762939453,25.649999618530273,25.649999618530273,10011,0.0,0.0
2024-12-17 03:35:00+00:00,25.700000762939453,25.700000762939453,25.700000762939453,25.700000762939453,1001,0.0,0.0
2024-12-17 03:50:00+00:00,25.700000762939453,25.700000762939453,25.700000762939453,25.700000762939453,1000,0.0,0.0
2024-12-17 04:05:00+00:00,25.700000762939453,25.700000762939453,25.700000762939453,25.700000762939453,1000,0.0,0.0
2024-12-17 04:20:00+00:00,25.75,25.75,25.75,25.75,2000,0.0,0.0
2024-12-17 04:25:00+00:00,25.75,25.799999237060547,25.75,25.799999237060547,3249,0.0,0.0
2024-12-17 04:30:00+00:00,25.75,25.75,25.75,25.75,2000,0.0,0.0
2024-12-17 04:35:00+00:00,25.75,25.75,25.75,25.75,1000,0.0,0.0
2024-12-17 04:40:00+00:00,25.75,25.75,25.75,25.75,1000,0.0,0.0
2024-12-17 04:50:00+00:00,25.700000762939453,25.700000762939453,25.700000762939453,25.700000762939453,1000,0.0,0.0
2024-12-17 04:55:00+00:00,25.700000762939453,25.75,25.700000762939453,25.75,7000,0.0,0.0
2024-12-17 05:00:00+00:00,25.75,25.75,25.75,25.75,5001,0.0,0.0
2024-12-17 05:10:00+00:00,25.799999237060547,25.799999237060547,25.799999237060547,25.799999237060547,9001,0.0,0.0
2024-12-17 05:15:00+00:00,25.850000381469727,25.850000381469727,25.799999237060547,25.799999237060547,6301,0.0,0.0
2024-12-17 05:20:00+00:00,25.850000381469727,25.850000381469727,25.850000381469727,25.850000381469727,1966,0.0,0.0
2024-12-18 01:00:00+00:00,25.899999618530273,25.899999618530273,25.649999618530273,25.649999618530273,0,0.0,0.0
2024-12-18 01:05:00+00:00,25.649999618530273,25.649999618530273,25.649999618530273,25.649999618530273,2004,0.0,0.0
2024-12-18 01:15:00+00:00,25.649999618530273,25.700000762939453,25.649999618530273,25.649999618530273,5000,0.0,0.0
2024-12-18 01:20:00+00:00,25.649999618530273,25.649999618530273,25.5,25.5,10000,0.0,0.0
2024-12-18 01:45:00+00:00,25.600000381469727,25.600000381469727,25.600000381469727,25.600000381469727,1000,0.0,0.0
2024-12-18 02:05:00+00:00,25.700000762939453,25.700000762939453,25.649999618530273,25.649999618530273,3000,0.0,0.0
2024-12-18 02:15:00+00:00,25.700000762939453,25.700000762939453,25.700000762939453,25.700000762939453,1030,0.0,0.0
2024-12-18 02:30:00+00:00,25.850000381469727,25.850000381469727,25.850000381469727,25.850000381469727,2010,0.0,0.0
2024-12-18 03:25:00+00:00,25.799999237060547,25.799999237060547,25.799999237060547,25.799999237060547,1020,0.0,0.0
2024-12-18 03:45:00+00:00,25.75,25.75,25.75,25.75,10000,0.0,0.0
2024-12-18 03:50:00+00:00,25.799999237060547,25.799999237060547,25.799999237060547,25.799999237060547,1000,0.0,0.0
2024-12-18 04:05:00+00:00,25.75,25.75,25.75,25.75,1000,0.0,0.0
2024-12-18 04:10:00+00:00,25.75,25.75,25.75,25.75,1000,0.0,0.0
2024-12-18 04:15:00+00:00,25.75,25.75,25.75,25.75,10000,0.0,0.0
2024-12-18 04:25:00+00:00,25.75,25.850000381469727,25.75,25.850000381469727,12000,0.0,0.0
2024-12-18 04:30:00+00:00,25.850000381469727,25.850000381469727,25.850000381469727,25.850000381469727,1000,0.0,0.0
2024-12-18 04:35:00+00:00,25.850000381469727,25.950000762939453,25.850000381469727,25.950000762939453,16100,0.0,0.0
2024-12-18 04:40:00+00:00,25.899999618530273,25.899999618530273,25.899999618530273,25.899999618530273,5309,0.0,0.0
2024-12-18 04:50:00+00:00,25.899999618530273,25.899999618530273,25.899999618530273,25.899999618530273,5000,0.0,0.0
2024-12-18 04:55:00+00:00,25.850000381469727,25.850000381469727,25.850000381469727,25.850000381469727,1000,0.0,0.0
2024-12-18 05:05:00+00:00,25.799999237060547,25.799999237060547,25.799999237060547,25.799999237060547,5001,0.0,0.0
2024-12-18 05:20:00+00:00,25.850000381469727,25.850000381469727,25.799999237060547,25.799999237060547,18335,0.0,0.0
2024-12-19 01:00:00+00:00,25.600000381469727,25.600000381469727,25.5,25.5,0,0.0,0.0
2024-12-19 01:05:00+00:00,25.850000381469727,25.850000381469727,25.799999237060547,25.799999237060547,8503,0.0,0.0
2024-12-19 01:10:00+00:00,25.649999618530273,25.649999618530273,25.649999618530273,25.649999618530273,1010,0.0,0.0
2024-12-19 01:15:00+00:00,25.799999237060547,25.799999237060547,25.799999237060547,25.799999237060547,5000,0.0,0.0
2024-12-19 01:25:00+00:00,25.75,25.75,25.75,25.75,1081,0.0,0.0
2024-12-19 01:35:00+00:00,25.700000762939453,25.700000762939453,25.700000762939453,25.700000762939453,1000,0.0,0.0
2024-12-19 01:45:00+00:00,25.75,25.75,25.75,25.75,2051,0.0,0.0
2024-12-19 01:55:00+00:00,25.75,25.75,25.75,25.75,2000,0.0,0.0
2024-12-19 02:00:00+00:00,25.75,25.75,25.75,25.75,4001,0.0,0.0
2024-12-19 02:20:00+00:00,25.700000762939453,25.700000762939453,25.700000762939453,25.700000762939453,1059,0.0,0.0
2024-12-19 02:25:00+00:00,25.700000762939453,25.700000762939453,25.700000762939453,25.700000762939453,1001,0.0,0.0
2024-12-19 02:45:00+00:00,25.700000762939453,25.700000762939453,25.700000762939453,25.700000762939453,4000,0.0,0.0
2024-12-19 02:50:00+00:00,25.75,25.75,25.75,25.75,4000,0.0,0.0
2024-12-19 02:55:00+00:00,25.700000762939453,25.700000762939453,25.700000762939453,25.700000762939453,1000,0.0,0.0
2024-12-19 03:00:00+00:00,25.700000762939453,25.700000762939453,25.700000762939453,25.700000762939453,1000,0.0,0.0
2024-12-19 03:15:00+00:00,25.700000762939453,25.75,25.700000762939453,25.75,8000,0.0,0.0
2024-12-19 03:25:00+00:00,25.700000762939453,25.700000762939453,25.600000381469727,25.600000381469727,7165,0.0,0.0
2024-12-19 03:30:00+00:00,25.600000381469727,25.600000381469727,25.600000381469727,25.600000381469727,1002,0.0,0.0
2024-12-19 04:05:00+00:00,25.600000381469727,25.600000381469727,25.600000381469727,25.600000381469727,1000,0.0,0.0
2024-12-19 04:20:00+00:00,25.600000381469727,25.600000381469727,25.600000381469727,25.600000381469727,5101,0.0,0.0
2024-12-19 04:25:00+00:00,25.549999237060547,25.549999237060547,25.549999237060547,25.549999237060547,10000,0.0,0.0
2024-12-19 04:30:00+00:00,25.700000762939453,25.700000762939453,25.700000762939453,25.700000762939453,1000,0.0,0.0
2024-12-19 04:35:00+00:00,25.649999618530273,25.649999618530273,25.649999618530273,25.649999618530273,1001,0.0,0.0
2024-12-19 04:40:00+00:00,25.649999618530273,25.649999618530273,25.600000381469727,25.600000381469727,2000,0.0,0.0
2024-12-19 04:45:00+00:00,25.649999618530273,25.649999618530273,25.600000381469727,25.600000381469727,4001,0.0,0.0
2024-12-19 04:50:00+00:00,25.600000381469727,25.649999618530273,25.600000381469727,25.649999618530273,2100,0.0,0.0
2024-12-19 04:55:00+00:00,25.549999237060547,25.549999237060547,25.549999237060547,25.549999237060547,10001,0.0,0.0
2024-12-19 05:00:00+00:00,25.5,25.5,25.5,25.5,5000,0.0,0.0
2024-12-19 05:05:00+00:00,25.549999237060547,25.649999618530273,25.549999237060547,25.649999618530273,4000,0.0,0.0
2024-12-19 05:15:00+00:00,25.649999618530273,25.649999618530273,25.549999237060547,25.549999237060547,4000,0.0,0.0
2024-12-19 05:20:00+00:00,25.549999237060547,25.649999618530273,25.549999237060547,25.649999618530273,16229,0.0,0.0
2024-12-20 01:00:00+00:00,25.700000762939453,25.700000762939453,25.700000762939453,25.700000762939453,0,0.0,0.0
2024-12-20 01:10:00+00:00,25.700000762939453,25.700000762939453,25.700000762939453,25.700000762939453,1000,0.0,0.0
2024-12-20 01:15:00+00:00,25.75,25.799999237060547,25.75,25.75,8000,0.0,0.0
2024-12-20 01:20:00+00:00,25.75,26.0,25.75,26.0,26003,0.0,0.0
2024-12-20 01:25:00+00:00,25.950000762939453,26.049999237060547,25.950000762939453,26.049999237060547,9024,0.0,0.0
2024-12-20 01:30:00+00:00,26.049999237060547,26.049999237060547,26.049999237060547,26.049999237060547,1001,0.0,0.0
2024-12-20 01:35:00+00:00,26.100000381469727,26.149999618530273,26.049999237060547,26.149999618530273,6010,0.0,0.0
2024-12-20 01:45:00+00:00,26.100000381469727,26.100000381469727,26.049999237060547,26.049999237060547,9000,0.0,0.0
2024-12-20 01:50:00+00:00,26.0,26.0,26.0,26.0,2000,0.0,0.0
2024-12-20 01:55:00+00:00,26.0,26.100000381469727,26.0,26.100000381469727,14000,0.0,0.0
2024-12-20 02:00:00+00:00,26.100000381469727,26.100000381469727,26.100000381469727,26.100000381469727,1001,0.0,0.0
2024-12-20 02:05:00+00:00,26.149999618530273,26.149999618530273,26.100000381469727,26.149999618530273,12000,0.0,0.0
2024-12-20 02:10:00+00:00,26.200000762939453,26.200000762939453,26.200000762939453,26.200000762939453,4000,0.0,0.0
2024-12-20 02:15:00+00:00,26.149999618530273,26.149999618530273,26.100000381469727,26.100000381469727,7000,0.0,0.0
2024-12-20 02:20:00+00:00,26.149999618530273,26.149999618530273,26.049999237060547,26.049999237060547,6011,0.0,0.0
2024-12-20 02:50:00+00:00,26.100000381469727,26.100000381469727,26.100000381469727,26.100000381469727,1000,0.0,0.0
2024-12-20 02:55:00+00:00,26.200000762939453,26.200000762939453,26.200000762939453,26.200000762939453,1003,0.0,0.0
2024-12-20 03:10:00+00:00,26.100000381469727,26.100000381469727,26.100000381469727,26.100000381469727,3000,0.0,0.0
2024-12-20 03:15:00+00:00,26.049999237060547,26.049999237060547,26.049999237060547,26.049999237060547,8000,0.0,0.0
2024-12-20 03:25:00+00:00,26.100000381469727,26.100000381469727,26.100000381469727,26.100000381469727,2001,0.0,0.0
2024-12-20 03:30:00+00:00,26.049999237060547,26.049999237060547,26.049999237060547,26.049999237060547,1000,0.0,0.0
2024-12-20 03:45:00+00:00,26.049999237060547,26.049999237060547,26.049999237060547,26.049999237060547,1000,0.0,0.0
2024-12-20 03:55:00+00:00,26.049999237060547,26.049999237060547,26.049999237060547,26.049999237060547,1000,0.0,0.0
2024-12-20 04:00:00+00:00,26.049999237060547,26.049999237060547,26.049999237060547,26.049999237060547,5000,0.0,0.0
2024-12-20 04:10:00+00:00,26.049999237060547,26.049999237060547,26.049999237060547,26.049999237060547,1000,0.0,0.0
2024-12-20 04:15:00+00:00,26.049999237060547,26.049999237060547,26.049999237060547,26.049999237060547,1000,0.0,0.0
2024-12-20 04:20:00+00:00,26.049999237060547,26.049999237060547,26.0,26.0,18000,0.0,0.0
2024-12-20 04:25:00+00:00,25.950000762939453,25.950000762939453,25.950000762939453,25.950000762939453,2001,0.0,0.0
2024-12-20 04:30:00+00:00,25.950000762939453,26.0,25.950000762939453,26.0,5001,0.0,0.0
2024-12-20 04:35:00+00:00,26.0,26.0,26.0,26.0,17219,0.0,0.0
2024-12-20 04:45:00+00:00,26.0,26.0,26.0,26.0,5000,0.0,0.0
2024-12-20 04:50:00+00:00,26.0,26.0,26.0,26.0,3000,0.0,0.0
2024-12-20 05:05:00+00:00,26.0,26.049999237060547,26.0,26.049999237060547,16017,0.0,0.0
2024-12-20 05:10:00+00:00,26.0,26.0,25.950000762939453,25.950000762939453,10100,0.0,0.0
2024-12-20 05:15:00+00:00,25.950000762939453,25.950000762939453,25.950000762939453,25.950000762939453,1443,0.0,0.0
2024-12-23 01:00:00+00:00,26.25,26.25,26.25,26.25,0,0.0,0.0
2024-12-23 01:05:00+00:00,26.25,26.25,26.25,26.25,1007,0.0,0.0
2024-12-23 01:10:00+00:00,26.299999237060547,26.450000762939453,26.299999237060547,26.399999618530273,13003,0.0,0.0
2024-12-23 01:25:00+00:00,26.299999237060547,26.299999237060547,26.299999237060547,26.299999237060547,1044,0.0,0.0
2024-12-23 01:35:00+00:00,26.299999237060547,26.299999237060547,26.25,26.25,6000,0.0,0.0
2024-12-23 01:55:00+00:00,26.25,26.25,26.25,26.25,3001,0.0,0.0
2024-12-23 02:10:00+00:00,26.200000762939453,26.200000762939453,26.200000762939453,26.200000762939453,3010,0.0,0.0
2024-12-23 02:25:00+00:00,26.25,26.25,26.25,26.25,4000,0.0,0.0
2024-12-23 02:35:00+00:00,26.200000762939453,26.200000762939453,26.200000762939453,26.200000762939453,2000,0.0,0.0
2024-12-23 02:40:00+00:00,26.200000762939453,26.25,26.200000762939453,26.25,3000,0.0,0.0
2024-12-23 03:05:00+00:00,26.149999618530273,26.149999618530273,26.149999618530273,26.149999618530273,1000,0.0,0.0
2024-12-23 03:10:00+00:00,26.149999618530273,26.149999618530273,26.149999618530273,26.149999618530273,1000,0.0,0.0
2024-12-23 03:20:00+00:00,26.149999618530273,26.149999618530273,26.149999618530273,26.149999618530273,2000,0.0,0.0
2024-12-23 03:25:00+00:00,26.149999618530273,26.149999618530273,26.149999618530273,26.149999618530273,5002,0.0,0.0
2024-12-23 03:45:00+00:00,26.200000762939453,26.200000762939453,26.200000762939453,26.200000762939453,2000,0.0,0.0
2024-12-23 03:50:00+00:00,26.200000762939453,26.200000762939453,26.200000762939453,26.200000762939453,1000,0.0,0.0
2024-12-23 04:15:00+00:00,26.200000762939453,26.200000762939453,26.200000762939453,26.200000762939453,3001,0.0,0.0
2024-12-23 04:30:00+00:00,26.25,26.25,26.25,26.25,1000,0.0,0.0
2024-12-23 04:45:00+00:00,26.25,26.25,26.25,26.25,2000,0.0,0.0
2024-12-23 04:50:00+00:00,26.25,26.25,26.25,26.25,2002,0.0,0.0
2024-12-23 04:55:00+00:00,26.200000762939453,26.200000762939453,26.200000762939453,26.200000762939453,2000,0.0,0.0
2024-12-23 05:00:00+00:00,26.200000762939453,26.200000762939453,26.200000762939453,26.200000762939453,1000,0.0,0.0
2024-12-23 05:05:00+00:00,26.25,26.25,26.25,26.25,1000,0.0,0.0
2024-12-23 05:10:00+00:00,26.25,26.25,26.25,26.25,1000,0.0,0.0
2024-12-23 05:20:00+00:00,26.200000762939453,26.200000762939453,26.200000762939453,26.200000762939453,1365,0.0,0.0
2024-12-24 01:00:00+00:00,26.200000762939453,26.200000762939453,26.200000762939453,26.200000762939453,0,0.0,0.0
2024-12-24 01:05:00+00:00,26.299999237060547,26.299999237060547,26.299999237060547,26.299999237060547,6003,0.0,0.0
2024-12-24 01:15:00+00:00,26.299999237060547,26.350000381469727,26.299999237060547,26.350000381469727,6022,0.0,0.0
2024-12-24 01:20:00+00:00,26.299999237060547,26.450000762939453,26.299999237060547,26.450000762939453,20001,0.0,0.0
2024-12-24 01:25:00+00:00,26.450000762939453,26.5,26.450000762939453,26.5,12001,0.0,0.0
2024-12-24 01:35:00+00:00,26.5,26.5,26.5,26.5,1000,0.0,0.0
2024-12-24 01:40:00+00:00,26.450000762939453,26.450000762939453,26.450000762939453,26.450000762939453,4000,0.0,0.0
2024-12-24 01:45:00+00:00,26.5,26.600000381469727,26.5,26.600000381469727,9000,0.0,0.0
2024-12-24 01:50:00+00:00,26.600000381469727,26.600000381469727,26.450000762939453,26.450000762939453,11000,0.0,0.0
2024-12-24 01:55:00+00:00,26.450000762939453,26.450000762939453,26.450000762939453,26.450000762939453,1000,0.0,0.0
2024-12-24 02:10:00+00:00,26.450000762939453,26.450000762939453,26.450000762939453,26.450000762939453,1000,0.0,0.0
2024-12-24 02:15:00+00:00,26.399999618530273,26.399999618530273,26.399999618530273,26.399999618530273,7190,0.0,0.0
2024-12-24 02:45:00+00:00,26.399999618530273,26.399999618530273,26.399999618530273,26.399999618530273,2651,0.0,0.0
2024-12-24 03:20:00+00:00,26.299999237060547,26.299999237060547,26.299999237060547,26.299999237060547,1000,0.0,0.0
2024-12-24 03:25:00+00:00,26.200000762939453,26.200000762939453,26.200000762939453,26.200000762939453,1000,0.0,0.0
2024-12-24 03:40:00+00:00,26.200000762939453,26.200000762939453,26.200000762939453,26.200000762939453,1000,0.0,0.0
2024-12-24 03:45:00+00:00,26.200000762939453,26.200000762939453,26.200000762939453,26.200000762939453,1000,0.0,0.0
2024-12-24 03:50:00+00:00,26.25,26.25,26.25,26.25,1000,0.0,0.0
2024-12-24 03:55:00+00:00,26.25,26.25,26.25,26.25,1000,0.0,0.0
2024-12-24 04:00:00+00:00,26.25,26.25,26.25,26.25,2000,0.0,0.0
2024-12-24 04:05:00+00:00,26.25,26.25,26.25,26.25,1000,0.0,0.0
2024-12-24 04:10:00+00:00,26.200000762939453,26.200000762939453,26.200000762939453,26.200000762939453,2060,0.0,0.0
2024-12-24 04:25:00+00:00,26.200000762939453,26.200000762939453,26.200000762939453,26.200000762939453,2000,0.0,0.0
2024-12-24 04:35:00+00:00,26.25,26.25,26.25,26.25,4000,0.0,0.0
2024-12-24 04:45:00+00:00,26.25,26.25,26.25,26.25,4001,0.0,0.0
2024-12-24 05:05:00+00:00,26.200000762939453,26.25,26.200000762939453,26.25,2250,0.0,0.0
2024-12-25 01:00:00+00:00,26.5,26.5,26.5,26.5,0,0.0,0.0
2024-12-25 01:15:00+00:00,26.399999618530273,26.399999618530273,26.399999618530273,26.399999618530273,4001,0.0,0.0
2024-12-25 01:40:00+00:00,26.350000381469727,26.350000381469727,26.350000381469727,26.350000381469727,1001,0.0,0.0
2024-12-25 01:45:00+00:00,26.399999618530273,26.399999618530273,26.399999618530273,26.399999618530273,3000,0.0,0.0
2024-12-25 01:50:00+00:00,26.350000381469727,26.399999618530273,26.350000381469727,26.399999618530273,4001,0.0,0.0
2024-12-25 02:25:00+00:00,26.399999618530273,26.399999618530273,26.399999618530273,26.399999618530273,3000,0.0,0.0
2024-12-25 02:40:00+00:00,26.350000381469727,26.350000381469727,26.350000381469727,26.350000381469727,2000,0.0,0.0
2024-12-25 02:45:00+00:00,26.299999237060547,26.350000381469727,26.299999237060547,26.350000381469727,4000,0.0,0.0
2024-12-25 02:50:00+00:00,26.399999618530273,26.399999618530273,26.399999618530273,26.399999618530273,1001,0.0,0.0
2024-12-25 03:25:00+00:00,26.350000381469727,26.350000381469727,26.350000381469727,26.350000381469727,1022,0.0,0.0
2024-12-25 03:30:00+00:00,26.299999237060547,26.299999237060547,26.299999237060547,26.299999237060547,1000,0.0,0.0
2024-12-25 03:35:00+00:00,26.25,26.25,26.25,26.25,2021,0.0,0.0
2024-12-25 04:10:00+00:00,26.299999237060547,26.299999237060547,26.299999237060547,26.299999237060547,1000,0.0,0.0
2024-12-25 04:20:00+00:00,26.25,26.25,26.25,26.25,2051,0.0,0.0
2024-12-25 04:35:00+00:00,26.25,26.25,26.25,26.25,2000,0.0,0.0
2024-12-25 04:40:00+00:00,26.350000381469727,26.350000381469727,26.350000381469727,26.350000381469727,2000,0.0,0.0
2024-12-25 04:45:00+00:00,26.299999237060547,26.299999237060547,26.299999237060547,26.299999237060547,30000,0.0,0.0
2024-12-25 05:00:00+00:00,26.399999618530273,26.399999618530273,26.350000381469727,26.350000381469727,6000,0.0,0.0
2024-12-25 05:05:00+00:00,26.450000762939453,26.450000762939453,26.450000762939453,26.450000762939453,1000,0.0,0.0
2024-12-25 05:10:00+00:00,26.399999618530273,26.450000762939453,26.399999618530273,26.450000762939453,2000,0.0,0.0
2024-12-25 05:15:00+00:00,26.350000381469727,26.350000381469727,26.350000381469727,26.350000381469727,1357,0.0,0.0
2024-12-26 01:00:00+00:00,26.149999618530273,26.450000762939453,26.149999618530273,26.299999237060547,0,0.0,0.0
2024-12-26 01:05:00+00:00,26.399999618530273,26.5,26.399999618530273,26.5,4003,0.0,0.0
2024-12-26 01:10:00+00:00,26.549999237060547,26.600000381469727,26.5,26.600000381469727,7000,0.0,0.0
2024-12-26 01:15:00+00:00,26.600000381469727,26.600000381469727,26.5,26.549999237060547,25000,0.0,0.0
2024-12-26 01:20:00+00:00,26.600000381469727,26.600000381469727,26.600000381469727,26.600000381469727,8300,0.0,0.0
2024-12-26 01:35:00+00:00,26.549999237060547,26.549999237060547,26.549999237060547,26.549999237060547,1110,0.0,0.0
2024-12-26 01:40:00+00:00,26.549999237060547,26.600000381469727,26.549999237060547,26.600000381469727,7000,0.0,0.0
2024-12-26 01:45:00+00:00,26.549999237060547,26.600000381469727,26.549999237060547,26.600000381469727,2200,0.0,0.0
2024-12-26 01:50:00+00:00,26.549999237060547,26.549999237060547,26.549999237060547,26.549999237060547,2000,0.0,0.0
2024-12-26 01:55:00+00:00,26.549999237060547,26.549999237060547,26.5,26.5,2062,0.0,0.0
2024-12-26 02:05:00+00:00,26.549999237060547,26.549999237060547,26.549999237060547,26.549999237060547,1000,0.0,0.0
2024-12-26 02:10:00+00:00,26.549999237060547,26.549999237060547,26.549999237060547,26.549999237060547,2042,0.0,0.0
2024-12-26 02:25:00+00:00,26.5,26.5,26.5,26.5,3000,0.0,0.0
2024-12-26 02:30:00+00:00,26.5,26.549999237060547,26.5,26.549999237060547,6200,0.0,0.0
2024-12-26 02:40:00+00:00,26.5,26.5,26.5,26.5,2000,0.0,0.0
2024-12-26 02:45:00+00:00,26.5,26.5,26.5,26.5,1000,0.0,0.0
2024-12-26 03:05:00+00:00,26.450000762939453,26.450000762939453,26.450000762939453,26.450000762939453,1000,0.0,0.0
2024-12-26 03:15:00+00:00,26.450000762939453,26.450000762939453,26.450000762939453,26.450000762939453,1000,0.0,0.0
2024-12-26 03:25:00+00:00,26.399999618530273,26.399999618530273,26.399999618530273,26.399999618530273,10000,0.0,0.0
2024-12-26 03:30:00+00:00,26.399999618530273,26.450000762939453,26.399999618530273,26.450000762939453,6000,0.0,0.0
2024-12-26 03:35:00+00:00,26.450000762939453,26.450000762939453,26.450000762939453,26.450000762939453,1000,0.0,0.0
2024-12-26 03:40:00+00:00,26.399999618530273,26.399999618530273,26.399999618530273,26.399999618530273,4000,0.0,0.0
2024-12-26 03:50:00+00:00,26.399999618530273,26.450000762939453,26.399999618530273,26.450000762939453,5622,0.0,0.0
2024-12-26 04:30:00+00:00,26.450000762939453,26.450000762939453,26.450000762939453,26.450000762939453,1000,0.0,0.0
2024-12-26 04:40:00+00:00,26.450000762939453,26.450000762939453,26.450000762939453,26.450000762939453,2000,0.0,0.0
2024-12-26 04:45:00+00:00,26.450000762939453,26.450000762939453,26.450000762939453,26.450000762939453,1000,0.0,0.0
2024-12-26 05:05:00+00:00,26.450000762939453,26.450000762939453,26.450000762939453,26.450000762939453,4000,0.0,0.0
2024-12-26 05:10:00+00:00,26.450000762939453,26.450000762939453,26.450000762939453,26.450000762939453,1000,0.0,0.0
2024-12-26 05:15:00+00:00,26.450000762939453,26.450000762939453,26.399999618530273,26.399999618530273,8143,0.0,0.0
2024-12-27 01:00:00+00:00,26.299999237060547,26.549999237060547,26.299999237060547,26.549999237060547,0,0.0,0.0
2024-12-27 01:05:00+00:00,26.549999237060547,26.549999237060547,26.5,26.5,2005,0.0,0.0
2024-12-27 01:10:00+00:00,26.5,26.600000381469727,26.5,26.600000381469727,25010,0.0,0.0
2024-12-27 01:15:00+00:00,26.600000381469727,26.600000381469727,26.600000381469727,26.600000381469727,4000,0.0,0.0
2024-12-27 01:20:00+00:00,26.600000381469727,26.600000381469727,26.549999237060547,26.549999237060547,2000,0.0,0.0
2024-12-27 01:25:00+00:00,26.549999237060547,26.600000381469727,26.549999237060547,26.600000381469727,9000,0.0,0.0
2024-12-27 01:35:00+00:00,26.549999237060547,26.549999237060547,26.549999237060547,26.549999237060547,3001,0.0,0.0
2024-12-27 01:45:00+00:00,26.549999237060547,26.549999237060547,26.549999237060547,26.549999237060547,8000,0.0,0.0
2024-12-27 02:00:00+00:00,26.549999237060547,26.549999237060547,26.549999237060547,26.549999237060547,1000,0.0,0.0
2024-12-27 02:05:00+00:00,26.549999237060547,26.549999237060547,26.549999237060547,26.549999237060547,2002,0.0,0.0
2024-12-27 02:20:00+00:00,26.549999237060547,26.549999237060547,26.549999237060547,26.549999237060547,6000,0.0,0.0
2024-12-27 02:25:00+00:00,26.600000381469727,26.600000381469727,26.600000381469727,26.600000381469727,1020,0.0,0.0
2024-12-27 02:30:00+00:00,26.600000381469727,26.649999618530273,26.600000381469727,26.649999618530273,13000,0.0,0.0
2024-12-27 02:35:00+00:00,26.649999618530273,26.649999618530273,26.649999618530273,26.649999618530273,2000,0.0,0.0
2024-12-27 02:40:00+00:00,26.600000381469727,26.600000381469727,26.600000381469727,26.600000381469727,6000,0.0,0.0
2024-12-27 02:45:00+00:00,26.600000381469727,26.600000381469727,26.600000381469727,26.600000381469727,1000,0.0,0.0
2024-12-27 02:55:00+00:00,26.549999237060547,26.549999237060547,26.549999237060547,26.549999237060547,1000,0.0,0.0
2024-12-27 03:00:00+00:00,26.549999237060547,26.549999237060547,26.5,26.5,9000,0.0,0.0
2024-12-27 03:05:00+00:00,26.600000381469727,28.049999237060547,26.600000381469727,27.850000381469727,371826,0.0,0.0
2024-12-27 03:10:00+00:00,27.950000762939453,28.049999237060547,27.700000762939453,27.850000381469727,175160,0.0,0.0
2024-12-27 03:15:00+00:00,27.850000381469727,27.850000381469727,27.649999618530273,27.700000762939453,50001,0.0,0.0
2024-12-27 03:20:00+00:00,27.649999618530273,27.950000762939453,27.649999618530273,27.950000762939453,123170,0.0,0.0
2024-12-27 03:25:00+00:00,27.899999618530273,28.049999237060547,27.899999618530273,27.899999618530273,125121,0.0,0.0
2024-12-27 03:30:00+00:00,27.899999618530273,27.950000762939453,27.850000381469727,27.899999618530273,52309,0.0,0.0
2024-12-27 03:35:00+00:00,27.899999618530273,27.950000762939453,27.899999618530273,27.950000762939453,16141,0.0,0.0
2024-12-27 03:40:00+00:00,27.899999618530273,27.950000762939453,27.799999237060547,27.799999237060547,55129,0.0,0.0
2024-12-27 03:45:00+00:00,27.850000381469727,27.850000381469727,27.799999237060547,27.799999237060547,17001,0.0,0.0
2024-12-27 03:50:00+00:00,27.799999237060547,27.850000381469727,27.75,27.850000381469727,21368,0.0,0.0
2024-12-27 03:55:00+00:00,27.799999237060547,27.850000381469727,27.799999237060547,27.799999237060547,19103,0.0,0.0
2024-12-27 04:00:00+00:00,27.850000381469727,27.850000381469727,27.799999237060547,27.799999237060547,23212,0.0,0.0
2024-12-27 04:05:00+00:00,27.799999237060547,27.850000381469727,27.75,27.850000381469727,37000,0.0,0.0
2024-12-27 04:10:00+00:00,27.799999237060547,27.850000381469727,27.799999237060547,27.799999237060547,25180,0.0,0.0
2024-12-27 04:15:00+00:00,27.799999237060547,27.850000381469727,27.75,27.75,9200,0.0,0.0
2024-12-27 04:20:00+00:00,27.75,27.799999237060547,27.700000762939453,27.75,26562,0.0,0.0
2024-12-27 04:25:00+00:00,27.75,27.799999237060547,27.75,27.799999237060547,36097,0.0,0.0
2024-12-27 04:30:00+00:00,27.850000381469727,28.149999618530273,27.799999237060547,28.149999618530273,476215,0.0,0.0
2024-12-27 04:35:00+00:00,28.200000762939453,28.649999618530273,28.049999237060547,28.200000762939453,994734,0.0,0.0
2024-12-27 04:40:00+00:00,28.25,28.350000381469727,28.149999618530273,28.200000762939453,174084,0.0,0.0
2024-12-27 04:45:00+00:00,28.25,28.25,28.200000762939453,28.25,54200,0.0,0.0
2024-12-27 04:50:00+00:00,28.25,28.25,28.149999618530273,28.200000762939453,77200,0.0,0.0
2024-12-27 04:55:00+00:00,28.149999618530273,28.149999618530273,28.049999237060547,28.100000381469727,94807,0.0,0.0
2024-12-27 05:00:00+00:00,28.100000381469727,28.299999237060547,28.100000381469727,28.25,143058,0.0,0.0
2024-12-27 05:05:00+00:00,28.25,28.299999237060547,28.200000762939453,28.200000762939453,60006,0.0,0.0
2024-12-27 05:10:00+00:00,28.200000762939453,28.399999618530273,28.200000762939453,28.350000381469727,119234,0.0,0.0
2024-12-27 05:15:00+00:00,28.299999237060547,28.299999237060547,28.200000762939453,28.200000762939453,46917,0.0,0.0
2024-12-27 05:20:00+00:00,28.149999618530273,28.25,28.100000381469727,28.100000381469727,89007,0.0,0.0
2024-12-30 01:00:00+00:00,27.799999237060547,28.149999618530273,27.700000762939453,28.100000381469727,0,0.0,0.0
2024-12-30 01:05:00+00:00,28.100000381469727,28.350000381469727,27.799999237060547,28.350000381469727,205119,0.0,0.0
2024-12-30 01:10:00+00:00,28.299999237060547,28.299999237060547,27.950000762939453,28.0,90201,0.0,0.0
2024-12-30 01:15:00+00:00,28.0,28.049999237060547,28.0,28.049999237060547,20070,0.0,0.0
2024-12-30 01:20:00+00:00,28.049999237060547,28.100000381469727,28.0,28.049999237060547,15044,0.0,0.0
2024-12-30 01:25:00+00:00,28.049999237060547,28.100000381469727,28.049999237060547,28.049999237060547,15070,0.0,0.0
2024-12-30 01:30:00+00:00,28.049999237060547,28.100000381469727,28.049999237060547,28.100000381469727,20042,0.0,0.0
2024-12-30 01:35:00+00:00,28.100000381469727,28.100000381469727,28.049999237060547,28.049999237060547,7100,0.0,0.0
2024-12-30 01:40:00+00:00,28.049999237060547,28.049999237060547,28.0,28.0,19010,0.0,0.0
2024-12-30 01:45:00+00:00,28.0,28.0,27.950000762939453,28.0,12000,0.0,0.0
2024-12-30 01:50:00+00:00,28.0,28.049999237060547,28.0,28.0,14186,0.0,0.0
2024-12-30 01:55:00+00:00,28.0,28.0,28.0,28.0,11373,0.0,0.0
2024-12-30 02:00:00+00:00,28.0,28.350000381469727,28.0,28.350000381469727,112522,0.0,0.0
2024-12-30 02:05:00+00:00,28.350000381469727,28.350000381469727,28.100000381469727,28.100000381469727,39154,0.0,0.0
2024-12-30 02:10:00+00:00,28.049999237060547,28.049999237060547,28.0,28.0,14255,0.0,0.0
2024-12-30 02:15:00+00:00,28.0,28.0,28.0,28.0,3000,0.0,0.0
2024-12-30 02:20:00+00:00,28.0,28.0,27.950000762939453,27.950000762939453,11050,0.0,0.0
2024-12-30 02:25:00+00:00,27.950000762939453,27.950000762939453,27.950000762939453,27.950000762939453,1000,0.0,0.0
2024-12-30 02:30:00+00:00,27.950000762939453,27.950000762939453,27.700000762939453,27.700000762939453,109215,0.0,0.0
2024-12-30 02:35:00+00:00,27.799999237060547,27.799999237060547,27.75,27.75,23020,0.0,0.0
2024-12-30 02:40:00+00:00,27.75,27.75,27.649999618530273,27.649999618530273,58020,0.0,0.0
2024-12-30 02:45:00+00:00,27.75,27.75,27.75,27.75,8000,0.0,0.0
2024-12-30 02:50:00+00:00,27.700000762939453,27.700000762939453,27.700000762939453,27.700000762939453,14190,0.0,0.0
2024-12-30 02:55:00+00:00,27.75,27.799999237060547,27.75,27.799999237060547,4000,0.0,0.0
2024-12-30 03:00:00+00:00,27.799999237060547,27.850000381469727,27.75,27.850000381469727,8000,0.0,0.0
2024-12-30 03:05:00+00:00,27.850000381469727,27.850000381469727,27.799999237060547,27.799999237060547,5000,0.0,0.0
2024-12-30 03:10:00+00:00,27.75,27.75,27.75,27.75,11000,0.0,0.0
2024-12-30 03:15:00+00:00,27.899999618530273,27.899999618530273,27.799999237060547,27.799999237060547,2001,0.0,0.0
2024-12-30 03:20:00+00:00,27.75,27.75,27.75,27.75,12000,0.0,0.0
2024-12-30 03:25:00+00:00,27.75,27.75,27.700000762939453,27.700000762939453,3001,0.0,0.0
2024-12-30 03:30:00+00:00,27.700000762939453,27.700000762939453,27.700000762939453,27.700000762939453,3001,0.0,0.0
2024-12-30 03:35:00+00:00,27.700000762939453,27.700000762939453,27.5,27.5,98288,0.0,0.0
2024-12-30 03:40:00+00:00,27.600000381469727,27.600000381469727,27.5,27.549999237060547,8264,0.0,0.0
2024-12-30 03:45:00+00:00,27.549999237060547,27.549999237060547,27.549999237060547,27.549999237060547,1000,0.0,0.0
2024-12-30 03:50:00+00:00,27.600000381469727,27.600000381469727,27.600000381469727,27.600000381469727,1001,0.0,0.0
2024-12-30 03:55:00+00:00,27.549999237060547,27.549999237060547,27.5,27.5,42000,0.0,0.0
2024-12-30 04:00:00+00:00,27.5,27.5,27.450000762939453,27.450000762939453,2000,0.0,0.0
2024-12-30 04:05:00+00:00,27.450000762939453,27.450000762939453,27.450000762939453,27.450000762939453,25336,0.0,0.0
2024-12-30 04:10:00+00:00,27.5,27.5,27.5,27.5,12000,0.0,0.0
2024-12-30 04:15:00+00:00,27.5,27.600000381469727,27.5,27.600000381469727,6000,0.0,0.0
2024-12-30 04:20:00+00:00,27.600000381469727,27.600000381469727,27.600000381469727,27.600000381469727,1000,0.0,0.0
2024-12-30 04:25:00+00:00,27.600000381469727,27.600000381469727,27.600000381469727,27.600000381469727,18000,0.0,0.0
2024-12-30 04:30:00+00:00,27.600000381469727,27.600000381469727,27.600000381469727,27.600000381469727,10000,0.0,0.0
2024-12-30 04:35:00+00:00,27.600000381469727,27.600000381469727,27.600000381469727,27.600000381469727,5000,0.0,0.0
2024-12-30 04:40:00+00:00,27.600000381469727,27.600000381469727,27.600000381469727,27.600000381469727,11001,0.0,0.0
2024-12-30 04:45:00+00:00,27.600000381469727,27.600000381469727,27.600000381469727,27.600000381469727,3000,0.0,0.0
2024-12-30 04:50:00+00:00,27.600000381469727,27.600000381469727,27.549999237060547,27.549999237060547,15030,0.0,0.0
2024-12-30 04:55:00+00:00,27.549999237060547,27.549999237060547,27.5,27.5,13001,0.0,0.0
2024-12-30 05:00:00+00:00,27.5,27.5,27.450000762939453,27.450000762939453,16087,0.0,0.0
2024-12-30 05:05:00+00:00,27.450000762939453,27.450000762939453,27.450000762939453,27.450000762939453,17041,0.0,0.0
2024-12-30 05:10:00+00:00,27.450000762939453,27.450000762939453,27.399999618530273,27.450000762939453,20530,0.0,0.0
2024-12-30 05:15:00+00:00,27.450000762939453,27.5,27.399999618530273,27.5,14000,0.0,0.0
2024-12-30 05:20:00+00:00,27.5,27.5,27.399999618530273,27.450000762939453,27640,0.0,0.0
2024-12-31 01:00:00+00:00,27.25,27.600000381469727,27.200000762939453,27.600000381469727,0,0.0,0.0
2024-12-31 01:05:00+00:00,27.450000762939453,27.549999237060547,27.450000762939453,27.549999237060547,9000,0.0,0.0
2024-12-31 01:10:00+00:00,27.549999237060547,27.600000381469727,27.549999237060547,27.600000381469727,12113,0.0,0.0
2024-12-31 01:15:00+00:00,27.549999237060547,27.549999237060547,27.549999237060547,27.549999237060547,5028,0.0,0.0
2024-12-31 01:20:00+00:00,27.600000381469727,27.600000381469727,27.600000381469727,27.600000381469727,10155,0.0,0.0
2024-12-31 01:25:00+00:00,27.549999237060547,27.549999237060547,27.549999237060547,27.549999237060547,14033,0.0,0.0
2024-12-31 01:30:00+00:00,27.5,27.549999237060547,27.5,27.549999237060547,15000,0.0,0.0
2024-12-31 01:35:00+00:00,27.5,27.549999237060547,27.5,27.5,6000,0.0,0.0
2024-12-31 01:40:00+00:00,27.549999237060547,27.549999237060547,27.549999237060547,27.549999237060547,2100,0.0,0.0
2024-12-31 01:45:00+00:00,27.5,27.5,27.5,27.5,1011,0.0,0.0
2024-12-31 01:50:00+00:00,27.549999237060547,27.549999237060547,27.549999237060547,27.549999237060547,7000,0.0,0.0
2024-12-31 01:55:00+00:00,27.600000381469727,27.700000762939453,27.600000381469727,27.700000762939453,22588,0.0,0.0
2024-12-31 02:00:00+00:00,27.600000381469727,27.600000381469727,27.549999237060547,27.549999237060547,12000,0.0,0.0
2024-12-31 02:05:00+00:00,27.600000381469727,27.950000762939453,27.600000381469727,27.950000762939453,61260,0.0,0.0
2024-12-31 02:10:00+00:00,27.850000381469727,27.950000762939453,27.75,27.75,19050,0.0,0.0
2024-12-31 02:15:00+00:00,27.75,27.75,27.75,27.75,4000,0.0,0.0
2024-12-31 02:20:00+00:00,27.75,27.950000762939453,27.75,27.950000762939453,38200,0.0,0.0
2024-12-31 02:25:00+00:00,27.899999618530273,28.100000381469727,27.899999618530273,28.0,84244,0.0,0.0
2024-12-31 02:30:00+00:00,28.0,28.100000381469727,28.0,28.0,59000,0.0,0.0
2024-12-31 02:35:00+00:00,28.049999237060547,28.149999618530273,28.049999237060547,28.049999237060547,25000,0.0,0.0
2024-12-31 02:40:00+00:00,28.149999618530273,28.200000762939453,28.100000381469727,28.149999618530273,55105,0.0,0.0
2024-12-31 02:45:00+00:00,28.100000381469727,28.299999237060547,28.100000381469727,28.200000762939453,103000,0.0,0.0
2024-12-31 02:50:00+00:00,28.200000762939453,28.299999237060547,28.100000381469727,28.200000762939453,75081,0.0,0.0
2024-12-31 02:55:00+00:00,28.200000762939453,28.25,28.149999618530273,28.149999618530273,105518,0.0,0.0
2024-12-31 03:00:00+00:00,28.149999618530273,28.200000762939453,28.149999618530273,28.200000762939453,21293,0.0,0.0
2024-12-31 03:05:00+00:00,28.149999618530273,28.149999618530273,28.149999618530273,28.149999618530273,8050,0.0,0.0
2024-12-31 03:10:00+00:00,28.149999618530273,28.200000762939453,28.149999618530273,28.149999618530273,33012,0.0,0.0
2024-12-31 03:15:00+00:00,28.200000762939453,28.200000762939453,28.149999618530273,28.200000762939453,60000,0.0,0.0
2024-12-31 03:20:00+00:00,28.200000762939453,28.25,28.200000762939453,28.200000762939453,23020,0.0,0.0
2024-12-31 03:25:00+00:00,28.149999618530273,28.149999618530273,28.100000381469727,28.100000381469727,72267,0.0,0.0
2024-12-31 03:30:00+00:00,28.100000381469727,28.149999618530273,28.100000381469727,28.100000381469727,13050,0.0,0.0
2024-12-31 03:35:00+00:00,28.149999618530273,28.200000762939453,28.149999618530273,28.200000762939453,15149,0.0,0.0
2024-12-31 03:40:00+00:00,28.200000762939453,28.200000762939453,28.200000762939453,28.200000762939453,13001,0.0,0.0
2024-12-31 03:45:00+00:00,28.200000762939453,28.200000762939453,28.149999618530273,28.149999618530273,21000,0.0,0.0
2024-12-31 03:50:00+00:00,28.149999618530273,28.200000762939453,28.149999618530273,28.149999618530273,17140,0.0,0.0
2024-12-31 03:55:00+00:00,28.100000381469727,28.149999618530273,28.100000381469727,28.149999618530273,9000,0.0,0.0
2024-12-31 04:00:00+00:00,28.149999618530273,28.200000762939453,28.149999618530273,28.149999618530273,17000,0.0,0.0
2024-12-31 04:05:00+00:00,28.149999618530273,28.149999618530273,28.149999618530273,28.149999618530273,3000,0.0,0.0
2024-12-31 04:10:00+00:00,28.149999618530273,28.350000381469727,28.149999618530273,28.350000381469727,96973,0.0,0.0
2024-12-31 04:15:00+00:00,28.350000381469727,28.5,28.350000381469727,28.450000762939453,218960,0.0,0.0
2024-12-31 04:20:00+00:00,28.399999618530273,28.450000762939453,28.350000381469727,28.450000762939453,57201,0.0,0.0
2024-12-31 04:25:00+00:00,28.450000762939453,28.450000762939453,28.399999618530273,28.399999618530273,33000,0.0,0.0
2024-12-31 04:30:00+00:00,28.399999618530273,28.399999618530273,28.350000381469727,28.350000381469727,21000,0.0,0.0
2024-12-31 04:35:00+00:00,28.299999237060547,28.350000381469727,28.299999237060547,28.299999237060547,53043,0.0,0.0
2024-12-31 04:40:00+00:00,28.299999237060547,28.299999237060547,28.25,28.299999237060547,27700,0.0,0.0
2024-12-31 04:45:00+00:00,28.299999237060547,28.350000381469727,28.299999237060547,28.299999237060547,27360,0.0,0.0
2024-12-31 04:50:00+00:00,28.299999237060547,28.350000381469727,28.299999237060547,28.350000381469727,15200,0.0,0.0
2024-12-31 04:55:00+00:00,28.350000381469727,28.350000381469727,28.299999237060547,28.299999237060547,25250,0.0,0.0
2024-12-31 05:00:00+00:00,28.299999237060547,28.350000381469727,28.299999237060547,28.299999237060547,25000,0.0,0.0
2024-12-31 05:05:00+00:00,28.299999237060547,28.450000762939453,28.299999237060547,28.450000762939453,126064,0.0,0.0
2024-12-31 05:10:00+00:00,28.450000762939453,28.5,28.450000762939453,28.450000762939453,86000,0.0,0.0
2024-12-31 05:15:00+00:00,28.450000762939453,28.5,28.399999618530273,28.450000762939453,29207,0.0,0.0
2024-12-31 05:20:00+00:00,28.450000762939453,28.5,28.350000381469727,28.5,132995,0.0,0.0
2025-01-02 01:00:00+00:00,28.600000381469727,28.649999618530273,28.149999618530273,28.450000762939453,0,0.0,0.0
2025-01-02 01:05:00+00:00,28.5,28.549999237060547,28.399999618530273,28.450000762939453,49249,0.0,0.0
2025-01-02 01:10:00+00:00,28.450000762939453,28.5,28.399999618530273,28.450000762939453,34200,0.0,0.0
2025-01-02 01:15:00+00:00,28.450000762939453,28.450000762939453,28.350000381469727,28.450000762939453,35025,0.0,0.0
2025-01-02 01:20:00+00:00,28.450000762939453,28.5,28.399999618530273,28.5,10500,0.0,0.0
2025-01-02 01:25:00+00:00,28.549999237060547,28.600000381469727,28.5,28.600000381469727,59861,0.0,0.0
2025-01-02 01:30:00+00:00,28.600000381469727,28.700000762939453,28.5,28.600000381469727,52230,0.0,0.0
2025-01-02 01:35:00+00:00,28.600000381469727,28.649999618530273,28.5,28.649999618530273,45040,0.0,0.0
2025-01-02 01:40:00+00:00,28.649999618530273,29.049999237060547,28.649999618530273,29.0,267202,0.0,0.0
2025-01-02 01:45:00+00:00,28.950000762939453,28.950000762939453,28.75,28.799999237060547,109060,0.0,0.0
2025-01-02 01:50:00+00:00,28.799999237060547,28.850000381469727,28.600000381469727,28.799999237060547,62290,0.0,0.0
2025-01-02 01:55:00+00:00,28.799999237060547,28.799999237060547,28.799999237060547,28.799999237060547,25010,0.0,0.0
2025-01-02 02:00:00+00:00,28.850000381469727,28.899999618530273,28.799999237060547,28.799999237060547,45200,0.0,0.0
2025-01-02 02:05:00+00:00,28.75,28.75,28.649999618530273,28.649999618530273,12727,0.0,0.0
2025-01-02 02:10:00+00:00,28.649999618530273,28.700000762939453,28.600000381469727,28.700000762939453,39140,0.0,0.0
2025-01-02 02:15:00+00:00,28.700000762939453,28.75,28.700000762939453,28.700000762939453,11269,0.0,0.0
2025-01-02 02:20:00+00:00,28.700000762939453,28.700000762939453,28.700000762939453,28.700000762939453,3000,0.0,0.0
2025-01-02 02:25:00+00:00,28.700000762939453,28.700000762939453,28.549999237060547,28.600000381469727,56001,0.0,0.0
2025-01-02 02:30:00+00:00,28.549999237060547,28.549999237060547,28.350000381469727,28.450000762939453,71260,0.0,0.0
2025-01-02 02:35:00+00:00,28.5,28.600000381469727,28.450000762939453,28.549999237060547,11030,0.0,0.0
2025-01-02 02:40:00+00:00,28.549999237060547,28.600000381469727,28.549999237060547,28.549999237060547,17000,0.0,0.0
2025-01-02 02:45:00+00:00,28.549999237060547,28.549999237060547,28.549999237060547,28.549999237060547,13000,0.0,0.0
2025-01-02 02:50:00+00:00,28.549999237060547,28.549999237060547,28.5,28.5,6060,0.0,0.0
2025-01-02 02:55:00+00:00,28.450000762939453,28.450000762939453,28.450000762939453,28.450000762939453,7450,0.0,0.0
2025-01-02 03:00:00+00:00,28.450000762939453,28.5,28.350000381469727,28.350000381469727,36070,0.0,0.0
2025-01-02 03:05:00+00:00,28.399999618530273,28.399999618530273,28.350000381469727,28.399999618530273,29279,0.0,0.0
2025-01-02 03:10:00+00:00,28.399999618530273,28.399999618530273,28.350000381469727,28.399999618530273,12511,0.0,0.0
2025-01-02 03:15:00+00:00,28.350000381469727,28.350000381469727,28.25,28.25,57000,0.0,0.0
2025-01-02 03:20:00+00:00,28.25,28.299999237060547,28.25,28.299999237060547,12020,0.0,0.0
2025-01-02 03:25:00+00:00,28.350000381469727,28.399999618530273,28.350000381469727,28.350000381469727,32000,0.0,0.0
2025-01-02 03:30:00+00:00,28.350000381469727,28.350000381469727,28.350000381469727,28.350000381469727,7100,0.0,0.0
2025-01-02 03:35:00+00:00,28.399999618530273,28.399999618530273,28.399999618530273,28.399999618530273,8000,0.0,0.0
2025-01-02 03:40:00+00:00,28.399999618530273,28.399999618530273,28.399999618530273,28.399999618530273,2000,0.0,0.0
2025-01-02 03:45:00+00:00,28.399999618530273,28.399999618530273,28.399999618530273,28.399999618530273,13060,0.0,0.0
2025-01-02 03:50:00+00:00,28.399999618530273,28.399999618530273,28.399999618530273,28.399999618530273,3000,0.0,0.0
2025-01-02 03:55:00+00:00,28.399999618530273,28.399999618530273,28.399999618530273,28.399999618530273,2500,0.0,0.0
2025-01-02 04:00:00+00:00,28.350000381469727,28.350000381469727,28.350000381469727,28.350000381469727,5000,0.0,0.0
2025-01-02 04:10:00+00:00,28.350000381469727,28.350000381469727,28.350000381469727,28.350000381469727,9000,0.0,0.0
2025-01-02 04:15:00+00:00,28.299999237060547,28.299999237060547,28.25,28.25,20000,0.0,0.0
2025-01-02 04:20:00+00:00,28.25,28.25,28.25,28.25,5166,0.0,0.0
2025-01-02 04:25:00+00:00,28.299999237060547,28.299999237060547,28.25,28.299999237060547,15000,0.0,0.0
2025-01-02 04:30:00+00:00,28.299999237060547,28.299999237060547,28.299999237060547,28.299999237060547,3000,0.0,0.0
2025-01-02 04:35:00+00:00,28.299999237060547,28.299999237060547,28.25,28.25,18000,0.0,0.0
2025-01-02 04:40:00+00:00,28.25,28.299999237060547,28.25,28.299999237060547,5001,0.0,0.0
2025-01-02 04:45:00+00:00,28.25,28.25,28.200000762939453,28.200000762939453,40000,0.0,0.0
2025-01-02 04:50:00+00:00,28.25,28.399999618530273,28.25,28.350000381469727,27001,0.0,0.0
2025-01-02 04:55:00+00:00,28.350000381469727,28.350000381469727,28.200000762939453,28.200000762939453,9239,0.0,0.0
2025-01-02 05:00:00+00:00,28.25,28.299999237060547,28.200000762939453,28.200000762939453,11000,0.0,0.0
2025-01-02 05:05:00+00:00,28.200000762939453,28.299999237060547,28.200000762939453,28.200000762939453,9002,0.0,0.0
2025-01-02 05:10:00+00:00,28.25,28.299999237060547,28.200000762939453,28.200000762939453,16000,0.0,0.0
2025-01-02 05:15:00+00:00,28.200000762939453,28.25,28.149999618530273,28.200000762939453,27125,0.0,0.0
2025-01-02 05:20:00+00:00,28.149999618530273,28.25,28.149999618530273,28.149999618530273,39218,0.0,0.0
2025-01-03 01:00:00+00:00,28.049999237060547,28.200000762939453,28.049999237060547,28.149999618530273,0,0.0,0.0
2025-01-03 01:05:00+00:00,28.25,28.25,28.149999618530273,28.200000762939453,23006,0.0,0.0
2025-01-03 01:10:00+00:00,28.200000762939453,28.450000762939453,28.200000762939453,28.450000762939453,36505,0.0,0.0
2025-01-03 01:15:00+00:00,28.450000762939453,28.649999618530273,28.399999618530273,28.549999237060547,49099,0.0,0.0
2025-01-03 01:20:00+00:00,28.5,28.549999237060547,28.399999618530273,28.399999618530273,27140,0.0,0.0
2025-01-03 01:25:00+00:00,28.399999618530273,28.399999618530273,28.25,28.350000381469727,22001,0.0,0.0
2025-01-03 01:30:00+00:00,28.350000381469727,28.350000381469727,28.25,28.25,8884,0.0,0.0
2025-01-03 01:35:00+00:00,28.25,28.25,28.200000762939453,28.25,17010,0.0,0.0
2025-01-03 01:40:00+00:00,28.200000762939453,28.25,28.200000762939453,28.25,2001,0.0,0.0
2025-01-03 01:45:00+00:00,28.299999237060547,28.450000762939453,28.299999237060547,28.450000762939453,28000,0.0,0.0
2025-01-03 01:50:00+00:00,28.350000381469727,28.350000381469727,28.350000381469727,28.350000381469727,5001,0.0,0.0
2025-01-03 01:55:00+00:00,28.350000381469727,28.450000762939453,28.350000381469727,28.450000762939453,10000,0.0,0.0
2025-01-03 02:00:00+00:00,28.450000762939453,28.549999237060547,28.450000762939453,28.5,53009,0.0,0.0
2025-01-03 02:05:00+00:00,28.450000762939453,28.5,28.399999618530273,28.399999618530273,34000,0.0,0.0
2025-01-03 02:10:00+00:00,28.399999618530273,28.450000762939453,28.399999618530273,28.399999618530273,14031,0.0,0.0
2025-01-03 02:15:00+00:00,28.399999618530273,28.399999618530273,28.399999618530273,28.399999618530273,3200,0.0,0.0
2025-01-03 02:20:00+00:00,28.350000381469727,28.350000381469727,28.350000381469727,28.350000381469727,15149,0.0,0.0
2025-01-03 02:25:00+00:00,28.350000381469727,28.350000381469727,28.350000381469727,28.350000381469727,8000,0.0,0.0
2025-01-03 02:30:00+00:00,28.350000381469727,28.350000381469727,28.299999237060547,28.299999237060547,10000,0.0,0.0
2025-01-03 02:35:00+00:00,28.350000381469727,28.350000381469727,28.25,28.350000381469727,34040,0.0,0.0
2025-01-03 02:40:00+00:00,28.399999618530273,28.450000762939453,28.350000381469727,28.450000762939453,17000,0.0,0.0
2025-01-03 02:45:00+00:00,28.399999618530273,28.399999618530273,28.399999618530273,28.399999618530273,3000,0.0,0.0
2025-01-03 02:50:00+00:00,28.399999618530273,28.399999618530273,28.350000381469727,28.350000381469727,10000,0.0,0.0
2025-01-03 02:55:00+00:00,28.350000381469727,28.350000381469727,28.350000381469727,28.350000381469727,1010,0.0,0.0
2025-01-03 03:00:00+00:00,28.299999237060547,28.299999237060547,28.149999618530273,28.149999618530273,49000,0.0,0.0
2025-01-03 03:05:00+00:00,28.149999618530273,28.200000762939453,28.149999618530273,28.200000762939453,16000,0.0,0.0
2025-01-03 03:10:00+00:00,28.149999618530273,28.25,28.049999237060547,28.25,47000,0.0,0.0
2025-01-03 03:20:00+00:00,28.25,28.25,28.149999618530273,28.149999618530273,7025,0.0,0.0
2025-01-03 03:25:00+00:00,28.149999618530273,28.149999618530273,28.149999618530273,28.149999618530273,5000,0.0,0.0
2025-01-03 03:30:00+00:00,28.100000381469727,28.100000381469727,28.0,28.0,39000,0.0,0.0
2025-01-03 03:35:00+00:00,27.950000762939453,27.950000762939453,27.799999237060547,27.950000762939453,53001,0.0,0.0
2025-01-03 03:40:00+00:00,27.850000381469727,27.850000381469727,27.799999237060547,27.850000381469727,22051,0.0,0.0
2025-01-03 03:45:00+00:00,27.799999237060547,27.799999237060547,27.75,27.75,26029,0.0,0.0
2025-01-03 03:50:00+00:00,27.75,27.75,27.75,27.75,4190,0.0,0.0
2025-01-03 03:55:00+00:00,27.75,27.799999237060547,27.700000762939453,27.700000762939453,16144,0.0,0.0
2025-01-03 04:00:00+00:00,27.700000762939453,27.700000762939453,27.649999618530273,27.649999618530273,24669,0.0,0.0
2025-01-03 04:05:00+00:00,27.700000762939453,27.75,27.649999618530273,27.649999618530273,12001,0.0,0.0
2025-01-03 04:10:00+00:00,27.649999618530273,27.649999618530273,27.600000381469727,27.600000381469727,13000,0.0,0.0
2025-01-03 04:15:00+00:00,27.649999618530273,27.649999618530273,27.649999618530273,27.649999618530273,4000,0.0,0.0
2025-01-03 04:20:00+00:00,27.600000381469727,27.700000762939453,27.600000381469727,27.700000762939453,16000,0.0,0.0
2025-01-03 04:25:00+00:00,27.700000762939453,27.700000762939453,27.649999618530273,27.649999618530273,5176,0.0,0.0
2025-01-03 04:30:00+00:00,27.649999618530273,27.649999618530273,27.649999618530273,27.649999618530273,3000,0.0,0.0
2025-01-03 04:35:00+00:00,27.600000381469727,27.600000381469727,27.5,27.5,33245,0.0,0.0
2025-01-03 04:40:00+00:00,27.5,27.5,27.5,27.5,1000,0.0,0.0
2025-01-03 04:45:00+00:00,27.5,27.549999237060547,27.5,27.549999237060547,16100,0.0,0.0
2025-01-03 04:50:00+00:00,27.549999237060547,27.600000381469727,27.5,27.5,6100,0.0,0.0
2025-01-03 04:55:00+00:00,27.600000381469727,27.700000762939453,27.600000381469727,27.700000762939453,10657,0.0,0.0
2025-01-03 05:00:00+00:00,27.700000762939453,27.700000762939453,27.700000762939453,27.700000762939453,1000,0.0,0.0
2025-01-03 05:05:00+00:00,27.649999618530273,27.700000762939453,27.600000381469727,27.600000381469727,17000,0.0,0.0
2025-01-03 05:10:00+00:00,27.600000381469727,27.600000381469727,27.600000381469727,27.600000381469727,7105,0.0,0.0
2025-01-03 05:15:00+00:00,27.549999237060547,27.649999618530273,27.549999237060547,27.649999618530273,5000,0.0,0.0
2025-01-03 05:20:00+00:00,27.600000381469727,27.649999618530273,27.600000381469727,27.649999618530273,8204,0.0,0.0
2025-01-06 01:00:00+00:00,27.700000762939453,27.899999618530273,27.700000762939453,27.75,0,0.0,0.0
2025-01-06 01:05:00+00:00,27.700000762939453,27.75,27.700000762939453,27.75,5221,0.0,0.0
2025-01-06 01:10:00+00:00,27.799999237060547,28.200000762939453,27.799999237060547,28.049999237060547,66136,0.0,0.0
2025-01-06 01:15:00+00:00,28.100000381469727,28.100000381469727,28.0,28.0,13000,0.0,0.0
2025-01-06 01:20:00+00:00,28.049999237060547,28.049999237060547,28.0,28.049999237060547,7000,0.0,0.0
2025-01-06 01:25:00+00:00,28.049999237060547,28.049999237060547,28.0,28.0,10041,0.0,0.0
2025-01-06 01:30:00+00:00,27.950000762939453,28.0,27.899999618530273,27.899999618530273,10001,0.0,0.0
2025-01-06 01:35:00+00:00,27.950000762939453,27.950000762939453,27.799999237060547,27.799999237060547,10300,0.0,0.0
2025-01-06 01:40:00+00:00,27.799999237060547,27.799999237060547,27.649999618530273,27.649999618530273,16001,0.0,0.0
2025-01-06 01:45:00+00:00,27.700000762939453,27.75,27.600000381469727,27.649999618530273,22000,0.0,0.0
2025-01-06 01:50:00+00:00,27.649999618530273,27.700000762939453,27.649999618530273,27.700000762939453,5000,0.0,0.0
2025-01-06 01:55:00+00:00,27.649999618530273,27.700000762939453,27.600000381469727,27.600000381469727,9200,0.0,0.0
2025-01-06 02:00:00+00:00,27.600000381469727,27.799999237060547,27.600000381469727,27.799999237060547,13000,0.0,0.0
2025-01-06 02:10:00+00:00,27.649999618530273,27.649999618530273,27.600000381469727,27.649999618530273,7000,0.0,0.0
2025-01-06 02:15:00+00:00,27.649999618530273,27.649999618530273,27.600000381469727,27.600000381469727,38298,0.0,0.0
2025-01-06 02:20:00+00:00,27.600000381469727,27.600000381469727,27.600000381469727,27.600000381469727,10000,0.0,0.0
2025-01-06 02:25:00+00:00,27.600000381469727,27.600000381469727,27.600000381469727,27.600000381469727,9141,0.0,0.0
2025-01-06 02:30:00+00:00,27.600000381469727,27.600000381469727,27.600000381469727,27.600000381469727,3010,0.0,0.0
2025-01-06 02:35:00+00:00,27.600000381469727,27.600000381469727,27.549999237060547,27.549999237060547,10300,0.0,0.0
2025-01-06 02:40:00+00:00,27.549999237060547,27.549999237060547,27.549999237060547,27.549999237060547,10000,0.0,0.0
2025-01-06 02:45:00+00:00,27.549999237060547,27.549999237060547,27.549999237060547,27.549999237060547,4000,0.0,0.0
2025-01-06 02:50:00+00:00,27.549999237060547,27.600000381469727,27.549999237060547,27.600000381469727,3050,0.0,0.0
2025-01-06 02:55:00+00:00,27.600000381469727,27.649999618530273,27.549999237060547,27.549999237060547,9000,0.0,0.0
2025-01-06 03:00:00+00:00,27.700000762939453,27.700000762939453,27.700000762939453,27.700000762939453,11000,0.0,0.0
2025-01-06 03:05:00+00:00,27.600000381469727,27.600000381469727,27.600000381469727,27.600000381469727,3000,0.0,0.0
2025-01-06 03:15:00+00:00,27.649999618530273,27.75,27.600000381469727,27.75,3000,0.0,0.0
2025-01-06 03:20:00+00:00,27.75,27.75,27.75,27.75,2000,0.0,0.0
2025-01-06 03:30:00+00:00,27.649999618530273,27.649999618530273,27.649999618530273,27.649999618530273,2001,0.0,0.0
2025-01-06 03:35:00+00:00,27.649999618530273,27.649999618530273,27.649999618530273,27.649999618530273,1000,0.0,0.0
2025-01-06 03:40:00+00:00,27.649999618530273,27.649999618530273,27.649999618530273,27.649999618530273,12000,0.0,0.0
2025-01-06 03:45:00+00:00,27.649999618530273,27.700000762939453,27.649999618530273,27.700000762939453,3000,0.0,0.0
2025-01-06 03:50:00+00:00,27.700000762939453,27.700000762939453,27.700000762939453,27.700000762939453,1000,0.0,0.0
2025-01-06 03:55:00+00:00,27.649999618530273,27.649999618530273,27.600000381469727,27.600000381469727,4000,0.0,0.0
2025-01-06 04:00:00+00:00,27.75,27.799999237060547,27.75,27.75,12050,0.0,0.0
2025-01-06 04:15:00+00:00,27.700000762939453,27.700000762939453,27.600000381469727,27.600000381469727,8000,0.0,0.0
2025-01-06 04:20:00+00:00,27.649999618530273,27.649999618530273,27.600000381469727,27.600000381469727,4100,0.0,0.0
2025-01-06 04:35:00+00:00,27.600000381469727,27.600000381469727,27.600000381469727,27.600000381469727,1000,0.0,0.0
2025-01-06 04:40:00+00:00,27.600000381469727,27.600000381469727,27.549999237060547,27.549999237060547,26114,0.0,0.0
2025-01-06 04:45:00+00:00,27.549999237060547,27.600000381469727,27.549999237060547,27.600000381469727,9017,0.0,0.0
2025-01-06 04:50:00+00:00,27.549999237060547,27.600000381469727,27.549999237060547,27.600000381469727,3000,0.0,0.0
2025-01-06 04:55:00+00:00,27.600000381469727,27.600000381469727,27.600000381469727,27.600000381469727,4000,0.0,0.0
2025-01-06 05:00:00+00:00,27.600000381469727,27.600000381469727,27.600000381469727,27.600000381469727,17001,0.0,0.0
2025-01-06 05:05:00+00:00,27.600000381469727,27.600000381469727,27.600000381469727,27.600000381469727,4000,0.0,0.0
2025-01-06 05:10:00+00:00,27.600000381469727,27.649999618530273,27.600000381469727,27.649999618530273,16000,0.0,0.0
2025-01-06 05:20:00+00:00,27.649999618530273,27.700000762939453,27.649999618530273,27.700000762939453,20685,0.0,0.0
2025-01-07 01:00:00+00:00,27.850000381469727,27.899999618530273,27.75,27.75,0,0.0,0.0
2025-01-07 01:05:00+00:00,27.75,27.75,27.649999618530273,27.649999618530273,17144,0.0,0.0
2025-01-07 01:10:00+00:00,27.649999618530273,27.899999618530273,27.649999618530273,27.75,14000,0.0,0.0
2025-01-07 01:15:00+00:00,27.75,27.75,27.700000762939453,27.700000762939453,2000,0.0,0.0
2025-01-07 01:20:00+00:00,27.700000762939453,27.75,27.700000762939453,27.700000762939453,10000,0.0,0.0
2025-01-07 01:25:00+00:00,27.700000762939453,27.700000762939453,27.649999618530273,27.649999618530273,8000,0.0,0.0
2025-01-07 01:30:00+00:00,27.700000762939453,27.700000762939453,27.649999618530273,27.649999618530273,12000,0.0,0.0
2025-01-07 01:35:00+00:00,27.649999618530273,27.649999618530273,27.600000381469727,27.600000381469727,5000,0.0,0.0
2025-01-07 01:40:00+00:00,27.600000381469727,27.600000381469727,27.600000381469727,27.600000381469727,6781,0.0,0.0
2025-01-07 01:45:00+00:00,27.600000381469727,27.600000381469727,27.5,27.5,33140,0.0,0.0
2025-01-07 01:50:00+00:00,27.5,27.5,27.5,27.5,13231,0.0,0.0
2025-01-07 02:00:00+00:00,27.600000381469727,27.700000762939453,27.450000762939453,27.450000762939453,32069,0.0,0.0
2025-01-07 02:05:00+00:00,27.5,27.5,27.5,27.5,1000,0.0,0.0
2025-01-07 02:10:00+00:00,27.549999237060547,27.549999237060547,27.450000762939453,27.450000762939453,11000,0.0,0.0
2025-01-07 02:20:00+00:00,27.450000762939453,27.5,27.399999618530273,27.450000762939453,23124,0.0,0.0
2025-01-07 02:25:00+00:00,27.450000762939453,27.450000762939453,27.450000762939453,27.450000762939453,1000,0.0,0.0
2025-01-07 02:30:00+00:00,27.450000762939453,27.5,27.450000762939453,27.450000762939453,6000,0.0,0.0
2025-01-07 02:35:00+00:00,27.5,27.5,27.5,27.5,12000,0.0,0.0
2025-01-07 02:45:00+00:00,27.5,27.5,27.5,27.5,1000,0.0,0.0
2025-01-07 02:50:00+00:00,27.5,27.5,27.5,27.5,3027,0.0,0.0
2025-01-07 02:55:00+00:00,27.5,27.5,27.5,27.5,5023,0.0,0.0
2025-01-07 03:00:00+00:00,27.549999237060547,27.649999618530273,27.549999237060547,27.649999618530273,13000,0.0,0.0
2025-01-07 03:05:00+00:00,27.649999618530273,27.649999618530273,27.649999618530273,27.649999618530273,1001,0.0,0.0
2025-01-07 03:20:00+00:00,27.549999237060547,27.549999237060547,27.549999237060547,27.549999237060547,3129,0.0,0.0
2025-01-07 03:30:00+00:00,27.549999237060547,27.549999237060547,27.549999237060547,27.549999237060547,1000,0.0,0.0
2025-01-07 03:35:00+00:00,27.600000381469727,27.600000381469727,27.549999237060547,27.549999237060547,3006,0.0,0.0
2025-01-07 03:50:00+00:00,27.549999237060547,27.549999237060547,27.549999237060547,27.549999237060547,1003,0.0,0.0
2025-01-07 03:55:00+00:00,27.5,27.5,27.5,27.5,5000,0.0,0.0
2025-01-07 04:00:00+00:00,27.5,27.600000381469727,27.5,27.600000381469727,9000,0.0,0.0
2025-01-07 04:05:00+00:00,27.549999237060547,27.549999237060547,27.549999237060547,27.549999237060547,1000,0.0,0.0
2025-01-07 04:10:00+00:00,27.5,27.5,27.5,27.5,4000,0.0,0.0
2025-01-07 04:15:00+00:00,27.5,27.5,27.5,27.5,1000,0.0,0.0
2025-01-07 04:20:00+00:00,27.5,27.5,27.5,27.5,1000,0.0,0.0
2025-01-07 04:25:00+00:00,27.5,27.549999237060547,27.450000762939453,27.450000762939453,13000,0.0,0.0
2025-01-07 04:30:00+00:00,27.5,27.5,27.450000762939453,27.450000762939453,20239,0.0,0.0
2025-01-07 04:35:00+00:00,27.450000762939453,27.5,27.450000762939453,27.5,4000,0.0,0.0
2025-01-07 04:40:00+00:00,27.5,27.5,27.5,27.5,3038,0.0,0.0
2025-01-07 04:45:00+00:00,27.5,27.5,27.450000762939453,27.450000762939453,15000,0.0,0.0
2025-01-07 04:50:00+00:00,27.450000762939453,27.450000762939453,27.450000762939453,27.450000762939453,4000,0.0,0.0
2025-01-07 04:55:00+00:00,27.399999618530273,27.450000762939453,27.399999618530273,27.450000762939453,7000,0.0,0.0
2025-01-07 05:00:00+00:00,27.399999618530273,27.399999618530273,27.299999237060547,27.299999237060547,42001,0.0,0.0
2025-01-07 05:05:00+00:00,27.399999618530273,27.399999618530273,27.399999618530273,27.399999618530273,4000,0.0,0.0
2025-01-07 05:10:00+00:00,27.399999618530273,27.399999618530273,27.350000381469727,27.350000381469727,23070,0.0,0.0
2025-01-07 05:15:00+00:00,27.350000381469727,27.350000381469727,27.350000381469727,27.350000381469727,15000,0.0,0.0
2025-01-07 05:20:00+00:00,27.350000381469727,27.350000381469727,27.299999237060547,27.350000381469727,32050,0.0,0.0
2025-01-08 01:00:00+00:00,27.25,27.5,27.25,27.5,0,0.0,0.0
2025-01-08 01:10:00+00:00,27.350000381469727,27.350000381469727,27.299999237060547,27.299999237060547,5000,0.0,0.0
2025-01-08 01:15:00+00:00,27.299999237060547,27.299999237060547,27.25,27.25,10010,0.0,0.0
2025-01-08 01:20:00+00:00,27.25,27.25,27.100000381469727,27.149999618530273,39181,0.0,0.0
2025-01-08 01:25:00+00:00,27.149999618530273,27.149999618530273,27.049999237060547,27.049999237060547,15000,0.0,0.0
2025-01-08 01:30:00+00:00,27.149999618530273,27.149999618530273,27.100000381469727,27.100000381469727,17000,0.0,0.0
2025-01-08 01:35:00+00:00,27.100000381469727,27.100000381469727,27.100000381469727,27.100000381469727,1001,0.0,0.0
2025-01-08 01:40:00+00:00,27.200000762939453,27.200000762939453,27.200000762939453,27.200000762939453,2000,0.0,0.0
2025-01-08 01:45:00+00:00,27.200000762939453,27.200000762939453,27.200000762939453,27.200000762939453,1000,0.0,0.0
2025-01-08 01:50:00+00:00,27.299999237060547,27.299999237060547,27.299999237060547,27.299999237060547,3030,0.0,0.0
2025-01-08 01:55:00+00:00,27.299999237060547,27.299999237060547,27.299999237060547,27.299999237060547,6499,0.0,0.0
2025-01-08 02:05:00+00:00,27.200000762939453,27.200000762939453,27.200000762939453,27.200000762939453,2000,0.0,0.0
2025-01-08 02:15:00+00:00,27.200000762939453,27.200000762939453,27.200000762939453,27.200000762939453,5102,0.0,0.0
2025-01-08 02:35:00+00:00,27.25,27.25,27.25,27.25,1008,0.0,0.0
2025-01-08 02:40:00+00:00,27.25,27.25,27.25,27.25,3001,0.0,0.0
2025-01-08 02:45:00+00:00,27.200000762939453,27.200000762939453,27.200000762939453,27.200000762939453,5000,0.0,0.0
2025-01-08 02:55:00+00:00,27.25,27.25,27.25,27.25,2000,0.0,0.0
2025-01-08 03:00:00+00:00,27.149999618530273,27.149999618530273,27.049999237060547,27.049999237060547,17000,0.0,0.0
2025-01-08 03:05:00+00:00,27.049999237060547,27.049999237060547,27.0,27.0,28039,0.0,0.0
2025-01-08 03:10:00+00:00,27.049999237060547,27.149999618530273,27.049999237060547,27.149999618530273,6001,0.0,0.0
2025-01-08 03:15:00+00:00,27.100000381469727,27.100000381469727,27.049999237060547,27.100000381469727,3000,0.0,0.0
2025-01-08 03:20:00+00:00,27.100000381469727,27.100000381469727,27.100000381469727,27.100000381469727,8099,0.0,0.0
2025-01-08 03:30:00+00:00,27.149999618530273,27.149999618530273,27.149999618530273,27.149999618530273,4200,0.0,0.0
2025-01-08 03:35:00+00:00,27.100000381469727,27.100000381469727,27.100000381469727,27.100000381469727,4000,0.0,0.0
2025-01-08 03:40:00+00:00,27.100000381469727,27.100000381469727,27.100000381469727,27.100000381469727,4000,0.0,0.0
2025-01-08 03:45:00+00:00,27.149999618530273,27.200000762939453,27.149999618530273,27.200000762939453,14051,0.0,0.0
2025-01-08 03:50:00+00:00,27.25,27.299999237060547,27.25,27.299999237060547,7377,0.0,0.0
2025-01-08 04:05:00+00:00,27.299999237060547,27.299999237060547,27.299999237060547,27.299999237060547,4198,0.0,0.0
2025-01-08 04:10:00+00:00,27.25,27.299999237060547,27.25,27.25,10201,0.0,0.0
2025-01-08 04:25:00+00:00,27.350000381469727,27.399999618530273,27.350000381469727,27.399999618530273,32100,0.0,0.0
2025-01-08 04:30:00+00:00,27.399999618530273,27.399999618530273,27.350000381469727,27.350000381469727,6000,0.0,0.0
2025-01-08 04:35:00+00:00,27.399999618530273,27.399999618530273,27.350000381469727,27.350000381469727,5000,0.0,0.0
2025-01-08 04:40:00+00:00,27.399999618530273,27.399999618530273,27.350000381469727,27.350000381469727,2000,0.0,0.0
2025-01-08 04:45:00+00:00,27.299999237060547,27.350000381469727,27.299999237060547,27.350000381469727,4000,0.0,0.0
2025-01-08 04:50:00+00:00,27.299999237060547,27.299999237060547,27.299999237060547,27.299999237060547,3000,0.0,0.0
2025-01-08 04:55:00+00:00,27.299999237060547,27.299999237060547,27.299999237060547,27.299999237060547,5000,0.0,0.0
2025-01-08 05:00:00+00:00,27.25,27.25,27.25,27.25,6000,0.0,0.0
2025-01-08 05:05:00+00:00,27.25,27.25,27.25,27.25,1000,0.0,0.0
2025-01-08 05:10:00+00:00,27.299999237060547,27.299999237060547,27.25,27.25,7000,0.0,0.0
2025-01-08 05:15:00+00:00,27.299999237060547,27.299999237060547,27.200000762939453,27.200000762939453,9000,0.0,0.0
2025-01-08 05:20:00+00:00,27.299999237060547,27.350000381469727,27.299999237060547,27.350000381469727,4731,0.0,0.0
2025-01-09 01:00:00+00:00,27.350000381469727,27.350000381469727,27.350000381469727,27.350000381469727,0,0.0,0.0
2025-01-09 01:05:00+00:00,27.350000381469727,27.350000381469727,27.299999237060547,27.299999237060547,8010,0.0,0.0
2025-01-09 01:10:00+00:00,27.299999237060547,27.299999237060547,27.200000762939453,27.25,5000,0.0,0.0
2025-01-09 01:20:00+00:00,27.25,27.25,27.25,27.25,8000,0.0,0.0
2025-01-09 01:25:00+00:00,27.200000762939453,27.200000762939453,27.200000762939453,27.200000762939453,16200,0.0,0.0
2025-01-09 01:35:00+00:00,27.200000762939453,27.200000762939453,27.149999618530273,27.149999618530273,7000,0.0,0.0
2025-01-09 01:40:00+00:00,27.149999618530273,27.149999618530273,27.149999618530273,27.149999618530273,9035,0.0,0.0
2025-01-09 01:45:00+00:00,27.149999618530273,27.149999618530273,27.100000381469727,27.149999618530273,5200,0.0,0.0
2025-01-09 02:05:00+00:00,27.100000381469727,27.100000381469727,27.100000381469727,27.100000381469727,13000,0.0,0.0
2025-01-09 02:10:00+00:00,27.100000381469727,27.100000381469727,27.049999237060547,27.049999237060547,14020,0.0,0.0
2025-01-09 02:15:00+00:00,27.049999237060547,27.049999237060547,27.049999237060547,27.049999237060547,2000,0.0,0.0
2025-01-09 02:20:00+00:00,27.049999237060547,27.100000381469727,27.049999237060547,27.100000381469727,7000,0.0,0.0
2025-01-09 02:25:00+00:00,27.049999237060547,27.049999237060547,27.049999237060547,27.049999237060547,1001,0.0,0.0
2025-01-09 02:30:00+00:00,27.100000381469727,27.100000381469727,27.100000381469727,27.100000381469727,1750,0.0,0.0
2025-01-09 02:35:00+00:00,27.049999237060547,27.049999237060547,27.049999237060547,27.049999237060547,2000,0.0,0.0
2025-01-09 02:40:00+00:00,27.049999237060547,27.049999237060547,27.049999237060547,27.049999237060547,10000,0.0,0.0
2025-01-09 02:45:00+00:00,27.049999237060547,27.049999237060547,27.0,27.0,8000,0.0,0.0
2025-01-09 02:50:00+00:00,27.0,27.0,27.0,27.0,8000,0.0,0.0
2025-01-09 02:55:00+00:00,27.0,27.049999237060547,27.0,27.049999237060547,13000,0.0,0.0
2025-01-09 03:05:00+00:00,27.049999237060547,27.049999237060547,27.049999237060547,27.049999237060547,5000,0.0,0.0
2025-01-09 03:10:00+00:00,27.049999237060547,27.049999237060547,27.049999237060547,27.049999237060547,1001,0.0,0.0
2025-01-09 03:15:00+00:00,27.049999237060547,27.049999237060547,26.950000762939453,27.0,27459,0.0,0.0
2025-01-09 03:30:00+00:00,27.0,27.0,27.0,27.0,2000,0.0,0.0
2025-01-09 03:35:00+00:00,27.0,27.0,27.0,27.0,2000,0.0,0.0
2025-01-09 03:50:00+00:00,27.0,27.0,26.950000762939453,26.950000762939453,59002,0.0,0.0
2025-01-09 03:55:00+00:00,26.950000762939453,26.950000762939453,26.899999618530273,26.899999618530273,44412,0.0,0.0
2025-01-09 04:00:00+00:00,26.899999618530273,26.899999618530273,26.899999618530273,26.899999618530273,5020,0.0,0.0
2025-01-09 04:05:00+00:00,26.899999618530273,26.899999618530273,26.899999618530273,26.899999618530273,5000,0.0,0.0
2025-01-09 04:10:00+00:00,26.850000381469727,26.850000381469727,26.799999237060547,26.799999237060547,16125,0.0,0.0
2025-01-09 04:15:00+00:00,26.799999237060547,26.799999237060547,26.75,26.75,31020,0.0,0.0
2025-01-09 04:20:00+00:00,26.799999237060547,26.799999237060547,26.799999237060547,26.799999237060547,3000,0.0,0.0
2025-01-09 04:25:00+00:00,26.75,26.799999237060547,26.75,26.75,24000,0.0,0.0
2025-01-09 04:30:00+00:00,26.850000381469727,26.850000381469727,26.799999237060547,26.799999237060547,5048,0.0,0.0
2025-01-09 04:35:00+00:00,26.799999237060547,26.799999237060547,26.799999237060547,26.799999237060547,4000,0.0,0.0
2025-01-09 04:40:00+00:00,26.850000381469727,26.850000381469727,26.799999237060547,26.799999237060547,6002,0.0,0.0
2025-01-09 04:50:00+00:00,26.850000381469727,26.850000381469727,26.850000381469727,26.850000381469727,9002,0.0,0.0
2025-01-09 04:55:00+00:00,26.899999618530273,26.899999618530273,26.899999618530273,26.899999618530273,6001,0.0,0.0
2025-01-09 05:05:00+00:00,26.799999237060547,26.799999237060547,26.649999618530273,26.649999618530273,59200,0.0,0.0
2025-01-09 05:10:00+00:00,26.649999618530273,26.649999618530273,26.649999618530273,26.649999618530273,8000,0.0,0.0
2025-01-09 05:15:00+00:00,26.649999618530273,26.649999618530273,26.649999618530273,26.649999618530273,1000,0.0,0.0
2025-01-09 05:20:00+00:00,26.700000762939453,26.700000762939453,26.700000762939453,26.700000762939453,7270,0.0,0.0
2025-01-10 01:00:00+00:00,26.600000381469727,26.600000381469727,26.549999237060547,26.549999237060547,0,0.0,0.0
2025-01-10 01:05:00+00:00,26.649999618530273,26.799999237060547,26.649999618530273,26.799999237060547,3005,0.0,0.0
2025-01-10 01:10:00+00:00,26.75,26.75,26.75,26.75,1588,0.0,0.0
2025-01-10 01:25:00+00:00,26.700000762939453,26.700000762939453,26.700000762939453,26.700000762939453,3000,0.0,0.0
2025-01-10 01:30:00+00:00,26.649999618530273,26.649999618530273,26.549999237060547,26.549999237060547,6799,0.0,0.0
2025-01-10 01:35:00+00:00,26.549999237060547,26.600000381469727,26.549999237060547,26.600000381469727,18100,0.0,0.0
2025-01-10 01:40:00+00:00,26.700000762939453,26.75,26.700000762939453,26.75,16000,0.0,0.0
2025-01-10 01:50:00+00:00,26.700000762939453,26.700000762939453,26.700000762939453,26.700000762939453,1000,0.0,0.0
2025-01-10 02:00:00+00:00,26.700000762939453,26.700000762939453,26.700000762939453,26.700000762939453,1000,0.0,0.0
2025-01-10 02:05:00+00:00,26.649999618530273,26.649999618530273,26.649999618530273,26.649999618530273,1000,0.0,0.0
2025-01-10 02:10:00+00:00,26.700000762939453,26.700000762939453,26.700000762939453,26.700000762939453,10001,0.0,0.0
2025-01-10 02:15:00+00:00,26.75,26.75,26.75,26.75,6002,0.0,0.0
2025-01-10 02:20:00+00:00,26.75,26.75,26.75,26.75,1000,0.0,0.0
2025-01-10 02:25:00+00:00,26.700000762939453,26.700000762939453,26.700000762939453,26.700000762939453,2000,0.0,0.0
2025-01-10 02:35:00+00:00,26.75,26.75,26.75,26.75,1000,0.0,0.0
2025-01-10 02:45:00+00:00,26.700000762939453,26.700000762939453,26.700000762939453,26.700000762939453,4001,0.0,0.0
2025-01-10 02:55:00+00:00,26.649999618530273,26.649999618530273,26.649999618530273,26.649999618530273,1000,0.0,0.0
2025-01-10 03:00:00+00:00,26.700000762939453,26.700000762939453,26.700000762939453,26.700000762939453,1078,0.0,0.0
2025-01-10 03:15:00+00:00,26.700000762939453,26.700000762939453,26.700000762939453,26.700000762939453,3000,0.0,0.0
2025-01-10 03:35:00+00:00,26.649999618530273,26.649999618530273,26.649999618530273,26.649999618530273,2001,0.0,0.0
2025-01-10 03:40:00+00:00,26.649999618530273,26.649999618530273,26.649999618530273,26.649999618530273,5005,0.0,0.0
2025-01-10 04:00:00+00:00,26.649999618530273,26.649999618530273,26.649999618530273,26.649999618530273,1000,0.0,0.0
2025-01-10 04:05:00+00:00,26.649999618530273,26.649999618530273,26.649999618530273,26.649999618530273,4105,0.0,0.0
2025-01-10 04:15:00+00:00,26.600000381469727,26.600000381469727,26.600000381469727,26.600000381469727,8016,0.0,0.0
2025-01-10 04:25:00+00:00,26.600000381469727,26.600000381469727,26.600000381469727,26.600000381469727,1029,0.0,0.0
2025-01-10 04:30:00+00:00,26.549999237060547,26.549999237060547,26.5,26.5,11010,0.0,0.0
2025-01-10 04:35:00+00:00,26.5,26.5,26.399999618530273,26.399999618530273,10672,0.0,0.0
2025-01-10 04:40:00+00:00,26.399999618530273,26.399999618530273,26.399999618530273,26.399999618530273,3090,0.0,0.0
2025-01-10 04:45:00+00:00,26.450000762939453,26.450000762939453,26.450000762939453,26.450000762939453,1000,0.0,0.0
2025-01-10 04:50:00+00:00,26.450000762939453,26.450000762939453,26.450000762939453,26.450000762939453,20000,0.0,0.0
2025-01-10 04:55:00+00:00,26.5,26.5,26.5,26.5,1000,0.0,0.0
2025-01-10 05:00:00+00:00,26.5,26.549999237060547,26.5,26.549999237060547,2101,0.0,0.0
2025-01-10 05:15:00+00:00,26.5,26.5,26.5,26.5,7179,0.0,0.0
2025-01-10 05:20:00+00:00,26.600000381469727,26.600000381469727,26.600000381469727,26.600000381469727,1000,0.0,0.0
2025-01-13 01:00:00+00:00,26.5,26.5,26.299999237060547,26.299999237060547,0,0.0,0.0
2025-01-13 01:05:00+00:00,26.299999237060547,26.299999237060547,26.200000762939453,26.200000762939453,10027,0.0,0.0
2025-01-13 01:10:00+00:00,26.200000762939453,26.200000762939453,26.149999618530273,26.149999618530273,6010,0.0,0.0
2025-01-13 01:15:00+00:00,26.100000381469727,26.100000381469727,26.0,26.0,24000,0.0,0.0
2025-01-13 01:20:00+00:00,26.0,26.0,25.649999618530273,25.700000762939453,25215,0.0,0.0
2025-01-13 01:25:00+00:00,25.75,25.75,25.600000381469727,25.649999618530273,18001,0.0,0.0
2025-01-13 01:30:00+00:00,25.700000762939453,25.700000762939453,25.700000762939453,25.700000762939453,15045,0.0,0.0
2025-01-13 01:35:00+00:00,25.700000762939453,25.700000762939453,25.700000762939453,25.700000762939453,3001,0.0,0.0
2025-01-13 01:40:00+00:00,25.700000762939453,25.799999237060547,25.649999618530273,25.799999237060547,29000,0.0,0.0
2025-01-13 01:45:00+00:00,25.700000762939453,25.700000762939453,25.700000762939453,25.700000762939453,1000,0.0,0.0
2025-01-13 01:50:00+00:00,25.799999237060547,25.799999237060547,25.700000762939453,25.700000762939453,5021,0.0,0.0
2025-01-13 01:55:00+00:00,25.75,25.75,25.75,25.75,1000,0.0,0.0
2025-01-13 02:00:00+00:00,25.700000762939453,25.700000762939453,25.549999237060547,25.649999618530273,20055,0.0,0.0
2025-01-13 02:10:00+00:00,25.600000381469727,25.600000381469727,25.549999237060547,25.549999237060547,10000,0.0,0.0
2025-01-13 02:15:00+00:00,25.700000762939453,25.700000762939453,25.649999618530273,25.649999618530273,2000,0.0,0.0
2025-01-13 02:20:00+00:00,25.700000762939453,25.75,25.700000762939453,25.700000762939453,8000,0.0,0.0
2025-01-13 02:25:00+00:00,25.75,25.75,25.75,25.75,2001,0.0,0.0
2025-01-13 02:30:00+00:00,25.799999237060547,25.799999237060547,25.799999237060547,25.799999237060547,3020,0.0,0.0
2025-01-13 02:35:00+00:00,25.799999237060547,25.799999237060547,25.799999237060547,25.799999237060547,3000,0.0,0.0
2025-01-13 02:40:00+00:00,25.850000381469727,25.850000381469727,25.799999237060547,25.799999237060547,5000,0.0,0.0
2025-01-13 02:45:00+00:00,25.799999237060547,25.799999237060547,25.799999237060547,25.799999237060547,3000,0.0,0.0
2025-01-13 02:50:00+00:00,25.799999237060547,25.799999237060547,25.75,25.75,5121,0.0,0.0
2025-01-13 02:55:00+00:00,25.850000381469727,25.850000381469727,25.850000381469727,25.850000381469727,1000,0.0,0.0
2025-01-13 03:00:00+00:00,25.850000381469727,25.850000381469727,25.850000381469727,25.850000381469727,1000,0.0,0.0
2025-01-13 03:10:00+00:00,25.75,25.799999237060547,25.75,25.799999237060547,7378,0.0,0.0
2025-01-13 03:15:00+00:00,25.75,25.75,25.75,25.75,4390,0.0,0.0
2025-01-13 03:30:00+00:00,25.799999237060547,25.799999237060547,25.799999237060547,25.799999237060547,2100,0.0,0.0
2025-01-13 03:40:00+00:00,25.75,25.75,25.75,25.75,3317,0.0,0.0
2025-01-13 03:50:00+00:00,25.75,25.75,25.75,25.75,2000,0.0,0.0
2025-01-13 03:55:00+00:00,25.75,25.75,25.75,25.75,10000,0.0,0.0
2025-01-13 04:00:00+00:00,25.799999237060547,26.0,25.799999237060547,26.0,23031,0.0,0.0
2025-01-13 04:15:00+00:00,25.850000381469727,25.850000381469727,25.799999237060547,25.799999237060547,13000,0.0,0.0
2025-01-13 04:20:00+00:00,25.799999237060547,25.799999237060547,25.799999237060547,25.799999237060547,2000,0.0,0.0
2025-01-13 04:25:00+00:00,25.75,25.799999237060547,25.75,25.799999237060547,5001,0.0,0.0
2025-01-13 04:30:00+00:00,25.799999237060547,25.799999237060547,25.75,25.75,7000,0.0,0.0
2025-01-13 04:35:00+00:00,25.75,25.75,25.75,25.75,3001,0.0,0.0
2025-01-13 04:40:00+00:00,25.75,25.75,25.700000762939453,25.700000762939453,8000,0.0,0.0
2025-01-13 04:45:00+00:00,25.75,25.799999237060547,25.75,25.799999237060547,6001,0.0,0.0
2025-01-13 04:50:00+00:00,25.799999237060547,25.799999237060547,25.799999237060547,25.799999237060547,3113,0.0,0.0
2025-01-13 05:00:00+00:00,25.799999237060547,25.799999237060547,25.799999237060547,25.799999237060547,5001,0.0,0.0
2025-01-13 05:05:00+00:00,25.899999618530273,25.899999618530273,25.899999618530273,25.899999618530273,1000,0.0,0.0
2025-01-13 05:10:00+00:00,25.899999618530273,25.899999618530273,25.899999618530273,25.899999618530273,1000,0.0,0.0
2025-01-13 05:20:00+00:00,25.850000381469727,25.850000381469727,25.75,25.850000381469727,10717,0.0,0.0
2025-01-14 01:00:00+00:00,26.0,26.149999618530273,26.0,26.149999618530273,0,0.0,0.0
2025-01-14 01:05:00+00:00,26.100000381469727,26.100000381469727,26.049999237060547,26.100000381469727,7009,0.0,0.0
2025-01-14 01:15:00+00:00,26.100000381469727,26.100000381469727,26.100000381469727,26.100000381469727,9000,0.0,0.0
2025-01-14 01:20:00+00:00,26.100000381469727,26.100000381469727,26.0,26.0,27076,0.0,0.0
2025-01-14 01:30:00+00:00,26.049999237060547,26.049999237060547,26.0,26.0,3002,0.0,0.0
2025-01-14 01:45:00+00:00,26.0,26.0,26.0,26.0,5001,0.0,0.0
2025-01-14 01:50:00+00:00,25.950000762939453,26.0,25.899999618530273,25.899999618530273,6500,0.0,0.0
2025-01-14 02:10:00+00:00,25.899999618530273,25.899999618530273,25.899999618530273,25.899999618530273,2002,0.0,0.0
2025-01-14 02:30:00+00:00,25.899999618530273,25.899999618530273,25.899999618530273,25.899999618530273,1001,0.0,0.0
2025-01-14 02:35:00+00:00,25.899999618530273,25.899999618530273,25.850000381469727,25.850000381469727,11001,0.0,0.0
2025-01-14 02:40:00+00:00,25.850000381469727,26.0,25.850000381469727,26.0,12003,0.0,0.0
2025-01-14 02:55:00+00:00,26.0,26.0,26.0,26.0,1000,0.0,0.0
2025-01-14 03:00:00+00:00,26.0,26.0,26.0,26.0,6001,0.0,0.0
2025-01-14 03:05:00+00:00,26.049999237060547,26.100000381469727,26.049999237060547,26.100000381469727,7646,0.0,0.0
2025-01-14 03:10:00+00:00,26.149999618530273,26.299999237060547,26.149999618530273,26.299999237060547,4000,0.0,0.0
2025-01-14 03:15:00+00:00,26.25,26.25,26.25,26.25,1000,0.0,0.0
2025-01-14 03:20:00+00:00,26.100000381469727,26.100000381469727,26.100000381469727,26.100000381469727,1001,0.0,0.0
2025-01-14 03:25:00+00:00,26.25,26.25,26.25,26.25,2001,0.0,0.0
2025-01-14 03:30:00+00:00,26.25,26.25,26.25,26.25,2052,0.0,0.0
2025-01-14 03:50:00+00:00,26.200000762939453,26.200000762939453,26.200000762939453,26.200000762939453,2000,0.0,0.0
2025-01-14 04:10:00+00:00,26.200000762939453,26.299999237060547,26.200000762939453,26.299999237060547,21019,0.0,0.0
2025-01-14 04:35:00+00:00,26.25,26.25,26.25,26.25,1000,0.0,0.0
2025-01-14 04:40:00+00:00,26.200000762939453,26.200000762939453,26.200000762939453,26.200000762939453,1001,0.0,0.0
2025-01-14 04:45:00+00:00,26.299999237060547,26.299999237060547,26.299999237060547,26.299999237060547,43500,0.0,0.0
2025-01-14 04:50:00+00:00,26.299999237060547,26.299999237060547,26.299999237060547,26.299999237060547,3010,0.0,0.0
2025-01-14 04:55:00+00:00,26.25,26.350000381469727,26.25,26.350000381469727,3024,0.0,0.0
2025-01-14 05:10:00+00:00,26.350000381469727,26.350000381469727,26.299999237060547,26.299999237060547,11000,0.0,0.0
2025-01-14 05:15:00+00:00,26.299999237060547,26.299999237060547,26.299999237060547,26.299999237060547,3011,0.0,0.0
2025-01-14 05:20:00+00:00,26.299999237060547,26.399999618530273,26.25,26.399999618530273,21000,0.0,0.0
2025-01-15 01:00:00+00:00,26.200000762939453,26.299999237060547,26.200000762939453,26.299999237060547,0,0.0,0.0
2025-01-15 01:05:00+00:00,26.350000381469727,26.350000381469727,26.299999237060547,26.299999237060547,2014,0.0,0.0
2025-01-15 01:10:00+00:00,26.350000381469727,26.350000381469727,26.350000381469727,26.350000381469727,1000,0.0,0.0
2025-01-15 01:20:00+00:00,26.350000381469727,26.350000381469727,26.299999237060547,26.299999237060547,9001,0.0,0.0
2025-01-15 01:30:00+00:00,26.299999237060547,26.299999237060547,26.299999237060547,26.299999237060547,4001,0.0,0.0
2025-01-15 01:35:00+00:00,26.299999237060547,26.299999237060547,26.299999237060547,26.299999237060547,2349,0.0,0.0
2025-01-15 01:55:00+00:00,26.399999618530273,26.399999618530273,26.399999618530273,26.399999618530273,3000,0.0,0.0
2025-01-15 02:00:00+00:00,26.399999618530273,26.399999618530273,26.399999618530273,26.399999618530273,1001,0.0,0.0
2025-01-15 02:10:00+00:00,26.350000381469727,26.350000381469727,26.350000381469727,26.350000381469727,4001,0.0,0.0
2025-01-15 02:20:00+00:00,26.399999618530273,26.399999618530273,26.399999618530273,26.399999618530273,1002,0.0,0.0
2025-01-15 02:40:00+00:00,26.350000381469727,26.350000381469727,26.350000381469727,26.350000381469727,2000,0.0,0.0
2025-01-15 02:45:00+00:00,26.299999237060547,26.299999237060547,26.299999237060547,26.299999237060547,12457,0.0,0.0
2025-01-15 02:55:00+00:00,26.299999237060547,26.299999237060547,26.299999237060547,26.299999237060547,2075,0.0,0.0
2025-01-15 03:00:00+00:00,26.299999237060547,26.299999237060547,26.299999237060547,26.299999237060547,1000,0.0,0.0
2025-01-15 03:10:00+00:00,26.299999237060547,26.299999237060547,26.25,26.25,9000,0.0,0.0
2025-01-15 03:15:00+00:00,26.25,26.25,26.200000762939453,26.200000762939453,5002,0.0,0.0
2025-01-15 03:25:00+00:00,26.25,26.25,26.25,26.25,1576,0.0,0.0
2025-01-15 03:35:00+00:00,26.25,26.25,26.25,26.25,2002,0.0,0.0
2025-01-15 03:50:00+00:00,26.25,26.25,26.25,26.25,1000,0.0,0.0
2025-01-15 03:55:00+00:00,26.299999237060547,26.5,26.299999237060547,26.5,30115,0.0,0.0
2025-01-15 04:00:00+00:00,26.600000381469727,26.950000762939453,26.600000381469727,26.850000381469727,40000,0.0,0.0
2025-01-15 04:05:00+00:00,26.850000381469727,27.200000762939453,26.850000381469727,27.149999618530273,29000,0.0,0.0
2025-01-15 04:10:00+00:00,27.100000381469727,27.100000381469727,27.100000381469727,27.100000381469727,1000,0.0,0.0
2025-01-15 04:15:00+00:00,27.0,27.049999237060547,27.0,27.0,12023,0.0,0.0
2025-01-15 04:20:00+00:00,26.950000762939453,27.049999237060547,26.950000762939453,27.049999237060547,10000,0.0,0.0
2025-01-15 04:25:00+00:00,27.049999237060547,27.200000762939453,27.049999237060547,27.200000762939453,16503,0.0,0.0
2025-01-15 04:35:00+00:00,27.0,27.0,26.899999618530273,26.899999618530273,5000,0.0,0.0
2025-01-15 04:40:00+00:00,27.0,27.200000762939453,27.0,27.149999618530273,74355,0.0,0.0
2025-01-15 04:45:00+00:00,27.149999618530273,27.149999618530273,27.149999618530273,27.149999618530273,15200,0.0,0.0
2025-01-15 04:50:00+00:00,27.100000381469727,27.200000762939453,27.100000381469727,27.200000762939453,14201,0.0,0.0
2025-01-15 04:55:00+00:00,27.200000762939453,27.200000762939453,27.200000762939453,27.200000762939453,28000,0.0,0.0
2025-01-15 05:00:00+00:00,27.149999618530273,27.149999618530273,27.149999618530273,27.149999618530273,6100,0.0,0.0
2025-01-15 05:05:00+00:00,27.100000381469727,27.200000762939453,27.100000381469727,27.200000762939453,32002,0.0,0.0
2025-01-15 05:10:00+00:00,27.25,27.299999237060547,27.200000762939453,27.25,16000,0.0,0.0
2025-01-15 05:15:00+00:00,27.25,27.25,27.149999618530273,27.149999618530273,13001,0.0,0.0
2025-01-15 05:20:00+00:00,27.149999618530273,27.149999618530273,27.100000381469727,27.100000381469727,6001,0.0,0.0
2025-01-16 01:00:00+00:00,27.450000762939453,27.450000762939453,27.149999618530273,27.299999237060547,0,0.0,0.0
2025-01-16 01:05:00+00:00,27.299999237060547,27.399999618530273,27.299999237060547,27.399999618530273,11014,0.0,0.0
2025-01-16 01:10:00+00:00,27.25,27.25,27.200000762939453,27.200000762939453,18640,0.0,0.0
2025-01-16 01:15:00+00:00,27.149999618530273,27.25,27.149999618530273,27.200000762939453,13080,0.0,0.0
2025-01-16 01:20:00+00:00,27.200000762939453,27.350000381469727,27.200000762939453,27.350000381469727,10000,0.0,0.0
2025-01-16 01:25:00+00:00,27.350000381469727,27.399999618530273,27.350000381469727,27.350000381469727,13038,0.0,0.0
2025-01-16 01:30:00+00:00,27.350000381469727,27.350000381469727,27.299999237060547,27.299999237060547,7040,0.0,0.0
2025-01-16 01:35:00+00:00,27.299999237060547,27.299999237060547,27.299999237060547,27.299999237060547,1001,0.0,0.0
2025-01-16 01:40:00+00:00,27.299999237060547,27.299999237060547,27.25,27.25,5001,0.0,0.0
2025-01-16 01:45:00+00:00,27.25,27.25,27.25,27.25,3318,0.0,0.0
2025-01-16 01:50:00+00:00,27.25,27.25,27.25,27.25,7000,0.0,0.0
2025-01-16 01:55:00+00:00,27.299999237060547,27.299999237060547,27.25,27.299999237060547,15000,0.0,0.0
2025-01-16 02:00:00+00:00,27.200000762939453,27.200000762939453,27.149999618530273,27.149999618530273,16000,0.0,0.0
2025-01-16 02:05:00+00:00,27.149999618530273,27.200000762939453,27.149999618530273,27.200000762939453,8000,0.0,0.0
2025-01-16 02:10:00+00:00,27.200000762939453,27.25,27.200000762939453,27.25,3000,0.0,0.0
2025-01-16 02:15:00+00:00,27.25,27.299999237060547,27.25,27.299999237060547,12200,0.0,0.0
2025-01-16 02:20:00+00:00,27.299999237060547,27.299999237060547,27.299999237060547,27.299999237060547,1010,0.0,0.0
2025-01-16 02:25:00+00:00,27.25,27.25,27.25,27.25,1000,0.0,0.0
2025-01-16 02:30:00+00:00,27.25,27.299999237060547,27.25,27.299999237060547,12000,0.0,0.0
2025-01-16 02:35:00+00:00,27.299999237060547,27.299999237060547,27.25,27.25,20301,0.0,0.0
2025-01-16 02:40:00+00:00,27.25,27.25,27.25,27.25,3000,0.0,0.0
2025-01-16 02:45:00+00:00,27.25,27.25,27.25,27.25,2000,0.0,0.0
2025-01-16 02:50:00+00:00,27.25,27.649999618530273,27.25,27.450000762939453,144914,0.0,0.0
2025-01-16 02:55:00+00:00,27.399999618530273,27.450000762939453,27.299999237060547,27.350000381469727,86320,0.0,0.0
2025-01-16 03:00:00+00:00,27.350000381469727,27.399999618530273,27.350000381469727,27.350000381469727,17000,0.0,0.0
2025-01-16 03:05:00+00:00,27.350000381469727,27.350000381469727,27.25,27.299999237060547,39046,0.0,0.0
2025-01-16 03:10:00+00:00,27.25,27.350000381469727,27.25,27.350000381469727,28000,0.0,0.0
2025-01-16 03:15:00+00:00,27.299999237060547,27.299999237060547,27.299999237060547,27.299999237060547,18001,0.0,0.0
2025-01-16 03:20:00+00:00,27.25,27.299999237060547,27.25,27.299999237060547,7735,0.0,0.0
2025-01-16 03:25:00+00:00,27.299999237060547,27.350000381469727,27.299999237060547,27.350000381469727,15058,0.0,0.0
2025-01-16 03:30:00+00:00,27.350000381469727,27.350000381469727,27.25,27.25,9250,0.0,0.0
2025-01-16 03:35:00+00:00,27.25,27.25,27.25,27.25,2001,0.0,0.0
2025-01-16 03:40:00+00:00,27.25,27.25,27.25,27.25,3020,0.0,0.0
2025-01-16 03:45:00+00:00,27.25,27.25,27.25,27.25,1020,0.0,0.0
2025-01-16 03:50:00+00:00,27.25,27.25,27.25,27.25,6000,0.0,0.0
2025-01-16 04:00:00+00:00,27.25,27.25,27.25,27.25,2000,0.0,0.0
2025-01-16 04:05:00+00:00,27.25,27.25,27.25,27.25,8001,0.0,0.0
2025-01-16 04:15:00+00:00,27.299999237060547,27.299999237060547,27.25,27.25,6000,0.0,0.0
2025-01-16 04:20:00+00:00,27.25,27.25,27.25,27.25,6000,0.0,0.0
2025-01-16 04:25:00+00:00,27.25,27.25,27.25,27.25,6000,0.0,0.0
2025-01-16 04:30:00+00:00,27.200000762939453,27.200000762939453,27.149999618530273,27.200000762939453,56177,0.0,0.0
2025-01-16 04:35:00+00:00,27.200000762939453,27.200000762939453,27.200000762939453,27.200000762939453,4109,0.0,0.0
2025-01-16 04:40:00+00:00,27.200000762939453,27.200000762939453,27.200000762939453,27.200000762939453,4000,0.0,0.0
2025-01-16 04:45:00+00:00,27.200000762939453,27.200000762939453,27.200000762939453,27.200000762939453,3010,0.0,0.0
2025-01-16 04:50:00+00:00,27.200000762939453,27.200000762939453,27.149999618530273,27.149999618530273,4000,0.0,0.0
2025-01-16 04:55:00+00:00,27.149999618530273,27.149999618530273,27.100000381469727,27.100000381469727,28445,0.0,0.0
2025-01-16 05:00:00+00:00,27.149999618530273,27.149999618530273,27.100000381469727,27.100000381469727,4189,0.0,0.0
2025-01-16 05:05:00+00:00,27.100000381469727,27.200000762939453,27.100000381469727,27.200000762939453,9000,0.0,0.0
2025-01-16 05:10:00+00:00,27.149999618530273,27.149999618530273,27.149999618530273,27.149999618530273,5000,0.0,0.0
2025-01-16 05:15:00+00:00,27.149999618530273,27.149999618530273,27.100000381469727,27.100000381469727,5000,0.0,0.0
2025-01-16 05:20:00+00:00,27.100000381469727,27.100000381469727,27.100000381469727,27.100000381469727,15234,0.0,0.0
2025-01-17 01:00:00+00:00,27.25,27.25,27.0,27.049999237060547,0,0.0,0.0
2025-01-17 01:05:00+00:00,27.0,27.0,27.0,27.0,9016,0.0,0.0
2025-01-17 01:10:00+00:00,26.950000762939453,27.049999237060547,26.950000762939453,27.049999237060547,5001,0.0,0.0
2025-01-17 01:15:00+00:00,26.950000762939453,27.049999237060547,26.950000762939453,27.0,9001,0.0,0.0
2025-01-17 01:20:00+00:00,27.0,27.0,27.0,27.0,3000,0.0,0.0
2025-01-17 01:25:00+00:00,27.0,27.0,27.0,27.0,5001,0.0,0.0
2025-01-17 01:30:00+00:00,27.0,27.0,27.0,27.0,1000,0.0,0.0
2025-01-17 01:35:00+00:00,27.049999237060547,27.100000381469727,27.049999237060547,27.049999237060547,3010,0.0,0.0
2025-01-17 01:40:00+00:00,27.049999237060547,27.049999237060547,27.049999237060547,27.049999237060547,2020,0.0,0.0
2025-01-17 01:45:00+00:00,27.0,27.0,27.0,27.0,3001,0.0,0.0
2025-01-17 01:50:00+00:00,27.049999237060547,27.049999237060547,27.0,27.0,7000,0.0,0.0
2025-01-17 01:55:00+00:00,27.0,27.0,27.0,27.0,1000,0.0,0.0
2025-01-17 02:00:00+00:00,27.0,27.0,27.0,27.0,3001,0.0,0.0
2025-01-17 02:05:00+00:00,27.0,27.0,27.0,27.0,10001,0.0,0.0
2025-01-17 02:10:00+00:00,27.0,27.100000381469727,27.0,27.100000381469727,6000,0.0,0.0
2025-01-17 02:15:00+00:00,27.100000381469727,27.100000381469727,27.100000381469727,27.100000381469727,5000,0.0,0.0
2025-01-17 02:20:00+00:00,27.049999237060547,27.049999237060547,27.049999237060547,27.049999237060547,10001,0.0,0.0
2025-01-17 02:35:00+00:00,27.049999237060547,27.100000381469727,27.049999237060547,27.100000381469727,10071,0.0,0.0
2025-01-17 02:45:00+00:00,27.049999237060547,27.049999237060547,27.049999237060547,27.049999237060547,3000,0.0,0.0
2025-01-17 02:50:00+00:00,27.049999237060547,27.049999237060547,27.0,27.0,25000,0.0,0.0
2025-01-17 02:55:00+00:00,27.0,27.049999237060547,27.0,27.049999237060547,14000,0.0,0.0
2025-01-17 03:00:00+00:00,27.0,27.049999237060547,27.0,27.049999237060547,2000,0.0,0.0
2025-01-17 03:05:00+00:00,27.0,27.0,27.0,27.0,2521,0.0,0.0
2025-01-17 03:10:00+00:00,26.950000762939453,26.950000762939453,26.950000762939453,26.950000762939453,10000,0.0,0.0
2025-01-17 03:15:00+00:00,26.950000762939453,26.950000762939453,26.950000762939453,26.950000762939453,1148,0.0,0.0
2025-01-17 03:20:00+00:00,26.950000762939453,26.950000762939453,26.950000762939453,26.950000762939453,1410,0.0,0.0
2025-01-17 03:30:00+00:00,27.0,27.0,27.0,27.0,2000,0.0,0.0
2025-01-17 03:40:00+00:00,27.0,27.0,26.950000762939453,26.950000762939453,5489,0.0,0.0
2025-01-17 03:50:00+00:00,27.100000381469727,27.100000381469727,27.100000381469727,27.100000381469727,1000,0.0,0.0
2025-01-17 04:00:00+00:00,27.049999237060547,27.049999237060547,27.049999237060547,27.049999237060547,7000,0.0,0.0
2025-01-17 04:05:00+00:00,27.049999237060547,27.049999237060547,27.049999237060547,27.049999237060547,1000,0.0,0.0
2025-01-17 04:20:00+00:00,27.049999237060547,27.049999237060547,27.049999237060547,27.049999237060547,2007,0.0,0.0
2025-01-17 04:35:00+00:00,27.0,27.0,27.0,27.0,3000,0.0,0.0
2025-01-17 04:40:00+00:00,27.0,27.0,27.0,27.0,1000,0.0,0.0
2025-01-17 04:45:00+00:00,27.0,27.0,27.0,27.0,1001,0.0,0.0
2025-01-17 04:50:00+00:00,27.049999237060547,27.049999237060547,27.0,27.0,7002,0.0,0.0
2025-01-17 05:10:00+00:00,27.0,27.0,27.0,27.0,2000,0.0,0.0
2025-01-17 05:15:00+00:00,27.049999237060547,27.049999237060547,27.0,27.0,11000,0.0,0.0
2025-01-17 05:20:00+00:00,27.0,27.049999237060547,27.0,27.049999237060547,15618,0.0,0.0
2025-01-20 01:00:00+00:00,27.0,27.0,26.899999618530273,26.899999618530273,0,0.0,0.0
2025-01-20 01:05:00+00:00,26.899999618530273,26.899999618530273,26.850000381469727,26.850000381469727,6021,0.0,0.0
2025-01-20 01:10:00+00:00,26.799999237060547,26.799999237060547,26.799999237060547,26.799999237060547,8001,0.0,0.0
2025-01-20 01:15:00+00:00,26.799999237060547,26.850000381469727,26.799999237060547,26.850000381469727,9588,0.0,0.0
2025-01-20 01:20:00+00:00,26.850000381469727,26.850000381469727,26.799999237060547,26.799999237060547,3002,0.0,0.0
2025-01-20 01:25:00+00:00,26.75,26.75,26.75,26.75,1143,0.0,0.0
2025-01-20 01:30:00+00:00,26.75,26.799999237060547,26.75,26.799999237060547,3000,0.0,0.0
2025-01-20 01:40:00+00:00,26.799999237060547,26.799999237060547,26.799999237060547,26.799999237060547,1000,0.0,0.0
2025-01-20 01:45:00+00:00,26.850000381469727,26.850000381469727,26.850000381469727,26.850000381469727,2000,0.0,0.0
2025-01-20 01:50:00+00:00,26.899999618530273,26.899999618530273,26.899999618530273,26.899999618530273,2000,0.0,0.0
2025-01-20 02:00:00+00:00,26.899999618530273,26.899999618530273,26.850000381469727,26.850000381469727,5030,0.0,0.0
2025-01-20 02:05:00+00:00,26.850000381469727,26.850000381469727,26.850000381469727,26.850000381469727,4036,0.0,0.0
2025-01-20 02:25:00+00:00,26.899999618530273,26.899999618530273,26.899999618530273,26.899999618530273,10000,0.0,0.0
2025-01-20 02:30:00+00:00,26.899999618530273,26.899999618530273,26.899999618530273,26.899999618530273,2001,0.0,0.0
2025-01-20 02:45:00+00:00,26.950000762939453,26.950000762939453,26.950000762939453,26.950000762939453,5001,0.0,0.0
2025-01-20 02:50:00+00:00,26.950000762939453,26.950000762939453,26.899999618530273,26.899999618530273,2130,0.0,0.0
2025-01-20 02:55:00+00:00,26.899999618530273,26.899999618530273,26.899999618530273,26.899999618530273,4000,0.0,0.0
2025-01-20 03:00:00+00:00,26.950000762939453,26.950000762939453,26.950000762939453,26.950000762939453,3101,0.0,0.0
2025-01-20 03:10:00+00:00,26.950000762939453,26.950000762939453,26.950000762939453,26.950000762939453,5001,0.0,0.0
2025-01-20 03:20:00+00:00,26.950000762939453,26.950000762939453,26.899999618530273,26.899999618530273,2000,0.0,0.0
2025-01-20 03:25:00+00:00,26.899999618530273,26.899999618530273,26.899999618530273,26.899999618530273,7000,0.0,0.0
2025-01-20 03:30:00+00:00,26.850000381469727,26.850000381469727,26.850000381469727,26.850000381469727,2000,0.0,0.0
2025-01-20 03:35:00+00:00,26.850000381469727,26.850000381469727,26.850000381469727,26.850000381469727,2001,0.0,0.0
2025-01-20 03:40:00+00:00,26.850000381469727,26.850000381469727,26.850000381469727,26.850000381469727,5040,0.0,0.0
2025-01-20 03:45:00+00:00,26.850000381469727,26.850000381469727,26.850000381469727,26.850000381469727,4020,0.0,0.0
2025-01-20 04:00:00+00:00,26.899999618530273,26.899999618530273,26.899999618530273,26.899999618530273,16000,0.0,0.0
2025-01-20 04:05:00+00:00,26.950000762939453,27.100000381469727,26.950000762939453,27.100000381469727,49100,0.0,0.0
2025-01-20 04:10:00+00:00,27.100000381469727,27.100000381469727,27.049999237060547,27.100000381469727,3002,0.0,0.0
2025-01-20 04:35:00+00:00,27.0,27.0,27.0,27.0,3000,0.0,0.0
2025-01-20 04:40:00+00:00,27.049999237060547,27.049999237060547,27.0,27.0,9000,0.0,0.0
2025-01-20 04:45:00+00:00,27.0,27.0,27.0,27.0,10002,0.0,0.0
2025-01-20 04:50:00+00:00,27.0,27.0,27.0,27.0,5000,0.0,0.0
2025-01-20 04:55:00+00:00,27.0,27.049999237060547,27.0,27.049999237060547,2000,0.0,0.0
2025-01-20 05:00:00+00:00,27.049999237060547,27.049999237060547,27.049999237060547,27.049999237060547,1001,0.0,0.0
2025-01-20 05:05:00+00:00,27.049999237060547,27.049999237060547,27.049999237060547,27.049999237060547,7000,0.0,0.0
2025-01-20 05:10:00+00:00,27.049999237060547,27.100000381469727,27.0,27.0,9000,0.0,0.0
2025-01-20 05:15:00+00:00,27.049999237060547,27.100000381469727,27.049999237060547,27.049999237060547,8001,0.0,0.0
2025-01-20 05:20:00+00:00,27.049999237060547,27.100000381469727,27.049999237060547,27.100000381469727,3000,0.0,0.0
2025-01-20 05:25:00+00:00,27.100000381469727,27.100000381469727,27.100000381469727,27.100000381469727,4000,0.0,0.0
2025-01-21 01:00:00+00:00,27.149999618530273,27.350000381469727,27.100000381469727,27.100000381469727,4000,0.0,0.0
2025-01-21 01:05:00+00:00,27.100000381469727,27.200000762939453,27.100000381469727,27.200000762939453,3211,0.0,0.0
2025-01-21 01:10:00+00:00,27.149999618530273,27.200000762939453,27.149999618530273,27.200000762939453,2001,0.0,0.0
2025-01-21 01:15:00+00:00,27.149999618530273,27.149999618530273,27.149999618530273,27.149999618530273,1000,0.0,0.0
2025-01-21 01:30:00+00:00,27.149999618530273,27.149999618530273,27.149999618530273,27.149999618530273,2000,0.0,0.0
2025-01-21 01:35:00+00:00,27.100000381469727,27.100000381469727,27.100000381469727,27.100000381469727,4000,0.0,0.0
2025-01-21 01:40:00+00:00,27.100000381469727,27.100000381469727,27.100000381469727,27.100000381469727,9001,0.0,0.0
2025-01-21 02:00:00+00:00,27.049999237060547,27.049999237060547,27.0,27.0,33077,0.0,0.0
2025-01-21 02:05:00+00:00,27.0,27.0,27.0,27.0,4000,0.0,0.0
2025-01-21 02:10:00+00:00,26.950000762939453,27.0,26.950000762939453,27.0,3006,0.0,0.0
2025-01-21 02:15:00+00:00,26.950000762939453,26.950000762939453,26.950000762939453,26.950000762939453,7027,0.0,0.0
2025-01-21 02:20:00+00:00,27.0,27.0,27.0,27.0,1001,0.0,0.0
2025-01-21 02:25:00+00:00,26.899999618530273,26.899999618530273,26.899999618530273,26.899999618530273,9000,0.0,0.0
2025-01-21 02:35:00+00:00,26.899999618530273,26.899999618530273,26.899999618530273,26.899999618530273,2011,0.0,0.0
2025-01-21 02:45:00+00:00,26.899999618530273,26.899999618530273,26.850000381469727,26.850000381469727,6000,0.0,0.0
2025-01-21 02:50:00+00:00,26.950000762939453,26.950000762939453,26.950000762939453,26.950000762939453,1087,0.0,0.0
2025-01-21 03:30:00+00:00,26.950000762939453,26.950000762939453,26.950000762939453,26.950000762939453,2011,0.0,0.0
2025-01-21 03:45:00+00:00,26.950000762939453,26.950000762939453,26.950000762939453,26.950000762939453,0,0.0,0.0
2025-01-22 01:00:00+00:00,26.950000762939453,26.950000762939453,26.850000381469727,26.850000381469727,0,0.0,0.0
2025-01-22 01:05:00+00:00,26.850000381469727,26.850000381469727,26.75,26.75,3005,0.0,0.0
2025-01-22 01:10:00+00:00,26.799999237060547,26.799999237060547,26.75,26.799999237060547,16000,0.0,0.0
2025-01-22 01:15:00+00:00,26.799999237060547,26.799999237060547,26.799999237060547,26.799999237060547,2100,0.0,0.0
2025-01-22 01:30:00+00:00,26.75,26.75,26.75,26.75,8001,0.0,0.0
2025-01-22 01:35:00+00:00,26.75,26.75,26.75,26.75,1050,0.0,0.0
2025-01-22 01:40:00+00:00,26.700000762939453,26.75,26.700000762939453,26.75,4339,0.0,0.0
2025-01-22 02:00:00+00:00,26.75,26.799999237060547,26.75,26.75,4013,0.0,0.0
2025-01-22 02:20:00+00:00,26.75,26.799999237060547,26.75,26.799999237060547,3000,0.0,0.0
2025-01-22 02:25:00+00:00,26.799999237060547,26.799999237060547,26.799999237060547,26.799999237060547,7002,0.0,0.0
2025-01-22 02:45:00+00:00,26.75,26.75,26.700000762939453,26.700000762939453,11000,0.0,0.0
2025-01-22 03:00:00+00:00,26.75,26.75,26.75,26.75,1000,0.0,0.0
2025-01-22 03:05:00+00:00,26.700000762939453,26.700000762939453,26.700000762939453,26.700000762939453,8000,0.0,0.0
2025-01-22 03:10:00+00:00,26.700000762939453,26.700000762939453,26.700000762939453,26.700000762939453,6000,0.0,0.0
2025-01-22 03:20:00+00:00,26.700000762939453,26.700000762939453,26.700000762939453,26.700000762939453,5000,0.0,0.0
2025-01-22 03:25:00+00:00,26.700000762939453,26.75,26.700000762939453,26.75,2000,0.0,0.0
2025-01-22 03:45:00+00:00,26.700000762939453,26.700000762939453,26.700000762939453,26.700000762939453,1000,0.0,0.0
2025-01-22 03:50:00+00:00,26.700000762939453,26.75,26.700000762939453,26.75,9000,0.0,0.0
2025-01-22 04:05:00+00:00,26.75,26.75,26.75,26.75,1000,0.0,0.0
2025-01-22 04:15:00+00:00,26.700000762939453,26.799999237060547,26.700000762939453,26.799999237060547,17185,0.0,0.0
2025-01-22 04:20:00+00:00,26.75,26.75,26.75,26.75,1000,0.0,0.0
2025-01-22 04:25:00+00:00,26.75,26.75,26.75,26.75,1388,0.0,0.0
2025-01-22 04:40:00+00:00,26.799999237060547,26.799999237060547,26.799999237060547,26.799999237060547,1000,0.0,0.0
2025-01-22 04:50:00+00:00,26.799999237060547,26.799999237060547,26.799999237060547,26.799999237060547,5002,0.0,0.0
2025-01-22 04:55:00+00:00,26.799999237060547,26.799999237060547,26.799999237060547,26.799999237060547,1000,0.0,0.0
2025-01-22 05:00:00+00:00,26.75,26.75,26.75,26.75,1000,0.0,0.0
2025-01-22 05:05:00+00:00,26.75,26.75,26.75,26.75,4000,0.0,0.0
2025-01-22 05:10:00+00:00,26.75,26.75,26.75,26.75,6000,0.0,0.0
2025-01-22 05:15:00+00:00,26.75,26.75,26.75,26.75,3000,0.0,0.0
2025-01-22 05:20:00+00:00,26.75,26.75,26.75,26.75,4235,0.0,0.0
2025-02-03 01:00:00+00:00,26.600000381469727,26.600000381469727,26.549999237060547,26.549999237060547,0,0.0,0.0
2025-02-03 01:10:00+00:00,26.549999237060547,26.549999237060547,26.549999237060547,26.549999237060547,1000,0.0,0.0
2025-02-03 01:15:00+00:00,26.600000381469727,26.75,26.600000381469727,26.75,37000,0.0,0.0
2025-02-03 01:20:00+00:00,26.75,26.75,26.700000762939453,26.700000762939453,6000,0.0,0.0
2025-02-03 01:25:00+00:00,26.700000762939453,26.700000762939453,26.649999618530273,26.649999618530273,28044,0.0,0.0
2025-02-03 01:35:00+00:00,26.600000381469727,26.600000381469727,26.549999237060547,26.549999237060547,11000,0.0,0.0
2025-02-03 01:40:00+00:00,26.549999237060547,26.549999237060547,26.549999237060547,26.549999237060547,2000,0.0,0.0
2025-02-03 01:45:00+00:00,26.549999237060547,26.549999237060547,26.450000762939453,26.450000762939453,22281,0.0,0.0
2025-02-03 01:50:00+00:00,26.450000762939453,26.450000762939453,26.450000762939453,26.450000762939453,2001,0.0,0.0
2025-02-03 01:55:00+00:00,26.5,26.5,26.5,26.5,2000,0.0,0.0
2025-02-03 02:00:00+00:00,26.5,26.5,26.399999618530273,26.399999618530273,6000,0.0,0.0
2025-02-03 02:05:00+00:00,26.399999618530273,26.450000762939453,26.399999618530273,26.450000762939453,10124,0.0,0.0
2025-02-03 02:20:00+00:00,26.399999618530273,26.399999618530273,26.399999618530273,26.399999618530273,20022,0.0,0.0
2025-02-03 02:30:00+00:00,26.399999618530273,26.399999618530273,26.399999618530273,26.399999618530273,3000,0.0,0.0
2025-02-03 02:35:00+00:00,26.450000762939453,26.450000762939453,26.450000762939453,26.450000762939453,1131,0.0,0.0
2025-02-03 02:40:00+00:00,26.399999618530273,26.399999618530273,26.350000381469727,26.350000381469727,8200,0.0,0.0
2025-02-03 02:45:00+00:00,26.399999618530273,26.450000762939453,26.399999618530273,26.450000762939453,3001,0.0,0.0
2025-02-03 03:00:00+00:00,26.399999618530273,26.399999618530273,26.350000381469727,26.350000381469727,8000,0.0,0.0
2025-02-03 03:05:00+00:00,26.399999618530273,26.399999618530273,26.350000381469727,26.350000381469727,5001,0.0,0.0
2025-02-03 03:15:00+00:00,26.399999618530273,26.399999618530273,26.399999618530273,26.399999618530273,1000,0.0,0.0
2025-02-03 03:20:00+00:00,26.350000381469727,26.399999618530273,26.350000381469727,26.399999618530273,16001,0.0,0.0
2025-02-03 03:25:00+00:00,26.350000381469727,26.350000381469727,26.350000381469727,26.350000381469727,2005,0.0,0.0
2025-02-03 04:00:00+00:00,26.399999618530273,26.399999618530273,26.399999618530273,26.399999618530273,1003,0.0,0.0
2025-02-03 04:05:00+00:00,26.350000381469727,26.350000381469727,26.350000381469727,26.350000381469727,1000,0.0,0.0
2025-02-03 04:10:00+00:00,26.399999618530273,26.399999618530273,26.399999618530273,26.399999618530273,2164,0.0,0.0
2025-02-03 04:30:00+00:00,26.350000381469727,26.350000381469727,26.350000381469727,26.350000381469727,2003,0.0,0.0
2025-02-03 04:35:00+00:00,26.399999618530273,26.399999618530273,26.399999618530273,26.399999618530273,4002,0.0,0.0
2025-02-03 04:40:00+00:00,26.350000381469727,26.350000381469727,26.350000381469727,26.350000381469727,1000,0.0,0.0
2025-02-03 04:45:00+00:00,26.399999618530273,26.450000762939453,26.399999618530273,26.450000762939453,5001,0.0,0.0
2025-02-03 04:50:00+00:00,26.399999618530273,26.450000762939453,26.399999618530273,26.450000762939453,7050,0.0,0.0
2025-02-03 05:00:00+00:00,26.450000762939453,26.450000762939453,26.450000762939453,26.450000762939453,2001,0.0,0.0
2025-02-03 05:05:00+00:00,26.399999618530273,26.399999618530273,26.399999618530273,26.399999618530273,1000,0.0,0.0
2025-02-03 05:10:00+00:00,26.399999618530273,26.399999618530273,26.399999618530273,26.399999618530273,6000,0.0,0.0
2025-02-03 05:15:00+00:00,26.450000762939453,26.450000762939453,26.450000762939453,26.450000762939453,1001,0.0,0.0
2025-02-03 05:20:00+00:00,26.450000762939453,26.450000762939453,26.450000762939453,26.450000762939453,3512,0.0,0.0
2025-02-04 01:00:00+00:00,26.399999618530273,26.399999618530273,26.399999618530273,26.399999618530273,0,0.0,0.0
2025-02-04 01:10:00+00:00,26.450000762939453,26.450000762939453,26.450000762939453,26.450000762939453,1001,0.0,0.0
2025-02-04 01:25:00+00:00,26.450000762939453,26.549999237060547,26.450000762939453,26.549999237060547,22001,0.0,0.0
2025-02-04 01:35:00+00:00,26.549999237060547,26.549999237060547,26.549999237060547,26.549999237060547,3001,0.0,0.0
2025-02-04 01:45:00+00:00,26.549999237060547,26.549999237060547,26.549999237060547,26.549999237060547,3000,0.0,0.0
2025-02-04 01:50:00+00:00,26.549999237060547,26.549999237060547,26.549999237060547,26.549999237060547,6011,0.0,0.0
2025-02-04 02:00:00+00:00,26.5,26.5,26.5,26.5,3001,0.0,0.0
2025-02-04 02:05:00+00:00,26.5,26.5,26.5,26.5,3000,0.0,0.0
2025-02-04 02:10:00+00:00,26.5,26.5,26.5,26.5,2001,0.0,0.0
2025-02-04 02:30:00+00:00,26.549999237060547,26.549999237060547,26.549999237060547,26.549999237060547,1001,0.0,0.0
2025-02-04 02:35:00+00:00,26.549999237060547,26.549999237060547,26.549999237060547,26.549999237060547,1009,0.0,0.0
2025-02-04 03:15:00+00:00,26.549999237060547,26.549999237060547,26.549999237060547,26.549999237060547,1002,0.0,0.0
2025-02-04 03:25:00+00:00,26.549999237060547,26.549999237060547,26.549999237060547,26.549999237060547,1112,0.0,0.0
2025-02-04 03:50:00+00:00,26.5,26.5,26.5,26.5,1000,0.0,0.0
2025-02-04 03:55:00+00:00,26.5,26.5,26.5,26.5,1001,0.0,0.0
2025-02-04 04:05:00+00:00,26.600000381469727,26.600000381469727,26.5,26.5,3498,0.0,0.0
2025-02-04 04:10:00+00:00,26.5,26.5,26.5,26.5,2001,0.0,0.0
2025-02-04 04:20:00+00:00,26.450000762939453,26.450000762939453,26.450000762939453,26.450000762939453,1000,0.0,0.0
2025-02-04 04:30:00+00:00,26.450000762939453,26.450000762939453,26.450000762939453,26.450000762939453,10000,0.0,0.0
2025-02-04 04:35:00+00:00,26.450000762939453,26.450000762939453,26.450000762939453,26.450000762939453,18002,0.0,0.0
2025-02-04 04:50:00+00:00,26.450000762939453,26.450000762939453,26.399999618530273,26.399999618530273,12001,0.0,0.0
2025-02-04 05:00:00+00:00,26.350000381469727,26.350000381469727,26.350000381469727,26.350000381469727,1001,0.0,0.0
2025-02-04 05:05:00+00:00,26.350000381469727,26.350000381469727,26.350000381469727,26.350000381469727,2000,0.0,0.0
2025-02-04 05:10:00+00:00,26.350000381469727,26.350000381469727,26.350000381469727,26.350000381469727,10001,0.0,0.0
2025-02-04 05:20:00+00:00,26.350000381469727,26.350000381469727,26.350000381469727,26.350000381469727,7339,0.0,0.0
2025-02-05 01:00:00+00:00,26.450000762939453,26.450000762939453,26.450000762939453,26.450000762939453,0,0.0,0.0
2025-02-05 01:05:00+00:00,26.5,26.5,26.450000762939453,26.450000762939453,10130,0.0,0.0
2025-02-05 01:10:00+00:00,26.549999237060547,26.549999237060547,26.549999237060547,26.549999237060547,2002,0.0,0.0
2025-02-05 01:15:00+00:00,26.5,26.5,26.5,26.5,1000,0.0,0.0
2025-02-05 01:20:00+00:00,26.5,26.5,26.399999618530273,26.399999618530273,3000,0.0,0.0
2025-02-05 01:45:00+00:00,26.450000762939453,26.450000762939453,26.450000762939453,26.450000762939453,2000,0.0,0.0
2025-02-05 01:50:00+00:00,26.5,26.5,26.5,26.5,1000,0.0,0.0
2025-02-05 02:00:00+00:00,26.450000762939453,26.450000762939453,26.350000381469727,26.350000381469727,18100,0.0,0.0
2025-02-05 02:05:00+00:00,26.399999618530273,26.399999618530273,26.350000381469727,26.350000381469727,11162,0.0,0.0
2025-02-05 02:10:00+00:00,26.350000381469727,26.399999618530273,26.350000381469727,26.399999618530273,12005,0.0,0.0
2025-02-05 02:20:00+00:00,26.450000762939453,26.450000762939453,26.450000762939453,26.450000762939453,1087,0.0,0.0
2025-02-05 02:35:00+00:00,26.450000762939453,26.450000762939453,26.450000762939453,26.450000762939453,3013,0.0,0.0
2025-02-05 02:40:00+00:00,26.399999618530273,26.5,26.399999618530273,26.5,12001,0.0,0.0
2025-02-05 02:55:00+00:00,26.5,26.5,26.5,26.5,1064,0.0,0.0
2025-02-05 03:35:00+00:00,26.5,26.5,26.5,26.5,8000,0.0,0.0
2025-02-05 03:45:00+00:00,26.549999237060547,26.549999237060547,26.549999237060547,26.549999237060547,3000,0.0,0.0
2025-02-05 03:50:00+00:00,26.600000381469727,26.600000381469727,26.600000381469727,26.600000381469727,8026,0.0,0.0
2025-02-05 03:55:00+00:00,26.649999618530273,26.700000762939453,26.600000381469727,26.600000381469727,12003,0.0,0.0
2025-02-05 04:05:00+00:00,26.649999618530273,26.75,26.649999618530273,26.75,3000,0.0,0.0
2025-02-05 04:10:00+00:00,26.700000762939453,26.700000762939453,26.700000762939453,26.700000762939453,5000,0.0,0.0
2025-02-05 04:15:00+00:00,26.649999618530273,26.649999618530273,26.649999618530273,26.649999618530273,4101,0.0,0.0
2025-02-05 04:40:00+00:00,26.700000762939453,26.700000762939453,26.700000762939453,26.700000762939453,2300,0.0,0.0
2025-02-05 04:50:00+00:00,26.649999618530273,26.649999618530273,26.649999618530273,26.649999618530273,4093,0.0,0.0
2025-02-05 05:00:00+00:00,26.649999618530273,26.700000762939453,26.649999618530273,26.700000762939453,7000,0.0,0.0
2025-02-05 05:05:00+00:00,26.75,26.75,26.75,26.75,1057,0.0,0.0
2025-02-05 05:10:00+00:00,26.75,26.75,26.700000762939453,26.75,9100,0.0,0.0
2025-02-05 05:15:00+00:00,26.700000762939453,26.75,26.700000762939453,26.75,6000,0.0,0.0
2025-02-05 05:20:00+00:00,26.75,26.75,26.700000762939453,26.75,11223,0.0,0.0
2025-02-06 01:00:00+00:00,26.700000762939453,26.950000762939453,26.700000762939453,26.799999237060547,0,0.0,0.0
2025-02-06 01:05:00+00:00,26.799999237060547,26.799999237060547,26.75,26.75,8082,0.0,0.0
2025-02-06 01:10:00+00:00,26.799999237060547,27.0,26.799999237060547,26.799999237060547,14018,0.0,0.0
2025-02-06 01:15:00+00:00,26.799999237060547,26.799999237060547,26.799999237060547,26.799999237060547,5000,0.0,0.0
2025-02-06 01:20:00+00:00,26.75,26.75,26.75,26.75,1000,0.0,0.0
2025-02-06 01:25:00+00:00,26.799999237060547,26.799999237060547,26.75,26.75,5000,0.0,0.0
2025-02-06 01:30:00+00:00,26.850000381469727,26.850000381469727,26.850000381469727,26.850000381469727,3000,0.0,0.0
2025-02-06 01:35:00+00:00,26.899999618530273,26.899999618530273,26.850000381469727,26.850000381469727,7143,0.0,0.0
2025-02-06 01:50:00+00:00,26.850000381469727,26.850000381469727,26.799999237060547,26.850000381469727,5000,0.0,0.0
2025-02-06 01:55:00+00:00,26.850000381469727,26.850000381469727,26.850000381469727,26.850000381469727,3000,0.0,0.0
2025-02-06 02:00:00+00:00,26.899999618530273,27.0,26.899999618530273,27.0,12001,0.0,0.0
2025-02-06 02:05:00+00:00,26.850000381469727,26.850000381469727,26.850000381469727,26.850000381469727,2002,0.0,0.0
2025-02-06 02:20:00+00:00,26.899999618530273,26.899999618530273,26.899999618530273,26.899999618530273,1002,0.0,0.0
2025-02-06 02:25:00+00:00,26.899999618530273,26.899999618530273,26.799999237060547,26.799999237060547,31011,0.0,0.0
2025-02-06 02:50:00+00:00,26.950000762939453,26.950000762939453,26.950000762939453,26.950000762939453,10000,0.0,0.0
2025-02-06 02:55:00+00:00,26.950000762939453,27.0,26.950000762939453,27.0,3001,0.0,0.0
2025-02-06 03:00:00+00:00,27.0,27.0,26.950000762939453,27.0,15000,0.0,0.0
2025-02-06 03:15:00+00:00,26.899999618530273,26.899999618530273,26.899999618530273,26.899999618530273,1200,0.0,0.0
2025-02-06 03:20:00+00:00,26.899999618530273,26.899999618530273,26.899999618530273,26.899999618530273,1003,0.0,0.0
2025-02-06 03:40:00+00:00,26.899999618530273,26.899999618530273,26.899999618530273,26.899999618530273,2008,0.0,0.0
2025-02-06 03:55:00+00:00,27.0,27.049999237060547,27.0,27.049999237060547,14020,0.0,0.0
2025-02-06 04:00:00+00:00,27.0,27.149999618530273,27.0,27.049999237060547,26048,0.0,0.0
2025-02-06 04:05:00+00:00,27.100000381469727,27.149999618530273,27.100000381469727,27.149999618530273,2000,0.0,0.0
2025-02-06 04:15:00+00:00,27.049999237060547,27.049999237060547,27.049999237060547,27.049999237060547,2000,0.0,0.0
2025-02-06 04:20:00+00:00,27.100000381469727,27.100000381469727,27.100000381469727,27.100000381469727,3223,0.0,0.0
2025-02-06 04:30:00+00:00,27.100000381469727,27.100000381469727,27.100000381469727,27.100000381469727,5000,0.0,0.0
2025-02-06 04:35:00+00:00,27.149999618530273,27.149999618530273,27.149999618530273,27.149999618530273,16001,0.0,0.0
2025-02-06 04:40:00+00:00,27.149999618530273,27.149999618530273,27.149999618530273,27.149999618530273,5001,0.0,0.0
2025-02-06 04:45:00+00:00,27.049999237060547,27.049999237060547,27.049999237060547,27.049999237060547,10000,0.0,0.0
2025-02-06 04:50:00+00:00,27.100000381469727,27.100000381469727,27.0,27.100000381469727,13001,0.0,0.0
2025-02-06 05:05:00+00:00,27.100000381469727,27.100000381469727,27.049999237060547,27.049999237060547,6000,0.0,0.0
2025-02-06 05:10:00+00:00,27.0,27.0,27.0,27.0,2000,0.0,0.0
2025-02-06 05:15:00+00:00,26.950000762939453,26.950000762939453,26.950000762939453,26.950000762939453,5000,0.0,0.0
2025-02-06 05:20:00+00:00,27.0,27.100000381469727,27.0,27.100000381469727,10424,0.0,0.0
2025-02-07 01:00:00+00:00,27.149999618530273,27.149999618530273,27.149999618530273,27.149999618530273,0,0.0,0.0
2025-02-07 01:05:00+00:00,27.100000381469727,27.100000381469727,27.100000381469727,27.100000381469727,1009,0.0,0.0
2025-02-07 01:10:00+00:00,27.0,27.299999237060547,27.0,27.299999237060547,23000,0.0,0.0
2025-02-07 01:15:00+00:00,27.25,27.25,27.25,27.25,1001,0.0,0.0
2025-02-07 01:20:00+00:00,27.200000762939453,27.200000762939453,27.200000762939453,27.200000762939453,5202,0.0,0.0
2025-02-07 01:40:00+00:00,27.100000381469727,27.100000381469727,27.100000381469727,27.100000381469727,1000,0.0,0.0
2025-02-07 01:45:00+00:00,27.149999618530273,27.200000762939453,27.149999618530273,27.200000762939453,2001,0.0,0.0
2025-02-07 01:50:00+00:00,27.100000381469727,27.100000381469727,27.100000381469727,27.100000381469727,1000,0.0,0.0
2025-02-07 02:00:00+00:00,27.200000762939453,27.200000762939453,27.200000762939453,27.200000762939453,17000,0.0,0.0
2025-02-07 02:05:00+00:00,27.200000762939453,27.200000762939453,27.149999618530273,27.149999618530273,3052,0.0,0.0
2025-02-07 02:10:00+00:00,27.149999618530273,27.149999618530273,27.149999618530273,27.149999618530273,1000,0.0,0.0
2025-02-07 02:30:00+00:00,27.200000762939453,27.200000762939453,27.200000762939453,27.200000762939453,1000,0.0,0.0
2025-02-07 02:35:00+00:00,27.200000762939453,27.200000762939453,27.149999618530273,27.149999618530273,3001,0.0,0.0
2025-02-07 02:40:00+00:00,27.149999618530273,27.149999618530273,27.149999618530273,27.149999618530273,7001,0.0,0.0
2025-02-07 02:50:00+00:00,27.200000762939453,27.200000762939453,27.200000762939453,27.200000762939453,1201,0.0,0.0
2025-02-07 03:00:00+00:00,27.25,27.299999237060547,27.25,27.299999237060547,14156,0.0,0.0
2025-02-07 03:05:00+00:00,27.25,27.25,27.25,27.25,1002,0.0,0.0
2025-02-07 03:10:00+00:00,27.25,27.25,27.25,27.25,1000,0.0,0.0
2025-02-07 03:20:00+00:00,27.25,27.299999237060547,27.25,27.299999237060547,7001,0.0,0.0
2025-02-07 03:25:00+00:00,27.299999237060547,27.299999237060547,27.299999237060547,27.299999237060547,2124,0.0,0.0
2025-02-07 03:40:00+00:00,27.299999237060547,27.299999237060547,27.299999237060547,27.299999237060547,3142,0.0,0.0
2025-02-07 03:45:00+00:00,27.25,27.299999237060547,27.25,27.299999237060547,16070,0.0,0.0
2025-02-07 03:50:00+00:00,27.299999237060547,27.350000381469727,27.299999237060547,27.350000381469727,15182,0.0,0.0
2025-02-07 03:55:00+00:00,27.399999618530273,27.399999618530273,27.399999618530273,27.399999618530273,12580,0.0,0.0
2025-02-07 04:00:00+00:00,27.399999618530273,27.450000762939453,27.399999618530273,27.450000762939453,21102,0.0,0.0
2025-02-07 04:05:00+00:00,27.450000762939453,27.5,27.450000762939453,27.450000762939453,27000,0.0,0.0
2025-02-07 04:10:00+00:00,27.450000762939453,27.450000762939453,27.450000762939453,27.450000762939453,7001,0.0,0.0
2025-02-07 04:20:00+00:00,27.350000381469727,27.350000381469727,27.350000381469727,27.350000381469727,2001,0.0,0.0
2025-02-07 04:25:00+00:00,27.350000381469727,27.350000381469727,27.25,27.25,5001,0.0,0.0
2025-02-07 04:30:00+00:00,27.350000381469727,27.350000381469727,27.350000381469727,27.350000381469727,7001,0.0,0.0
2025-02-07 04:35:00+00:00,27.350000381469727,27.350000381469727,27.350000381469727,27.350000381469727,2082,0.0,0.0
2025-02-07 04:40:00+00:00,27.299999237060547,27.299999237060547,27.299999237060547,27.299999237060547,6001,0.0,0.0
2025-02-07 04:45:00+00:00,27.299999237060547,27.299999237060547,27.299999237060547,27.299999237060547,22014,0.0,0.0
2025-02-07 04:55:00+00:00,27.299999237060547,27.299999237060547,27.299999237060547,27.299999237060547,4001,0.0,0.0
2025-02-07 05:00:00+00:00,27.350000381469727,27.350000381469727,27.350000381469727,27.350000381469727,1000,0.0,0.0
2025-02-07 05:05:00+00:00,27.299999237060547,27.350000381469727,27.299999237060547,27.350000381469727,4351,0.0,0.0
2025-02-07 05:10:00+00:00,27.350000381469727,27.350000381469727,27.350000381469727,27.350000381469727,2138,0.0,0.0
2025-02-07 05:15:00+00:00,27.299999237060547,27.299999237060547,27.299999237060547,27.299999237060547,5000,0.0,0.0
2025-02-07 05:20:00+00:00,27.299999237060547,27.350000381469727,27.25,27.350000381469727,11671,0.0,0.0
2025-02-10 01:00:00+00:00,27.149999618530273,27.25,27.149999618530273,27.25,0,0.0,0.0
2025-02-10 01:05:00+00:00,27.149999618530273,27.149999618530273,27.149999618530273,27.149999618530273,3052,0.0,0.0
2025-02-10 01:10:00+00:00,27.149999618530273,27.149999618530273,27.149999618530273,27.149999618530273,1000,0.0,0.0
2025-02-10 01:20:00+00:00,27.100000381469727,27.100000381469727,27.100000381469727,27.100000381469727,9046,0.0,0.0
2025-02-10 01:25:00+00:00,27.100000381469727,27.100000381469727,27.100000381469727,27.100000381469727,1000,0.0,0.0
2025-02-10 01:30:00+00:00,27.100000381469727,27.149999618530273,27.100000381469727,27.149999618530273,6001,0.0,0.0
2025-02-10 01:40:00+00:00,27.149999618530273,27.149999618530273,27.149999618530273,27.149999618530273,2108,0.0,0.0
2025-02-10 01:45:00+00:00,27.149999618530273,27.149999618530273,27.100000381469727,27.100000381469727,8402,0.0,0.0
2025-02-10 01:50:00+00:00,27.200000762939453,27.200000762939453,27.200000762939453,27.200000762939453,9000,0.0,0.0
2025-02-10 01:55:00+00:00,27.200000762939453,27.25,27.200000762939453,27.25,19000,0.0,0.0
2025-02-10 02:00:00+00:00,27.25,27.25,27.25,27.25,1012,0.0,0.0
2025-02-10 02:20:00+00:00,27.25,27.25,27.25,27.25,1028,0.0,0.0
2025-02-10 02:25:00+00:00,27.25,27.299999237060547,27.25,27.299999237060547,2022,0.0,0.0
2025-02-10 02:35:00+00:00,27.299999237060547,27.299999237060547,27.299999237060547,27.299999237060547,9004,0.0,0.0
2025-02-10 02:45:00+00:00,27.299999237060547,27.299999237060547,27.25,27.25,14054,0.0,0.0
2025-02-10 02:50:00+00:00,27.299999237060547,27.299999237060547,27.299999237060547,27.299999237060547,1000,0.0,0.0
2025-02-10 02:55:00+00:00,27.200000762939453,27.200000762939453,27.100000381469727,27.100000381469727,24070,0.0,0.0
2025-02-10 03:00:00+00:00,27.100000381469727,27.100000381469727,27.100000381469727,27.100000381469727,1068,0.0,0.0
2025-02-10 03:10:00+00:00,27.100000381469727,27.100000381469727,27.100000381469727,27.100000381469727,5000,0.0,0.0
2025-02-10 03:15:00+00:00,27.100000381469727,27.100000381469727,27.100000381469727,27.100000381469727,6111,0.0,0.0
2025-02-10 03:20:00+00:00,27.100000381469727,27.100000381469727,27.100000381469727,27.100000381469727,2128,0.0,0.0
2025-02-10 03:30:00+00:00,27.100000381469727,27.100000381469727,27.100000381469727,27.100000381469727,2004,0.0,0.0
2025-02-10 03:55:00+00:00,27.149999618530273,27.149999618530273,27.149999618530273,27.149999618530273,1144,0.0,0.0
2025-02-10 04:00:00+00:00,27.149999618530273,27.149999618530273,27.149999618530273,27.149999618530273,1000,0.0,0.0
2025-02-10 04:05:00+00:00,27.200000762939453,27.200000762939453,27.200000762939453,27.200000762939453,6000,0.0,0.0
2025-02-10 04:10:00+00:00,27.200000762939453,27.200000762939453,27.200000762939453,27.200000762939453,1000,0.0,0.0
2025-02-10 04:15:00+00:00,27.200000762939453,27.25,27.200000762939453,27.200000762939453,8000,0.0,0.0
2025-02-10 04:20:00+00:00,27.200000762939453,27.200000762939453,27.200000762939453,27.200000762939453,1000,0.0,0.0
2025-02-10 04:30:00+00:00,27.149999618530273,27.149999618530273,27.149999618530273,27.149999618530273,1001,0.0,0.0
2025-02-10 04:50:00+00:00,27.149999618530273,27.149999618530273,27.149999618530273,27.149999618530273,1007,0.0,0.0
2025-02-10 04:55:00+00:00,27.149999618530273,27.149999618530273,27.149999618530273,27.149999618530273,2000,0.0,0.0
2025-02-10 05:00:00+00:00,27.100000381469727,27.100000381469727,27.100000381469727,27.100000381469727,9000,0.0,0.0
2025-02-10 05:15:00+00:00,27.149999618530273,27.149999618530273,27.149999618530273,27.149999618530273,1003,0.0,0.0
2025-02-10 05:20:00+00:00,27.149999618530273,27.149999618530273,27.100000381469727,27.100000381469727,3695,0.0,0.0
2025-02-11 01:00:00+00:00,27.200000762939453,27.200000762939453,27.200000762939453,27.200000762939453,0,0.0,0.0
2025-02-11 01:05:00+00:00,27.200000762939453,27.200000762939453,27.200000762939453,27.200000762939453,4010,0.0,0.0
2025-02-11 01:10:00+00:00,27.149999618530273,27.149999618530273,27.149999618530273,27.149999618530273,1000,0.0,0.0
2025-02-11 01:15:00+00:00,27.200000762939453,27.200000762939453,27.200000762939453,27.200000762939453,11001,0.0,0.0
2025-02-11 01:30:00+00:00,27.149999618530273,27.200000762939453,27.149999618530273,27.200000762939453,21004,0.0,0.0
2025-02-11 01:35:00+00:00,27.149999618530273,27.149999618530273,27.149999618530273,27.149999618530273,2055,0.0,0.0
2025-02-11 01:55:00+00:00,27.100000381469727,27.100000381469727,27.049999237060547,27.049999237060547,8050,0.0,0.0
2025-02-11 02:00:00+00:00,27.049999237060547,27.049999237060547,27.049999237060547,27.049999237060547,11002,0.0,0.0
2025-02-11 02:05:00+00:00,27.049999237060547,27.049999237060547,27.0,27.0,60050,0.0,0.0
2025-02-11 02:10:00+00:00,27.0,27.0,27.0,27.0,2000,0.0,0.0
2025-02-11 02:25:00+00:00,27.049999237060547,27.049999237060547,27.049999237060547,27.049999237060547,4002,0.0,0.0
2025-02-11 02:35:00+00:00,27.0,27.0,27.0,27.0,3051,0.0,0.0
2025-02-11 02:40:00+00:00,27.0,27.100000381469727,27.0,27.100000381469727,26000,0.0,0.0
2025-02-11 02:45:00+00:00,27.100000381469727,27.100000381469727,27.0,27.0,12082,0.0,0.0
2025-02-11 03:00:00+00:00,27.100000381469727,27.100000381469727,27.100000381469727,27.100000381469727,1011,0.0,0.0
2025-02-11 03:15:00+00:00,27.0,27.0,27.0,27.0,1001,0.0,0.0
2025-02-11 03:20:00+00:00,27.0,27.0,27.0,27.0,3064,0.0,0.0
2025-02-11 03:35:00+00:00,27.049999237060547,27.049999237060547,27.049999237060547,27.049999237060547,1041,0.0,0.0
2025-02-11 03:40:00+00:00,27.0,27.0,27.0,27.0,8100,0.0,0.0
2025-02-11 03:50:00+00:00,27.0,27.049999237060547,27.0,27.049999237060547,12000,0.0,0.0
2025-02-11 03:55:00+00:00,27.049999237060547,27.049999237060547,27.049999237060547,27.049999237060547,4000,0.0,0.0
2025-02-11 04:20:00+00:00,27.049999237060547,27.049999237060547,27.049999237060547,27.049999237060547,1000,0.0,0.0
2025-02-11 04:35:00+00:00,27.0,27.0,27.0,27.0,2001,0.0,0.0
2025-02-11 04:45:00+00:00,27.0,27.049999237060547,27.0,27.049999237060547,3001,0.0,0.0
2025-02-11 04:50:00+00:00,27.0,27.0,27.0,27.0,4000,0.0,0.0
2025-02-11 04:55:00+00:00,27.0,27.0,27.0,27.0,1001,0.0,0.0
2025-02-11 05:00:00+00:00,27.0,27.049999237060547,27.0,27.049999237060547,7000,0.0,0.0
2025-02-11 05:05:00+00:00,27.0,27.0,27.0,27.0,16001,0.0,0.0
2025-02-11 05:10:00+00:00,27.0,27.0,27.0,27.0,4101,0.0,0.0
2025-02-11 05:15:00+00:00,27.0,27.0,27.0,27.0,3020,0.0,0.0
2025-02-11 05:20:00+00:00,27.0,27.0,27.0,27.0,2835,0.0,0.0
2025-02-12 01:00:00+00:00,27.200000762939453,27.200000762939453,27.0,27.0,0,0.0,0.0
2025-02-12 01:10:00+00:00,27.049999237060547,27.100000381469727,27.049999237060547,27.100000381469727,3000,0.0,0.0
2025-02-12 01:15:00+00:00,27.049999237060547,27.100000381469727,27.049999237060547,27.049999237060547,6001,0.0,0.0
2025-02-12 01:20:00+00:00,27.100000381469727,27.100000381469727,27.100000381469727,27.100000381469727,2000,0.0,0.0
2025-02-12 01:25:00+00:00,27.200000762939453,27.299999237060547,27.200000762939453,27.299999237060547,15000,0.0,0.0
2025-02-12 01:30:00+00:00,27.25,27.25,27.25,27.25,1000,0.0,0.0
2025-02-12 01:35:00+00:00,27.299999237060547,27.299999237060547,27.299999237060547,27.299999237060547,10008,0.0,0.0
2025-02-12 01:40:00+00:00,27.350000381469727,27.450000762939453,27.350000381469727,27.399999618530273,8050,0.0,0.0
2025-02-12 01:45:00+00:00,27.299999237060547,27.299999237060547,27.299999237060547,27.299999237060547,2000,0.0,0.0
2025-02-12 01:50:00+00:00,27.25,27.25,27.25,27.25,8000,0.0,0.0
2025-02-12 01:55:00+00:00,27.25,27.25,27.200000762939453,27.200000762939453,7050,0.0,0.0
2025-02-12 02:10:00+00:00,27.25,27.25,27.25,27.25,5303,0.0,0.0
2025-02-12 02:30:00+00:00,27.25,27.25,27.25,27.25,1000,0.0,0.0
2025-02-12 02:35:00+00:00,27.200000762939453,27.200000762939453,27.200000762939453,27.200000762939453,2001,0.0,0.0
2025-02-12 02:45:00+00:00,27.149999618530273,27.149999618530273,27.149999618530273,27.149999618530273,4000,0.0,0.0
2025-02-12 02:50:00+00:00,27.100000381469727,27.100000381469727,27.100000381469727,27.100000381469727,6125,0.0,0.0
2025-02-12 03:00:00+00:00,27.049999237060547,27.049999237060547,27.049999237060547,27.049999237060547,2000,0.0,0.0
2025-02-12 03:10:00+00:00,27.100000381469727,27.100000381469727,27.100000381469727,27.100000381469727,2323,0.0,0.0
2025-02-12 03:20:00+00:00,27.100000381469727,27.100000381469727,27.100000381469727,27.100000381469727,5002,0.0,0.0
2025-02-12 03:25:00+00:00,27.100000381469727,27.100000381469727,27.100000381469727,27.100000381469727,1001,0.0,0.0
2025-02-12 03:35:00+00:00,27.100000381469727,27.100000381469727,27.100000381469727,27.100000381469727,1001,0.0,0.0
2025-02-12 03:45:00+00:00,27.100000381469727,27.100000381469727,27.100000381469727,27.100000381469727,2001,0.0,0.0
2025-02-12 03:50:00+00:00,27.100000381469727,27.100000381469727,27.100000381469727,27.100000381469727,2001,0.0,0.0
2025-02-12 03:55:00+00:00,27.100000381469727,27.100000381469727,27.100000381469727,27.100000381469727,4007,0.0,0.0
2025-02-12 04:05:00+00:00,27.049999237060547,27.049999237060547,27.049999237060547,27.049999237060547,2075,0.0,0.0
2025-02-12 04:10:00+00:00,27.049999237060547,27.100000381469727,27.049999237060547,27.100000381469727,4002,0.0,0.0
2025-02-12 04:35:00+00:00,27.049999237060547,27.049999237060547,27.049999237060547,27.049999237060547,6001,0.0,0.0
2025-02-12 04:40:00+00:00,27.049999237060547,27.049999237060547,27.049999237060547,27.049999237060547,2052,0.0,0.0
2025-02-12 04:50:00+00:00,27.049999237060547,27.049999237060547,27.049999237060547,27.049999237060547,3001,0.0,0.0
2025-02-12 05:05:00+00:00,27.0,27.049999237060547,27.0,27.049999237060547,7000,0.0,0.0
2025-02-12 05:10:00+00:00,27.049999237060547,27.049999237060547,27.049999237060547,27.049999237060547,12000,0.0,0.0
2025-02-12 05:20:00+00:00,27.049999237060547,27.049999237060547,27.049999237060547,27.049999237060547,9984,0.0,0.0
2025-02-13 01:00:00+00:00,27.149999618530273,27.149999618530273,27.100000381469727,27.100000381469727,0,0.0,0.0
2025-02-13 01:05:00+00:00,27.049999237060547,27.049999237060547,27.0,27.0,8039,0.0,0.0
2025-02-13 01:15:00+00:00,27.049999237060547,27.049999237060547,27.049999237060547,27.049999237060547,4000,0.0,0.0
2025-02-13 01:25:00+00:00,27.100000381469727,27.200000762939453,27.100000381469727,27.200000762939453,5000,0.0,0.0
2025-02-13 01:30:00+00:00,27.200000762939453,27.200000762939453,27.149999618530273,27.149999618530273,5000,0.0,0.0
2025-02-13 01:35:00+00:00,27.100000381469727,27.100000381469727,27.100000381469727,27.100000381469727,2001,0.0,0.0
2025-02-13 01:50:00+00:00,27.200000762939453,27.25,27.200000762939453,27.25,17000,0.0,0.0
2025-02-13 01:55:00+00:00,27.25,27.25,27.25,27.25,9000,0.0,0.0
2025-02-13 02:00:00+00:00,27.299999237060547,27.299999237060547,27.299999237060547,27.299999237060547,1000,0.0,0.0
2025-02-13 02:05:00+00:00,27.25,27.25,27.25,27.25,3000,0.0,0.0
2025-02-13 02:10:00+00:00,27.200000762939453,27.200000762939453,27.200000762939453,27.200000762939453,6001,0.0,0.0
2025-02-13 02:15:00+00:00,27.149999618530273,27.149999618530273,27.049999237060547,27.049999237060547,40000,0.0,0.0
2025-02-13 02:20:00+00:00,27.049999237060547,27.049999237060547,27.049999237060547,27.049999237060547,10011,0.0,0.0
2025-02-13 02:25:00+00:00,27.049999237060547,27.049999237060547,27.049999237060547,27.049999237060547,3000,0.0,0.0
2025-02-13 02:30:00+00:00,27.200000762939453,27.200000762939453,27.100000381469727,27.100000381469727,11001,0.0,0.0
2025-02-13 02:35:00+00:00,27.100000381469727,27.100000381469727,27.100000381469727,27.100000381469727,20001,0.0,0.0
2025-02-13 02:40:00+00:00,27.100000381469727,27.100000381469727,27.049999237060547,27.049999237060547,40001,0.0,0.0
2025-02-13 02:45:00+00:00,27.049999237060547,27.049999237060547,27.049999237060547,27.049999237060547,30024,0.0,0.0
2025-02-13 02:50:00+00:00,27.100000381469727,27.100000381469727,27.100000381469727,27.100000381469727,3002,0.0,0.0
2025-02-13 02:55:00+00:00,27.200000762939453,27.399999618530273,27.200000762939453,27.299999237060547,48006,0.0,0.0
2025-02-13 03:00:00+00:00,27.299999237060547,27.299999237060547,27.299999237060547,27.299999237060547,11000,0.0,0.0
2025-02-13 03:05:00+00:00,27.299999237060547,27.299999237060547,27.299999237060547,27.299999237060547,1099,0.0,0.0
2025-02-13 03:35:00+00:00,27.299999237060547,27.350000381469727,27.299999237060547,27.350000381469727,8050,0.0,0.0
2025-02-13 03:40:00+00:00,27.350000381469727,27.350000381469727,27.350000381469727,27.350000381469727,3000,0.0,0.0
2025-02-13 03:45:00+00:00,27.399999618530273,27.399999618530273,27.399999618530273,27.399999618530273,11183,0.0,0.0
2025-02-13 03:50:00+00:00,27.399999618530273,27.399999618530273,27.399999618530273,27.399999618530273,3000,0.0,0.0
2025-02-13 03:55:00+00:00,27.450000762939453,27.450000762939453,27.450000762939453,27.450000762939453,4000,0.0,0.0
2025-02-13 04:00:00+00:00,27.399999618530273,27.450000762939453,27.399999618530273,27.450000762939453,15200,0.0,0.0
2025-02-13 04:10:00+00:00,27.450000762939453,27.450000762939453,27.450000762939453,27.450000762939453,1001,0.0,0.0
2025-02-13 04:25:00+00:00,27.399999618530273,27.399999618530273,27.399999618530273,27.399999618530273,2000,0.0,0.0
2025-02-13 04:35:00+00:00,27.399999618530273,27.399999618530273,27.399999618530273,27.399999618530273,4500,0.0,0.0
2025-02-13 04:40:00+00:00,27.399999618530273,27.399999618530273,27.399999618530273,27.399999618530273,2083,0.0,0.0
2025-02-13 04:50:00+00:00,27.399999618530273,27.399999618530273,27.399999618530273,27.399999618530273,1051,0.0,0.0
2025-02-13 04:55:00+00:00,27.399999618530273,27.399999618530273,27.399999618530273,27.399999618530273,2240,0.0,0.0
2025-02-13 05:05:00+00:00,27.399999618530273,27.399999618530273,27.399999618530273,27.399999618530273,1102,0.0,0.0
2025-02-13 05:20:00+00:00,27.450000762939453,27.450000762939453,27.399999618530273,27.450000762939453,10445,0.0,0.0
2025-02-14 01:00:00+00:00,27.399999618530273,27.5,27.399999618530273,27.5,0,0.0,0.0
2025-02-14 01:15:00+00:00,27.350000381469727,27.350000381469727,27.350000381469727,27.350000381469727,5000,0.0,0.0
2025-02-14 01:25:00+00:00,27.299999237060547,27.299999237060547,27.25,27.25,9001,0.0,0.0
2025-02-14 01:30:00+00:00,27.25,27.25,27.25,27.25,1539,0.0,0.0
2025-02-14 01:45:00+00:00,27.350000381469727,27.350000381469727,27.350000381469727,27.350000381469727,1000,0.0,0.0
2025-02-14 01:55:00+00:00,27.350000381469727,27.350000381469727,27.350000381469727,27.350000381469727,5000,0.0,0.0
2025-02-14 02:00:00+00:00,27.299999237060547,27.299999237060547,27.299999237060547,27.299999237060547,3002,0.0,0.0
2025-02-14 02:10:00+00:00,27.299999237060547,27.299999237060547,27.299999237060547,27.299999237060547,2000,0.0,0.0
2025-02-14 02:15:00+00:00,27.299999237060547,27.299999237060547,27.299999237060547,27.299999237060547,1000,0.0,0.0
2025-02-14 02:20:00+00:00,27.299999237060547,27.350000381469727,27.299999237060547,27.350000381469727,5301,0.0,0.0
2025-02-14 02:25:00+00:00,27.299999237060547,27.299999237060547,27.299999237060547,27.299999237060547,2556,0.0,0.0
2025-02-14 02:30:00+00:00,27.299999237060547,27.299999237060547,27.299999237060547,27.299999237060547,4000,0.0,0.0
2025-02-14 02:40:00+00:00,27.299999237060547,27.299999237060547,27.299999237060547,27.299999237060547,2254,0.0,0.0
2025-02-14 02:45:00+00:00,27.299999237060547,27.299999237060547,27.299999237060547,27.299999237060547,2000,0.0,0.0
2025-02-14 02:50:00+00:00,27.299999237060547,27.299999237060547,27.299999237060547,27.299999237060547,5101,0.0,0.0
2025-02-14 02:55:00+00:00,27.350000381469727,27.350000381469727,27.299999237060547,27.299999237060547,4002,0.0,0.0
2025-02-14 03:10:00+00:00,27.350000381469727,27.350000381469727,27.350000381469727,27.350000381469727,1001,0.0,0.0
2025-02-14 03:25:00+00:00,27.299999237060547,27.299999237060547,27.25,27.25,19381,0.0,0.0
2025-02-14 03:50:00+00:00,27.299999237060547,27.299999237060547,27.299999237060547,27.299999237060547,7000,0.0,0.0
2025-02-14 04:00:00+00:00,27.350000381469727,27.549999237060547,27.350000381469727,27.5,50109,0.0,0.0
2025-02-14 04:10:00+00:00,27.5,27.5,27.5,27.5,3000,0.0,0.0
2025-02-14 04:20:00+00:00,27.5,27.5,27.5,27.5,2200,0.0,0.0
2025-02-14 04:25:00+00:00,27.5,27.5,27.5,27.5,1001,0.0,0.0
2025-02-14 04:30:00+00:00,27.5,27.5,27.5,27.5,5000,0.0,0.0
2025-02-14 04:35:00+00:00,27.5,27.5,27.5,27.5,1001,0.0,0.0
2025-02-14 04:40:00+00:00,27.5,27.5,27.5,27.5,1000,0.0,0.0
2025-02-14 04:45:00+00:00,27.5,27.5,27.5,27.5,7000,0.0,0.0
2025-02-14 04:55:00+00:00,27.450000762939453,27.450000762939453,27.450000762939453,27.450000762939453,1000,0.0,0.0
2025-02-14 05:00:00+00:00,27.5,27.5,27.5,27.5,3001,0.0,0.0
2025-02-14 05:05:00+00:00,27.450000762939453,27.450000762939453,27.450000762939453,27.450000762939453,2001,0.0,0.0
2025-02-14 05:10:00+00:00,27.5,27.5,27.5,27.5,2000,0.0,0.0
2025-02-14 05:15:00+00:00,27.5,27.5,27.5,27.5,2000,0.0,0.0
2025-02-14 05:20:00+00:00,27.5,27.5,27.5,27.5,15281,0.0,0.0
2025-02-17 01:00:00+00:00,27.649999618530273,27.899999618530273,27.649999618530273,27.700000762939453,0,0.0,0.0
2025-02-17 01:05:00+00:00,27.700000762939453,27.75,27.700000762939453,27.75,22793,0.0,0.0
2025-02-17 01:10:00+00:00,27.649999618530273,27.75,27.649999618530273,27.75,10539,0.0,0.0
2025-02-17 01:15:00+00:00,27.649999618530273,27.950000762939453,27.649999618530273,27.899999618530273,36168,0.0,0.0
2025-02-17 01:20:00+00:00,27.850000381469727,27.899999618530273,27.850000381469727,27.899999618530273,7061,0.0,0.0
2025-02-17 01:25:00+00:00,27.899999618530273,28.0,27.850000381469727,28.0,37299,0.0,0.0
2025-02-17 01:30:00+00:00,28.0,28.0,27.950000762939453,28.0,35394,0.0,0.0
2025-02-17 01:35:00+00:00,28.0,28.200000762939453,28.0,28.0,93194,0.0,0.0
2025-02-17 01:40:00+00:00,28.0,28.200000762939453,28.0,28.149999618530273,34302,0.0,0.0
2025-02-17 01:45:00+00:00,28.100000381469727,28.100000381469727,28.0,28.0,21000,0.0,0.0
2025-02-17 01:50:00+00:00,28.049999237060547,28.149999618530273,28.049999237060547,28.149999618530273,24004,0.0,0.0
2025-02-17 01:55:00+00:00,28.149999618530273,28.200000762939453,28.100000381469727,28.200000762939453,22400,0.0,0.0
2025-02-17 02:00:00+00:00,28.200000762939453,28.350000381469727,28.200000762939453,28.350000381469727,149948,0.0,0.0
2025-02-17 02:05:00+00:00,28.350000381469727,28.649999618530273,28.350000381469727,28.5,235691,0.0,0.0
2025-02-17 02:10:00+00:00,28.5,28.5,28.450000762939453,28.450000762939453,13325,0.0,0.0
2025-02-17 02:15:00+00:00,28.450000762939453,28.549999237060547,28.450000762939453,28.450000762939453,33102,0.0,0.0
2025-02-17 02:20:00+00:00,28.450000762939453,28.5,28.450000762939453,28.450000762939453,31001,0.0,0.0
2025-02-17 02:25:00+00:00,28.450000762939453,28.549999237060547,28.450000762939453,28.549999237060547,59211,0.0,0.0
2025-02-17 02:30:00+00:00,28.5,28.5,28.5,28.5,5000,0.0,0.0
2025-02-17 02:35:00+00:00,28.5,28.5,28.5,28.5,7000,0.0,0.0
2025-02-17 02:40:00+00:00,28.450000762939453,28.450000762939453,28.450000762939453,28.450000762939453,25000,0.0,0.0
2025-02-17 02:45:00+00:00,28.5,28.549999237060547,28.5,28.549999237060547,80050,0.0,0.0
2025-02-17 02:50:00+00:00,28.5,28.549999237060547,28.5,28.549999237060547,33707,0.0,0.0
2025-02-17 02:55:00+00:00,28.600000381469727,28.600000381469727,28.5,28.5,14002,0.0,0.0
2025-02-17 03:00:00+00:00,28.5,28.549999237060547,28.399999618530273,28.5,40001,0.0,0.0
2025-02-17 03:05:00+00:00,28.549999237060547,28.549999237060547,28.5,28.5,5000,0.0,0.0
2025-02-17 03:10:00+00:00,28.5,28.5,28.450000762939453,28.450000762939453,8103,0.0,0.0
2025-02-17 03:15:00+00:00,28.5,28.549999237060547,28.399999618530273,28.399999618530273,9003,0.0,0.0
2025-02-17 03:20:00+00:00,28.5,28.5,28.5,28.5,2105,0.0,0.0
2025-02-17 03:35:00+00:00,28.450000762939453,28.450000762939453,28.399999618530273,28.399999618530273,4001,0.0,0.0
2025-02-17 03:40:00+00:00,28.399999618530273,28.399999618530273,28.399999618530273,28.399999618530273,6000,0.0,0.0
2025-02-17 03:45:00+00:00,28.399999618530273,28.399999618530273,28.399999618530273,28.399999618530273,16102,0.0,0.0
2025-02-17 03:50:00+00:00,28.350000381469727,28.399999618530273,28.350000381469727,28.399999618530273,42002,0.0,0.0
2025-02-17 03:55:00+00:00,28.399999618530273,28.399999618530273,28.350000381469727,28.350000381469727,2002,0.0,0.0
2025-02-17 04:00:00+00:00,28.350000381469727,28.350000381469727,28.350000381469727,28.350000381469727,1001,0.0,0.0
2025-02-17 04:05:00+00:00,28.350000381469727,28.350000381469727,28.299999237060547,28.299999237060547,9003,0.0,0.0
2025-02-17 04:10:00+00:00,28.299999237060547,28.399999618530273,28.299999237060547,28.399999618530273,6000,0.0,0.0
2025-02-17 04:15:00+00:00,28.399999618530273,28.399999618530273,28.299999237060547,28.299999237060547,2038,0.0,0.0
2025-02-17 04:25:00+00:00,28.350000381469727,28.350000381469727,28.299999237060547,28.299999237060547,11000,0.0,0.0
2025-02-17 04:30:00+00:00,28.299999237060547,28.299999237060547,28.299999237060547,28.299999237060547,2000,0.0,0.0
2025-02-17 04:35:00+00:00,28.299999237060547,28.299999237060547,28.299999237060547,28.299999237060547,2045,0.0,0.0
2025-02-17 04:40:00+00:00,28.299999237060547,28.299999237060547,28.25,28.25,13119,0.0,0.0
2025-02-17 04:45:00+00:00,28.299999237060547,28.299999237060547,28.299999237060547,28.299999237060547,5008,0.0,0.0
2025-02-17 04:55:00+00:00,28.299999237060547,28.299999237060547,28.299999237060547,28.299999237060547,19002,0.0,0.0
2025-02-17 05:05:00+00:00,28.299999237060547,28.299999237060547,28.25,28.25,14162,0.0,0.0
2025-02-17 05:10:00+00:00,28.25,28.299999237060547,28.25,28.25,11102,0.0,0.0
2025-02-17 05:15:00+00:00,28.25,28.25,28.200000762939453,28.25,20010,0.0,0.0
2025-02-17 05:20:00+00:00,28.25,28.25,28.200000762939453,28.25,23696,0.0,0.0
2025-02-18 01:00:00+00:00,28.600000381469727,28.649999618530273,28.399999618530273,28.5,0,0.0,0.0
2025-02-18 01:05:00+00:00,28.5,28.5,28.399999618530273,28.399999618530273,18035,0.0,0.0
2025-02-18 01:10:00+00:00,28.350000381469727,28.350000381469727,28.299999237060547,28.299999237060547,30120,0.0,0.0
2025-02-18 01:15:00+00:00,28.299999237060547,28.299999237060547,28.299999237060547,28.299999237060547,4000,0.0,0.0
2025-02-18 01:20:00+00:00,28.299999237060547,28.299999237060547,28.25,28.25,13000,0.0,0.0
2025-02-18 01:25:00+00:00,28.350000381469727,28.350000381469727,28.299999237060547,28.350000381469727,5410,0.0,0.0
2025-02-18 01:30:00+00:00,28.350000381469727,28.399999618530273,28.350000381469727,28.399999618530273,2000,0.0,0.0
2025-02-18 01:35:00+00:00,28.450000762939453,28.450000762939453,28.450000762939453,28.450000762939453,16001,0.0,0.0
2025-02-18 01:40:00+00:00,28.399999618530273,28.399999618530273,28.350000381469727,28.350000381469727,14000,0.0,0.0
2025-02-18 01:45:00+00:00,28.399999618530273,28.450000762939453,28.399999618530273,28.399999618530273,17080,0.0,0.0
2025-02-18 01:50:00+00:00,28.450000762939453,28.549999237060547,28.450000762939453,28.450000762939453,32000,0.0,0.0
2025-02-18 01:55:00+00:00,28.450000762939453,28.600000381469727,28.450000762939453,28.549999237060547,20150,0.0,0.0
2025-02-18 02:00:00+00:00,28.600000381469727,28.600000381469727,28.549999237060547,28.600000381469727,8167,0.0,0.0
2025-02-18 02:05:00+00:00,28.549999237060547,28.549999237060547,28.549999237060547,28.549999237060547,5231,0.0,0.0
2025-02-18 02:10:00+00:00,28.5,28.5,28.5,28.5,12202,0.0,0.0
2025-02-18 02:15:00+00:00,28.5,28.5,28.5,28.5,2000,0.0,0.0
2025-02-18 02:20:00+00:00,28.5,28.549999237060547,28.5,28.549999237060547,8000,0.0,0.0
2025-02-18 02:25:00+00:00,28.549999237060547,28.549999237060547,28.549999237060547,28.549999237060547,16001,0.0,0.0
2025-02-18 02:30:00+00:00,28.600000381469727,28.600000381469727,28.5,28.600000381469727,17000,0.0,0.0
2025-02-18 02:35:00+00:00,28.600000381469727,28.600000381469727,28.549999237060547,28.549999237060547,27000,0.0,0.0
2025-02-18 02:40:00+00:00,28.600000381469727,28.600000381469727,28.600000381469727,28.600000381469727,7001,0.0,0.0
2025-02-18 02:45:00+00:00,28.600000381469727,28.600000381469727,28.549999237060547,28.549999237060547,10000,0.0,0.0
2025-02-18 02:50:00+00:00,28.600000381469727,28.600000381469727,28.549999237060547,28.549999237060547,10101,0.0,0.0
2025-02-18 02:55:00+00:00,28.600000381469727,28.600000381469727,28.600000381469727,28.600000381469727,6001,0.0,0.0
2025-02-18 03:00:00+00:00,28.600000381469727,28.600000381469727,28.549999237060547,28.600000381469727,13002,0.0,0.0
2025-02-18 03:05:00+00:00,28.600000381469727,28.600000381469727,28.549999237060547,28.549999237060547,6100,0.0,0.0
2025-02-18 03:10:00+00:00,28.600000381469727,28.600000381469727,28.5,28.549999237060547,12001,0.0,0.0
2025-02-18 03:15:00+00:00,28.549999237060547,28.549999237060547,28.549999237060547,28.549999237060547,6002,0.0,0.0
2025-02-18 03:20:00+00:00,28.549999237060547,28.600000381469727,28.5,28.5,29001,0.0,0.0
2025-02-18 03:25:00+00:00,28.450000762939453,28.549999237060547,28.450000762939453,28.5,8100,0.0,0.0
2025-02-18 03:30:00+00:00,28.5,28.5,28.5,28.5,4000,0.0,0.0
2025-02-18 03:35:00+00:00,28.5,28.5,28.5,28.5,3001,0.0,0.0
2025-02-18 03:40:00+00:00,28.450000762939453,28.5,28.450000762939453,28.5,18001,0.0,0.0
2025-02-18 03:45:00+00:00,28.5,28.5,28.5,28.5,12000,0.0,0.0
2025-02-18 03:50:00+00:00,28.5,28.549999237060547,28.5,28.549999237060547,9000,0.0,0.0
2025-02-18 03:55:00+00:00,28.549999237060547,28.549999237060547,28.549999237060547,28.549999237060547,6000,0.0,0.0
2025-02-18 04:00:00+00:00,28.549999237060547,28.549999237060547,28.5,28.549999237060547,9000,0.0,0.0
2025-02-18 04:05:00+00:00,28.549999237060547,28.549999237060547,28.5,28.549999237060547,8001,0.0,0.0
2025-02-18 04:10:00+00:00,28.549999237060547,28.549999237060547,28.549999237060547,28.549999237060547,8040,0.0,0.0
2025-02-18 04:15:00+00:00,28.549999237060547,28.549999237060547,28.549999237060547,28.549999237060547,6011,0.0,0.0
2025-02-18 04:20:00+00:00,28.450000762939453,28.549999237060547,28.450000762939453,28.549999237060547,15002,0.0,0.0
2025-02-18 04:25:00+00:00,28.5,28.549999237060547,28.450000762939453,28.450000762939453,15000,0.0,0.0
2025-02-18 04:30:00+00:00,28.549999237060547,28.549999237060547,28.5,28.549999237060547,7001,0.0,0.0
2025-02-18 04:35:00+00:00,28.549999237060547,28.600000381469727,28.549999237060547,28.600000381469727,6000,0.0,0.0
2025-02-18 04:40:00+00:00,28.549999237060547,28.600000381469727,28.549999237060547,28.600000381469727,10000,0.0,0.0
2025-02-18 04:45:00+00:00,28.600000381469727,28.600000381469727,28.600000381469727,28.600000381469727,10000,0.0,0.0
2025-02-18 04:50:00+00:00,28.600000381469727,28.600000381469727,28.600000381469727,28.600000381469727,6048,0.0,0.0
2025-02-18 04:55:00+00:00,28.600000381469727,28.600000381469727,28.549999237060547,28.600000381469727,18002,0.0,0.0
2025-02-18 05:00:00+00:00,28.600000381469727,28.600000381469727,28.549999237060547,28.549999237060547,10000,0.0,0.0
2025-02-18 05:05:00+00:00,28.600000381469727,28.600000381469727,28.5,28.549999237060547,11050,0.0,0.0
2025-02-18 05:10:00+00:00,28.549999237060547,28.649999618530273,28.549999237060547,28.600000381469727,29031,0.0,0.0
2025-02-18 05:15:00+00:00,28.600000381469727,28.600000381469727,28.549999237060547,28.600000381469727,13001,0.0,0.0
2025-02-18 05:20:00+00:00,28.649999618530273,28.649999618530273,28.600000381469727,28.600000381469727,2720,0.0,0.0
2025-02-19 01:00:00+00:00,28.700000762939453,28.700000762939453,28.600000381469727,28.600000381469727,0,0.0,0.0
2025-02-19 01:10:00+00:00,28.649999618530273,28.649999618530273,28.649999618530273,28.649999618530273,2177,0.0,0.0
2025-02-19 01:15:00+00:00,28.700000762939453,28.799999237060547,28.649999618530273,28.649999618530273,53000,0.0,0.0
2025-02-19 01:20:00+00:00,28.649999618530273,28.850000381469727,28.649999618530273,28.850000381469727,23000,0.0,0.0
2025-02-19 01:25:00+00:00,28.850000381469727,28.899999618530273,28.850000381469727,28.899999618530273,29235,0.0,0.0
2025-02-19 01:30:00+00:00,28.850000381469727,28.899999618530273,28.799999237060547,28.850000381469727,22852,0.0,0.0
2025-02-19 01:35:00+00:00,28.799999237060547,28.799999237060547,28.799999237060547,28.799999237060547,6006,0.0,0.0
2025-02-19 01:40:00+00:00,28.799999237060547,29.0,28.799999237060547,29.0,60000,0.0,0.0
2025-02-19 01:45:00+00:00,28.899999618530273,28.950000762939453,28.899999618530273,28.899999618530273,22100,0.0,0.0
2025-02-19 01:50:00+00:00,28.899999618530273,28.899999618530273,28.899999618530273,28.899999618530273,22306,0.0,0.0
2025-02-19 01:55:00+00:00,28.899999618530273,28.899999618530273,28.899999618530273,28.899999618530273,6006,0.0,0.0
2025-02-19 02:00:00+00:00,28.899999618530273,28.899999618530273,28.899999618530273,28.899999618530273,14552,0.0,0.0
2025-02-19 02:05:00+00:00,28.899999618530273,28.899999618530273,28.850000381469727,28.850000381469727,6000,0.0,0.0
2025-02-19 02:10:00+00:00,28.850000381469727,28.850000381469727,28.850000381469727,28.850000381469727,2000,0.0,0.0
2025-02-19 02:15:00+00:00,28.799999237060547,28.799999237060547,28.799999237060547,28.799999237060547,15305,0.0,0.0
2025-02-19 02:20:00+00:00,28.75,28.799999237060547,28.75,28.799999237060547,3030,0.0,0.0
2025-02-19 02:25:00+00:00,28.799999237060547,28.799999237060547,28.799999237060547,28.799999237060547,3000,0.0,0.0
2025-02-19 02:30:00+00:00,28.799999237060547,28.799999237060547,28.799999237060547,28.799999237060547,3005,0.0,0.0
2025-02-19 02:35:00+00:00,28.75,28.75,28.75,28.75,1000,0.0,0.0
2025-02-19 02:40:00+00:00,28.75,28.75,28.75,28.75,3007,0.0,0.0
2025-02-19 02:50:00+00:00,28.799999237060547,28.799999237060547,28.799999237060547,28.799999237060547,18002,0.0,0.0
2025-02-19 02:55:00+00:00,28.850000381469727,28.850000381469727,28.850000381469727,28.850000381469727,3002,0.0,0.0
2025-02-19 03:00:00+00:00,28.850000381469727,28.850000381469727,28.850000381469727,28.850000381469727,1001,0.0,0.0
2025-02-19 03:05:00+00:00,28.850000381469727,28.850000381469727,28.850000381469727,28.850000381469727,1001,0.0,0.0
2025-02-19 03:10:00+00:00,28.850000381469727,28.899999618530273,28.850000381469727,28.850000381469727,27586,0.0,0.0
2025-02-19 03:15:00+00:00,28.799999237060547,28.799999237060547,28.799999237060547,28.799999237060547,11001,0.0,0.0
2025-02-19 03:20:00+00:00,28.75,28.75,28.75,28.75,5000,0.0,0.0
2025-02-19 03:25:00+00:00,28.799999237060547,29.0,28.799999237060547,28.950000762939453,119729,0.0,0.0
2025-02-19 03:30:00+00:00,28.950000762939453,29.0,28.950000762939453,29.0,19000,0.0,0.0
2025-02-19 03:35:00+00:00,29.0,29.0,29.0,29.0,12000,0.0,0.0
2025-02-19 03:40:00+00:00,29.0,29.049999237060547,29.0,29.049999237060547,33141,0.0,0.0
2025-02-19 03:45:00+00:00,29.049999237060547,29.049999237060547,29.049999237060547,29.049999237060547,6002,0.0,0.0
2025-02-19 03:50:00+00:00,29.049999237060547,29.049999237060547,29.0,29.0,10198,0.0,0.0
2025-02-19 03:55:00+00:00,29.0,29.0,28.950000762939453,29.0,5013,0.0,0.0
2025-02-19 04:00:00+00:00,28.950000762939453,28.950000762939453,28.950000762939453,28.950000762939453,10000,0.0,0.0
2025-02-19 04:05:00+00:00,28.950000762939453,28.950000762939453,28.950000762939453,28.950000762939453,6000,0.0,0.0
2025-02-19 04:10:00+00:00,28.950000762939453,28.950000762939453,28.950000762939453,28.950000762939453,7025,0.0,0.0
2025-02-19 04:15:00+00:00,28.899999618530273,28.899999618530273,28.899999618530273,28.899999618530273,10000,0.0,0.0
2025-02-19 04:20:00+00:00,28.899999618530273,28.899999618530273,28.899999618530273,28.899999618530273,7000,0.0,0.0
2025-02-19 04:25:00+00:00,28.950000762939453,28.950000762939453,28.899999618530273,28.899999618530273,6188,0.0,0.0
2025-02-19 04:35:00+00:00,28.899999618530273,28.899999618530273,28.899999618530273,28.899999618530273,11000,0.0,0.0
2025-02-19 04:40:00+00:00,28.899999618530273,28.899999618530273,28.899999618530273,28.899999618530273,4481,0.0,0.0
2025-02-19 04:45:00+00:00,28.850000381469727,28.850000381469727,28.850000381469727,28.850000381469727,7000,0.0,0.0
2025-02-19 04:50:00+00:00,28.850000381469727,28.899999618530273,28.850000381469727,28.899999618530273,3004,0.0,0.0
2025-02-19 04:55:00+00:00,28.850000381469727,28.850000381469727,28.850000381469727,28.850000381469727,1002,0.0,0.0
2025-02-19 05:00:00+00:00,28.899999618530273,29.0,28.899999618530273,29.0,34341,0.0,0.0
2025-02-19 05:05:00+00:00,29.0,29.0,29.0,29.0,5150,0.0,0.0
2025-02-19 05:10:00+00:00,28.899999618530273,28.899999618530273,28.850000381469727,28.850000381469727,8000,0.0,0.0
2025-02-19 05:15:00+00:00,28.850000381469727,28.950000762939453,28.850000381469727,28.950000762939453,6001,0.0,0.0
2025-02-19 05:20:00+00:00,28.950000762939453,29.049999237060547,28.899999618530273,29.0,44071,0.0,0.0
2025-02-20 01:00:00+00:00,29.0,29.149999618530273,29.0,29.049999237060547,0,0.0,0.0
2025-02-20 01:05:00+00:00,29.049999237060547,29.049999237060547,29.0,29.049999237060547,14173,0.0,0.0
2025-02-20 01:10:00+00:00,29.049999237060547,29.049999237060547,29.0,29.0,5000,0.0,0.0
2025-02-20 01:15:00+00:00,29.049999237060547,29.049999237060547,29.0,29.049999237060547,20000,0.0,0.0
2025-02-20 01:20:00+00:00,29.049999237060547,29.049999237060547,29.0,29.049999237060547,33030,0.0,0.0
2025-02-20 01:25:00+00:00,29.0,29.0,29.0,29.0,3100,0.0,0.0
2025-02-20 01:30:00+00:00,28.950000762939453,28.950000762939453,28.899999618530273,28.899999618530273,14201,0.0,0.0
2025-02-20 01:35:00+00:00,28.850000381469727,28.899999618530273,28.799999237060547,28.850000381469727,93002,0.0,0.0
2025-02-20 01:40:00+00:00,28.899999618530273,28.899999618530273,28.850000381469727,28.899999618530273,29006,0.0,0.0
2025-02-20 01:45:00+00:00,28.899999618530273,28.899999618530273,28.850000381469727,28.850000381469727,18323,0.0,0.0
2025-02-20 01:50:00+00:00,28.850000381469727,28.850000381469727,28.850000381469727,28.850000381469727,3517,0.0,0.0
2025-02-20 01:55:00+00:00,28.850000381469727,28.850000381469727,28.799999237060547,28.799999237060547,13000,0.0,0.0
2025-02-20 02:00:00+00:00,28.799999237060547,28.799999237060547,28.75,28.75,23000,0.0,0.0
2025-02-20 02:05:00+00:00,28.700000762939453,28.700000762939453,28.700000762939453,28.700000762939453,7094,0.0,0.0
2025-02-20 02:10:00+00:00,28.75,28.75,28.75,28.75,4002,0.0,0.0
2025-02-20 02:15:00+00:00,28.75,28.75,28.75,28.75,1000,0.0,0.0
2025-02-20 02:20:00+00:00,28.75,28.75,28.75,28.75,2019,0.0,0.0
2025-02-20 02:25:00+00:00,28.799999237060547,28.799999237060547,28.799999237060547,28.799999237060547,1001,0.0,0.0
2025-02-20 02:35:00+00:00,28.75,28.75,28.600000381469727,28.649999618530273,57165,0.0,0.0
2025-02-20 02:40:00+00:00,28.649999618530273,28.75,28.649999618530273,28.649999618530273,14033,0.0,0.0
2025-02-20 02:45:00+00:00,28.700000762939453,28.700000762939453,28.700000762939453,28.700000762939453,8000,0.0,0.0
2025-02-20 02:50:00+00:00,28.799999237060547,28.850000381469727,28.799999237060547,28.850000381469727,11031,0.0,0.0
2025-02-20 02:55:00+00:00,28.899999618530273,28.950000762939453,28.899999618530273,28.950000762939453,53103,0.0,0.0
2025-02-20 03:00:00+00:00,28.899999618530273,28.899999618530273,28.899999618530273,28.899999618530273,2001,0.0,0.0
2025-02-20 03:05:00+00:00,28.899999618530273,28.899999618530273,28.899999618530273,28.899999618530273,1000,0.0,0.0
2025-02-20 03:10:00+00:00,28.899999618530273,28.950000762939453,28.899999618530273,28.950000762939453,12011,0.0,0.0
2025-02-20 03:15:00+00:00,28.899999618530273,28.899999618530273,28.899999618530273,28.899999618530273,1000,0.0,0.0
2025-02-20 03:20:00+00:00,28.950000762939453,28.950000762939453,28.899999618530273,28.950000762939453,11011,0.0,0.0
2025-02-20 03:25:00+00:00,28.950000762939453,28.950000762939453,28.950000762939453,28.950000762939453,7000,0.0,0.0
2025-02-20 03:30:00+00:00,28.950000762939453,28.950000762939453,28.799999237060547,28.799999237060547,14044,0.0,0.0
2025-02-20 03:35:00+00:00,28.899999618530273,28.899999618530273,28.899999618530273,28.899999618530273,4001,0.0,0.0
2025-02-20 03:40:00+00:00,28.899999618530273,28.899999618530273,28.899999618530273,28.899999618530273,1002,0.0,0.0
2025-02-20 03:45:00+00:00,28.899999618530273,28.899999618530273,28.899999618530273,28.899999618530273,4000,0.0,0.0
2025-02-20 03:50:00+00:00,28.899999618530273,28.899999618530273,28.899999618530273,28.899999618530273,13081,0.0,0.0
2025-02-20 03:55:00+00:00,28.899999618530273,28.899999618530273,28.899999618530273,28.899999618530273,7060,0.0,0.0
2025-02-20 04:00:00+00:00,28.899999618530273,28.899999618530273,28.850000381469727,28.850000381469727,3000,0.0,0.0
2025-02-20 04:05:00+00:00,28.899999618530273,28.899999618530273,28.899999618530273,28.899999618530273,1004,0.0,0.0
2025-02-20 04:10:00+00:00,28.899999618530273,28.899999618530273,28.899999618530273,28.899999618530273,15297,0.0,0.0
2025-02-20 04:20:00+00:00,28.899999618530273,28.899999618530273,28.899999618530273,28.899999618530273,9000,0.0,0.0
2025-02-20 04:25:00+00:00,28.899999618530273,28.899999618530273,28.899999618530273,28.899999618530273,47000,0.0,0.0
2025-02-20 04:30:00+00:00,28.850000381469727,29.0,28.850000381469727,29.0,61000,0.0,0.0
2025-02-20 04:35:00+00:00,29.0,29.0,29.0,29.0,6000,0.0,0.0
2025-02-20 04:40:00+00:00,29.0,29.0,29.0,29.0,12569,0.0,0.0
2025-02-20 04:45:00+00:00,29.0,29.0,29.0,29.0,3350,0.0,0.0
2025-02-20 04:50:00+00:00,29.0,29.0,28.950000762939453,28.950000762939453,8294,0.0,0.0
2025-02-20 04:55:00+00:00,28.950000762939453,29.0,28.950000762939453,29.0,2300,0.0,0.0
2025-02-20 05:00:00+00:00,29.0,29.0,28.950000762939453,29.0,22052,0.0,0.0
2025-02-20 05:05:00+00:00,28.950000762939453,28.950000762939453,28.950000762939453,28.950000762939453,1001,0.0,0.0
2025-02-20 05:10:00+00:00,29.0,29.0,28.950000762939453,29.0,9001,0.0,0.0
2025-02-20 05:15:00+00:00,29.0,29.0,28.950000762939453,28.950000762939453,7004,0.0,0.0
2025-02-20 05:20:00+00:00,29.0,29.0,28.950000762939453,28.950000762939453,2728,0.0,0.0
2025-02-21 01:00:00+00:00,28.899999618530273,29.0,28.899999618530273,29.0,0,0.0,0.0
2025-02-21 01:05:00+00:00,29.0,29.0,28.950000762939453,29.0,4376,0.0,0.0
2025-02-21 01:10:00+00:00,29.0,29.0,29.0,29.0,5012,0.0,0.0
2025-02-21 01:15:00+00:00,29.0,29.0,29.0,29.0,3150,0.0,0.0
2025-02-21 01:20:00+00:00,28.950000762939453,28.950000762939453,28.950000762939453,28.950000762939453,2001,0.0,0.0
2025-02-21 01:25:00+00:00,28.950000762939453,28.950000762939453,28.950000762939453,28.950000762939453,2010,0.0,0.0
2025-02-21 01:30:00+00:00,28.950000762939453,28.950000762939453,28.950000762939453,28.950000762939453,2350,0.0,0.0
2025-02-21 01:35:00+00:00,29.0,29.049999237060547,29.0,29.049999237060547,8025,0.0,0.0
2025-02-21 01:40:00+00:00,29.0,29.0,29.0,29.0,1480,0.0,0.0
2025-02-21 01:45:00+00:00,29.0,29.0,29.0,29.0,4000,0.0,0.0
2025-02-21 01:50:00+00:00,29.0,29.0,29.0,29.0,2000,0.0,0.0
2025-02-21 01:55:00+00:00,29.0,29.0,29.0,29.0,4000,0.0,0.0
2025-02-21 02:00:00+00:00,29.0,29.0,29.0,29.0,7001,0.0,0.0
2025-02-21 02:05:00+00:00,29.049999237060547,29.049999237060547,29.049999237060547,29.049999237060547,1002,0.0,0.0
2025-02-21 02:10:00+00:00,29.049999237060547,29.049999237060547,29.0,29.0,2000,0.0,0.0
2025-02-21 02:15:00+00:00,29.0,29.0,29.0,29.0,2001,0.0,0.0
2025-02-21 02:20:00+00:00,29.0,29.0,29.0,29.0,18000,0.0,0.0
2025-02-21 02:25:00+00:00,28.950000762939453,28.950000762939453,28.899999618530273,28.899999618530273,30008,0.0,0.0
2025-02-21 02:30:00+00:00,28.899999618530273,28.899999618530273,28.899999618530273,28.899999618530273,2001,0.0,0.0
2025-02-21 02:35:00+00:00,28.899999618530273,28.899999618530273,28.899999618530273,28.899999618530273,1042,0.0,0.0
2025-02-21 02:45:00+00:00,28.950000762939453,28.950000762939453,28.950000762939453,28.950000762939453,4001,0.0,0.0
2025-02-21 02:55:00+00:00,28.950000762939453,28.950000762939453,28.950000762939453,28.950000762939453,2009,0.0,0.0
2025-02-21 03:05:00+00:00,28.950000762939453,28.950000762939453,28.950000762939453,28.950000762939453,4001,0.0,0.0
2025-02-21 03:10:00+00:00,28.950000762939453,28.950000762939453,28.899999618530273,28.950000762939453,6000,0.0,0.0
2025-02-21 03:15:00+00:00,29.0,29.0,29.0,29.0,36000,0.0,0.0
2025-02-21 03:20:00+00:00,29.049999237060547,29.049999237060547,29.0,29.049999237060547,3002,0.0,0.0
2025-02-21 03:30:00+00:00,29.0,29.0,29.0,29.0,7001,0.0,0.0
2025-02-21 03:35:00+00:00,29.0,29.0,29.0,29.0,5040,0.0,0.0
2025-02-21 03:40:00+00:00,28.899999618530273,28.899999618530273,28.899999618530273,28.899999618530273,2002,0.0,0.0
2025-02-21 03:50:00+00:00,28.950000762939453,29.049999237060547,28.950000762939453,29.049999237060547,7052,0.0,0.0
2025-02-21 04:00:00+00:00,28.950000762939453,28.950000762939453,28.950000762939453,28.950000762939453,1000,0.0,0.0
2025-02-21 04:10:00+00:00,29.0,29.0,29.0,29.0,2000,0.0,0.0
2025-02-21 04:15:00+00:00,28.950000762939453,28.950000762939453,28.899999618530273,28.950000762939453,11051,0.0,0.0
2025-02-21 04:20:00+00:00,28.899999618530273,28.950000762939453,28.899999618530273,28.899999618530273,6000,0.0,0.0
2025-02-21 04:25:00+00:00,28.899999618530273,28.899999618530273,28.899999618530273,28.899999618530273,3001,0.0,0.0
2025-02-21 04:30:00+00:00,28.950000762939453,28.950000762939453,28.950000762939453,28.950000762939453,1003,0.0,0.0
2025-02-21 04:45:00+00:00,28.950000762939453,28.950000762939453,28.950000762939453,28.950000762939453,4000,0.0,0.0
2025-02-21 04:50:00+00:00,28.950000762939453,28.950000762939453,28.950000762939453,28.950000762939453,5101,0.0,0.0
2025-02-21 04:55:00+00:00,28.950000762939453,28.950000762939453,28.950000762939453,28.950000762939453,1001,0.0,0.0
2025-02-21 05:05:00+00:00,28.950000762939453,28.950000762939453,28.950000762939453,28.950000762939453,1002,0.0,0.0
2025-02-21 05:10:00+00:00,28.950000762939453,29.0,28.950000762939453,29.0,8001,0.0,0.0
2025-02-21 05:15:00+00:00,29.0,29.049999237060547,28.950000762939453,28.950000762939453,16001,0.0,0.0
2025-02-21 05:20:00+00:00,28.950000762939453,28.950000762939453,28.950000762939453,28.950000762939453,5350,0.0,0.0
2025-02-24 01:00:00+00:00,28.850000381469727,29.0,28.799999237060547,29.0,0,0.0,0.0
2025-02-24 01:05:00+00:00,29.0,29.0,29.0,29.0,5333,0.0,0.0
2025-02-24 01:10:00+00:00,28.899999618530273,28.899999618530273,28.799999237060547,28.850000381469727,9858,0.0,0.0
2025-02-24 01:15:00+00:00,28.799999237060547,28.799999237060547,28.799999237060547,28.799999237060547,2002,0.0,0.0
2025-02-24 01:30:00+00:00,28.799999237060547,28.799999237060547,28.700000762939453,28.700000762939453,12052,0.0,0.0
2025-02-24 01:35:00+00:00,28.700000762939453,28.700000762939453,28.649999618530273,28.649999618530273,24726,0.0,0.0
2025-02-24 01:40:00+00:00,28.649999618530273,28.649999618530273,28.600000381469727,28.600000381469727,18000,0.0,0.0
2025-02-24 01:45:00+00:00,28.700000762939453,28.75,28.700000762939453,28.75,11000,0.0,0.0
2025-02-24 01:50:00+00:00,28.75,28.75,28.75,28.75,1091,0.0,0.0
2025-02-24 02:00:00+00:00,28.75,28.850000381469727,28.75,28.850000381469727,21000,0.0,0.0
2025-02-24 02:10:00+00:00,28.850000381469727,28.850000381469727,28.850000381469727,28.850000381469727,1251,0.0,0.0
2025-02-24 02:30:00+00:00,28.850000381469727,28.850000381469727,28.850000381469727,28.850000381469727,1001,0.0,0.0
2025-02-24 02:50:00+00:00,28.799999237060547,28.799999237060547,28.799999237060547,28.799999237060547,3679,0.0,0.0
2025-02-24 03:00:00+00:00,28.75,28.75,28.75,28.75,2003,0.0,0.0
2025-02-24 03:10:00+00:00,28.75,28.75,28.75,28.75,2002,0.0,0.0
2025-02-24 03:20:00+00:00,28.75,28.75,28.75,28.75,2175,0.0,0.0
2025-02-24 03:25:00+00:00,28.75,28.75,28.75,28.75,1001,0.0,0.0
2025-02-24 03:30:00+00:00,28.75,28.75,28.75,28.75,1000,0.0,0.0
2025-02-24 03:35:00+00:00,28.799999237060547,28.799999237060547,28.799999237060547,28.799999237060547,1001,0.0,0.0
2025-02-24 03:50:00+00:00,28.799999237060547,28.799999237060547,28.799999237060547,28.799999237060547,5003,0.0,0.0
2025-02-24 04:05:00+00:00,28.799999237060547,28.799999237060547,28.799999237060547,28.799999237060547,1158,0.0,0.0
2025-02-24 04:10:00+00:00,28.75,28.75,28.75,28.75,1000,0.0,0.0
2025-02-24 04:15:00+00:00,28.799999237060547,28.799999237060547,28.799999237060547,28.799999237060547,1028,0.0,0.0
2025-02-24 04:20:00+00:00,28.75,28.75,28.75,28.75,6000,0.0,0.0
2025-02-24 04:25:00+00:00,28.799999237060547,28.799999237060547,28.799999237060547,28.799999237060547,4000,0.0,0.0
2025-02-24 04:30:00+00:00,28.799999237060547,28.799999237060547,28.700000762939453,28.700000762939453,3207,0.0,0.0
2025-02-24 04:35:00+00:00,28.75,28.75,28.75,28.75,1000,0.0,0.0
2025-02-24 04:40:00+00:00,28.700000762939453,28.700000762939453,28.700000762939453,28.700000762939453,5000,0.0,0.0
2025-02-24 04:45:00+00:00,28.700000762939453,28.75,28.700000762939453,28.75,7000,0.0,0.0
2025-02-24 04:50:00+00:00,28.799999237060547,28.799999237060547,28.799999237060547,28.799999237060547,6001,0.0,0.0
2025-02-24 04:55:00+00:00,28.799999237060547,28.799999237060547,28.799999237060547,28.799999237060547,2001,0.0,0.0
2025-02-24 05:00:00+00:00,28.850000381469727,28.850000381469727,28.799999237060547,28.799999237060547,4036,0.0,0.0
2025-02-24 05:10:00+00:00,28.799999237060547,28.799999237060547,28.799999237060547,28.799999237060547,4005,0.0,0.0
2025-02-24 05:20:00+00:00,28.799999237060547,28.799999237060547,28.799999237060547,28.799999237060547,28114,0.0,0.0
2025-02-25 01:00:00+00:00,28.799999237060547,29.200000762939453,28.799999237060547,29.200000762939453,0,0.0,0.0
2025-02-25 01:05:00+00:00,29.25,29.25,29.049999237060547,29.049999237060547,20275,0.0,0.0
2025-02-25 01:10:00+00:00,29.0,29.0,28.899999618530273,28.899999618530273,22221,0.0,0.0
2025-02-25 01:15:00+00:00,28.850000381469727,28.899999618530273,28.850000381469727,28.899999618530273,18001,0.0,0.0
2025-02-25 01:20:00+00:00,28.899999618530273,28.899999618530273,28.899999618530273,28.899999618530273,2000,0.0,0.0
2025-02-25 01:25:00+00:00,28.950000762939453,29.0,28.950000762939453,29.0,10001,0.0,0.0
2025-02-25 01:30:00+00:00,29.0,29.0,29.0,29.0,3000,0.0,0.0
2025-02-25 01:35:00+00:00,28.950000762939453,28.950000762939453,28.950000762939453,28.950000762939453,6001,0.0,0.0
2025-02-25 01:45:00+00:00,28.899999618530273,28.950000762939453,28.850000381469727,28.950000762939453,18000,0.0,0.0
2025-02-25 01:50:00+00:00,29.0,29.0,29.0,29.0,16003,0.0,0.0
2025-02-25 01:55:00+00:00,29.0,29.0,29.0,29.0,2043,0.0,0.0
2025-02-25 02:00:00+00:00,28.950000762939453,28.950000762939453,28.950000762939453,28.950000762939453,1110,0.0,0.0
2025-02-25 02:05:00+00:00,28.950000762939453,28.950000762939453,28.950000762939453,28.950000762939453,2000,0.0,0.0
2025-02-25 02:10:00+00:00,28.950000762939453,29.0,28.950000762939453,29.0,4100,0.0,0.0
2025-02-25 02:15:00+00:00,29.0,29.0,29.0,29.0,1000,0.0,0.0
2025-02-25 02:20:00+00:00,29.049999237060547,29.049999237060547,29.049999237060547,29.049999237060547,4030,0.0,0.0
2025-02-25 02:25:00+00:00,29.049999237060547,29.049999237060547,29.0,29.0,19000,0.0,0.0
2025-02-25 02:30:00+00:00,28.899999618530273,28.899999618530273,28.899999618530273,28.899999618530273,9001,0.0,0.0
2025-02-25 02:35:00+00:00,29.0,29.0,29.0,29.0,4001,0.0,0.0
2025-02-25 02:40:00+00:00,29.049999237060547,29.049999237060547,29.049999237060547,29.049999237060547,2000,0.0,0.0
2025-02-25 02:45:00+00:00,29.0,29.0,29.0,29.0,2150,0.0,0.0
2025-02-25 03:00:00+00:00,29.049999237060547,29.100000381469727,29.049999237060547,29.100000381469727,31332,0.0,0.0
2025-02-25 03:05:00+00:00,29.149999618530273,29.149999618530273,29.149999618530273,29.149999618530273,12030,0.0,0.0
2025-02-25 03:10:00+00:00,29.149999618530273,29.149999618530273,29.100000381469727,29.100000381469727,17000,0.0,0.0
2025-02-25 03:15:00+00:00,29.149999618530273,29.149999618530273,29.149999618530273,29.149999618530273,1000,0.0,0.0
2025-02-25 03:20:00+00:00,29.149999618530273,29.149999618530273,29.149999618530273,29.149999618530273,1000,0.0,0.0
2025-02-25 03:25:00+00:00,29.149999618530273,29.200000762939453,29.100000381469727,29.100000381469727,10044,0.0,0.0
2025-02-25 03:35:00+00:00,29.149999618530273,29.149999618530273,29.149999618530273,29.149999618530273,3006,0.0,0.0
2025-02-25 03:40:00+00:00,29.149999618530273,29.200000762939453,29.149999618530273,29.200000762939453,1000,0.0,0.0
2025-02-25 03:45:00+00:00,29.200000762939453,29.200000762939453,29.149999618530273,29.149999618530273,4941,0.0,0.0
2025-02-25 03:50:00+00:00,29.149999618530273,29.149999618530273,29.100000381469727,29.149999618530273,4021,0.0,0.0
2025-02-25 03:55:00+00:00,29.149999618530273,29.149999618530273,29.149999618530273,29.149999618530273,4000,0.0,0.0
2025-02-25 04:00:00+00:00,29.200000762939453,29.200000762939453,29.149999618530273,29.149999618530273,4000,0.0,0.0
2025-02-25 04:05:00+00:00,29.149999618530273,29.200000762939453,29.149999618530273,29.149999618530273,11000,0.0,0.0
2025-02-25 04:10:00+00:00,29.149999618530273,29.149999618530273,29.149999618530273,29.149999618530273,10000,0.0,0.0
2025-02-25 04:15:00+00:00,29.200000762939453,29.200000762939453,29.149999618530273,29.149999618530273,6319,0.0,0.0
2025-02-25 04:20:00+00:00,29.200000762939453,29.200000762939453,29.200000762939453,29.200000762939453,10000,0.0,0.0
2025-02-25 04:25:00+00:00,29.200000762939453,29.200000762939453,29.149999618530273,29.149999618530273,8542,0.0,0.0
2025-02-25 04:30:00+00:00,29.149999618530273,29.149999618530273,29.149999618530273,29.149999618530273,1090,0.0,0.0
2025-02-25 04:35:00+00:00,29.149999618530273,29.149999618530273,29.149999618530273,29.149999618530273,3001,0.0,0.0
2025-02-25 04:40:00+00:00,29.149999618530273,29.149999618530273,29.100000381469727,29.100000381469727,4006,0.0,0.0
2025-02-25 04:50:00+00:00,29.149999618530273,29.149999618530273,29.149999618530273,29.149999618530273,3003,0.0,0.0
2025-02-25 04:55:00+00:00,29.149999618530273,29.149999618530273,29.100000381469727,29.149999618530273,6006,0.0,0.0
2025-02-25 05:00:00+00:00,29.149999618530273,29.149999618530273,29.149999618530273,29.149999618530273,3002,0.0,0.0
2025-02-25 05:05:00+00:00,29.149999618530273,29.149999618530273,29.149999618530273,29.149999618530273,1000,0.0,0.0
2025-02-25 05:10:00+00:00,29.149999618530273,29.149999618530273,29.149999618530273,29.149999618530273,3011,0.0,0.0
2025-02-25 05:15:00+00:00,29.100000381469727,29.100000381469727,29.100000381469727,29.100000381469727,3000,0.0,0.0
2025-02-25 05:20:00+00:00,29.100000381469727,29.100000381469727,29.100000381469727,29.100000381469727,1190,0.0,0.0
2025-02-26 01:00:00+00:00,29.100000381469727,29.100000381469727,29.100000381469727,29.100000381469727,0,0.0,0.0
2025-02-26 01:05:00+00:00,29.100000381469727,29.100000381469727,29.0,29.0,6013,0.0,0.0
2025-02-26 01:10:00+00:00,29.0,29.0,29.0,29.0,6013,0.0,0.0
2025-02-26 01:20:00+00:00,29.0,29.0,29.0,29.0,1200,0.0,0.0
2025-02-26 01:25:00+00:00,29.0,29.0,29.0,29.0,11981,0.0,0.0
2025-02-26 01:40:00+00:00,29.0,29.0,29.0,29.0,3001,0.0,0.0
2025-02-26 01:45:00+00:00,29.0,29.0,29.0,29.0,2002,0.0,0.0
2025-02-26 01:50:00+00:00,28.950000762939453,28.950000762939453,28.950000762939453,28.950000762939453,7201,0.0,0.0
2025-02-26 01:55:00+00:00,28.899999618530273,28.899999618530273,28.899999618530273,28.899999618530273,6000,0.0,0.0
2025-02-26 02:00:00+00:00,28.899999618530273,28.899999618530273,28.899999618530273,28.899999618530273,10246,0.0,0.0
2025-02-26 02:10:00+00:00,29.0,29.0,28.899999618530273,28.899999618530273,5000,0.0,0.0
2025-02-26 02:15:00+00:00,28.899999618530273,28.899999618530273,28.899999618530273,28.899999618530273,23002,0.0,0.0
2025-02-26 02:20:00+00:00,28.950000762939453,28.950000762939453,28.950000762939453,28.950000762939453,1000,0.0,0.0
2025-02-26 02:25:00+00:00,28.899999618530273,28.899999618530273,28.850000381469727,28.850000381469727,10000,0.0,0.0
2025-02-26 02:30:00+00:00,28.899999618530273,28.899999618530273,28.899999618530273,28.899999618530273,1000,0.0,0.0
2025-02-26 02:35:00+00:00,28.899999618530273,28.899999618530273,28.899999618530273,28.899999618530273,3110,0.0,0.0
2025-02-26 02:50:00+00:00,28.899999618530273,28.950000762939453,28.899999618530273,28.950000762939453,5000,0.0,0.0
2025-02-26 02:55:00+00:00,28.899999618530273,28.899999618530273,28.850000381469727,28.850000381469727,10001,0.0,0.0
2025-02-26 03:00:00+00:00,28.899999618530273,28.899999618530273,28.899999618530273,28.899999618530273,1087,0.0,0.0
2025-02-26 03:10:00+00:00,28.899999618530273,28.950000762939453,28.899999618530273,28.950000762939453,7075,0.0,0.0
2025-02-26 03:15:00+00:00,28.950000762939453,28.950000762939453,28.950000762939453,28.950000762939453,1000,0.0,0.0
2025-02-26 03:20:00+00:00,29.0,29.0,29.0,29.0,1001,0.0,0.0
2025-02-26 03:25:00+00:00,29.0,29.0,29.0,29.0,2003,0.0,0.0
2025-02-26 03:30:00+00:00,29.0,29.0,29.0,29.0,3000,0.0,0.0
2025-02-26 03:40:00+00:00,28.950000762939453,28.950000762939453,28.950000762939453,28.950000762939453,1000,0.0,0.0
2025-02-26 03:45:00+00:00,28.899999618530273,28.899999618530273,28.850000381469727,28.850000381469727,14208,0.0,0.0
2025-02-26 03:55:00+00:00,28.799999237060547,28.850000381469727,28.799999237060547,28.850000381469727,3018,0.0,0.0
2025-02-26 04:05:00+00:00,28.799999237060547,28.799999237060547,28.799999237060547,28.799999237060547,4001,0.0,0.0
2025-02-26 04:10:00+00:00,28.799999237060547,28.799999237060547,28.799999237060547,28.799999237060547,1000,0.0,0.0
2025-02-26 04:15:00+00:00,28.850000381469727,29.0,28.850000381469727,29.0,15100,0.0,0.0
2025-02-26 04:20:00+00:00,28.950000762939453,28.950000762939453,28.899999618530273,28.899999618530273,5000,0.0,0.0
2025-02-26 04:25:00+00:00,28.899999618530273,28.899999618530273,28.899999618530273,28.899999618530273,7001,0.0,0.0
2025-02-26 04:30:00+00:00,28.899999618530273,28.899999618530273,28.899999618530273,28.899999618530273,1000,0.0,0.0
2025-02-26 04:35:00+00:00,28.950000762939453,28.950000762939453,28.950000762939453,28.950000762939453,2001,0.0,0.0
2025-02-26 04:40:00+00:00,28.899999618530273,28.899999618530273,28.899999618530273,28.899999618530273,1001,0.0,0.0
2025-02-26 04:45:00+00:00,28.950000762939453,29.0,28.899999618530273,28.899999618530273,34000,0.0,0.0
2025-02-26 04:50:00+00:00,28.899999618530273,28.899999618530273,28.899999618530273,28.899999618530273,2000,0.0,0.0
2025-02-26 04:55:00+00:00,28.950000762939453,28.950000762939453,28.899999618530273,28.899999618530273,2000,0.0,0.0
2025-02-26 05:00:00+00:00,28.899999618530273,28.899999618530273,28.899999618530273,28.899999618530273,3009,0.0,0.0
2025-02-26 05:05:00+00:00,28.899999618530273,28.899999618530273,28.899999618530273,28.899999618530273,2101,0.0,0.0
2025-02-26 05:10:00+00:00,28.899999618530273,28.899999618530273,28.899999618530273,28.899999618530273,3160,0.0,0.0
2025-02-26 05:15:00+00:00,28.899999618530273,28.899999618530273,28.899999618530273,28.899999618530273,1000,0.0,0.0
2025-02-26 05:20:00+00:00,28.899999618530273,28.950000762939453,28.899999618530273,28.899999618530273,11060,0.0,0.0
2025-02-27 01:00:00+00:00,28.899999618530273,28.950000762939453,28.899999618530273,28.950000762939453,0,0.0,0.0
2025-02-27 01:05:00+00:00,28.950000762939453,29.049999237060547,28.950000762939453,29.049999237060547,9300,0.0,0.0
2025-02-27 01:10:00+00:00,29.049999237060547,29.049999237060547,29.049999237060547,29.049999237060547,3000,0.0,0.0
2025-02-27 01:15:00+00:00,29.049999237060547,29.049999237060547,29.049999237060547,29.049999237060547,5000,0.0,0.0
2025-02-27 01:25:00+00:00,29.0,29.0,29.0,29.0,4000,0.0,0.0
2025-02-27 01:30:00+00:00,29.0,29.0,29.0,29.0,2000,0.0,0.0
2025-02-27 01:35:00+00:00,29.0,29.0,29.0,29.0,9004,0.0,0.0
2025-02-27 01:40:00+00:00,28.950000762939453,28.950000762939453,28.950000762939453,28.950000762939453,3001,0.0,0.0
2025-02-27 01:45:00+00:00,28.950000762939453,28.950000762939453,28.950000762939453,28.950000762939453,3156,0.0,0.0
2025-02-27 01:55:00+00:00,28.950000762939453,28.950000762939453,28.950000762939453,28.950000762939453,2000,0.0,0.0
2025-02-27 02:00:00+00:00,28.950000762939453,28.950000762939453,28.950000762939453,28.950000762939453,12000,0.0,0.0
2025-02-27 02:05:00+00:00,28.950000762939453,28.950000762939453,28.799999237060547,28.799999237060547,27018,0.0,0.0
2025-02-27 02:10:00+00:00,28.850000381469727,28.899999618530273,28.850000381469727,28.899999618530273,25102,0.0,0.0
2025-02-27 02:15:00+00:00,28.950000762939453,29.0,28.950000762939453,29.0,18041,0.0,0.0
2025-02-27 02:20:00+00:00,29.0,29.0,29.0,29.0,2307,0.0,0.0
2025-02-27 02:25:00+00:00,29.049999237060547,29.049999237060547,29.049999237060547,29.049999237060547,7370,0.0,0.0
2025-02-27 02:30:00+00:00,29.049999237060547,29.049999237060547,29.049999237060547,29.049999237060547,10982,0.0,0.0
2025-02-27 02:35:00+00:00,29.049999237060547,29.049999237060547,29.049999237060547,29.049999237060547,5001,0.0,0.0
2025-02-27 02:40:00+00:00,29.049999237060547,29.049999237060547,29.0,29.0,22651,0.0,0.0
2025-02-27 02:45:00+00:00,29.0,29.0,28.950000762939453,28.950000762939453,10300,0.0,0.0
2025-02-27 02:55:00+00:00,29.0,29.0,29.0,29.0,13000,0.0,0.0
2025-02-27 03:00:00+00:00,29.049999237060547,29.049999237060547,29.049999237060547,29.049999237060547,3103,0.0,0.0
2025-02-27 03:05:00+00:00,29.049999237060547,29.049999237060547,29.049999237060547,29.049999237060547,10001,0.0,0.0
2025-02-27 03:10:00+00:00,29.049999237060547,29.100000381469727,29.049999237060547,29.100000381469727,7000,0.0,0.0
2025-02-27 03:15:00+00:00,29.100000381469727,29.100000381469727,29.049999237060547,29.049999237060547,3000,0.0,0.0
2025-02-27 03:20:00+00:00,29.049999237060547,29.049999237060547,29.049999237060547,29.049999237060547,8002,0.0,0.0
2025-02-27 03:25:00+00:00,29.049999237060547,29.149999618530273,29.049999237060547,29.149999618530273,43160,0.0,0.0
2025-02-27 03:30:00+00:00,29.149999618530273,29.200000762939453,29.149999618530273,29.200000762939453,34095,0.0,0.0
2025-02-27 03:35:00+00:00,29.200000762939453,29.200000762939453,29.149999618530273,29.149999618530273,33100,0.0,0.0
2025-02-27 03:40:00+00:00,29.149999618530273,29.149999618530273,29.100000381469727,29.100000381469727,31080,0.0,0.0
2025-02-27 03:50:00+00:00,29.100000381469727,29.100000381469727,29.100000381469727,29.100000381469727,5019,0.0,0.0
2025-02-27 03:55:00+00:00,29.100000381469727,29.100000381469727,29.100000381469727,29.100000381469727,5001,0.0,0.0
2025-02-27 04:00:00+00:00,29.100000381469727,29.100000381469727,29.100000381469727,29.100000381469727,5000,0.0,0.0
2025-02-27 04:05:00+00:00,29.100000381469727,29.100000381469727,29.100000381469727,29.100000381469727,5000,0.0,0.0
2025-02-27 04:10:00+00:00,29.100000381469727,29.100000381469727,29.100000381469727,29.100000381469727,5101,0.0,0.0
2025-02-27 04:15:00+00:00,29.100000381469727,29.100000381469727,29.100000381469727,29.100000381469727,8000,0.0,0.0
2025-02-27 04:20:00+00:00,29.149999618530273,29.149999618530273,29.149999618530273,29.149999618530273,15000,0.0,0.0
2025-02-27 04:25:00+00:00,29.149999618530273,29.149999618530273,29.100000381469727,29.100000381469727,4001,0.0,0.0
2025-02-27 04:30:00+00:00,29.100000381469727,29.100000381469727,29.100000381469727,29.100000381469727,12000,0.0,0.0
2025-02-27 04:40:00+00:00,29.100000381469727,29.100000381469727,29.100000381469727,29.100000381469727,1002,0.0,0.0
2025-02-27 04:45:00+00:00,29.149999618530273,29.149999618530273,29.100000381469727,29.100000381469727,19115,0.0,0.0
2025-02-27 04:50:00+00:00,29.100000381469727,29.100000381469727,29.100000381469727,29.100000381469727,1000,0.0,0.0
2025-02-27 04:55:00+00:00,29.149999618530273,29.200000762939453,29.149999618530273,29.200000762939453,25467,0.0,0.0
2025-02-27 05:00:00+00:00,29.200000762939453,29.200000762939453,29.149999618530273,29.149999618530273,10100,0.0,0.0
2025-02-27 05:05:00+00:00,29.149999618530273,29.149999618530273,29.149999618530273,29.149999618530273,11001,0.0,0.0
2025-02-27 05:10:00+00:00,29.149999618530273,29.200000762939453,29.149999618530273,29.200000762939453,18001,0.0,0.0
2025-02-27 05:15:00+00:00,29.200000762939453,29.200000762939453,29.149999618530273,29.149999618530273,9001,0.0,0.0
2025-02-27 05:20:00+00:00,29.149999618530273,29.200000762939453,29.149999618530273,29.149999618530273,5935,0.0,0.0
2025-03-03 01:00:00+00:00,29.0,29.600000381469727,28.950000762939453,29.600000381469727,0,0.0,0.0
2025-03-03 01:05:00+00:00,29.549999237060547,30.200000762939453,29.5,30.149999618530273,309989,0.0,0.0
2025-03-03 01:10:00+00:00,30.149999618530273,30.200000762939453,29.799999237060547,29.850000381469727,89840,0.0,0.0
2025-03-03 01:15:00+00:00,29.799999237060547,29.799999237060547,29.549999237060547,29.549999237060547,36403,0.0,0.0
2025-03-03 01:20:00+00:00,29.549999237060547,29.600000381469727,29.5,29.5,36064,0.0,0.0
2025-03-03 01:25:00+00:00,29.450000762939453,29.5,29.399999618530273,29.399999618530273,17551,0.0,0.0
2025-03-03 01:30:00+00:00,29.399999618530273,29.5,29.399999618530273,29.5,8000,0.0,0.0
2025-03-03 01:35:00+00:00,29.450000762939453,29.450000762939453,29.299999237060547,29.299999237060547,28277,0.0,0.0
2025-03-03 01:40:00+00:00,29.299999237060547,29.399999618530273,29.299999237060547,29.350000381469727,11000,0.0,0.0
2025-03-03 01:45:00+00:00,29.399999618530273,29.399999618530273,29.399999618530273,29.399999618530273,3011,0.0,0.0
2025-03-03 01:50:00+00:00,29.450000762939453,29.450000762939453,29.399999618530273,29.399999618530273,9003,0.0,0.0
2025-03-03 02:00:00+00:00,29.399999618530273,29.399999618530273,29.299999237060547,29.299999237060547,19200,0.0,0.0
2025-03-03 02:10:00+00:00,29.299999237060547,29.299999237060547,29.299999237060547,29.299999237060547,9000,0.0,0.0
2025-03-03 02:15:00+00:00,29.299999237060547,29.350000381469727,29.299999237060547,29.350000381469727,9002,0.0,0.0
2025-03-03 02:20:00+00:00,29.350000381469727,29.350000381469727,29.350000381469727,29.350000381469727,1000,0.0,0.0
2025-03-03 02:25:00+00:00,29.350000381469727,29.350000381469727,29.350000381469727,29.350000381469727,1002,0.0,0.0
2025-03-03 02:30:00+00:00,29.350000381469727,29.350000381469727,29.350000381469727,29.350000381469727,2285,0.0,0.0
2025-03-03 02:35:00+00:00,29.350000381469727,29.350000381469727,29.350000381469727,29.350000381469727,3000,0.0,0.0
2025-03-03 02:40:00+00:00,29.299999237060547,29.299999237060547,29.0,29.049999237060547,56320,0.0,0.0
2025-03-03 02:45:00+00:00,29.049999237060547,29.100000381469727,29.049999237060547,29.100000381469727,17386,0.0,0.0
2025-03-03 03:00:00+00:00,29.149999618530273,29.149999618530273,29.149999618530273,29.149999618530273,7620,0.0,0.0
2025-03-03 03:05:00+00:00,29.149999618530273,29.149999618530273,29.149999618530273,29.149999618530273,1000,0.0,0.0
2025-03-03 03:10:00+00:00,29.149999618530273,29.149999618530273,29.149999618530273,29.149999618530273,1000,0.0,0.0
2025-03-03 03:15:00+00:00,29.149999618530273,29.149999618530273,29.149999618530273,29.149999618530273,2000,0.0,0.0
2025-03-03 03:20:00+00:00,29.100000381469727,29.100000381469727,29.100000381469727,29.100000381469727,5001,0.0,0.0
2025-03-03 03:25:00+00:00,29.100000381469727,29.100000381469727,29.100000381469727,29.100000381469727,1001,0.0,0.0
2025-03-03 03:30:00+00:00,29.100000381469727,29.100000381469727,29.100000381469727,29.100000381469727,8498,0.0,0.0
2025-03-03 03:35:00+00:00,29.049999237060547,29.049999237060547,29.0,29.0,14289,0.0,0.0
2025-03-03 03:40:00+00:00,29.0,29.049999237060547,28.950000762939453,29.049999237060547,36264,0.0,0.0
2025-03-03 03:45:00+00:00,29.049999237060547,29.049999237060547,29.049999237060547,29.049999237060547,7000,0.0,0.0
2025-03-03 03:50:00+00:00,29.049999237060547,29.049999237060547,29.049999237060547,29.049999237060547,1003,0.0,0.0
2025-03-03 03:55:00+00:00,29.049999237060547,29.100000381469727,29.049999237060547,29.100000381469727,2005,0.0,0.0
2025-03-03 04:05:00+00:00,29.100000381469727,29.100000381469727,29.100000381469727,29.100000381469727,1000,0.0,0.0
2025-03-03 04:10:00+00:00,29.100000381469727,29.100000381469727,29.100000381469727,29.100000381469727,2000,0.0,0.0
2025-03-03 04:15:00+00:00,29.100000381469727,29.100000381469727,29.100000381469727,29.100000381469727,3176,0.0,0.0
2025-03-03 04:25:00+00:00,29.100000381469727,29.100000381469727,29.100000381469727,29.100000381469727,5002,0.0,0.0
2025-03-03 04:30:00+00:00,29.149999618530273,29.149999618530273,29.149999618530273,29.149999618530273,1000,0.0,0.0
2025-03-03 04:35:00+00:00,29.149999618530273,29.149999618530273,29.149999618530273,29.149999618530273,2000,0.0,0.0
2025-03-03 04:45:00+00:00,29.149999618530273,29.149999618530273,29.100000381469727,29.100000381469727,6028,0.0,0.0
2025-03-03 04:50:00+00:00,29.100000381469727,29.100000381469727,29.100000381469727,29.100000381469727,1062,0.0,0.0
2025-03-03 04:55:00+00:00,29.149999618530273,29.149999618530273,29.149999618530273,29.149999618530273,1001,0.0,0.0
2025-03-03 05:00:00+00:00,29.200000762939453,29.200000762939453,29.200000762939453,29.200000762939453,8050,0.0,0.0
2025-03-03 05:10:00+00:00,29.149999618530273,29.149999618530273,29.149999618530273,29.149999618530273,3001,0.0,0.0
2025-03-03 05:15:00+00:00,29.149999618530273,29.149999618530273,29.149999618530273,29.149999618530273,3000,0.0,0.0
2025-03-03 05:20:00+00:00,29.149999618530273,29.149999618530273,29.100000381469727,29.149999618530273,12398,0.0,0.0
2025-03-04 01:00:00+00:00,29.0,29.200000762939453,29.0,29.149999618530273,0,0.0,0.0
2025-03-04 01:05:00+00:00,29.100000381469727,29.149999618530273,29.049999237060547,29.149999618530273,7100,0.0,0.0
2025-03-04 01:10:00+00:00,29.149999618530273,29.200000762939453,29.149999618530273,29.149999618530273,18413,0.0,0.0
2025-03-04 01:15:00+00:00,29.100000381469727,29.100000381469727,29.100000381469727,29.100000381469727,7000,0.0,0.0
2025-03-04 01:20:00+00:00,29.100000381469727,29.100000381469727,29.049999237060547,29.100000381469727,33001,0.0,0.0
2025-03-04 01:25:00+00:00,29.100000381469727,29.100000381469727,29.049999237060547,29.049999237060547,5000,0.0,0.0
2025-03-04 01:30:00+00:00,29.0,29.0,28.950000762939453,29.0,29101,0.0,0.0
2025-03-04 01:35:00+00:00,29.0,29.0,29.0,29.0,1000,0.0,0.0
2025-03-04 01:40:00+00:00,29.0,29.0,29.0,29.0,2000,0.0,0.0
2025-03-04 01:45:00+00:00,29.0,29.049999237060547,29.0,29.0,7099,0.0,0.0
2025-03-04 01:50:00+00:00,29.049999237060547,29.049999237060547,29.049999237060547,29.049999237060547,5012,0.0,0.0
2025-03-04 01:55:00+00:00,29.0,29.0,29.0,29.0,7000,0.0,0.0
2025-03-04 02:00:00+00:00,29.0,29.0,29.0,29.0,2001,0.0,0.0
2025-03-04 02:05:00+00:00,29.0,29.0,28.950000762939453,28.950000762939453,3000,0.0,0.0
2025-03-04 02:10:00+00:00,29.0,29.0,29.0,29.0,13147,0.0,0.0
2025-03-04 02:20:00+00:00,29.0,29.0,29.0,29.0,10000,0.0,0.0
2025-03-04 02:25:00+00:00,29.0,29.0,29.0,29.0,2006,0.0,0.0
2025-03-04 02:30:00+00:00,29.0,29.0,29.0,29.0,1000,0.0,0.0
2025-03-04 02:35:00+00:00,29.049999237060547,29.049999237060547,29.049999237060547,29.049999237060547,12001,0.0,0.0
2025-03-04 02:40:00+00:00,29.100000381469727,29.200000762939453,29.100000381469727,29.200000762939453,81593,0.0,0.0
2025-03-04 02:50:00+00:00,29.200000762939453,29.200000762939453,29.200000762939453,29.200000762939453,1011,0.0,0.0
2025-03-04 03:00:00+00:00,29.149999618530273,29.149999618530273,29.149999618530273,29.149999618530273,1001,0.0,0.0
2025-03-04 03:05:00+00:00,29.100000381469727,29.100000381469727,29.100000381469727,29.100000381469727,3807,0.0,0.0
2025-03-04 03:10:00+00:00,29.049999237060547,29.049999237060547,29.049999237060547,29.049999237060547,2000,0.0,0.0
2025-03-04 03:15:00+00:00,29.049999237060547,29.049999237060547,29.049999237060547,29.049999237060547,10002,0.0,0.0
2025-03-04 03:20:00+00:00,29.049999237060547,29.049999237060547,29.049999237060547,29.049999237060547,1001,0.0,0.0
2025-03-04 03:25:00+00:00,29.100000381469727,29.100000381469727,29.100000381469727,29.100000381469727,2500,0.0,0.0
2025-03-04 03:35:00+00:00,29.0,29.0,28.899999618530273,28.899999618530273,71000,0.0,0.0
2025-03-04 03:40:00+00:00,28.950000762939453,28.950000762939453,28.899999618530273,28.899999618530273,2000,0.0,0.0
2025-03-04 03:45:00+00:00,28.899999618530273,28.899999618530273,28.850000381469727,28.899999618530273,14112,0.0,0.0
2025-03-04 03:50:00+00:00,28.899999618530273,28.899999618530273,28.899999618530273,28.899999618530273,11001,0.0,0.0
2025-03-04 04:05:00+00:00,28.899999618530273,28.899999618530273,28.899999618530273,28.899999618530273,2000,0.0,0.0
2025-03-04 04:10:00+00:00,29.0,29.0,29.0,29.0,2000,0.0,0.0
2025-03-04 04:15:00+00:00,29.0,29.0,29.0,29.0,1050,0.0,0.0
2025-03-04 04:20:00+00:00,28.899999618530273,28.899999618530273,28.899999618530273,28.899999618530273,2000,0.0,0.0
2025-03-04 04:35:00+00:00,28.950000762939453,28.950000762939453,28.950000762939453,28.950000762939453,3002,0.0,0.0
2025-03-04 04:50:00+00:00,28.950000762939453,28.950000762939453,28.899999618530273,28.899999618530273,3085,0.0,0.0
2025-03-04 04:55:00+00:00,28.950000762939453,28.950000762939453,28.850000381469727,28.850000381469727,24073,0.0,0.0
2025-03-04 05:00:00+00:00,28.899999618530273,28.899999618530273,28.799999237060547,28.799999237060547,52705,0.0,0.0
2025-03-04 05:05:00+00:00,28.799999237060547,28.850000381469727,28.799999237060547,28.850000381469727,17289,0.0,0.0
2025-03-04 05:10:00+00:00,28.850000381469727,28.850000381469727,28.850000381469727,28.850000381469727,10000,0.0,0.0
2025-03-04 05:15:00+00:00,28.850000381469727,28.850000381469727,28.850000381469727,28.850000381469727,5000,0.0,0.0
2025-03-04 05:20:00+00:00,28.899999618530273,28.899999618530273,28.899999618530273,28.899999618530273,2103,0.0,0.0
2025-03-05 01:00:00+00:00,28.950000762939453,29.200000762939453,28.950000762939453,29.100000381469727,0,0.0,0.0
2025-03-05 01:05:00+00:00,29.0,29.049999237060547,28.899999618530273,29.049999237060547,19115,0.0,0.0
2025-03-05 01:20:00+00:00,29.0,29.0,28.899999618530273,28.899999618530273,21000,0.0,0.0
2025-03-05 01:25:00+00:00,28.950000762939453,28.950000762939453,28.950000762939453,28.950000762939453,4001,0.0,0.0
2025-03-05 01:35:00+00:00,28.950000762939453,28.950000762939453,28.950000762939453,28.950000762939453,6000,0.0,0.0
2025-03-05 01:40:00+00:00,28.950000762939453,28.950000762939453,28.950000762939453,28.950000762939453,22000,0.0,0.0
2025-03-05 01:45:00+00:00,28.950000762939453,28.950000762939453,28.950000762939453,28.950000762939453,9000,0.0,0.0
2025-03-05 01:50:00+00:00,28.950000762939453,28.950000762939453,28.950000762939453,28.950000762939453,1001,0.0,0.0
2025-03-05 02:00:00+00:00,28.950000762939453,28.950000762939453,28.950000762939453,28.950000762939453,5000,0.0,0.0
2025-03-05 02:05:00+00:00,28.950000762939453,28.950000762939453,28.950000762939453,28.950000762939453,6023,0.0,0.0
2025-03-05 02:10:00+00:00,28.950000762939453,28.950000762939453,28.950000762939453,28.950000762939453,11173,0.0,0.0
2025-03-05 02:15:00+00:00,28.950000762939453,28.950000762939453,28.950000762939453,28.950000762939453,4000,0.0,0.0
2025-03-05 02:20:00+00:00,28.899999618530273,28.950000762939453,28.899999618530273,28.950000762939453,4157,0.0,0.0
2025-03-05 02:30:00+00:00,28.950000762939453,28.950000762939453,28.950000762939453,28.950000762939453,1001,0.0,0.0
2025-03-05 02:35:00+00:00,29.0,29.0,29.0,29.0,3276,0.0,0.0
2025-03-05 02:45:00+00:00,28.950000762939453,28.950000762939453,28.950000762939453,28.950000762939453,1000,0.0,0.0
2025-03-05 02:50:00+00:00,29.0,29.049999237060547,29.0,29.049999237060547,19407,0.0,0.0
2025-03-05 02:55:00+00:00,29.100000381469727,29.100000381469727,29.100000381469727,29.100000381469727,4102,0.0,0.0
2025-03-05 03:20:00+00:00,29.100000381469727,29.100000381469727,29.100000381469727,29.100000381469727,3101,0.0,0.0
2025-03-05 03:30:00+00:00,29.100000381469727,29.100000381469727,29.100000381469727,29.100000381469727,16000,0.0,0.0
2025-03-05 03:45:00+00:00,29.0,29.0,29.0,29.0,2000,0.0,0.0
2025-03-05 03:50:00+00:00,29.0,29.0,29.0,29.0,1001,0.0,0.0
2025-03-05 03:55:00+00:00,29.0,29.0,29.0,29.0,3003,0.0,0.0
2025-03-05 04:05:00+00:00,29.0,29.0,29.0,29.0,1001,0.0,0.0
2025-03-05 04:10:00+00:00,29.0,29.0,29.0,29.0,8021,0.0,0.0
2025-03-05 04:15:00+00:00,28.950000762939453,29.0,28.950000762939453,29.0,10001,0.0,0.0
2025-03-05 04:20:00+00:00,29.0,29.0,29.0,29.0,16000,0.0,0.0
2025-03-05 04:25:00+00:00,28.950000762939453,28.950000762939453,28.950000762939453,28.950000762939453,2051,0.0,0.0
2025-03-05 04:30:00+00:00,28.950000762939453,28.950000762939453,28.950000762939453,28.950000762939453,2668,0.0,0.0
2025-03-05 04:40:00+00:00,28.950000762939453,28.950000762939453,28.950000762939453,28.950000762939453,15001,0.0,0.0
2025-03-05 04:55:00+00:00,29.0,29.0,29.0,29.0,7000,0.0,0.0
2025-03-05 05:00:00+00:00,29.0,29.0,29.0,29.0,4000,0.0,0.0
2025-03-05 05:05:00+00:00,29.0,29.0,29.0,29.0,1223,0.0,0.0
2025-03-05 05:15:00+00:00,29.0,29.0,29.0,29.0,4004,0.0,0.0
2025-03-05 05:20:00+00:00,29.0,29.0,28.950000762939453,28.950000762939453,2449,0.0,0.0
2025-03-06 01:00:00+00:00,29.049999237060547,29.299999237060547,29.049999237060547,29.25,0,0.0,0.0
2025-03-06 01:05:00+00:00,29.25,29.25,29.149999618530273,29.149999618530273,6116,0.0,0.0
2025-03-06 01:15:00+00:00,29.149999618530273,29.149999618530273,29.100000381469727,29.100000381469727,3000,0.0,0.0
2025-03-06 01:20:00+00:00,29.100000381469727,29.100000381469727,29.049999237060547,29.049999237060547,4037,0.0,0.0
2025-03-06 01:25:00+00:00,29.049999237060547,29.049999237060547,29.0,29.0,11000,0.0,0.0
2025-03-06 01:30:00+00:00,29.0,29.0,29.0,29.0,1000,0.0,0.0
2025-03-06 01:40:00+00:00,29.0,29.0,29.0,29.0,1001,0.0,0.0
2025-03-06 01:45:00+00:00,29.0,29.0,29.0,29.0,2001,0.0,0.0
2025-03-06 01:50:00+00:00,29.0,29.0,29.0,29.0,1001,0.0,0.0
2025-03-06 02:00:00+00:00,29.049999237060547,29.049999237060547,29.0,29.0,8000,0.0,0.0
2025-03-06 02:15:00+00:00,29.0,29.0,29.0,29.0,1001,0.0,0.0
2025-03-06 02:20:00+00:00,28.950000762939453,28.950000762939453,28.850000381469727,28.899999618530273,39104,0.0,0.0
2025-03-06 02:40:00+00:00,28.899999618530273,28.899999618530273,28.899999618530273,28.899999618530273,12000,0.0,0.0
2025-03-06 02:45:00+00:00,28.850000381469727,28.850000381469727,28.850000381469727,28.850000381469727,7000,0.0,0.0
2025-03-06 02:55:00+00:00,28.899999618530273,28.899999618530273,28.899999618530273,28.899999618530273,1145,0.0,0.0
2025-03-06 03:05:00+00:00,28.899999618530273,28.899999618530273,28.899999618530273,28.899999618530273,12000,0.0,0.0
2025-03-06 03:10:00+00:00,28.899999618530273,28.950000762939453,28.899999618530273,28.899999618530273,5000,0.0,0.0
2025-03-06 03:15:00+00:00,28.899999618530273,28.899999618530273,28.899999618530273,28.899999618530273,7000,0.0,0.0
2025-03-06 03:20:00+00:00,28.899999618530273,28.950000762939453,28.899999618530273,28.950000762939453,2000,0.0,0.0
2025-03-06 03:30:00+00:00,28.950000762939453,28.950000762939453,28.950000762939453,28.950000762939453,1000,0.0,0.0
2025-03-06 03:35:00+00:00,28.899999618530273,28.899999618530273,28.899999618530273,28.899999618530273,1000,0.0,0.0
2025-03-06 03:40:00+00:00,28.899999618530273,28.899999618530273,28.899999618530273,28.899999618530273,2001,0.0,0.0
2025-03-06 03:45:00+00:00,28.899999618530273,28.899999618530273,28.899999618530273,28.899999618530273,5001,0.0,0.0
2025-03-06 03:55:00+00:00,28.899999618530273,28.899999618530273,28.899999618530273,28.899999618530273,2000,0.0,0.0
2025-03-06 04:00:00+00:00,28.899999618530273,28.899999618530273,28.899999618530273,28.899999618530273,10000,0.0,0.0
2025-03-06 04:05:00+00:00,28.899999618530273,28.899999618530273,28.899999618530273,28.899999618530273,5000,0.0,0.0
2025-03-06 04:10:00+00:00,28.899999618530273,28.899999618530273,28.899999618530273,28.899999618530273,6000,0.0,0.0
2025-03-06 04:15:00+00:00,28.899999618530273,28.899999618530273,28.899999618530273,28.899999618530273,1000,0.0,0.0
2025-03-06 04:20:00+00:00,28.850000381469727,28.899999618530273,28.850000381469727,28.850000381469727,11101,0.0,0.0
2025-03-06 04:25:00+00:00,28.850000381469727,28.899999618530273,28.850000381469727,28.899999618530273,3000,0.0,0.0
2025-03-06 04:30:00+00:00,28.899999618530273,28.899999618530273,28.899999618530273,28.899999618530273,11001,0.0,0.0
2025-03-06 04:35:00+00:00,28.899999618530273,28.899999618530273,28.899999618530273,28.899999618530273,1101,0.0,0.0
2025-03-06 04:40:00+00:00,28.850000381469727,28.850000381469727,28.850000381469727,28.850000381469727,1501,0.0,0.0
2025-03-06 04:45:00+00:00,28.850000381469727,28.899999618530273,28.850000381469727,28.899999618530273,10000,0.0,0.0
2025-03-06 04:50:00+00:00,28.850000381469727,28.899999618530273,28.799999237060547,28.899999618530273,18000,0.0,0.0
2025-03-06 05:00:00+00:00,28.899999618530273,28.899999618530273,28.899999618530273,28.899999618530273,5084,0.0,0.0
2025-03-06 05:05:00+00:00,28.850000381469727,28.850000381469727,28.850000381469727,28.850000381469727,2000,0.0,0.0
2025-03-06 05:10:00+00:00,28.850000381469727,28.850000381469727,28.799999237060547,28.799999237060547,29753,0.0,0.0
2025-03-06 05:15:00+00:00,28.850000381469727,28.899999618530273,28.850000381469727,28.899999618530273,5001,0.0,0.0
2025-03-06 05:20:00+00:00,28.850000381469727,28.850000381469727,28.799999237060547,28.850000381469727,9469,0.0,0.0
2025-03-07 01:00:00+00:00,28.799999237060547,29.0,28.799999237060547,28.950000762939453,0,0.0,0.0
2025-03-07 01:05:00+00:00,28.899999618530273,28.899999618530273,28.899999618530273,28.899999618530273,7100,0.0,0.0
2025-03-07 01:15:00+00:00,28.899999618530273,28.899999618530273,28.899999618530273,28.899999618530273,3349,0.0,0.0
2025-03-07 01:20:00+00:00,28.899999618530273,28.899999618530273,28.899999618530273,28.899999618530273,1115,0.0,0.0
2025-03-07 01:25:00+00:00,28.899999618530273,28.899999618530273,28.899999618530273,28.899999618530273,1032,0.0,0.0
2025-03-07 01:30:00+00:00,28.899999618530273,28.899999618530273,28.899999618530273,28.899999618530273,2000,0.0,0.0
2025-03-07 01:35:00+00:00,28.899999618530273,29.0,28.899999618530273,29.0,32241,0.0,0.0
2025-03-07 01:40:00+00:00,29.049999237060547,29.049999237060547,29.0,29.0,10095,0.0,0.0
2025-03-07 01:45:00+00:00,29.0,29.0,28.899999618530273,28.899999618530273,11000,0.0,0.0
2025-03-07 01:55:00+00:00,28.899999618530273,28.899999618530273,28.899999618530273,28.899999618530273,3000,0.0,0.0
2025-03-07 02:00:00+00:00,28.899999618530273,28.950000762939453,28.850000381469727,28.950000762939453,14004,0.0,0.0
2025-03-07 02:05:00+00:00,29.0,29.0,29.0,29.0,4001,0.0,0.0
2025-03-07 02:10:00+00:00,29.0,29.0,29.0,29.0,2000,0.0,0.0
2025-03-07 02:15:00+00:00,29.0,29.049999237060547,29.0,29.0,19059,0.0,0.0
2025-03-07 02:25:00+00:00,29.0,29.049999237060547,29.0,29.0,11368,0.0,0.0
2025-03-07 02:30:00+00:00,29.0,29.0,29.0,29.0,2001,0.0,0.0
2025-03-07 02:35:00+00:00,29.0,29.0,29.0,29.0,11000,0.0,0.0
2025-03-07 02:40:00+00:00,29.0,29.0,29.0,29.0,5000,0.0,0.0
2025-03-07 02:45:00+00:00,29.049999237060547,29.049999237060547,29.049999237060547,29.049999237060547,2002,0.0,0.0
2025-03-07 02:55:00+00:00,29.0,29.0,28.950000762939453,28.950000762939453,16000,0.0,0.0
2025-03-07 03:00:00+00:00,28.950000762939453,28.950000762939453,28.950000762939453,28.950000762939453,3001,0.0,0.0
2025-03-07 03:10:00+00:00,28.950000762939453,28.950000762939453,28.950000762939453,28.950000762939453,3030,0.0,0.0
2025-03-07 03:15:00+00:00,28.950000762939453,28.950000762939453,28.899999618530273,28.899999618530273,4002,0.0,0.0
2025-03-07 03:20:00+00:00,28.899999618530273,28.899999618530273,28.899999618530273,28.899999618530273,2101,0.0,0.0
2025-03-07 03:25:00+00:00,28.899999618530273,28.899999618530273,28.899999618530273,28.899999618530273,1417,0.0,0.0
2025-03-07 03:40:00+00:00,28.950000762939453,28.950000762939453,28.950000762939453,28.950000762939453,1424,0.0,0.0
2025-03-07 04:30:00+00:00,28.899999618530273,28.899999618530273,28.850000381469727,28.850000381469727,20725,0.0,0.0
2025-03-07 04:35:00+00:00,28.850000381469727,28.850000381469727,28.75,28.75,46045,0.0,0.0
2025-03-07 04:40:00+00:00,28.799999237060547,28.799999237060547,28.799999237060547,28.799999237060547,12161,0.0,0.0
2025-03-07 04:45:00+00:00,28.799999237060547,28.799999237060547,28.799999237060547,28.799999237060547,2100,0.0,0.0
2025-03-07 04:50:00+00:00,28.799999237060547,28.799999237060547,28.799999237060547,28.799999237060547,2100,0.0,0.0
2025-03-07 04:55:00+00:00,28.799999237060547,28.799999237060547,28.799999237060547,28.799999237060547,1001,0.0,0.0
2025-03-07 05:05:00+00:00,28.75,28.75,28.75,28.75,12002,0.0,0.0
2025-03-07 05:10:00+00:00,28.75,28.75,28.75,28.75,6314,0.0,0.0
2025-03-07 05:20:00+00:00,28.75,28.799999237060547,28.700000762939453,28.799999237060547,15193,0.0,0.0
2025-03-10 01:00:00+00:00,28.75,29.0,28.700000762939453,29.0,0,0.0,0.0
2025-03-10 01:05:00+00:00,28.850000381469727,28.850000381469727,28.850000381469727,28.850000381469727,5063,0.0,0.0
2025-03-10 01:10:00+00:00,28.899999618530273,28.899999618530273,28.799999237060547,28.799999237060547,7000,0.0,0.0
2025-03-10 01:15:00+00:00,28.799999237060547,28.799999237060547,28.799999237060547,28.799999237060547,6000,0.0,0.0
2025-03-10 01:25:00+00:00,28.850000381469727,28.850000381469727,28.850000381469727,28.850000381469727,3000,0.0,0.0
2025-03-10 01:30:00+00:00,28.799999237060547,28.799999237060547,28.799999237060547,28.799999237060547,4087,0.0,0.0
2025-03-10 01:35:00+00:00,28.799999237060547,28.799999237060547,28.799999237060547,28.799999237060547,6212,0.0,0.0
2025-03-10 01:45:00+00:00,28.75,28.75,28.600000381469727,28.600000381469727,47634,0.0,0.0
2025-03-10 01:50:00+00:00,28.700000762939453,28.700000762939453,28.700000762939453,28.700000762939453,10300,0.0,0.0
2025-03-10 02:05:00+00:00,28.75,28.75,28.75,28.75,14000,0.0,0.0
2025-03-10 02:10:00+00:00,28.75,28.75,28.75,28.75,3200,0.0,0.0
2025-03-10 02:15:00+00:00,28.75,28.75,28.75,28.75,1002,0.0,0.0
2025-03-10 02:30:00+00:00,28.75,28.799999237060547,28.75,28.799999237060547,6000,0.0,0.0
2025-03-10 02:35:00+00:00,28.799999237060547,28.799999237060547,28.799999237060547,28.799999237060547,10000,0.0,0.0
2025-03-10 02:45:00+00:00,28.799999237060547,28.799999237060547,28.799999237060547,28.799999237060547,3101,0.0,0.0
2025-03-10 02:50:00+00:00,28.799999237060547,28.799999237060547,28.799999237060547,28.799999237060547,1001,0.0,0.0
2025-03-10 03:00:00+00:00,28.75,28.75,28.75,28.75,3002,0.0,0.0
2025-03-10 03:10:00+00:00,28.75,28.75,28.75,28.75,3101,0.0,0.0
2025-03-10 03:15:00+00:00,28.75,28.75,28.700000762939453,28.700000762939453,28000,0.0,0.0
2025-03-10 03:25:00+00:00,28.649999618530273,28.649999618530273,28.649999618530273,28.649999618530273,5001,0.0,0.0
2025-03-10 03:30:00+00:00,28.649999618530273,28.649999618530273,28.649999618530273,28.649999618530273,6457,0.0,0.0
2025-03-10 03:50:00+00:00,28.700000762939453,28.700000762939453,28.700000762939453,28.700000762939453,3000,0.0,0.0
2025-03-10 03:55:00+00:00,28.700000762939453,28.700000762939453,28.700000762939453,28.700000762939453,1279,0.0,0.0
2025-03-10 04:00:00+00:00,28.700000762939453,28.75,28.700000762939453,28.75,39257,0.0,0.0
2025-03-10 04:20:00+00:00,28.75,28.75,28.75,28.75,6108,0.0,0.0
2025-03-10 04:35:00+00:00,28.75,28.75,28.75,28.75,3652,0.0,0.0
2025-03-10 05:00:00+00:00,28.75,28.75,28.75,28.75,5166,0.0,0.0
2025-03-10 05:05:00+00:00,28.75,28.75,28.75,28.75,4002,0.0,0.0
2025-03-10 05:15:00+00:00,28.75,28.75,28.700000762939453,28.75,17002,0.0,0.0
2025-03-10 05:20:00+00:00,28.75,28.75,28.700000762939453,28.700000762939453,5001,0.0,0.0
2025-03-11 01:00:00+00:00,28.5,28.5,28.0,28.0,0,0.0,0.0
2025-03-11 01:05:00+00:00,28.0,28.0,27.799999237060547,27.899999618530273,35718,0.0,0.0
2025-03-11 01:10:00+00:00,27.950000762939453,28.0,27.899999618530273,27.899999618530273,28622,0.0,0.0
2025-03-11 01:15:00+00:00,27.899999618530273,28.0,27.899999618530273,28.0,10000,0.0,0.0
2025-03-11 01:20:00+00:00,28.0,28.149999618530273,28.0,28.149999618530273,21001,0.0,0.0
2025-03-11 01:25:00+00:00,28.100000381469727,28.100000381469727,28.0,28.049999237060547,9001,0.0,0.0
2025-03-11 01:30:00+00:00,28.0,28.0,28.0,28.0,12000,0.0,0.0
2025-03-11 01:35:00+00:00,27.950000762939453,28.049999237060547,27.899999618530273,28.049999237060547,17200,0.0,0.0
2025-03-11 01:40:00+00:00,28.049999237060547,28.049999237060547,28.049999237060547,28.049999237060547,3000,0.0,0.0
2025-03-11 01:45:00+00:00,28.049999237060547,28.100000381469727,28.049999237060547,28.100000381469727,10001,0.0,0.0
2025-03-11 01:50:00+00:00,28.100000381469727,28.149999618530273,28.100000381469727,28.149999618530273,12002,0.0,0.0
2025-03-11 01:55:00+00:00,28.200000762939453,28.200000762939453,28.200000762939453,28.200000762939453,5298,0.0,0.0
2025-03-11 02:00:00+00:00,28.149999618530273,28.200000762939453,28.100000381469727,28.100000381469727,13008,0.0,0.0
2025-03-11 02:05:00+00:00,28.149999618530273,28.149999618530273,28.149999618530273,28.149999618530273,1101,0.0,0.0
2025-03-11 02:10:00+00:00,28.149999618530273,28.149999618530273,28.149999618530273,28.149999618530273,2000,0.0,0.0
2025-03-11 02:15:00+00:00,28.200000762939453,28.200000762939453,28.200000762939453,28.200000762939453,1000,0.0,0.0
2025-03-11 02:20:00+00:00,28.200000762939453,28.200000762939453,28.200000762939453,28.200000762939453,4101,0.0,0.0
2025-03-11 02:30:00+00:00,28.200000762939453,28.200000762939453,28.200000762939453,28.200000762939453,1031,0.0,0.0
2025-03-11 02:40:00+00:00,28.200000762939453,28.200000762939453,28.200000762939453,28.200000762939453,2000,0.0,0.0
2025-03-11 02:45:00+00:00,28.149999618530273,28.149999618530273,28.149999618530273,28.149999618530273,1136,0.0,0.0
2025-03-11 02:55:00+00:00,28.149999618530273,28.149999618530273,28.100000381469727,28.100000381469727,11000,0.0,0.0
2025-03-11 03:00:00+00:00,28.149999618530273,28.149999618530273,28.149999618530273,28.149999618530273,1000,0.0,0.0
2025-03-11 03:05:00+00:00,28.25,28.25,28.25,28.25,5000,0.0,0.0
2025-03-11 03:10:00+00:00,28.25,28.25,28.25,28.25,7004,0.0,0.0
2025-03-11 03:15:00+00:00,28.25,28.25,28.25,28.25,4002,0.0,0.0
2025-03-11 03:20:00+00:00,28.299999237060547,28.299999237060547,28.299999237060547,28.299999237060547,3001,0.0,0.0
2025-03-11 03:30:00+00:00,28.299999237060547,28.299999237060547,28.299999237060547,28.299999237060547,1000,0.0,0.0
2025-03-11 03:35:00+00:00,28.25,28.25,28.25,28.25,10000,0.0,0.0
2025-03-11 03:40:00+00:00,28.299999237060547,28.299999237060547,28.299999237060547,28.299999237060547,6001,0.0,0.0
2025-03-11 03:45:00+00:00,28.350000381469727,28.350000381469727,28.350000381469727,28.350000381469727,1000,0.0,0.0
2025-03-11 03:55:00+00:00,28.350000381469727,28.350000381469727,28.350000381469727,28.350000381469727,6201,0.0,0.0
2025-03-11 04:00:00+00:00,28.299999237060547,28.299999237060547,28.299999237060547,28.299999237060547,5000,0.0,0.0
2025-03-11 04:10:00+00:00,28.299999237060547,28.299999237060547,28.299999237060547,28.299999237060547,2000,0.0,0.0
2025-03-11 04:15:00+00:00,28.25,28.299999237060547,28.25,28.299999237060547,18001,0.0,0.0
2025-03-11 04:20:00+00:00,28.299999237060547,28.299999237060547,28.299999237060547,28.299999237060547,10000,0.0,0.0
2025-03-11 04:25:00+00:00,28.299999237060547,28.299999237060547,28.299999237060547,28.299999237060547,1001,0.0,0.0
2025-03-11 04:30:00+00:00,28.299999237060547,28.299999237060547,28.299999237060547,28.299999237060547,1006,0.0,0.0
2025-03-11 04:45:00+00:00,28.350000381469727,28.350000381469727,28.350000381469727,28.350000381469727,2003,0.0,0.0
2025-03-11 04:55:00+00:00,28.299999237060547,28.299999237060547,28.299999237060547,28.299999237060547,5091,0.0,0.0
2025-03-11 05:00:00+00:00,28.299999237060547,28.299999237060547,28.299999237060547,28.299999237060547,2001,0.0,0.0
2025-03-11 05:05:00+00:00,28.299999237060547,28.299999237060547,28.299999237060547,28.299999237060547,6000,0.0,0.0
2025-03-11 05:15:00+00:00,28.299999237060547,28.299999237060547,28.299999237060547,28.299999237060547,4000,0.0,0.0
2025-03-11 05:20:00+00:00,28.299999237060547,28.299999237060547,28.25,28.25,7000,0.0,0.0
2025-03-12 01:00:00+00:00,28.450000762939453,28.450000762939453,28.450000762939453,28.450000762939453,0,0.0,0.0
2025-03-12 01:05:00+00:00,28.399999618530273,28.399999618530273,28.399999618530273,28.399999618530273,3018,0.0,0.0
2025-03-12 01:15:00+00:00,28.350000381469727,28.350000381469727,28.350000381469727,28.350000381469727,2544,0.0,0.0
2025-03-12 01:20:00+00:00,28.299999237060547,28.299999237060547,28.25,28.25,6117,0.0,0.0
2025-03-12 01:30:00+00:00,28.25,28.25,28.25,28.25,12000,0.0,0.0
2025-03-12 01:35:00+00:00,28.25,28.25,28.25,28.25,1000,0.0,0.0
2025-03-12 01:40:00+00:00,28.25,28.299999237060547,28.25,28.299999237060547,3001,0.0,0.0
2025-03-12 01:55:00+00:00,28.25,28.25,28.25,28.25,10001,0.0,0.0
2025-03-12 02:00:00+00:00,28.299999237060547,28.299999237060547,28.25,28.25,6001,0.0,0.0
2025-03-12 02:10:00+00:00,28.299999237060547,28.299999237060547,28.299999237060547,28.299999237060547,5002,0.0,0.0
2025-03-12 02:25:00+00:00,28.299999237060547,28.299999237060547,28.299999237060547,28.299999237060547,9001,0.0,0.0
2025-03-12 02:30:00+00:00,28.350000381469727,28.350000381469727,28.350000381469727,28.350000381469727,1000,0.0,0.0
2025-03-12 02:35:00+00:00,28.350000381469727,28.350000381469727,28.299999237060547,28.299999237060547,3001,0.0,0.0
2025-03-12 02:50:00+00:00,28.299999237060547,28.299999237060547,28.299999237060547,28.299999237060547,1000,0.0,0.0
2025-03-12 03:00:00+00:00,28.299999237060547,28.299999237060547,28.299999237060547,28.299999237060547,6212,0.0,0.0
2025-03-12 03:15:00+00:00,28.299999237060547,28.299999237060547,28.299999237060547,28.299999237060547,1000,0.0,0.0
2025-03-12 03:20:00+00:00,28.25,28.350000381469727,28.25,28.25,14201,0.0,0.0
2025-03-12 03:30:00+00:00,28.25,28.25,28.25,28.25,5000,0.0,0.0
2025-03-12 03:50:00+00:00,28.25,28.25,28.25,28.25,5000,0.0,0.0
2025-03-12 03:55:00+00:00,28.25,28.25,28.25,28.25,1000,0.0,0.0
2025-03-12 04:05:00+00:00,28.200000762939453,28.200000762939453,28.200000762939453,28.200000762939453,13000,0.0,0.0
2025-03-12 04:10:00+00:00,28.200000762939453,28.200000762939453,28.200000762939453,28.200000762939453,1161,0.0,0.0
2025-03-12 04:15:00+00:00,28.149999618530273,28.200000762939453,28.149999618530273,28.200000762939453,2031,0.0,0.0
2025-03-12 04:20:00+00:00,28.200000762939453,28.200000762939453,28.200000762939453,28.200000762939453,3000,0.0,0.0
2025-03-12 04:25:00+00:00,28.200000762939453,28.200000762939453,28.200000762939453,28.200000762939453,10000,0.0,0.0
2025-03-12 04:30:00+00:00,28.149999618530273,28.149999618530273,28.149999618530273,28.149999618530273,2000,0.0,0.0
2025-03-12 04:35:00+00:00,28.149999618530273,28.149999618530273,28.149999618530273,28.149999618530273,4002,0.0,0.0
2025-03-12 04:40:00+00:00,28.149999618530273,28.149999618530273,28.149999618530273,28.149999618530273,13001,0.0,0.0
2025-03-12 04:50:00+00:00,28.149999618530273,28.149999618530273,28.149999618530273,28.149999618530273,1188,0.0,0.0
2025-03-12 04:55:00+00:00,28.149999618530273,28.149999618530273,28.149999618530273,28.149999618530273,10000,0.0,0.0
2025-03-12 05:00:00+00:00,28.200000762939453,28.200000762939453,28.200000762939453,28.200000762939453,1500,0.0,0.0
2025-03-12 05:05:00+00:00,28.200000762939453,28.200000762939453,28.200000762939453,28.200000762939453,4000,0.0,0.0
2025-03-12 05:10:00+00:00,28.200000762939453,28.200000762939453,28.200000762939453,28.200000762939453,3000,0.0,0.0
2025-03-12 05:15:00+00:00,28.25,28.25,28.200000762939453,28.200000762939453,3000,0.0,0.0
2025-03-12 05:20:00+00:00,28.299999237060547,28.299999237060547,28.149999618530273,28.149999618530273,2230,0.0,0.0
2025-03-13 01:00:00+00:00,28.200000762939453,28.450000762939453,28.200000762939453,28.399999618530273,0,0.0,0.0
2025-03-13 01:05:00+00:00,28.399999618530273,28.399999618530273,28.399999618530273,28.399999618530273,1071,0.0,0.0
2025-03-13 01:10:00+00:00,28.399999618530273,28.399999618530273,28.399999618530273,28.399999618530273,2000,0.0,0.0
2025-03-13 01:15:00+00:00,28.399999618530273,28.399999618530273,28.350000381469727,28.350000381469727,4003,0.0,0.0
2025-03-13 01:20:00+00:00,28.350000381469727,28.350000381469727,28.350000381469727,28.350000381469727,4221,0.0,0.0
2025-03-13 01:35:00+00:00,28.299999237060547,28.299999237060547,28.200000762939453,28.200000762939453,6252,0.0,0.0
2025-03-13 01:45:00+00:00,28.25,28.25,28.25,28.25,2001,0.0,0.0
2025-03-13 01:50:00+00:00,28.25,28.25,28.200000762939453,28.200000762939453,2256,0.0,0.0
2025-03-13 02:10:00+00:00,28.25,28.25,28.25,28.25,2068,0.0,0.0
2025-03-13 02:20:00+00:00,28.25,28.25,28.200000762939453,28.200000762939453,11202,0.0,0.0
2025-03-13 02:30:00+00:00,28.200000762939453,28.200000762939453,28.200000762939453,28.200000762939453,7059,0.0,0.0
2025-03-13 02:35:00+00:00,28.200000762939453,28.200000762939453,28.200000762939453,28.200000762939453,3001,0.0,0.0
2025-03-13 02:40:00+00:00,28.200000762939453,28.200000762939453,28.149999618530273,28.149999618530273,3016,0.0,0.0
2025-03-13 02:50:00+00:00,28.149999618530273,28.149999618530273,28.149999618530273,28.149999618530273,14050,0.0,0.0
2025-03-13 03:00:00+00:00,28.149999618530273,28.149999618530273,28.049999237060547,28.049999237060547,6013,0.0,0.0
2025-03-13 03:05:00+00:00,28.049999237060547,28.100000381469727,28.049999237060547,28.049999237060547,7007,0.0,0.0
2025-03-13 03:15:00+00:00,28.149999618530273,28.149999618530273,28.149999618530273,28.149999618530273,4460,0.0,0.0
2025-03-13 03:25:00+00:00,28.149999618530273,28.149999618530273,28.149999618530273,28.149999618530273,1001,0.0,0.0
2025-03-13 03:35:00+00:00,28.100000381469727,28.100000381469727,28.049999237060547,28.049999237060547,7000,0.0,0.0
2025-03-13 03:40:00+00:00,28.049999237060547,28.049999237060547,27.950000762939453,27.950000762939453,49656,0.0,0.0
2025-03-13 03:45:00+00:00,27.950000762939453,27.950000762939453,27.899999618530273,27.899999618530273,10002,0.0,0.0
2025-03-13 03:50:00+00:00,27.950000762939453,27.950000762939453,27.950000762939453,27.950000762939453,3000,0.0,0.0
2025-03-13 03:55:00+00:00,28.0,28.0,27.950000762939453,27.950000762939453,3000,0.0,0.0
2025-03-13 04:00:00+00:00,28.0,28.0,28.0,28.0,1081,0.0,0.0
2025-03-13 04:15:00+00:00,28.0,28.0,28.0,28.0,2000,0.0,0.0
2025-03-13 04:20:00+00:00,28.0,28.0,28.0,28.0,1001,0.0,0.0
2025-03-13 04:25:00+00:00,28.0,28.0,27.950000762939453,27.950000762939453,10106,0.0,0.0
2025-03-13 04:35:00+00:00,27.899999618530273,27.899999618530273,27.850000381469727,27.850000381469727,14001,0.0,0.0
2025-03-13 04:40:00+00:00,27.850000381469727,27.950000762939453,27.850000381469727,27.950000762939453,10000,0.0,0.0
2025-03-13 04:45:00+00:00,27.899999618530273,27.899999618530273,27.899999618530273,27.899999618530273,9788,0.0,0.0
2025-03-13 04:50:00+00:00,27.899999618530273,27.899999618530273,27.899999618530273,27.899999618530273,2070,0.0,0.0
2025-03-13 05:05:00+00:00,27.950000762939453,27.950000762939453,27.950000762939453,27.950000762939453,1000,0.0,0.0
2025-03-13 05:10:00+00:00,27.950000762939453,27.950000762939453,27.899999618530273,27.899999618530273,11105,0.0,0.0
2025-03-13 05:15:00+00:00,27.899999618530273,27.899999618530273,27.899999618530273,27.899999618530273,7005,0.0,0.0
2025-03-13 05:20:00+00:00,27.899999618530273,27.899999618530273,27.899999618530273,27.899999618530273,5085,0.0,0.0
2025-03-14 01:00:00+00:00,27.850000381469727,27.850000381469727,27.799999237060547,27.799999237060547,0,0.0,0.0
2025-03-14 01:05:00+00:00,27.799999237060547,27.850000381469727,27.799999237060547,27.850000381469727,3147,0.0,0.0
2025-03-14 01:10:00+00:00,27.899999618530273,27.950000762939453,27.899999618530273,27.950000762939453,3001,0.0,0.0
2025-03-14 01:15:00+00:00,27.899999618530273,27.899999618530273,27.899999618530273,27.899999618530273,5000,0.0,0.0
2025-03-14 01:25:00+00:00,27.850000381469727,27.850000381469727,27.850000381469727,27.850000381469727,2001,0.0,0.0
2025-03-14 01:30:00+00:00,27.799999237060547,27.799999237060547,27.75,27.75,10000,0.0,0.0
2025-03-14 01:35:00+00:00,27.75,27.75,27.700000762939453,27.700000762939453,20001,0.0,0.0
2025-03-14 01:40:00+00:00,27.75,27.799999237060547,27.700000762939453,27.75,16750,0.0,0.0
2025-03-14 01:50:00+00:00,27.799999237060547,27.799999237060547,27.75,27.75,5004,0.0,0.0
2025-03-14 01:55:00+00:00,27.75,27.75,27.75,27.75,2000,0.0,0.0
2025-03-14 02:00:00+00:00,27.75,27.75,27.75,27.75,2002,0.0,0.0
2025-03-14 02:10:00+00:00,27.75,27.75,27.75,27.75,2000,0.0,0.0
2025-03-14 02:15:00+00:00,27.799999237060547,27.799999237060547,27.799999237060547,27.799999237060547,1002,0.0,0.0
2025-03-14 02:25:00+00:00,27.799999237060547,27.799999237060547,27.799999237060547,27.799999237060547,1000,0.0,0.0
2025-03-14 02:30:00+00:00,27.799999237060547,27.799999237060547,27.799999237060547,27.799999237060547,7000,0.0,0.0
2025-03-14 02:35:00+00:00,27.799999237060547,27.799999237060547,27.799999237060547,27.799999237060547,2001,0.0,0.0
2025-03-14 02:40:00+00:00,27.850000381469727,27.850000381469727,27.850000381469727,27.850000381469727,2055,0.0,0.0
2025-03-14 02:50:00+00:00,27.850000381469727,27.850000381469727,27.850000381469727,27.850000381469727,1002,0.0,0.0
2025-03-14 03:00:00+00:00,27.899999618530273,27.950000762939453,27.899999618530273,27.950000762939453,4001,0.0,0.0
2025-03-14 03:05:00+00:00,28.0,28.0,28.0,28.0,2000,0.0,0.0
2025-03-14 03:10:00+00:00,27.899999618530273,27.899999618530273,27.899999618530273,27.899999618530273,1002,0.0,0.0
2025-03-14 03:15:00+00:00,27.950000762939453,27.950000762939453,27.950000762939453,27.950000762939453,1064,0.0,0.0
2025-03-14 03:35:00+00:00,27.950000762939453,27.950000762939453,27.950000762939453,27.950000762939453,37002,0.0,0.0
2025-03-14 03:40:00+00:00,27.899999618530273,27.899999618530273,27.899999618530273,27.899999618530273,1000,0.0,0.0
2025-03-14 03:45:00+00:00,27.899999618530273,27.899999618530273,27.899999618530273,27.899999618530273,5003,0.0,0.0
2025-03-14 04:00:00+00:00,27.850000381469727,27.850000381469727,27.850000381469727,27.850000381469727,4002,0.0,0.0
2025-03-14 04:15:00+00:00,27.899999618530273,27.899999618530273,27.899999618530273,27.899999618530273,3002,0.0,0.0
2025-03-14 04:25:00+00:00,27.899999618530273,27.899999618530273,27.899999618530273,27.899999618530273,1002,0.0,0.0
2025-03-14 04:35:00+00:00,27.899999618530273,27.899999618530273,27.899999618530273,27.899999618530273,1301,0.0,0.0
2025-03-14 04:50:00+00:00,27.899999618530273,27.899999618530273,27.899999618530273,27.899999618530273,2000,0.0,0.0
2025-03-14 04:55:00+00:00,27.899999618530273,27.899999618530273,27.850000381469727,27.850000381469727,3140,0.0,0.0
2025-03-14 05:05:00+00:00,27.899999618530273,27.899999618530273,27.899999618530273,27.899999618530273,10002,0.0,0.0
2025-03-14 05:10:00+00:00,27.899999618530273,27.899999618530273,27.899999618530273,27.899999618530273,1001,0.0,0.0
2025-03-14 05:15:00+00:00,27.899999618530273,27.899999618530273,27.899999618530273,27.899999618530273,2002,0.0,0.0
2025-03-14 05:20:00+00:00,27.899999618530273,27.950000762939453,27.850000381469727,27.899999618530273,10003,0.0,0.0
2025-03-17 01:00:00+00:00,28.100000381469727,28.100000381469727,28.100000381469727,28.100000381469727,0,0.0,0.0
2025-03-17 01:05:00+00:00,28.049999237060547,28.100000381469727,28.0,28.100000381469727,17248,0.0,0.0
2025-03-17 01:10:00+00:00,28.100000381469727,28.100000381469727,28.100000381469727,28.100000381469727,3010,0.0,0.0
2025-03-17 01:15:00+00:00,28.0,28.0,28.0,28.0,1000,0.0,0.0
2025-03-17 01:20:00+00:00,28.049999237060547,28.049999237060547,28.0,28.0,5201,0.0,0.0
2025-03-17 01:30:00+00:00,28.0,28.0,28.0,28.0,6002,0.0,0.0
2025-03-17 01:35:00+00:00,28.0,28.0,28.0,28.0,4239,0.0,0.0
2025-03-17 01:40:00+00:00,28.0,28.100000381469727,28.0,28.100000381469727,2001,0.0,0.0
2025-03-17 01:45:00+00:00,28.100000381469727,28.100000381469727,28.100000381469727,28.100000381469727,1282,0.0,0.0
2025-03-17 01:50:00+00:00,28.100000381469727,28.100000381469727,28.100000381469727,28.100000381469727,6000,0.0,0.0
2025-03-17 01:55:00+00:00,28.100000381469727,28.100000381469727,28.100000381469727,28.100000381469727,7000,0.0,0.0
2025-03-17 02:05:00+00:00,28.100000381469727,28.100000381469727,28.100000381469727,28.100000381469727,4000,0.0,0.0
2025-03-17 02:10:00+00:00,28.049999237060547,28.049999237060547,28.049999237060547,28.049999237060547,1000,0.0,0.0
2025-03-17 02:15:00+00:00,28.100000381469727,28.149999618530273,28.100000381469727,28.149999618530273,3002,0.0,0.0
2025-03-17 02:25:00+00:00,28.100000381469727,28.100000381469727,28.100000381469727,28.100000381469727,3000,0.0,0.0
2025-03-17 02:30:00+00:00,28.100000381469727,28.100000381469727,28.100000381469727,28.100000381469727,1034,0.0,0.0
2025-03-17 02:40:00+00:00,28.100000381469727,28.149999618530273,28.100000381469727,28.149999618530273,2000,0.0,0.0
2025-03-17 02:45:00+00:00,28.149999618530273,28.149999618530273,28.149999618530273,28.149999618530273,3005,0.0,0.0
2025-03-17 02:55:00+00:00,28.149999618530273,28.149999618530273,28.149999618530273,28.149999618530273,1002,0.0,0.0
2025-03-17 03:00:00+00:00,28.100000381469727,28.100000381469727,28.100000381469727,28.100000381469727,1003,0.0,0.0
2025-03-17 03:05:00+00:00,28.100000381469727,28.100000381469727,28.100000381469727,28.100000381469727,3000,0.0,0.0
2025-03-17 03:10:00+00:00,28.100000381469727,28.100000381469727,28.100000381469727,28.100000381469727,4003,0.0,0.0
2025-03-17 03:20:00+00:00,28.049999237060547,28.049999237060547,28.049999237060547,28.049999237060547,1005,0.0,0.0
2025-03-17 03:55:00+00:00,28.100000381469727,28.100000381469727,28.100000381469727,28.100000381469727,2001,0.0,0.0
2025-03-17 04:00:00+00:00,28.049999237060547,28.049999237060547,28.049999237060547,28.049999237060547,1003,0.0,0.0
2025-03-17 04:15:00+00:00,28.049999237060547,28.049999237060547,28.049999237060547,28.049999237060547,15001,0.0,0.0
2025-03-17 04:20:00+00:00,28.049999237060547,28.049999237060547,28.049999237060547,28.049999237060547,1017,0.0,0.0
2025-03-17 04:40:00+00:00,28.100000381469727,28.100000381469727,28.100000381469727,28.100000381469727,20350,0.0,0.0
2025-03-17 04:45:00+00:00,28.100000381469727,28.100000381469727,28.100000381469727,28.100000381469727,1013,0.0,0.0
2025-03-17 04:50:00+00:00,28.100000381469727,28.100000381469727,28.100000381469727,28.100000381469727,2004,0.0,0.0
2025-03-17 04:55:00+00:00,28.100000381469727,28.100000381469727,28.100000381469727,28.100000381469727,2038,0.0,0.0
2025-03-17 05:05:00+00:00,28.100000381469727,28.149999618530273,28.100000381469727,28.149999618530273,22095,0.0,0.0
2025-03-17 05:10:00+00:00,28.149999618530273,28.149999618530273,28.100000381469727,28.100000381469727,4000,0.0,0.0
2025-03-17 05:15:00+00:00,28.049999237060547,28.049999237060547,28.049999237060547,28.049999237060547,1102,0.0,0.0
2025-03-17 05:20:00+00:00,28.049999237060547,28.149999618530273,28.049999237060547,28.149999618530273,2100,0.0,0.0
2025-03-18 01:00:00+00:00,28.100000381469727,28.100000381469727,28.100000381469727,28.100000381469727,0,0.0,0.0
2025-03-18 01:05:00+00:00,28.149999618530273,28.200000762939453,28.100000381469727,28.200000762939453,36396,0.0,0.0
2025-03-18 01:10:00+00:00,28.200000762939453,28.25,28.200000762939453,28.25,2000,0.0,0.0
2025-03-18 01:15:00+00:00,28.25,28.25,28.25,28.25,13600,0.0,0.0
2025-03-18 01:20:00+00:00,28.25,28.299999237060547,28.25,28.299999237060547,18988,0.0,0.0
2025-03-18 01:25:00+00:00,28.25,28.25,28.25,28.25,12002,0.0,0.0
2025-03-18 01:30:00+00:00,28.25,28.25,28.25,28.25,4004,0.0,0.0
2025-03-18 01:35:00+00:00,28.25,28.25,28.25,28.25,1002,0.0,0.0
2025-03-18 01:40:00+00:00,28.25,28.25,28.25,28.25,2103,0.0,0.0
2025-03-18 01:45:00+00:00,28.25,28.25,28.25,28.25,2001,0.0,0.0
2025-03-18 01:50:00+00:00,28.200000762939453,28.200000762939453,28.200000762939453,28.200000762939453,1003,0.0,0.0
2025-03-18 02:00:00+00:00,28.25,28.25,28.25,28.25,1050,0.0,0.0
2025-03-18 02:10:00+00:00,28.25,28.25,28.200000762939453,28.200000762939453,19247,0.0,0.0
2025-03-18 02:15:00+00:00,28.25,28.299999237060547,28.25,28.299999237060547,20000,0.0,0.0
2025-03-18 02:20:00+00:00,28.25,28.299999237060547,28.25,28.299999237060547,9134,0.0,0.0
2025-03-18 02:35:00+00:00,28.299999237060547,28.299999237060547,28.299999237060547,28.299999237060547,3002,0.0,0.0
2025-03-18 02:45:00+00:00,28.299999237060547,28.299999237060547,28.299999237060547,28.299999237060547,7055,0.0,0.0
2025-03-18 02:50:00+00:00,28.299999237060547,28.299999237060547,28.299999237060547,28.299999237060547,6000,0.0,0.0
2025-03-18 02:55:00+00:00,28.299999237060547,28.299999237060547,28.299999237060547,28.299999237060547,9307,0.0,0.0
2025-03-18 03:20:00+00:00,28.299999237060547,28.299999237060547,28.299999237060547,28.299999237060547,2000,0.0,0.0
2025-03-18 03:25:00+00:00,28.299999237060547,28.299999237060547,28.299999237060547,28.299999237060547,1004,0.0,0.0
2025-03-18 03:30:00+00:00,28.299999237060547,28.299999237060547,28.299999237060547,28.299999237060547,2000,0.0,0.0
2025-03-18 03:35:00+00:00,28.299999237060547,28.299999237060547,28.299999237060547,28.299999237060547,1002,0.0,0.0
2025-03-18 03:50:00+00:00,28.350000381469727,28.350000381469727,28.350000381469727,28.350000381469727,1000,0.0,0.0
2025-03-18 03:55:00+00:00,28.350000381469727,28.350000381469727,28.350000381469727,28.350000381469727,8104,0.0,0.0
2025-03-18 04:00:00+00:00,28.350000381469727,28.350000381469727,28.350000381469727,28.350000381469727,1200,0.0,0.0
2025-03-18 04:05:00+00:00,28.350000381469727,28.350000381469727,28.350000381469727,28.350000381469727,4000,0.0,0.0
2025-03-18 04:10:00+00:00,28.350000381469727,28.350000381469727,28.350000381469727,28.350000381469727,1001,0.0,0.0
2025-03-18 04:15:00+00:00,28.350000381469727,28.350000381469727,28.350000381469727,28.350000381469727,1001,0.0,0.0
2025-03-18 04:20:00+00:00,28.399999618530273,28.399999618530273,28.399999618530273,28.399999618530273,1001,0.0,0.0
2025-03-18 04:30:00+00:00,28.350000381469727,28.399999618530273,28.350000381469727,28.399999618530273,2000,0.0,0.0
2025-03-18 04:35:00+00:00,28.399999618530273,28.399999618530273,28.399999618530273,28.399999618530273,12005,0.0,0.0
2025-03-18 04:40:00+00:00,28.450000762939453,28.450000762939453,28.450000762939453,28.450000762939453,14101,0.0,0.0
2025-03-18 04:45:00+00:00,28.450000762939453,28.450000762939453,28.450000762939453,28.450000762939453,1000,0.0,0.0
2025-03-18 04:50:00+00:00,28.399999618530273,28.399999618530273,28.399999618530273,28.399999618530273,1076,0.0,0.0
2025-03-18 04:55:00+00:00,28.399999618530273,28.450000762939453,28.399999618530273,28.450000762939453,9008,0.0,0.0
2025-03-18 05:05:00+00:00,28.399999618530273,28.450000762939453,28.399999618530273,28.450000762939453,24008,0.0,0.0
2025-03-18 05:10:00+00:00,28.450000762939453,28.450000762939453,28.450000762939453,28.450000762939453,1001,0.0,0.0
2025-03-18 05:15:00+00:00,28.399999618530273,28.399999618530273,28.399999618530273,28.399999618530273,5026,0.0,0.0
2025-03-19 01:00:00+00:00,28.450000762939453,28.450000762939453,28.399999618530273,28.399999618530273,0,0.0,0.0
2025-03-19 01:20:00+00:00,28.299999237060547,28.299999237060547,28.299999237060547,28.299999237060547,3259,0.0,0.0
2025-03-19 01:25:00+00:00,28.25,28.25,28.25,28.25,1000,0.0,0.0
2025-03-19 01:30:00+00:00,28.299999237060547,28.299999237060547,28.299999237060547,28.299999237060547,2017,0.0,0.0
2025-03-19 01:35:00+00:00,28.299999237060547,28.299999237060547,28.299999237060547,28.299999237060547,2001,0.0,0.0
2025-03-19 01:40:00+00:00,28.299999237060547,28.299999237060547,28.299999237060547,28.299999237060547,2487,0.0,0.0
2025-03-19 01:45:00+00:00,28.299999237060547,28.399999618530273,28.299999237060547,28.399999618530273,19000,0.0,0.0
2025-03-19 01:50:00+00:00,28.450000762939453,28.450000762939453,28.450000762939453,28.450000762939453,6001,0.0,0.0
2025-03-19 01:55:00+00:00,28.450000762939453,28.450000762939453,28.450000762939453,28.450000762939453,1000,0.0,0.0
2025-03-19 02:00:00+00:00,28.450000762939453,28.450000762939453,28.450000762939453,28.450000762939453,4000,0.0,0.0
2025-03-19 02:05:00+00:00,28.450000762939453,28.450000762939453,28.399999618530273,28.399999618530273,3000,0.0,0.0
2025-03-19 02:10:00+00:00,28.399999618530273,28.399999618530273,28.399999618530273,28.399999618530273,4002,0.0,0.0
2025-03-19 02:20:00+00:00,28.350000381469727,28.350000381469727,28.299999237060547,28.299999237060547,2000,0.0,0.0
2025-03-19 02:30:00+00:00,28.350000381469727,28.399999618530273,28.350000381469727,28.399999618530273,4052,0.0,0.0
2025-03-19 02:35:00+00:00,28.299999237060547,28.299999237060547,28.299999237060547,28.299999237060547,6051,0.0,0.0
2025-03-19 02:40:00+00:00,28.299999237060547,28.299999237060547,28.299999237060547,28.299999237060547,7001,0.0,0.0
2025-03-19 02:50:00+00:00,28.399999618530273,28.399999618530273,28.399999618530273,28.399999618530273,5178,0.0,0.0
2025-03-19 02:55:00+00:00,28.399999618530273,28.399999618530273,28.399999618530273,28.399999618530273,1000,0.0,0.0
2025-03-19 03:00:00+00:00,28.450000762939453,28.450000762939453,28.450000762939453,28.450000762939453,6075,0.0,0.0
2025-03-19 03:15:00+00:00,28.450000762939453,28.5,28.450000762939453,28.5,4180,0.0,0.0
2025-03-19 03:20:00+00:00,28.450000762939453,28.450000762939453,28.450000762939453,28.450000762939453,2000,0.0,0.0
2025-03-19 03:25:00+00:00,28.450000762939453,28.450000762939453,28.450000762939453,28.450000762939453,5000,0.0,0.0
2025-03-19 03:30:00+00:00,28.450000762939453,28.450000762939453,28.450000762939453,28.450000762939453,1051,0.0,0.0
2025-03-19 03:40:00+00:00,28.399999618530273,28.399999618530273,28.399999618530273,28.399999618530273,2006,0.0,0.0
2025-03-19 04:05:00+00:00,28.399999618530273,28.399999618530273,28.399999618530273,28.399999618530273,1000,0.0,0.0
2025-03-19 04:10:00+00:00,28.399999618530273,28.399999618530273,28.399999618530273,28.399999618530273,1048,0.0,0.0
2025-03-19 04:20:00+00:00,28.399999618530273,28.399999618530273,28.399999618530273,28.399999618530273,1001,0.0,0.0
2025-03-19 04:30:00+00:00,28.399999618530273,28.450000762939453,28.399999618530273,28.450000762939453,2104,0.0,0.0
2025-03-19 04:40:00+00:00,28.450000762939453,28.450000762939453,28.450000762939453,28.450000762939453,1004,0.0,0.0
2025-03-19 04:50:00+00:00,28.399999618530273,28.399999618530273,28.399999618530273,28.399999618530273,3000,0.0,0.0
2025-03-19 04:55:00+00:00,28.399999618530273,28.399999618530273,28.399999618530273,28.399999618530273,1000,0.0,0.0
2025-03-19 05:00:00+00:00,28.399999618530273,28.450000762939453,28.399999618530273,28.450000762939453,7011,0.0,0.0
2025-03-19 05:10:00+00:00,28.450000762939453,28.450000762939453,28.450000762939453,28.450000762939453,1105,0.0,0.0
2025-03-19 05:20:00+00:00,28.450000762939453,28.450000762939453,28.450000762939453,28.450000762939453,10038,0.0,0.0
2025-03-20 01:05:00+00:00,28.450000762939453,28.450000762939453,28.450000762939453,28.450000762939453,0,0.0,0.0
2025-03-20 01:10:00+00:00,28.5,28.5,28.5,28.5,1000,0.0,0.0
2025-03-20 01:15:00+00:00,28.450000762939453,28.5,28.399999618530273,28.5,17100,0.0,0.0
2025-03-20 01:20:00+00:00,28.549999237060547,28.549999237060547,28.549999237060547,28.549999237060547,6000,0.0,0.0
2025-03-20 01:25:00+00:00,28.600000381469727,28.600000381469727,28.600000381469727,28.600000381469727,4001,0.0,0.0
2025-03-20 01:30:00+00:00,28.549999237060547,28.549999237060547,28.549999237060547,28.549999237060547,2100,0.0,0.0
2025-03-20 01:35:00+00:00,28.600000381469727,28.600000381469727,28.600000381469727,28.600000381469727,1121,0.0,0.0
2025-03-20 01:45:00+00:00,28.549999237060547,28.549999237060547,28.549999237060547,28.549999237060547,9458,0.0,0.0
2025-03-20 01:55:00+00:00,28.5,28.5,28.5,28.5,4002,0.0,0.0
2025-03-20 02:00:00+00:00,28.549999237060547,28.549999237060547,28.549999237060547,28.549999237060547,3003,0.0,0.0
2025-03-20 02:10:00+00:00,28.5,28.549999237060547,28.5,28.549999237060547,3002,0.0,0.0
2025-03-20 02:20:00+00:00,28.600000381469727,28.600000381469727,28.600000381469727,28.600000381469727,19066,0.0,0.0
2025-03-20 02:30:00+00:00,28.600000381469727,28.600000381469727,28.600000381469727,28.600000381469727,5002,0.0,0.0
2025-03-20 02:35:00+00:00,28.549999237060547,28.549999237060547,28.5,28.5,35001,0.0,0.0
2025-03-20 02:45:00+00:00,28.5,28.5,28.5,28.5,1151,0.0,0.0
2025-03-20 02:50:00+00:00,28.549999237060547,28.549999237060547,28.549999237060547,28.549999237060547,1100,0.0,0.0
2025-03-20 03:05:00+00:00,28.549999237060547,28.549999237060547,28.549999237060547,28.549999237060547,1020,0.0,0.0
2025-03-20 03:10:00+00:00,28.549999237060547,28.549999237060547,28.549999237060547,28.549999237060547,2001,0.0,0.0
2025-03-20 03:15:00+00:00,28.5,28.5,28.5,28.5,5203,0.0,0.0
2025-03-20 03:35:00+00:00,28.5,28.5,28.5,28.5,2001,0.0,0.0
2025-03-20 03:40:00+00:00,28.549999237060547,28.549999237060547,28.549999237060547,28.549999237060547,1001,0.0,0.0
2025-03-20 03:45:00+00:00,28.549999237060547,28.549999237060547,28.549999237060547,28.549999237060547,7003,0.0,0.0
2025-03-20 03:55:00+00:00,28.549999237060547,28.549999237060547,28.549999237060547,28.549999237060547,2002,0.0,0.0
2025-03-20 04:10:00+00:00,28.549999237060547,28.549999237060547,28.549999237060547,28.549999237060547,7000,0.0,0.0
2025-03-20 04:15:00+00:00,28.5,28.549999237060547,28.5,28.549999237060547,10302,0.0,0.0
2025-03-20 04:35:00+00:00,28.5,28.5,28.5,28.5,1004,0.0,0.0
2025-03-20 04:45:00+00:00,28.549999237060547,28.549999237060547,28.549999237060547,28.549999237060547,1001,0.0,0.0
2025-03-20 04:55:00+00:00,28.549999237060547,28.600000381469727,28.549999237060547,28.549999237060547,7000,0.0,0.0
2025-03-20 05:00:00+00:00,28.600000381469727,28.600000381469727,28.600000381469727,28.600000381469727,1001,0.0,0.0
2025-03-20 05:05:00+00:00,28.600000381469727,28.600000381469727,28.600000381469727,28.600000381469727,1004,0.0,0.0
2025-03-20 05:10:00+00:00,28.549999237060547,28.549999237060547,28.549999237060547,28.549999237060547,5009,0.0,0.0
2025-03-20 05:15:00+00:00,28.549999237060547,28.600000381469727,28.549999237060547,28.600000381469727,3163,0.0,0.0
2025-03-20 05:20:00+00:00,28.600000381469727,28.600000381469727,28.600000381469727,28.600000381469727,3001,0.0,0.0
2025-03-21 01:00:00+00:00,28.549999237060547,28.549999237060547,28.549999237060547,28.549999237060547,0,0.0,0.0
2025-03-21 01:10:00+00:00,28.549999237060547,28.549999237060547,28.549999237060547,28.549999237060547,1000,0.0,0.0
2025-03-21 01:15:00+00:00,28.549999237060547,28.549999237060547,28.549999237060547,28.549999237060547,10000,0.0,0.0
2025-03-21 01:20:00+00:00,28.600000381469727,28.700000762939453,28.600000381469727,28.700000762939453,20000,0.0,0.0
2025-03-21 01:25:00+00:00,28.600000381469727,28.700000762939453,28.600000381469727,28.700000762939453,3771,0.0,0.0
2025-03-21 01:30:00+00:00,28.600000381469727,28.600000381469727,28.600000381469727,28.600000381469727,1001,0.0,0.0
2025-03-21 01:35:00+00:00,28.600000381469727,28.600000381469727,28.600000381469727,28.600000381469727,1000,0.0,0.0
2025-03-21 01:40:00+00:00,28.600000381469727,28.600000381469727,28.600000381469727,28.600000381469727,7329,0.0,0.0
2025-03-21 01:45:00+00:00,28.600000381469727,28.600000381469727,28.600000381469727,28.600000381469727,7272,0.0,0.0
2025-03-21 01:50:00+00:00,28.600000381469727,28.600000381469727,28.600000381469727,28.600000381469727,3001,0.0,0.0
2025-03-21 01:55:00+00:00,28.600000381469727,28.600000381469727,28.600000381469727,28.600000381469727,3001,0.0,0.0
2025-03-21 02:05:00+00:00,28.600000381469727,28.600000381469727,28.600000381469727,28.600000381469727,1000,0.0,0.0
2025-03-21 02:10:00+00:00,28.549999237060547,28.549999237060547,28.549999237060547,28.549999237060547,12001,0.0,0.0
2025-03-21 02:15:00+00:00,28.600000381469727,28.600000381469727,28.600000381469727,28.600000381469727,2001,0.0,0.0
2025-03-21 02:20:00+00:00,28.600000381469727,28.600000381469727,28.600000381469727,28.600000381469727,4002,0.0,0.0
2025-03-21 02:25:00+00:00,28.600000381469727,28.600000381469727,28.600000381469727,28.600000381469727,6101,0.0,0.0
2025-03-21 02:35:00+00:00,28.600000381469727,28.600000381469727,28.600000381469727,28.600000381469727,5011,0.0,0.0
2025-03-21 02:40:00+00:00,28.649999618530273,28.649999618530273,28.649999618530273,28.649999618530273,2005,0.0,0.0
2025-03-21 02:45:00+00:00,28.600000381469727,28.600000381469727,28.600000381469727,28.600000381469727,1000,0.0,0.0
2025-03-21 02:55:00+00:00,28.649999618530273,28.649999618530273,28.649999618530273,28.649999618530273,9480,0.0,0.0
2025-03-21 03:25:00+00:00,28.649999618530273,28.649999618530273,28.649999618530273,28.649999618530273,8000,0.0,0.0
2025-03-21 03:30:00+00:00,28.600000381469727,28.649999618530273,28.600000381469727,28.649999618530273,4005,0.0,0.0
2025-03-21 03:40:00+00:00,28.649999618530273,28.649999618530273,28.649999618530273,28.649999618530273,3003,0.0,0.0
2025-03-21 03:55:00+00:00,28.649999618530273,28.649999618530273,28.649999618530273,28.649999618530273,1000,0.0,0.0
2025-03-21 04:00:00+00:00,28.649999618530273,28.649999618530273,28.649999618530273,28.649999618530273,6000,0.0,0.0
2025-03-21 04:05:00+00:00,28.649999618530273,28.649999618530273,28.649999618530273,28.649999618530273,3101,0.0,0.0
2025-03-21 04:10:00+00:00,28.649999618530273,28.700000762939453,28.649999618530273,28.700000762939453,2001,0.0,0.0
2025-03-21 04:15:00+00:00,28.700000762939453,28.700000762939453,28.700000762939453,28.700000762939453,10000,0.0,0.0
2025-03-21 04:20:00+00:00,28.700000762939453,28.75,28.700000762939453,28.75,9003,0.0,0.0
2025-03-21 04:25:00+00:00,28.75,28.75,28.75,28.75,1002,0.0,0.0
2025-03-21 04:30:00+00:00,28.700000762939453,28.700000762939453,28.700000762939453,28.700000762939453,7054,0.0,0.0
2025-03-21 04:35:00+00:00,28.700000762939453,28.700000762939453,28.700000762939453,28.700000762939453,2001,0.0,0.0
2025-03-21 04:40:00+00:00,28.700000762939453,28.700000762939453,28.700000762939453,28.700000762939453,2001,0.0,0.0
2025-03-21 04:45:00+00:00,28.700000762939453,28.700000762939453,28.549999237060547,28.549999237060547,91000,0.0,0.0
2025-03-21 04:50:00+00:00,28.549999237060547,28.549999237060547,28.549999237060547,28.549999237060547,1000,0.0,0.0
2025-03-21 04:55:00+00:00,28.600000381469727,28.600000381469727,28.600000381469727,28.600000381469727,1000,0.0,0.0
2025-03-21 05:00:00+00:00,28.600000381469727,28.600000381469727,28.549999237060547,28.549999237060547,6104,0.0,0.0
2025-03-21 05:10:00+00:00,28.600000381469727,28.600000381469727,28.549999237060547,28.549999237060547,42204,0.0,0.0
2025-03-21 05:15:00+00:00,28.549999237060547,28.549999237060547,28.549999237060547,28.549999237060547,1000,0.0,0.0
2025-03-21 05:20:00+00:00,28.549999237060547,28.549999237060547,28.5,28.549999237060547,7252,0.0,0.0
2025-03-24 01:00:00+00:00,28.899999618530273,29.25,28.799999237060547,29.200000762939453,0,0.0,0.0
2025-03-24 01:05:00+00:00,29.100000381469727,29.350000381469727,29.100000381469727,29.299999237060547,55000,0.0,0.0
2025-03-24 01:10:00+00:00,29.399999618530273,29.549999237060547,29.350000381469727,29.350000381469727,91509,0.0,0.0
2025-03-24 01:15:00+00:00,29.299999237060547,29.299999237060547,29.100000381469727,29.25,41000,0.0,0.0
2025-03-24 01:20:00+00:00,29.200000762939453,29.200000762939453,29.149999618530273,29.200000762939453,7001,0.0,0.0
2025-03-24 01:25:00+00:00,29.200000762939453,29.25,29.149999618530273,29.149999618530273,8086,0.0,0.0
2025-03-24 01:30:00+00:00,29.149999618530273,29.149999618530273,29.149999618530273,29.149999618530273,6279,0.0,0.0
2025-03-24 01:35:00+00:00,29.149999618530273,29.149999618530273,29.049999237060547,29.049999237060547,33744,0.0,0.0
2025-03-24 01:40:00+00:00,29.049999237060547,29.049999237060547,29.049999237060547,29.049999237060547,8006,0.0,0.0
2025-03-24 01:45:00+00:00,29.049999237060547,29.049999237060547,29.049999237060547,29.049999237060547,6000,0.0,0.0
2025-03-24 01:50:00+00:00,29.100000381469727,29.100000381469727,29.100000381469727,29.100000381469727,12106,0.0,0.0
2025-03-24 01:55:00+00:00,29.049999237060547,29.100000381469727,29.049999237060547,29.100000381469727,11000,0.0,0.0
2025-03-24 02:00:00+00:00,29.149999618530273,29.299999237060547,29.149999618530273,29.149999618530273,60111,0.0,0.0
2025-03-24 02:05:00+00:00,29.100000381469727,29.100000381469727,29.100000381469727,29.100000381469727,8081,0.0,0.0
2025-03-24 02:10:00+00:00,29.049999237060547,29.200000762939453,29.049999237060547,29.200000762939453,11050,0.0,0.0
2025-03-24 02:15:00+00:00,29.149999618530273,29.149999618530273,29.149999618530273,29.149999618530273,1002,0.0,0.0
2025-03-24 02:20:00+00:00,29.200000762939453,29.25,29.149999618530273,29.149999618530273,13205,0.0,0.0
2025-03-24 02:25:00+00:00,29.100000381469727,29.149999618530273,29.100000381469727,29.149999618530273,10000,0.0,0.0
2025-03-24 02:30:00+00:00,29.149999618530273,29.149999618530273,29.149999618530273,29.149999618530273,3001,0.0,0.0
2025-03-24 02:35:00+00:00,29.200000762939453,29.200000762939453,29.100000381469727,29.100000381469727,3004,0.0,0.0
2025-03-24 02:40:00+00:00,29.100000381469727,29.100000381469727,29.049999237060547,29.049999237060547,12002,0.0,0.0
2025-03-24 02:45:00+00:00,29.049999237060547,29.049999237060547,29.049999237060547,29.049999237060547,4003,0.0,0.0
2025-03-24 02:55:00+00:00,29.049999237060547,29.049999237060547,29.049999237060547,29.049999237060547,10008,0.0,0.0
2025-03-24 03:00:00+00:00,29.100000381469727,29.200000762939453,29.049999237060547,29.049999237060547,46000,0.0,0.0
2025-03-24 03:05:00+00:00,29.049999237060547,29.049999237060547,29.049999237060547,29.049999237060547,2004,0.0,0.0
2025-03-24 03:10:00+00:00,29.100000381469727,29.100000381469727,29.100000381469727,29.100000381469727,2124,0.0,0.0
2025-03-24 03:15:00+00:00,29.100000381469727,29.100000381469727,29.049999237060547,29.049999237060547,2001,0.0,0.0
2025-03-24 03:25:00+00:00,29.100000381469727,29.100000381469727,29.100000381469727,29.100000381469727,1002,0.0,0.0
2025-03-24 03:30:00+00:00,29.049999237060547,29.049999237060547,29.049999237060547,29.049999237060547,14000,0.0,0.0
2025-03-24 03:35:00+00:00,29.0,29.0,29.0,29.0,21005,0.0,0.0
2025-03-24 03:40:00+00:00,28.899999618530273,28.899999618530273,28.899999618530273,28.899999618530273,1501,0.0,0.0
2025-03-24 03:45:00+00:00,29.0,29.0,29.0,29.0,5003,0.0,0.0
2025-03-24 03:55:00+00:00,29.0,29.049999237060547,29.0,29.049999237060547,16000,0.0,0.0
2025-03-24 04:00:00+00:00,29.100000381469727,29.200000762939453,29.100000381469727,29.100000381469727,55003,0.0,0.0
2025-03-24 04:05:00+00:00,29.149999618530273,29.200000762939453,29.100000381469727,29.100000381469727,7054,0.0,0.0
2025-03-24 04:20:00+00:00,29.100000381469727,29.100000381469727,29.049999237060547,29.049999237060547,17018,0.0,0.0
2025-03-24 04:25:00+00:00,29.049999237060547,29.049999237060547,29.049999237060547,29.049999237060547,1007,0.0,0.0
2025-03-24 04:35:00+00:00,29.049999237060547,29.049999237060547,29.049999237060547,29.049999237060547,4003,0.0,0.0
2025-03-24 04:40:00+00:00,29.0,29.0,29.0,29.0,1705,0.0,0.0
2025-03-24 04:45:00+00:00,29.049999237060547,29.049999237060547,29.049999237060547,29.049999237060547,5000,0.0,0.0
2025-03-24 04:50:00+00:00,29.049999237060547,29.100000381469727,29.049999237060547,29.049999237060547,10083,0.0,0.0
2025-03-24 04:55:00+00:00,29.0,29.0,29.0,29.0,1012,0.0,0.0
2025-03-24 05:00:00+00:00,29.0,29.0,29.0,29.0,13119,0.0,0.0
2025-03-24 05:05:00+00:00,29.049999237060547,29.049999237060547,29.049999237060547,29.049999237060547,2052,0.0,0.0
2025-03-24 05:10:00+00:00,29.049999237060547,29.049999237060547,28.950000762939453,28.950000762939453,19005,0.0,0.0
2025-03-24 05:15:00+00:00,29.0,29.0,29.0,29.0,5001,0.0,0.0
2025-03-24 05:20:00+00:00,28.950000762939453,29.0,28.950000762939453,29.0,5736,0.0,0.0
2025-03-25 01:00:00+00:00,29.200000762939453,29.450000762939453,29.0,29.049999237060547,116000,0.0,0.0
2025-03-25 01:05:00+00:00,29.049999237060547,29.049999237060547,28.950000762939453,29.0,17498,0.0,0.0
2025-03-25 01:10:00+00:00,29.100000381469727,29.450000762939453,29.100000381469727,29.200000762939453,87185,0.0,0.0
2025-03-25 01:15:00+00:00,29.149999618530273,29.149999618530273,29.049999237060547,29.049999237060547,9105,0.0,0.0
2025-03-25 01:25:00+00:00,29.049999237060547,29.049999237060547,28.950000762939453,28.950000762939453,12000,0.0,0.0
2025-03-25 01:30:00+00:00,28.950000762939453,28.950000762939453,28.899999618530273,28.950000762939453,21261,0.0,0.0
2025-03-25 01:35:00+00:00,28.950000762939453,29.0,28.950000762939453,29.0,10017,0.0,0.0
2025-03-25 01:40:00+00:00,29.0,29.049999237060547,29.0,29.0,8005,0.0,0.0
2025-03-25 01:45:00+00:00,29.0,29.0,29.0,29.0,2000,0.0,0.0
2025-03-25 01:50:00+00:00,28.950000762939453,28.950000762939453,28.899999618530273,28.899999618530273,26038,0.0,0.0
2025-03-25 01:55:00+00:00,28.950000762939453,29.100000381469727,28.899999618530273,29.100000381469727,30003,0.0,0.0
2025-03-25 02:00:00+00:00,29.149999618530273,29.25,29.149999618530273,29.149999618530273,65102,0.0,0.0
2025-03-25 02:05:00+00:00,29.149999618530273,29.149999618530273,29.0,29.0,4006,0.0,0.0
2025-03-25 02:10:00+00:00,29.0,29.0,28.950000762939453,28.950000762939453,10148,0.0,0.0
2025-03-25 02:15:00+00:00,29.0,29.0,29.0,29.0,3001,0.0,0.0
2025-03-25 02:20:00+00:00,28.950000762939453,29.0,28.950000762939453,29.0,13001,0.0,0.0
2025-03-25 02:25:00+00:00,28.950000762939453,28.950000762939453,28.899999618530273,28.899999618530273,2162,0.0,0.0
2025-03-25 02:30:00+00:00,28.899999618530273,28.899999618530273,28.899999618530273,28.899999618530273,16005,0.0,0.0
2025-03-25 02:40:00+00:00,28.899999618530273,28.899999618530273,28.899999618530273,28.899999618530273,5515,0.0,0.0
2025-03-25 02:45:00+00:00,28.850000381469727,28.850000381469727,28.850000381469727,28.850000381469727,6002,0.0,0.0
2025-03-25 02:50:00+00:00,28.899999618530273,28.950000762939453,28.899999618530273,28.950000762939453,8051,0.0,0.0
2025-03-25 02:55:00+00:00,29.0,29.049999237060547,29.0,29.0,12001,0.0,0.0
2025-03-25 03:00:00+00:00,29.0,29.200000762939453,29.0,29.149999618530273,63006,0.0,0.0
2025-03-25 03:05:00+00:00,29.100000381469727,29.149999618530273,29.0,29.0,5068,0.0,0.0
2025-03-25 03:10:00+00:00,29.049999237060547,29.049999237060547,29.0,29.0,7028,0.0,0.0
2025-03-25 03:15:00+00:00,28.950000762939453,28.950000762939453,28.899999618530273,28.899999618530273,10000,0.0,0.0
2025-03-25 03:20:00+00:00,28.950000762939453,28.950000762939453,28.950000762939453,28.950000762939453,2006,0.0,0.0
2025-03-25 03:25:00+00:00,28.950000762939453,28.950000762939453,28.950000762939453,28.950000762939453,4126,0.0,0.0
2025-03-25 03:45:00+00:00,28.950000762939453,29.0,28.950000762939453,29.0,3003,0.0,0.0
2025-03-25 03:55:00+00:00,29.049999237060547,29.049999237060547,29.049999237060547,29.049999237060547,1001,0.0,0.0
2025-03-25 04:00:00+00:00,29.100000381469727,29.200000762939453,29.100000381469727,29.100000381469727,28001,0.0,0.0
2025-03-25 04:05:00+00:00,29.100000381469727,29.100000381469727,29.100000381469727,29.100000381469727,2002,0.0,0.0
2025-03-25 04:10:00+00:00,29.049999237060547,29.049999237060547,29.049999237060547,29.049999237060547,1004,0.0,0.0
2025-03-25 04:15:00+00:00,29.0,29.0,29.0,29.0,4004,0.0,0.0
2025-03-25 04:20:00+00:00,29.0,29.100000381469727,29.0,29.100000381469727,9000,0.0,0.0
2025-03-25 04:25:00+00:00,29.100000381469727,29.100000381469727,29.0,29.0,6208,0.0,0.0
2025-03-25 04:30:00+00:00,29.049999237060547,29.049999237060547,29.049999237060547,29.049999237060547,15002,0.0,0.0
2025-03-25 04:35:00+00:00,29.0,29.0,29.0,29.0,3006,0.0,0.0
2025-03-25 04:40:00+00:00,29.100000381469727,29.100000381469727,29.0,29.0,7002,0.0,0.0
2025-03-25 04:45:00+00:00,29.0,29.0,29.0,29.0,4221,0.0,0.0
2025-03-25 04:50:00+00:00,28.950000762939453,28.950000762939453,28.950000762939453,28.950000762939453,1011,0.0,0.0
2025-03-25 05:00:00+00:00,29.0,29.0,29.0,29.0,3140,0.0,0.0
2025-03-25 05:05:00+00:00,29.049999237060547,29.049999237060547,29.0,29.0,3017,0.0,0.0
2025-03-25 05:10:00+00:00,29.0,29.0,29.0,29.0,1000,0.0,0.0
2025-03-25 05:15:00+00:00,29.049999237060547,29.049999237060547,29.049999237060547,29.049999237060547,6054,0.0,0.0
2025-03-25 05:20:00+00:00,29.100000381469727,29.100000381469727,29.049999237060547,29.100000381469727,17031,0.0,0.0
2025-03-26 01:00:00+00:00,29.100000381469727,29.200000762939453,29.100000381469727,29.149999618530273,0,0.0,0.0
2025-03-26 01:05:00+00:00,29.149999618530273,29.149999618530273,29.149999618530273,29.149999618530273,14297,0.0,0.0
2025-03-26 01:10:00+00:00,29.149999618530273,29.25,29.149999618530273,29.25,27297,0.0,0.0
2025-03-26 01:15:00+00:00,29.149999618530273,29.149999618530273,29.100000381469727,29.100000381469727,29002,0.0,0.0
2025-03-26 01:20:00+00:00,29.100000381469727,29.100000381469727,29.049999237060547,29.049999237060547,16364,0.0,0.0
2025-03-26 01:25:00+00:00,29.049999237060547,29.049999237060547,29.049999237060547,29.049999237060547,2108,0.0,0.0
2025-03-26 01:30:00+00:00,29.049999237060547,29.049999237060547,29.0,29.0,32367,0.0,0.0
2025-03-26 01:40:00+00:00,29.0,29.0,29.0,29.0,11109,0.0,0.0
2025-03-26 01:45:00+00:00,29.0,29.0,29.0,29.0,10121,0.0,0.0
2025-03-26 01:50:00+00:00,29.0,29.0,28.950000762939453,28.950000762939453,34451,0.0,0.0
2025-03-26 01:55:00+00:00,28.950000762939453,29.0,28.950000762939453,28.950000762939453,10150,0.0,0.0
2025-03-26 02:00:00+00:00,28.899999618530273,28.899999618530273,28.899999618530273,28.899999618530273,11356,0.0,0.0
2025-03-26 02:05:00+00:00,28.899999618530273,28.899999618530273,28.799999237060547,28.799999237060547,50016,0.0,0.0
2025-03-26 02:15:00+00:00,28.850000381469727,28.850000381469727,28.850000381469727,28.850000381469727,10663,0.0,0.0
2025-03-26 02:20:00+00:00,28.899999618530273,28.899999618530273,28.899999618530273,28.899999618530273,1001,0.0,0.0
2025-03-26 02:25:00+00:00,28.899999618530273,28.899999618530273,28.899999618530273,28.899999618530273,1005,0.0,0.0
2025-03-26 02:30:00+00:00,28.899999618530273,28.899999618530273,28.899999618530273,28.899999618530273,7007,0.0,0.0
2025-03-26 02:35:00+00:00,28.899999618530273,28.899999618530273,28.899999618530273,28.899999618530273,15004,0.0,0.0
2025-03-26 02:45:00+00:00,28.950000762939453,28.950000762939453,28.950000762939453,28.950000762939453,1054,0.0,0.0
2025-03-26 02:50:00+00:00,28.950000762939453,28.950000762939453,28.950000762939453,28.950000762939453,1003,0.0,0.0
2025-03-26 03:00:00+00:00,29.0,29.0,29.0,29.0,15008,0.0,0.0
2025-03-26 03:05:00+00:00,29.049999237060547,29.049999237060547,29.049999237060547,29.049999237060547,2007,0.0,0.0
2025-03-26 03:10:00+00:00,29.049999237060547,29.049999237060547,29.0,29.0,11013,0.0,0.0
2025-03-26 03:15:00+00:00,29.0,29.0,29.0,29.0,2005,0.0,0.0
2025-03-26 03:20:00+00:00,29.0,29.0,29.0,29.0,1002,0.0,0.0
2025-03-26 03:25:00+00:00,28.950000762939453,28.950000762939453,28.799999237060547,28.850000381469727,89005,0.0,0.0
2025-03-26 03:30:00+00:00,28.850000381469727,28.850000381469727,28.850000381469727,28.850000381469727,4105,0.0,0.0
2025-03-26 03:40:00+00:00,28.899999618530273,28.899999618530273,28.899999618530273,28.899999618530273,2006,0.0,0.0
2025-03-26 03:50:00+00:00,28.899999618530273,28.899999618530273,28.899999618530273,28.899999618530273,5732,0.0,0.0
2025-03-26 03:55:00+00:00,28.899999618530273,28.899999618530273,28.850000381469727,28.850000381469727,22000,0.0,0.0
2025-03-26 04:00:00+00:00,28.850000381469727,28.850000381469727,28.850000381469727,28.850000381469727,14258,0.0,0.0
2025-03-26 04:05:00+00:00,28.899999618530273,28.899999618530273,28.850000381469727,28.850000381469727,9004,0.0,0.0
2025-03-26 04:10:00+00:00,28.850000381469727,28.850000381469727,28.850000381469727,28.850000381469727,15214,0.0,0.0
2025-03-26 04:15:00+00:00,28.799999237060547,28.799999237060547,28.799999237060547,28.799999237060547,50206,0.0,0.0
2025-03-26 04:20:00+00:00,28.799999237060547,28.799999237060547,28.799999237060547,28.799999237060547,1124,0.0,0.0
2025-03-26 04:25:00+00:00,28.850000381469727,28.850000381469727,28.850000381469727,28.850000381469727,3013,0.0,0.0
2025-03-26 04:30:00+00:00,28.799999237060547,28.799999237060547,28.75,28.75,29104,0.0,0.0
2025-03-26 04:35:00+00:00,28.799999237060547,28.799999237060547,28.799999237060547,28.799999237060547,6040,0.0,0.0
2025-03-26 04:40:00+00:00,28.799999237060547,28.799999237060547,28.799999237060547,28.799999237060547,17702,0.0,0.0
2025-03-26 04:45:00+00:00,28.799999237060547,28.799999237060547,28.799999237060547,28.799999237060547,4111,0.0,0.0
2025-03-26 04:50:00+00:00,28.850000381469727,28.850000381469727,28.850000381469727,28.850000381469727,1022,0.0,0.0
2025-03-26 04:55:00+00:00,28.850000381469727,28.850000381469727,28.799999237060547,28.799999237060547,52093,0.0,0.0
2025-03-26 05:00:00+00:00,28.799999237060547,28.799999237060547,28.799999237060547,28.799999237060547,2008,0.0,0.0
2025-03-26 05:05:00+00:00,28.850000381469727,28.850000381469727,28.850000381469727,28.850000381469727,2002,0.0,0.0
2025-03-26 05:10:00+00:00,28.850000381469727,28.850000381469727,28.850000381469727,28.850000381469727,2004,0.0,0.0
2025-03-26 05:15:00+00:00,28.850000381469727,28.850000381469727,28.850000381469727,28.850000381469727,5003,0.0,0.0
2025-03-26 05:20:00+00:00,28.799999237060547,28.850000381469727,28.799999237060547,28.850000381469727,19185,0.0,0.0
2025-03-27 01:00:00+00:00,27.049999237060547,27.049999237060547,26.0,26.350000381469727,0,1.5,0.0
2025-03-27 01:05:00+00:00,26.350000381469727,26.899999618530273,26.350000381469727,26.5,60534,0.0,0.0
2025-03-27 01:10:00+00:00,26.549999237060547,26.600000381469727,26.549999237060547,26.549999237060547,21739,0.0,0.0
2025-03-27 01:15:00+00:00,26.5,26.549999237060547,26.5,26.5,21467,0.0,0.0
2025-03-27 01:20:00+00:00,26.5,26.5,26.5,26.5,5056,0.0,0.0
2025-03-27 01:25:00+00:00,26.549999237060547,26.649999618530273,26.549999237060547,26.649999618530273,30102,0.0,0.0
2025-03-27 01:30:00+00:00,26.649999618530273,26.700000762939453,26.649999618530273,26.700000762939453,6000,0.0,0.0
2025-03-27 01:35:00+00:00,26.700000762939453,26.700000762939453,26.5,26.649999618530273,37002,0.0,0.0
2025-03-27 01:45:00+00:00,26.600000381469727,26.600000381469727,26.600000381469727,26.600000381469727,11048,0.0,0.0
2025-03-27 01:55:00+00:00,26.600000381469727,26.700000762939453,26.600000381469727,26.700000762939453,10107,0.0,0.0
2025-03-27 02:00:00+00:00,26.649999618530273,26.799999237060547,26.649999618530273,26.75,23101,0.0,0.0
2025-03-27 02:05:00+00:00,26.75,26.899999618530273,26.75,26.899999618530273,16057,0.0,0.0
2025-03-27 02:10:00+00:00,26.899999618530273,26.899999618530273,26.899999618530273,26.899999618530273,3052,0.0,0.0
2025-03-27 02:15:00+00:00,26.899999618530273,26.899999618530273,26.899999618530273,26.899999618530273,1000,0.0,0.0
2025-03-27 02:20:00+00:00,26.899999618530273,27.0,26.899999618530273,27.0,27056,0.0,0.0
2025-03-27 02:25:00+00:00,27.0,27.0,26.950000762939453,26.950000762939453,2001,0.0,0.0
2025-03-27 02:30:00+00:00,26.899999618530273,26.899999618530273,26.899999618530273,26.899999618530273,15002,0.0,0.0
2025-03-27 02:35:00+00:00,26.850000381469727,26.850000381469727,26.799999237060547,26.799999237060547,21000,0.0,0.0
2025-03-27 02:40:00+00:00,26.799999237060547,26.799999237060547,26.799999237060547,26.799999237060547,4051,0.0,0.0
2025-03-27 02:45:00+00:00,26.799999237060547,26.799999237060547,26.799999237060547,26.799999237060547,18001,0.0,0.0
2025-03-27 03:00:00+00:00,26.799999237060547,26.799999237060547,26.799999237060547,26.799999237060547,12050,0.0,0.0
2025-03-27 03:05:00+00:00,26.799999237060547,26.799999237060547,26.799999237060547,26.799999237060547,1000,0.0,0.0
2025-03-27 03:10:00+00:00,26.799999237060547,26.799999237060547,26.799999237060547,26.799999237060547,2001,0.0,0.0
2025-03-27 03:15:00+00:00,26.75,26.75,26.700000762939453,26.700000762939453,18199,0.0,0.0
2025-03-27 03:20:00+00:00,26.700000762939453,26.700000762939453,26.700000762939453,26.700000762939453,1001,0.0,0.0
2025-03-27 03:30:00+00:00,26.700000762939453,26.700000762939453,26.700000762939453,26.700000762939453,1019,0.0,0.0
2025-03-27 03:35:00+00:00,26.700000762939453,26.700000762939453,26.700000762939453,26.700000762939453,1100,0.0,0.0
2025-03-27 03:45:00+00:00,26.700000762939453,26.700000762939453,26.700000762939453,26.700000762939453,1000,0.0,0.0
2025-03-27 03:50:00+00:00,26.75,26.75,26.75,26.75,1000,0.0,0.0
2025-03-27 03:55:00+00:00,26.75,26.75,26.75,26.75,1050,0.0,0.0
2025-03-27 04:05:00+00:00,26.75,26.75,26.75,26.75,11000,0.0,0.0
2025-03-27 04:10:00+00:00,26.75,26.75,26.75,26.75,2026,0.0,0.0
2025-03-27 04:20:00+00:00,26.75,26.75,26.700000762939453,26.700000762939453,15026,0.0,0.0
2025-03-27 04:30:00+00:00,26.700000762939453,26.700000762939453,26.700000762939453,26.700000762939453,4002,0.0,0.0
2025-03-27 04:35:00+00:00,26.75,26.75,26.75,26.75,3003,0.0,0.0
2025-03-27 04:50:00+00:00,26.75,26.75,26.700000762939453,26.700000762939453,6000,0.0,0.0
2025-03-27 04:55:00+00:00,26.700000762939453,26.75,26.700000762939453,26.75,15002,0.0,0.0
2025-03-27 05:05:00+00:00,26.75,26.75,26.75,26.75,1002,0.0,0.0
2025-03-27 05:10:00+00:00,26.75,26.75,26.75,26.75,10190,0.0,0.0
2025-03-27 05:15:00+00:00,26.75,26.75,26.75,26.75,5002,0.0,0.0
2025-03-27 05:20:00+00:00,26.75,26.75,26.700000762939453,26.75,8303,0.0,0.0
2025-03-28 01:00:00+00:00,26.700000762939453,26.700000762939453,26.450000762939453,26.450000762939453,0,0.0,0.0
2025-03-28 01:05:00+00:00,26.5,26.5,26.450000762939453,26.450000762939453,2011,0.0,0.0
2025-03-28 01:10:00+00:00,26.450000762939453,26.5,26.450000762939453,26.5,6000,0.0,0.0
2025-03-28 01:15:00+00:00,26.549999237060547,26.549999237060547,26.5,26.5,8001,0.0,0.0
2025-03-28 01:20:00+00:00,26.450000762939453,26.600000381469727,26.450000762939453,26.600000381469727,12001,0.0,0.0
2025-03-28 01:25:00+00:00,26.700000762939453,26.700000762939453,26.600000381469727,26.600000381469727,6000,0.0,0.0
2025-03-28 01:30:00+00:00,26.549999237060547,26.549999237060547,26.549999237060547,26.549999237060547,3001,0.0,0.0
2025-03-28 01:35:00+00:00,26.5,26.5,26.450000762939453,26.450000762939453,14181,0.0,0.0
2025-03-28 01:40:00+00:00,26.450000762939453,26.450000762939453,26.450000762939453,26.450000762939453,5079,0.0,0.0
2025-03-28 01:45:00+00:00,26.450000762939453,26.450000762939453,26.450000762939453,26.450000762939453,8700,0.0,0.0
2025-03-28 01:50:00+00:00,26.450000762939453,26.450000762939453,26.399999618530273,26.399999618530273,22143,0.0,0.0
2025-03-28 02:00:00+00:00,26.399999618530273,26.399999618530273,26.399999618530273,26.399999618530273,14051,0.0,0.0
2025-03-28 02:05:00+00:00,26.399999618530273,26.399999618530273,26.350000381469727,26.350000381469727,17000,0.0,0.0
2025-03-28 02:10:00+00:00,26.350000381469727,26.350000381469727,26.25,26.25,38486,0.0,0.0
2025-03-28 02:15:00+00:00,26.25,26.25,26.25,26.25,2000,0.0,0.0
2025-03-28 02:20:00+00:00,26.25,26.25,26.200000762939453,26.200000762939453,5001,0.0,0.0
2025-03-28 02:25:00+00:00,26.200000762939453,26.25,26.200000762939453,26.200000762939453,20000,0.0,0.0
2025-03-28 02:30:00+00:00,26.200000762939453,26.200000762939453,26.200000762939453,26.200000762939453,6001,0.0,0.0
2025-03-28 02:35:00+00:00,26.200000762939453,26.200000762939453,26.200000762939453,26.200000762939453,9002,0.0,0.0
2025-03-28 02:40:00+00:00,26.200000762939453,26.200000762939453,26.200000762939453,26.200000762939453,6321,0.0,0.0
2025-03-28 02:45:00+00:00,26.149999618530273,26.149999618530273,26.149999618530273,26.149999618530273,3001,0.0,0.0
2025-03-28 02:50:00+00:00,26.149999618530273,26.149999618530273,26.149999618530273,26.149999618530273,3001,0.0,0.0
2025-03-28 02:55:00+00:00,26.149999618530273,26.149999618530273,26.100000381469727,26.100000381469727,10151,0.0,0.0
2025-03-28 03:05:00+00:00,26.100000381469727,26.100000381469727,26.100000381469727,26.100000381469727,5001,0.0,0.0
2025-03-28 03:10:00+00:00,26.049999237060547,26.049999237060547,26.049999237060547,26.049999237060547,10002,0.0,0.0
2025-03-28 03:20:00+00:00,26.049999237060547,26.049999237060547,26.049999237060547,26.049999237060547,1000,0.0,0.0
2025-03-28 03:25:00+00:00,26.049999237060547,26.049999237060547,26.049999237060547,26.049999237060547,15142,0.0,0.0
2025-03-28 03:40:00+00:00,26.049999237060547,26.049999237060547,26.049999237060547,26.049999237060547,3001,0.0,0.0
2025-03-28 03:45:00+00:00,26.049999237060547,26.049999237060547,26.049999237060547,26.049999237060547,2130,0.0,0.0
2025-03-28 03:50:00+00:00,26.049999237060547,26.049999237060547,26.049999237060547,26.049999237060547,1000,0.0,0.0
2025-03-28 03:55:00+00:00,26.049999237060547,26.049999237060547,26.049999237060547,26.049999237060547,6678,0.0,0.0
2025-03-28 04:00:00+00:00,26.049999237060547,26.049999237060547,26.0,26.0,5000,0.0,0.0
2025-03-28 04:05:00+00:00,26.049999237060547,26.049999237060547,26.049999237060547,26.049999237060547,2000,0.0,0.0
2025-03-28 04:10:00+00:00,26.049999237060547,26.049999237060547,26.049999237060547,26.049999237060547,1000,0.0,0.0
2025-03-28 04:15:00+00:00,26.049999237060547,26.049999237060547,26.049999237060547,26.049999237060547,4028,0.0,0.0
2025-03-28 04:20:00+00:00,26.049999237060547,26.049999237060547,26.049999237060547,26.049999237060547,18001,0.0,0.0
2025-03-28 04:30:00+00:00,26.100000381469727,26.100000381469727,26.100000381469727,26.100000381469727,1000,0.0,0.0
2025-03-28 04:35:00+00:00,26.049999237060547,26.049999237060547,26.049999237060547,26.049999237060547,5003,0.0,0.0
2025-03-28 04:40:00+00:00,26.049999237060547,26.049999237060547,26.049999237060547,26.049999237060547,2000,0.0,0.0
2025-03-28 04:50:00+00:00,26.049999237060547,26.049999237060547,26.049999237060547,26.049999237060547,6090,0.0,0.0
2025-03-28 05:05:00+00:00,26.100000381469727,26.100000381469727,26.100000381469727,26.100000381469727,2198,0.0,0.0
2025-03-28 05:10:00+00:00,26.100000381469727,26.100000381469727,26.100000381469727,26.100000381469727,2001,0.0,0.0
2025-03-28 05:15:00+00:00,26.100000381469727,26.100000381469727,26.100000381469727,26.100000381469727,1000,0.0,0.0
2025-03-28 05:20:00+00:00,26.049999237060547,26.100000381469727,26.049999237060547,26.049999237060547,6002,0.0,0.0
2025-03-31 01:00:00+00:00,25.899999618530273,25.899999618530273,25.100000381469727,25.75,0,0.0,0.0
2025-03-31 01:05:00+00:00,25.700000762939453,25.700000762939453,25.399999618530273,25.399999618530273,12030,0.0,0.0
2025-03-31 01:10:00+00:00,25.399999618530273,25.399999618530273,25.0,25.100000381469727,29210,0.0,0.0
2025-03-31 01:15:00+00:00,25.149999618530273,25.149999618530273,25.149999618530273,25.149999618530273,5000,0.0,0.0
2025-03-31 01:20:00+00:00,25.299999237060547,25.350000381469727,25.299999237060547,25.350000381469727,8100,0.0,0.0
2025-03-31 01:25:00+00:00,25.399999618530273,25.399999618530273,25.399999618530273,25.399999618530273,1001,0.0,0.0
2025-03-31 01:30:00+00:00,25.350000381469727,25.350000381469727,25.350000381469727,25.350000381469727,1000,0.0,0.0
2025-03-31 01:35:00+00:00,25.350000381469727,25.350000381469727,25.299999237060547,25.299999237060547,6000,0.0,0.0
2025-03-31 01:40:00+00:00,25.299999237060547,25.299999237060547,25.149999618530273,25.149999618530273,37140,0.0,0.0
2025-03-31 01:45:00+00:00,25.149999618530273,25.149999618530273,25.149999618530273,25.149999618530273,1000,0.0,0.0
2025-03-31 01:50:00+00:00,25.149999618530273,25.149999618530273,25.049999237060547,25.049999237060547,23431,0.0,0.0
2025-03-31 01:55:00+00:00,25.100000381469727,25.100000381469727,25.049999237060547,25.049999237060547,12006,0.0,0.0
2025-03-31 02:00:00+00:00,25.100000381469727,25.100000381469727,25.100000381469727,25.100000381469727,1000,0.0,0.0
2025-03-31 02:05:00+00:00,25.100000381469727,25.25,24.950000762939453,25.0,38034,0.0,0.0
2025-03-31 02:10:00+00:00,24.950000762939453,24.950000762939453,24.799999237060547,24.799999237060547,16737,0.0,0.0
2025-03-31 02:15:00+00:00,24.799999237060547,24.850000381469727,24.700000762939453,24.700000762939453,34000,0.0,0.0
2025-03-31 02:20:00+00:00,24.649999618530273,24.700000762939453,24.649999618530273,24.649999618530273,6001,0.0,0.0
2025-03-31 02:25:00+00:00,24.649999618530273,24.75,24.600000381469727,24.700000762939453,9000,0.0,0.0
2025-03-31 02:30:00+00:00,24.649999618530273,24.649999618530273,24.649999618530273,24.649999618530273,8030,0.0,0.0
2025-03-31 02:35:00+00:00,24.649999618530273,24.649999618530273,24.649999618530273,24.649999618530273,7000,0.0,0.0
2025-03-31 02:40:00+00:00,24.600000381469727,24.600000381469727,24.600000381469727,24.600000381469727,15051,0.0,0.0
2025-03-31 02:45:00+00:00,24.600000381469727,24.700000762939453,24.600000381469727,24.600000381469727,7001,0.0,0.0
2025-03-31 02:50:00+00:00,24.600000381469727,24.600000381469727,24.600000381469727,24.600000381469727,3000,0.0,0.0
2025-03-31 02:55:00+00:00,24.600000381469727,24.600000381469727,24.399999618530273,24.399999618530273,60000,0.0,0.0
2025-03-31 03:00:00+00:00,24.399999618530273,24.5,24.350000381469727,24.450000762939453,15384,0.0,0.0
2025-03-31 03:05:00+00:00,24.450000762939453,24.549999237060547,24.399999618530273,24.399999618530273,10000,0.0,0.0
2025-03-31 03:10:00+00:00,24.450000762939453,24.450000762939453,24.350000381469727,24.350000381469727,14000,0.0,0.0
2025-03-31 03:15:00+00:00,24.299999237060547,24.350000381469727,24.299999237060547,24.350000381469727,7001,0.0,0.0
2025-03-31 03:20:00+00:00,24.350000381469727,24.450000762939453,24.350000381469727,24.450000762939453,17000,0.0,0.0
2025-03-31 03:25:00+00:00,24.5,24.5,24.450000762939453,24.450000762939453,5000,0.0,0.0
2025-03-31 03:30:00+00:00,24.399999618530273,24.549999237060547,24.399999618530273,24.549999237060547,7001,0.0,0.0
2025-03-31 03:35:00+00:00,24.5,24.5,24.5,24.5,1000,0.0,0.0
2025-03-31 03:45:00+00:00,24.549999237060547,24.549999237060547,24.549999237060547,24.549999237060547,1000,0.0,0.0
2025-03-31 03:50:00+00:00,24.549999237060547,24.549999237060547,24.549999237060547,24.549999237060547,3000,0.0,0.0
2025-03-31 03:55:00+00:00,24.549999237060547,24.549999237060547,24.5,24.5,9000,0.0,0.0
2025-03-31 04:00:00+00:00,24.5,24.549999237060547,24.5,24.549999237060547,8000,0.0,0.0
2025-03-31 04:05:00+00:00,24.5,24.5,24.5,24.5,2001,0.0,0.0
2025-03-31 04:10:00+00:00,24.5,24.5,24.5,24.5,2070,0.0,0.0
2025-03-31 04:20:00+00:00,24.549999237060547,24.549999237060547,24.549999237060547,24.549999237060547,5000,0.0,0.0
2025-03-31 04:25:00+00:00,24.549999237060547,24.549999237060547,24.549999237060547,24.549999237060547,8000,0.0,0.0
2025-03-31 04:30:00+00:00,24.600000381469727,24.600000381469727,24.600000381469727,24.600000381469727,3001,0.0,0.0
2025-03-31 04:35:00+00:00,24.700000762939453,24.75,24.700000762939453,24.75,7049,0.0,0.0
2025-03-31 04:40:00+00:00,24.700000762939453,24.75,24.700000762939453,24.75,3000,0.0,0.0
2025-03-31 04:45:00+00:00,24.600000381469727,24.649999618530273,24.600000381469727,24.649999618530273,11150,0.0,0.0
2025-03-31 04:50:00+00:00,24.649999618530273,24.649999618530273,24.649999618530273,24.649999618530273,3100,0.0,0.0
2025-03-31 04:55:00+00:00,24.549999237060547,24.549999237060547,24.549999237060547,24.549999237060547,9006,0.0,0.0
2025-03-31 05:00:00+00:00,24.549999237060547,24.549999237060547,24.549999237060547,24.549999237060547,6312,0.0,0.0
2025-03-31 05:05:00+00:00,24.649999618530273,24.649999618530273,24.649999618530273,24.649999618530273,3001,0.0,0.0
2025-03-31 05:10:00+00:00,24.600000381469727,24.600000381469727,24.600000381469727,24.600000381469727,10000,0.0,0.0
2025-03-31 05:15:00+00:00,24.600000381469727,24.600000381469727,24.600000381469727,24.600000381469727,2001,0.0,0.0
2025-03-31 05:20:00+00:00,24.600000381469727,24.600000381469727,24.5,24.5,9001,0.0,0.0
2025-04-01 01:00:00+00:00,24.899999618530273,24.899999618530273,24.600000381469727,24.700000762939453,0,0.0,0.0
2025-04-01 01:05:00+00:00,24.649999618530273,24.799999237060547,24.600000381469727,24.600000381469727,39070,0.0,0.0
2025-04-01 01:10:00+00:00,24.600000381469727,24.600000381469727,24.600000381469727,24.600000381469727,2000,0.0,0.0
2025-04-01 01:15:00+00:00,24.649999618530273,24.649999618530273,24.649999618530273,24.649999618530273,1002,0.0,0.0
2025-04-01 01:20:00+00:00,24.75,24.75,24.75,24.75,1001,0.0,0.0
2025-04-01 01:45:00+00:00,24.75,24.850000381469727,24.75,24.799999237060547,7000,0.0,0.0
2025-04-01 01:50:00+00:00,24.799999237060547,24.850000381469727,24.799999237060547,24.799999237060547,7500,0.0,0.0
2025-04-01 01:55:00+00:00,24.75,24.799999237060547,24.75,24.799999237060547,14001,0.0,0.0
2025-04-01 02:00:00+00:00,24.799999237060547,24.799999237060547,24.75,24.799999237060547,5000,0.0,0.0
2025-04-01 02:05:00+00:00,24.799999237060547,24.850000381469727,24.799999237060547,24.799999237060547,5001,0.0,0.0
2025-04-01 02:10:00+00:00,24.75,24.75,24.75,24.75,5101,0.0,0.0
2025-04-01 02:15:00+00:00,24.899999618530273,24.899999618530273,24.75,24.75,18001,0.0,0.0
2025-04-01 02:20:00+00:00,24.75,24.75,24.75,24.75,5000,0.0,0.0
2025-04-01 02:25:00+00:00,24.700000762939453,24.75,24.700000762939453,24.700000762939453,12000,0.0,0.0
2025-04-01 02:30:00+00:00,24.700000762939453,24.799999237060547,24.700000762939453,24.75,6000,0.0,0.0
2025-04-01 02:35:00+00:00,24.75,24.75,24.75,24.75,6093,0.0,0.0
2025-04-01 02:40:00+00:00,24.75,24.75,24.649999618530273,24.649999618530273,8000,0.0,0.0
2025-04-01 02:45:00+00:00,24.649999618530273,24.649999618530273,24.649999618530273,24.649999618530273,5005,0.0,0.0
2025-04-01 02:50:00+00:00,24.649999618530273,24.649999618530273,24.649999618530273,24.649999618530273,4000,0.0,0.0
2025-04-01 02:55:00+00:00,24.799999237060547,24.799999237060547,24.700000762939453,24.799999237060547,8029,0.0,0.0
2025-04-01 03:00:00+00:00,24.75,24.75,24.75,24.75,1000,0.0,0.0
2025-04-01 03:05:00+00:00,24.850000381469727,24.850000381469727,24.850000381469727,24.850000381469727,1000,0.0,0.0
2025-04-01 03:10:00+00:00,24.950000762939453,24.950000762939453,24.950000762939453,24.950000762939453,3001,0.0,0.0
2025-04-01 03:15:00+00:00,24.950000762939453,25.0,24.950000762939453,25.0,4000,0.0,0.0
2025-04-01 03:20:00+00:00,24.950000762939453,24.950000762939453,24.950000762939453,24.950000762939453,1001,0.0,0.0
2025-04-01 03:25:00+00:00,24.899999618530273,24.899999618530273,24.899999618530273,24.899999618530273,10001,0.0,0.0
2025-04-01 03:35:00+00:00,24.950000762939453,24.950000762939453,24.950000762939453,24.950000762939453,1000,0.0,0.0
2025-04-01 03:40:00+00:00,24.950000762939453,24.950000762939453,24.950000762939453,24.950000762939453,1021,0.0,0.0
2025-04-01 04:00:00+00:00,24.950000762939453,24.950000762939453,24.950000762939453,24.950000762939453,1189,0.0,0.0
2025-04-01 04:15:00+00:00,24.899999618530273,24.899999618530273,24.899999618530273,24.899999618530273,2000,0.0,0.0
2025-04-01 04:20:00+00:00,24.899999618530273,24.950000762939453,24.899999618530273,24.950000762939453,4001,0.0,0.0
2025-04-01 04:30:00+00:00,24.899999618530273,24.899999618530273,24.899999618530273,24.899999618530273,4001,0.0,0.0
2025-04-01 04:45:00+00:00,24.899999618530273,24.950000762939453,24.899999618530273,24.950000762939453,10000,0.0,0.0
2025-04-01 04:50:00+00:00,24.899999618530273,24.899999618530273,24.899999618530273,24.899999618530273,3000,0.0,0.0
2025-04-01 04:55:00+00:00,25.0,25.0,24.950000762939453,24.950000762939453,4000,0.0,0.0
2025-04-01 05:00:00+00:00,24.950000762939453,24.950000762939453,24.950000762939453,24.950000762939453,5110,0.0,0.0
2025-04-01 05:05:00+00:00,24.899999618530273,24.899999618530273,24.899999618530273,24.899999618530273,3000,0.0,0.0
2025-04-01 05:10:00+00:00,24.899999618530273,24.899999618530273,24.899999618530273,24.899999618530273,1000,0.0,0.0
2025-04-01 05:15:00+00:00,24.899999618530273,24.899999618530273,24.899999618530273,24.899999618530273,4261,0.0,0.0
2025-04-01 05:20:00+00:00,24.899999618530273,24.899999618530273,24.899999618530273,24.899999618530273,2000,0.0,0.0
2025-04-02 01:00:00+00:00,24.850000381469727,24.850000381469727,24.649999618530273,24.649999618530273,0,0.0,0.0
2025-04-02 01:05:00+00:00,24.600000381469727,24.600000381469727,24.549999237060547,24.549999237060547,8062,0.0,0.0
2025-04-02 01:10:00+00:00,24.799999237060547,24.799999237060547,24.799999237060547,24.799999237060547,1000,0.0,0.0
2025-04-02 01:15:00+00:00,24.799999237060547,24.899999618530273,24.799999237060547,24.899999618530273,2613,0.0,0.0
2025-04-02 01:25:00+00:00,24.899999618530273,24.899999618530273,24.899999618530273,24.899999618530273,2000,0.0,0.0
2025-04-02 01:30:00+00:00,24.950000762939453,25.0,24.950000762939453,25.0,4000,0.0,0.0
2025-04-02 01:35:00+00:00,25.0,25.0,25.0,25.0,1003,0.0,0.0
2025-04-02 01:40:00+00:00,25.100000381469727,25.149999618530273,25.100000381469727,25.149999618530273,3000,0.0,0.0
2025-04-02 01:45:00+00:00,25.149999618530273,25.149999618530273,25.149999618530273,25.149999618530273,1025,0.0,0.0
2025-04-02 01:50:00+00:00,25.100000381469727,25.100000381469727,25.100000381469727,25.100000381469727,4501,0.0,0.0
2025-04-02 01:55:00+00:00,25.100000381469727,25.100000381469727,25.100000381469727,25.100000381469727,2000,0.0,0.0
2025-04-02 02:00:00+00:00,25.049999237060547,25.049999237060547,25.0,25.0,9000,0.0,0.0
2025-04-02 02:05:00+00:00,25.0,25.0,24.950000762939453,24.950000762939453,20000,0.0,0.0
2025-04-02 02:10:00+00:00,24.950000762939453,24.950000762939453,24.899999618530273,24.899999618530273,9000,0.0,0.0
2025-04-02 02:25:00+00:00,25.049999237060547,25.100000381469727,25.049999237060547,25.100000381469727,3001,0.0,0.0
2025-04-02 02:30:00+00:00,25.149999618530273,25.149999618530273,25.149999618530273,25.149999618530273,6002,0.0,0.0
2025-04-02 02:35:00+00:00,25.100000381469727,25.100000381469727,25.100000381469727,25.100000381469727,3000,0.0,0.0
2025-04-02 02:40:00+00:00,25.100000381469727,25.100000381469727,25.100000381469727,25.100000381469727,1000,0.0,0.0
2025-04-02 02:50:00+00:00,25.100000381469727,25.200000762939453,25.100000381469727,25.200000762939453,9001,0.0,0.0
2025-04-02 03:05:00+00:00,25.149999618530273,25.149999618530273,25.149999618530273,25.149999618530273,1000,0.0,0.0
2025-04-02 03:10:00+00:00,25.149999618530273,25.200000762939453,25.149999618530273,25.200000762939453,5000,0.0,0.0
2025-04-02 03:15:00+00:00,25.200000762939453,25.200000762939453,25.200000762939453,25.200000762939453,5000,0.0,0.0
2025-04-02 03:20:00+00:00,25.25,25.25,25.25,25.25,3001,0.0,0.0
2025-04-02 03:35:00+00:00,25.299999237060547,25.299999237060547,25.299999237060547,25.299999237060547,1001,0.0,0.0
2025-04-02 03:45:00+00:00,25.299999237060547,25.299999237060547,25.299999237060547,25.299999237060547,5000,0.0,0.0
2025-04-02 03:50:00+00:00,25.299999237060547,25.299999237060547,25.299999237060547,25.299999237060547,1002,0.0,0.0
2025-04-02 04:10:00+00:00,25.299999237060547,25.299999237060547,25.299999237060547,25.299999237060547,2000,0.0,0.0
2025-04-02 04:15:00+00:00,25.299999237060547,25.350000381469727,25.299999237060547,25.350000381469727,2000,0.0,0.0
2025-04-02 04:20:00+00:00,25.350000381469727,25.350000381469727,25.350000381469727,25.350000381469727,5002,0.0,0.0
2025-04-02 04:45:00+00:00,25.25,25.25,25.25,25.25,1007,0.0,0.0
2025-04-02 04:55:00+00:00,25.25,25.25,25.25,25.25,2075,0.0,0.0
2025-04-02 05:15:00+00:00,25.299999237060547,25.299999237060547,25.299999237060547,25.299999237060547,1031,0.0,0.0
2025-04-02 05:20:00+00:00,25.299999237060547,25.350000381469727,25.299999237060547,25.350000381469727,5000,0.0,0.0
2025-04-07 01:00:00+00:00,22.700000762939453,22.700000762939453,22.700000762939453,22.700000762939453,0,0.0,0.0
2025-04-07 01:05:00+00:00,22.700000762939453,22.700000762939453,22.700000762939453,22.700000762939453,1679,0.0,0.0
2025-04-07 01:10:00+00:00,22.700000762939453,22.700000762939453,22.700000762939453,22.700000762939453,22130,0.0,0.0
2025-04-07 01:20:00+00:00,22.700000762939453,22.700000762939453,22.700000762939453,22.700000762939453,7013,0.0,0.0
2025-04-07 01:25:00+00:00,22.700000762939453,22.700000762939453,22.700000762939453,22.700000762939453,4030,0.0,0.0
2025-04-07 01:30:00+00:00,22.700000762939453,22.700000762939453,22.700000762939453,22.700000762939453,5001,0.0,0.0
2025-04-07 01:35:00+00:00,22.700000762939453,22.700000762939453,22.700000762939453,22.700000762939453,1001,0.0,0.0
2025-04-07 01:40:00+00:00,22.700000762939453,22.700000762939453,22.700000762939453,22.700000762939453,9447,0.0,0.0
2025-04-07 01:45:00+00:00,22.700000762939453,22.700000762939453,22.700000762939453,22.700000762939453,1020,0.0,0.0
2025-04-07 01:50:00+00:00,22.700000762939453,22.700000762939453,22.700000762939453,22.700000762939453,7106,0.0,0.0
2025-04-07 02:00:00+00:00,22.700000762939453,22.700000762939453,22.700000762939453,22.700000762939453,14010,0.0,0.0
2025-04-07 02:05:00+00:00,22.700000762939453,22.700000762939453,22.700000762939453,22.700000762939453,1000,0.0,0.0
2025-04-07 02:10:00+00:00,22.700000762939453,22.700000762939453,22.700000762939453,22.700000762939453,3001,0.0,0.0
2025-04-07 02:15:00+00:00,22.700000762939453,22.700000762939453,22.700000762939453,22.700000762939453,2001,0.0,0.0
2025-04-07 02:30:00+00:00,22.700000762939453,22.700000762939453,22.700000762939453,22.700000762939453,2000,0.0,0.0
2025-04-07 02:35:00+00:00,22.700000762939453,22.700000762939453,22.700000762939453,22.700000762939453,3107,0.0,0.0
2025-04-07 02:55:00+00:00,22.700000762939453,22.700000762939453,22.700000762939453,22.700000762939453,1000,0.0,0.0
2025-04-07 03:00:00+00:00,22.700000762939453,22.700000762939453,22.700000762939453,22.700000762939453,13000,0.0,0.0
2025-04-07 03:05:00+00:00,22.700000762939453,22.700000762939453,22.700000762939453,22.700000762939453,2021,0.0,0.0
2025-04-07 03:10:00+00:00,22.700000762939453,22.700000762939453,22.700000762939453,22.700000762939453,1505,0.0,0.0
2025-04-07 03:25:00+00:00,22.700000762939453,22.700000762939453,22.700000762939453,22.700000762939453,1251,0.0,0.0
2025-04-07 03:35:00+00:00,22.700000762939453,22.700000762939453,22.700000762939453,22.700000762939453,2000,0.0,0.0
2025-04-07 04:00:00+00:00,22.700000762939453,22.700000762939453,22.700000762939453,22.700000762939453,12000,0.0,0.0
2025-04-07 04:10:00+00:00,22.700000762939453,22.700000762939453,22.700000762939453,22.700000762939453,2000,0.0,0.0
2025-04-07 04:15:00+00:00,22.700000762939453,22.700000762939453,22.700000762939453,22.700000762939453,3000,0.0,0.0
2025-04-07 04:20:00+00:00,22.700000762939453,22.700000762939453,22.700000762939453,22.700000762939453,1271,0.0,0.0
2025-04-07 05:15:00+00:00,22.700000762939453,22.700000762939453,22.700000762939453,22.700000762939453,1005,0.0,0.0
2025-04-07 05:20:00+00:00,22.700000762939453,22.700000762939453,22.700000762939453,22.700000762939453,1095,0.0,0.0
2025-04-08 01:00:00+00:00,20.450000762939453,21.100000381469727,20.450000762939453,20.600000381469727,9306,0.0,0.0
2025-04-08 01:05:00+00:00,21.049999237060547,21.049999237060547,20.649999618530273,20.75,47000,0.0,0.0
2025-04-08 01:10:00+00:00,20.700000762939453,20.700000762939453,20.600000381469727,20.649999618530273,126068,0.0,0.0
2025-04-08 01:15:00+00:00,20.549999237060547,21.200000762939453,20.450000762939453,20.600000381469727,92120,0.0,0.0
2025-04-08 01:20:00+00:00,20.5,20.5,20.450000762939453,20.5,36235,0.0,0.0
2025-04-08 01:25:00+00:00,20.600000381469727,20.649999618530273,20.600000381469727,20.600000381469727,22000,0.0,0.0
2025-04-08 01:30:00+00:00,20.600000381469727,20.850000381469727,20.549999237060547,20.799999237060547,70000,0.0,0.0
2025-04-08 01:35:00+00:00,20.75,20.75,20.700000762939453,20.75,24185,0.0,0.0
2025-04-08 01:40:00+00:00,20.700000762939453,20.700000762939453,20.700000762939453,20.700000762939453,17060,0.0,0.0
2025-04-08 01:45:00+00:00,20.649999618530273,20.649999618530273,20.5,20.600000381469727,40010,0.0,0.0
2025-04-08 01:50:00+00:00,20.600000381469727,20.600000381469727,20.549999237060547,20.549999237060547,15005,0.0,0.0
2025-04-08 01:55:00+00:00,20.549999237060547,20.549999237060547,20.450000762939453,20.450000762939453,96210,0.0,0.0
2025-04-08 02:00:00+00:00,20.450000762939453,20.600000381469727,20.450000762939453,20.450000762939453,50055,0.0,0.0
2025-04-08 02:05:00+00:00,20.450000762939453,20.450000762939453,20.450000762939453,20.450000762939453,9099,0.0,0.0
2025-04-08 02:10:00+00:00,20.450000762939453,20.600000381469727,20.450000762939453,20.549999237060547,18000,0.0,0.0
2025-04-08 02:15:00+00:00,20.5,20.5,20.5,20.5,2000,0.0,0.0
2025-04-08 02:20:00+00:00,20.5,20.5,20.450000762939453,20.450000762939453,16000,0.0,0.0
2025-04-08 02:25:00+00:00,20.450000762939453,20.450000762939453,20.450000762939453,20.450000762939453,23000,0.0,0.0
2025-04-08 02:30:00+00:00,20.450000762939453,20.450000762939453,20.450000762939453,20.450000762939453,5000,0.0,0.0
2025-04-08 02:35:00+00:00,20.450000762939453,20.450000762939453,20.450000762939453,20.450000762939453,1000,0.0,0.0
2025-04-08 02:40:00+00:00,20.450000762939453,20.5,20.450000762939453,20.5,6000,0.0,0.0
2025-04-08 02:45:00+00:00,20.5,20.5,20.450000762939453,20.450000762939453,12001,0.0,0.0
2025-04-08 02:50:00+00:00,20.5,20.5,20.450000762939453,20.450000762939453,16000,0.0,0.0
2025-04-08 03:00:00+00:00,20.450000762939453,20.450000762939453,20.450000762939453,20.450000762939453,29003,0.0,0.0
2025-04-08 03:10:00+00:00,20.450000762939453,20.450000762939453,20.450000762939453,20.450000762939453,10001,0.0,0.0
2025-04-08 03:15:00+00:00,20.450000762939453,20.450000762939453,20.450000762939453,20.450000762939453,10476,0.0,0.0
2025-04-08 03:25:00+00:00,20.450000762939453,20.450000762939453,20.450000762939453,20.450000762939453,4103,0.0,0.0
2025-04-08 03:40:00+00:00,20.450000762939453,20.450000762939453,20.450000762939453,20.450000762939453,5001,0.0,0.0
2025-04-08 03:45:00+00:00,20.450000762939453,20.450000762939453,20.450000762939453,20.450000762939453,11079,0.0,0.0
2025-04-08 04:00:00+00:00,20.450000762939453,20.450000762939453,20.450000762939453,20.450000762939453,23239,0.0,0.0
2025-04-08 04:10:00+00:00,20.450000762939453,20.450000762939453,20.450000762939453,20.450000762939453,5013,0.0,0.0
2025-04-08 04:20:00+00:00,20.450000762939453,20.450000762939453,20.450000762939453,20.450000762939453,1120,0.0,0.0
2025-04-08 04:35:00+00:00,20.450000762939453,20.450000762939453,20.450000762939453,20.450000762939453,3000,0.0,0.0
2025-04-08 04:40:00+00:00,20.450000762939453,20.450000762939453,20.450000762939453,20.450000762939453,1001,0.0,0.0
2025-04-08 04:45:00+00:00,20.450000762939453,20.450000762939453,20.450000762939453,20.450000762939453,11000,0.0,0.0
2025-04-08 04:55:00+00:00,20.450000762939453,20.450000762939453,20.450000762939453,20.450000762939453,7005,0.0,0.0
2025-04-08 05:00:00+00:00,20.450000762939453,20.450000762939453,20.450000762939453,20.450000762939453,2000,0.0,0.0
2025-04-08 05:05:00+00:00,20.450000762939453,20.450000762939453,20.450000762939453,20.450000762939453,5050,0.0,0.0
2025-04-08 05:10:00+00:00,20.450000762939453,20.5,20.450000762939453,20.450000762939453,30000,0.0,0.0
2025-04-08 05:15:00+00:00,20.5,20.5,20.450000762939453,20.5,13001,0.0,0.0
2025-04-08 05:20:00+00:00,20.450000762939453,20.5,20.450000762939453,20.5,15145,0.0,0.0
2025-04-09 01:00:00+00:00,20.100000381469727,20.5,19.950000762939453,19.950000762939453,0,0.0,0.0
2025-04-09 01:05:00+00:00,19.950000762939453,19.950000762939453,19.549999237060547,19.700000762939453,20245,0.0,0.0
2025-04-09 01:10:00+00:00,19.700000762939453,19.75,19.700000762939453,19.75,3000,0.0,0.0
2025-04-09 01:15:00+00:00,19.850000381469727,19.850000381469727,19.75,19.75,38000,0.0,0.0
2025-04-09 01:20:00+00:00,19.700000762939453,19.700000762939453,19.049999237060547,19.049999237060547,90097,0.0,0.0
2025-04-09 01:25:00+00:00,19.299999237060547,19.450000762939453,19.200000762939453,19.200000762939453,7000,0.0,0.0
2025-04-09 01:30:00+00:00,19.200000762939453,19.200000762939453,18.799999237060547,18.850000381469727,117200,0.0,0.0
2025-04-09 01:35:00+00:00,18.899999618530273,19.100000381469727,18.899999618530273,19.100000381469727,33000,0.0,0.0
2025-04-09 01:40:00+00:00,19.149999618530273,19.299999237060547,18.850000381469727,19.200000762939453,84000,0.0,0.0
2025-04-09 01:45:00+00:00,19.200000762939453,19.350000381469727,19.200000762939453,19.350000381469727,11000,0.0,0.0
2025-04-09 01:50:00+00:00,19.350000381469727,19.350000381469727,19.100000381469727,19.100000381469727,20060,0.0,0.0
2025-04-09 01:55:00+00:00,19.0,19.200000762939453,18.950000762939453,19.200000762939453,73063,0.0,0.0
2025-04-09 02:00:00+00:00,19.25,19.299999237060547,19.200000762939453,19.200000762939453,7000,0.0,0.0
2025-04-09 02:05:00+00:00,19.200000762939453,19.25,19.149999618530273,19.25,10250,0.0,0.0
2025-04-09 02:10:00+00:00,19.200000762939453,19.299999237060547,19.149999618530273,19.299999237060547,21000,0.0,0.0
2025-04-09 02:15:00+00:00,19.299999237060547,19.299999237060547,19.200000762939453,19.200000762939453,18001,0.0,0.0
2025-04-09 02:20:00+00:00,19.299999237060547,19.350000381469727,19.0,19.100000381469727,58052,0.0,0.0
2025-04-09 02:25:00+00:00,19.200000762939453,19.25,19.200000762939453,19.25,4000,0.0,0.0
2025-04-09 02:30:00+00:00,19.100000381469727,19.299999237060547,19.100000381469727,19.25,7000,0.0,0.0
2025-04-09 02:35:00+00:00,19.25,19.299999237060547,19.25,19.25,21006,0.0,0.0
2025-04-09 02:40:00+00:00,19.25,19.299999237060547,19.100000381469727,19.100000381469727,28051,0.0,0.0
2025-04-09 02:45:00+00:00,19.149999618530273,19.149999618530273,19.049999237060547,19.100000381469727,8100,0.0,0.0
2025-04-09 02:50:00+00:00,19.100000381469727,19.100000381469727,19.0,19.0,32000,0.0,0.0
2025-04-09 02:55:00+00:00,19.0,19.0,19.0,19.0,13000,0.0,0.0
2025-04-09 03:00:00+00:00,18.950000762939453,18.950000762939453,18.799999237060547,18.799999237060547,48124,0.0,0.0
2025-04-09 03:05:00+00:00,18.799999237060547,18.850000381469727,18.700000762939453,18.850000381469727,30311,0.0,0.0
2025-04-09 03:10:00+00:00,18.850000381469727,18.850000381469727,18.850000381469727,18.850000381469727,1000,0.0,0.0
2025-04-09 03:15:00+00:00,18.799999237060547,18.799999237060547,18.5,18.5,129884,0.0,0.0
2025-04-09 03:20:00+00:00,18.549999237060547,18.700000762939453,18.5,18.549999237060547,55000,0.0,0.0
2025-04-09 03:25:00+00:00,18.5,18.5,18.450000762939453,18.450000762939453,103118,0.0,0.0
2025-04-09 03:30:00+00:00,18.649999618530273,18.649999618530273,18.649999618530273,18.649999618530273,18000,0.0,0.0
2025-04-09 03:35:00+00:00,18.600000381469727,18.649999618530273,18.600000381469727,18.600000381469727,17002,0.0,0.0
2025-04-09 03:45:00+00:00,18.600000381469727,18.600000381469727,18.450000762939453,18.450000762939453,123105,0.0,0.0
2025-04-09 03:50:00+00:00,18.450000762939453,18.450000762939453,18.450000762939453,18.450000762939453,19071,0.0,0.0
2025-04-09 03:55:00+00:00,18.450000762939453,18.450000762939453,18.450000762939453,18.450000762939453,21000,0.0,0.0
2025-04-09 04:00:00+00:00,18.450000762939453,18.450000762939453,18.450000762939453,18.450000762939453,4001,0.0,0.0
2025-04-09 04:05:00+00:00,18.600000381469727,18.600000381469727,18.600000381469727,18.600000381469727,2049,0.0,0.0
2025-04-09 04:10:00+00:00,18.549999237060547,18.549999237060547,18.549999237060547,18.549999237060547,1000,0.0,0.0
2025-04-09 04:15:00+00:00,18.5,18.5,18.450000762939453,18.450000762939453,12000,0.0,0.0
2025-04-09 04:20:00+00:00,18.450000762939453,18.450000762939453,18.450000762939453,18.450000762939453,6155,0.0,0.0
2025-04-09 04:25:00+00:00,18.450000762939453,18.450000762939453,18.450000762939453,18.450000762939453,1000,0.0,0.0
2025-04-09 04:30:00+00:00,18.450000762939453,18.450000762939453,18.450000762939453,18.450000762939453,8000,0.0,0.0
2025-04-09 04:35:00+00:00,18.450000762939453,18.450000762939453,18.450000762939453,18.450000762939453,2001,0.0,0.0
2025-04-09 04:40:00+00:00,18.450000762939453,18.450000762939453,18.450000762939453,18.450000762939453,2000,0.0,0.0
2025-04-09 04:45:00+00:00,18.450000762939453,18.450000762939453,18.450000762939453,18.450000762939453,2000,0.0,0.0
2025-04-09 05:10:00+00:00,18.450000762939453,18.450000762939453,18.450000762939453,18.450000762939453,22153,0.0,0.0
2025-04-09 05:15:00+00:00,18.450000762939453,18.450000762939453,18.450000762939453,18.450000762939453,5152,0.0,0.0
2025-04-09 05:20:00+00:00,18.450000762939453,18.450000762939453,18.450000762939453,18.450000762939453,20000,0.0,0.0
2025-04-10 01:00:00+00:00,20.25,20.25,20.25,20.25,0,0.0,0.0
2025-04-10 01:05:00+00:00,20.25,20.25,20.25,20.25,21337,0.0,0.0
2025-04-10 01:10:00+00:00,20.25,20.25,20.25,20.25,18039,0.0,0.0
2025-04-10 01:20:00+00:00,20.25,20.25,20.25,20.25,6274,0.0,0.0
2025-04-10 01:25:00+00:00,20.25,20.25,20.25,20.25,4000,0.0,0.0
2025-04-10 01:40:00+00:00,20.25,20.25,20.25,20.25,4097,0.0,0.0
2025-04-10 01:55:00+00:00,20.25,20.25,20.25,20.25,3000,0.0,0.0
2025-04-10 02:00:00+00:00,20.25,20.25,20.25,20.25,2000,0.0,0.0
2025-04-10 02:40:00+00:00,20.25,20.25,20.25,20.25,10000,0.0,0.0
2025-04-10 03:15:00+00:00,20.25,20.25,20.25,20.25,1001,0.0,0.0
2025-04-10 03:35:00+00:00,20.25,20.25,20.25,20.25,3000,0.0,0.0
2025-04-10 03:45:00+00:00,20.25,20.25,20.25,20.25,1000,0.0,0.0
2025-04-10 04:05:00+00:00,20.25,20.25,20.25,20.25,138000,0.0,0.0
2025-04-10 04:15:00+00:00,20.25,20.25,20.25,20.25,7000,0.0,0.0
2025-04-11 01:00:00+00:00,19.799999237060547,19.950000762939453,19.649999618530273,19.700000762939453,0,0.0,0.0
2025-04-11 01:05:00+00:00,19.649999618530273,19.899999618530273,19.450000762939453,19.899999618530273,45005,0.0,0.0
2025-04-11 01:10:00+00:00,19.899999618530273,20.200000762939453,19.799999237060547,20.200000762939453,29009,0.0,0.0
2025-04-11 01:15:00+00:00,20.0,20.25,20.0,20.200000762939453,33000,0.0,0.0
2025-04-11 01:20:00+00:00,20.100000381469727,20.100000381469727,20.100000381469727,20.100000381469727,2000,0.0,0.0
2025-04-11 01:25:00+00:00,20.200000762939453,20.299999237060547,20.200000762939453,20.299999237060547,12000,0.0,0.0
2025-04-11 01:30:00+00:00,20.299999237060547,20.299999237060547,19.850000381469727,20.0,81050,0.0,0.0
2025-04-11 01:35:00+00:00,20.049999237060547,20.200000762939453,20.049999237060547,20.049999237060547,34001,0.0,0.0
2025-04-11 01:40:00+00:00,20.350000381469727,20.399999618530273,20.350000381469727,20.399999618530273,3550,0.0,0.0
2025-04-11 01:45:00+00:00,20.399999618530273,20.399999618530273,20.299999237060547,20.350000381469727,18449,0.0,0.0
2025-04-11 01:50:00+00:00,20.350000381469727,20.350000381469727,20.25,20.25,18100,0.0,0.0
2025-04-11 01:55:00+00:00,20.350000381469727,20.399999618530273,20.350000381469727,20.350000381469727,9100,0.0,0.0
2025-04-11 02:00:00+00:00,20.5,20.5,20.350000381469727,20.350000381469727,17000,0.0,0.0
2025-04-11 02:05:00+00:00,20.450000762939453,20.450000762939453,20.299999237060547,20.299999237060547,15001,0.0,0.0
2025-04-11 02:10:00+00:00,20.399999618530273,20.600000381469727,20.299999237060547,20.600000381469727,35499,0.0,0.0
2025-04-11 02:15:00+00:00,20.399999618530273,20.549999237060547,20.399999618530273,20.549999237060547,15000,0.0,0.0
2025-04-11 02:20:00+00:00,20.450000762939453,20.75,20.450000762939453,20.75,17019,0.0,0.0
2025-04-11 02:25:00+00:00,20.75,20.899999618530273,20.75,20.899999618530273,28001,0.0,0.0
2025-04-11 02:30:00+00:00,20.850000381469727,21.0,20.850000381469727,20.899999618530273,21000,0.0,0.0
2025-04-11 02:35:00+00:00,20.899999618530273,20.899999618530273,20.899999618530273,20.899999618530273,1000,0.0,0.0
2025-04-11 02:40:00+00:00,20.649999618530273,20.649999618530273,20.549999237060547,20.549999237060547,5002,0.0,0.0
2025-04-11 02:50:00+00:00,20.600000381469727,20.600000381469727,20.600000381469727,20.600000381469727,4050,0.0,0.0
2025-04-11 03:00:00+00:00,20.5,20.600000381469727,20.5,20.600000381469727,9000,0.0,0.0
2025-04-11 03:05:00+00:00,20.649999618530273,20.700000762939453,20.649999618530273,20.700000762939453,22000,0.0,0.0
2025-04-11 03:10:00+00:00,20.75,20.75,20.75,20.75,2080,0.0,0.0
2025-04-11 03:15:00+00:00,20.75,20.75,20.75,20.75,10000,0.0,0.0
2025-04-11 03:20:00+00:00,20.799999237060547,20.799999237060547,20.799999237060547,20.799999237060547,1000,0.0,0.0
2025-04-11 03:25:00+00:00,20.799999237060547,20.799999237060547,20.75,20.75,14000,0.0,0.0
2025-04-11 03:30:00+00:00,20.75,20.75,20.700000762939453,20.700000762939453,4002,0.0,0.0
2025-04-11 03:40:00+00:00,20.700000762939453,20.700000762939453,20.700000762939453,20.700000762939453,5001,0.0,0.0
2025-04-11 03:45:00+00:00,20.700000762939453,20.700000762939453,20.700000762939453,20.700000762939453,3145,0.0,0.0
2025-04-11 03:55:00+00:00,20.700000762939453,21.0,20.700000762939453,20.799999237060547,32186,0.0,0.0
2025-04-11 04:00:00+00:00,20.75,20.75,20.649999618530273,20.649999618530273,5000,0.0,0.0
2025-04-11 04:10:00+00:00,20.649999618530273,20.75,20.649999618530273,20.75,11400,0.0,0.0
2025-04-11 04:15:00+00:00,20.75,20.799999237060547,20.75,20.799999237060547,15000,0.0,0.0
2025-04-11 04:20:00+00:00,20.799999237060547,20.899999618530273,20.799999237060547,20.899999618530273,6001,0.0,0.0
2025-04-11 04:25:00+00:00,20.899999618530273,20.950000762939453,20.899999618530273,20.950000762939453,5070,0.0,0.0
2025-04-11 04:30:00+00:00,20.950000762939453,20.950000762939453,20.950000762939453,20.950000762939453,1000,0.0,0.0
2025-04-11 04:35:00+00:00,20.950000762939453,20.950000762939453,20.950000762939453,20.950000762939453,13001,0.0,0.0
2025-04-11 04:40:00+00:00,20.950000762939453,21.0,20.950000762939453,21.0,15000,0.0,0.0
2025-04-11 04:45:00+00:00,20.950000762939453,21.0,20.899999618530273,21.0,6001,0.0,0.0
2025-04-11 04:50:00+00:00,20.899999618530273,20.899999618530273,20.899999618530273,20.899999618530273,2001,0.0,0.0
2025-04-11 04:55:00+00:00,21.0,21.049999237060547,21.0,21.049999237060547,6000,0.0,0.0
2025-04-11 05:00:00+00:00,21.049999237060547,21.049999237060547,21.049999237060547,21.049999237060547,4150,0.0,0.0
2025-04-11 05:10:00+00:00,21.049999237060547,21.100000381469727,21.049999237060547,21.100000381469727,12150,0.0,0.0
2025-04-11 05:15:00+00:00,21.100000381469727,21.200000762939453,21.100000381469727,21.200000762939453,11140,0.0,0.0
2025-04-11 05:20:00+00:00,21.200000762939453,21.25,21.200000762939453,21.25,16443,0.0,0.0
2025-04-14 01:00:00+00:00,21.950000762939453,22.0,21.899999618530273,22.0,0,0.0,0.0
2025-04-14 01:05:00+00:00,22.0,22.399999618530273,22.0,22.399999618530273,43000,0.0,0.0
2025-04-14 01:10:00+00:00,22.399999618530273,22.5,22.350000381469727,22.450000762939453,15220,0.0,0.0
2025-04-14 01:15:00+00:00,22.350000381469727,22.350000381469727,22.049999237060547,22.049999237060547,30150,0.0,0.0
2025-04-14 01:20:00+00:00,22.049999237060547,22.049999237060547,21.899999618530273,21.899999618530273,20001,0.0,0.0
2025-04-14 01:25:00+00:00,21.850000381469727,21.950000762939453,21.75,21.899999618530273,27311,0.0,0.0
2025-04-14 01:30:00+00:00,21.899999618530273,21.899999618530273,21.899999618530273,21.899999618530273,1000,0.0,0.0
2025-04-14 01:35:00+00:00,21.899999618530273,21.899999618530273,21.75,21.75,22090,0.0,0.0
2025-04-14 01:40:00+00:00,21.75,21.850000381469727,21.75,21.850000381469727,15100,0.0,0.0
2025-04-14 01:45:00+00:00,21.850000381469727,21.850000381469727,21.850000381469727,21.850000381469727,5085,0.0,0.0
2025-04-14 01:50:00+00:00,21.799999237060547,21.799999237060547,21.799999237060547,21.799999237060547,1000,0.0,0.0
2025-04-14 01:55:00+00:00,21.75,21.850000381469727,21.75,21.75,18002,0.0,0.0
2025-04-14 02:00:00+00:00,21.799999237060547,21.899999618530273,21.799999237060547,21.899999618530273,3000,0.0,0.0
2025-04-14 02:05:00+00:00,21.899999618530273,21.899999618530273,21.899999618530273,21.899999618530273,32099,0.0,0.0
2025-04-14 02:10:00+00:00,21.799999237060547,21.799999237060547,21.75,21.75,25002,0.0,0.0
2025-04-14 02:20:00+00:00,21.75,21.75,21.75,21.75,3931,0.0,0.0
2025-04-14 02:25:00+00:00,21.799999237060547,21.899999618530273,21.799999237060547,21.899999618530273,14011,0.0,0.0
2025-04-14 02:30:00+00:00,22.0,22.0,21.950000762939453,21.950000762939453,6001,0.0,0.0
2025-04-14 02:40:00+00:00,22.0,22.0,21.950000762939453,21.950000762939453,11000,0.0,0.0
2025-04-14 02:45:00+00:00,22.0,22.0,22.0,22.0,6016,0.0,0.0
2025-04-14 02:50:00+00:00,22.0,22.0,22.0,22.0,4000,0.0,0.0
2025-04-14 02:55:00+00:00,22.0,22.049999237060547,22.0,22.049999237060547,5000,0.0,0.0
2025-04-14 03:00:00+00:00,22.049999237060547,22.049999237060547,21.950000762939453,21.950000762939453,18000,0.0,0.0
2025-04-14 03:05:00+00:00,21.950000762939453,21.950000762939453,21.899999618530273,21.899999618530273,15600,0.0,0.0
2025-04-14 03:10:00+00:00,21.899999618530273,21.950000762939453,21.899999618530273,21.950000762939453,6006,0.0,0.0
2025-04-14 03:25:00+00:00,21.899999618530273,21.899999618530273,21.850000381469727,21.850000381469727,35037,0.0,0.0
2025-04-14 03:35:00+00:00,21.899999618530273,21.950000762939453,21.899999618530273,21.950000762939453,34000,0.0,0.0
2025-04-14 03:40:00+00:00,21.950000762939453,21.950000762939453,21.899999618530273,21.899999618530273,8000,0.0,0.0
2025-04-14 03:45:00+00:00,21.950000762939453,21.950000762939453,21.950000762939453,21.950000762939453,3132,0.0,0.0
2025-04-14 03:50:00+00:00,21.950000762939453,21.950000762939453,21.850000381469727,21.850000381469727,5000,0.0,0.0
2025-04-14 03:55:00+00:00,21.850000381469727,21.950000762939453,21.850000381469727,21.950000762939453,11000,0.0,0.0
2025-04-14 04:00:00+00:00,21.950000762939453,21.950000762939453,21.899999618530273,21.899999618530273,4001,0.0,0.0
2025-04-14 04:10:00+00:00,21.899999618530273,21.899999618530273,21.850000381469727,21.850000381469727,11001,0.0,0.0
2025-04-14 04:15:00+00:00,21.899999618530273,21.899999618530273,21.850000381469727,21.850000381469727,11019,0.0,0.0
2025-04-14 04:30:00+00:00,21.850000381469727,21.850000381469727,21.799999237060547,21.799999237060547,15001,0.0,0.0
2025-04-14 04:35:00+00:00,21.799999237060547,21.799999237060547,21.600000381469727,21.649999618530273,80975,0.0,0.0
2025-04-14 04:40:00+00:00,21.600000381469727,21.600000381469727,21.5,21.5,30089,0.0,0.0
2025-04-14 04:45:00+00:00,21.5,21.649999618530273,21.5,21.600000381469727,31013,0.0,0.0
2025-04-14 04:50:00+00:00,21.649999618530273,21.649999618530273,21.549999237060547,21.549999237060547,8497,0.0,0.0
2025-04-14 04:55:00+00:00,21.600000381469727,21.600000381469727,21.549999237060547,21.600000381469727,15001,0.0,0.0
2025-04-14 05:00:00+00:00,21.5,21.600000381469727,21.5,21.600000381469727,11000,0.0,0.0
2025-04-14 05:05:00+00:00,21.649999618530273,21.649999618530273,21.600000381469727,21.600000381469727,11002,0.0,0.0
2025-04-14 05:10:00+00:00,21.649999618530273,21.649999618530273,21.649999618530273,21.649999618530273,4000,0.0,0.0
2025-04-14 05:15:00+00:00,21.700000762939453,21.700000762939453,21.700000762939453,21.700000762939453,5000,0.0,0.0
2025-04-14 05:20:00+00:00,21.649999618530273,21.75,21.600000381469727,21.75,5768,0.0,0.0
2025-04-15 01:00:00+00:00,21.600000381469727,22.100000381469727,21.600000381469727,22.100000381469727,0,0.0,0.0
2025-04-15 01:05:00+00:00,22.200000762939453,22.200000762939453,22.100000381469727,22.100000381469727,16000,0.0,0.0
2025-04-15 01:10:00+00:00,22.200000762939453,22.200000762939453,22.100000381469727,22.149999618530273,4020,0.0,0.0
2025-04-15 01:15:00+00:00,22.149999618530273,22.149999618530273,22.100000381469727,22.100000381469727,6422,0.0,0.0
2025-04-15 01:20:00+00:00,22.100000381469727,22.100000381469727,22.100000381469727,22.100000381469727,2016,0.0,0.0
2025-04-15 01:25:00+00:00,22.100000381469727,22.100000381469727,22.100000381469727,22.100000381469727,1000,0.0,0.0
2025-04-15 01:30:00+00:00,22.100000381469727,22.100000381469727,22.049999237060547,22.049999237060547,11000,0.0,0.0
2025-04-15 01:35:00+00:00,22.149999618530273,22.149999618530273,22.149999618530273,22.149999618530273,1000,0.0,0.0
2025-04-15 01:40:00+00:00,22.149999618530273,22.149999618530273,22.149999618530273,22.149999618530273,1000,0.0,0.0
2025-04-15 01:45:00+00:00,22.200000762939453,22.200000762939453,22.200000762939453,22.200000762939453,8084,0.0,0.0
2025-04-15 01:50:00+00:00,22.200000762939453,22.25,22.200000762939453,22.25,7001,0.0,0.0
2025-04-15 01:55:00+00:00,22.200000762939453,22.25,22.100000381469727,22.25,4102,0.0,0.0
2025-04-15 02:05:00+00:00,22.25,22.299999237060547,22.25,22.299999237060547,7000,0.0,0.0
2025-04-15 02:10:00+00:00,22.350000381469727,22.399999618530273,22.350000381469727,22.399999618530273,11000,0.0,0.0
2025-04-15 02:15:00+00:00,22.450000762939453,22.450000762939453,22.399999618530273,22.399999618530273,3000,0.0,0.0
2025-04-15 02:20:00+00:00,22.399999618530273,22.399999618530273,22.399999618530273,22.399999618530273,10001,0.0,0.0
2025-04-15 02:25:00+00:00,22.399999618530273,22.399999618530273,22.399999618530273,22.399999618530273,2000,0.0,0.0
2025-04-15 02:30:00+00:00,22.399999618530273,22.5,22.399999618530273,22.5,18055,0.0,0.0
2025-04-15 02:35:00+00:00,22.5,22.5,22.399999618530273,22.399999618530273,33008,0.0,0.0
2025-04-15 02:40:00+00:00,22.399999618530273,22.399999618530273,22.399999618530273,22.399999618530273,38000,0.0,0.0
2025-04-15 02:45:00+00:00,22.450000762939453,22.450000762939453,22.450000762939453,22.450000762939453,4001,0.0,0.0
2025-04-15 02:50:00+00:00,22.450000762939453,22.5,22.450000762939453,22.5,10000,0.0,0.0
2025-04-15 02:55:00+00:00,22.5,22.5,22.5,22.5,11000,0.0,0.0
2025-04-15 03:05:00+00:00,22.5,22.5,22.450000762939453,22.450000762939453,2000,0.0,0.0
2025-04-15 03:10:00+00:00,22.399999618530273,22.450000762939453,22.399999618530273,22.450000762939453,2000,0.0,0.0
2025-04-15 03:15:00+00:00,22.450000762939453,22.450000762939453,22.450000762939453,22.450000762939453,1100,0.0,0.0
2025-04-15 03:20:00+00:00,22.5,22.5,22.450000762939453,22.5,3000,0.0,0.0
2025-04-15 03:30:00+00:00,22.5,22.600000381469727,22.5,22.600000381469727,24000,0.0,0.0
2025-04-15 03:35:00+00:00,22.649999618530273,22.649999618530273,22.649999618530273,22.649999618530273,4100,0.0,0.0
2025-04-15 03:40:00+00:00,22.5,22.5,22.5,22.5,4000,0.0,0.0
2025-04-15 03:45:00+00:00,22.5,22.5,22.5,22.5,1308,0.0,0.0
2025-04-15 04:00:00+00:00,22.5,22.5,22.5,22.5,1000,0.0,0.0
2025-04-15 04:10:00+00:00,22.5,22.5,22.450000762939453,22.450000762939453,18000,0.0,0.0
2025-04-15 04:15:00+00:00,22.450000762939453,22.450000762939453,22.450000762939453,22.450000762939453,6150,0.0,0.0
2025-04-15 04:20:00+00:00,22.5,22.5,22.5,22.5,9000,0.0,0.0
2025-04-15 04:25:00+00:00,22.5,22.649999618530273,22.5,22.649999618530273,26625,0.0,0.0
2025-04-15 04:30:00+00:00,22.649999618530273,23.0,22.649999618530273,23.0,45080,0.0,0.0
2025-04-15 04:35:00+00:00,23.100000381469727,23.450000762939453,23.100000381469727,23.450000762939453,56000,0.0,0.0
2025-04-15 04:40:00+00:00,23.25,23.700000762939453,23.25,23.700000762939453,155120,0.0,0.0
2025-04-15 04:45:00+00:00,23.700000762939453,23.700000762939453,23.700000762939453,23.700000762939453,20077,0.0,0.0
2025-04-15 04:50:00+00:00,23.600000381469727,23.649999618530273,23.149999618530273,23.149999618530273,37298,0.0,0.0
2025-04-15 04:55:00+00:00,23.25,23.5,23.25,23.399999618530273,12001,0.0,0.0
2025-04-15 05:00:00+00:00,23.350000381469727,23.350000381469727,23.299999237060547,23.299999237060547,12000,0.0,0.0
2025-04-15 05:05:00+00:00,23.350000381469727,23.399999618530273,23.350000381469727,23.350000381469727,11000,0.0,0.0
2025-04-15 05:10:00+00:00,23.299999237060547,23.299999237060547,23.25,23.299999237060547,3160,0.0,0.0
2025-04-15 05:15:00+00:00,23.25,23.25,23.25,23.25,2000,0.0,0.0
2025-04-15 05:20:00+00:00,23.25,23.25,23.25,23.25,4004,0.0,0.0
2025-04-16 01:00:00+00:00,23.549999237060547,23.549999237060547,23.100000381469727,23.100000381469727,0,0.0,0.0
2025-04-16 01:05:00+00:00,23.049999237060547,23.100000381469727,22.649999618530273,22.950000762939453,32243,0.0,0.0
2025-04-16 01:10:00+00:00,22.75,23.0,22.649999618530273,23.0,38030,0.0,0.0
2025-04-16 01:15:00+00:00,22.950000762939453,23.0,22.649999618530273,22.649999618530273,33052,0.0,0.0
2025-04-16 01:20:00+00:00,22.799999237060547,22.850000381469727,22.799999237060547,22.850000381469727,3000,0.0,0.0
2025-04-16 01:25:00+00:00,22.850000381469727,22.899999618530273,22.850000381469727,22.899999618530273,5000,0.0,0.0
2025-04-16 01:30:00+00:00,22.899999618530273,22.950000762939453,22.899999618530273,22.950000762939453,4001,0.0,0.0
2025-04-16 01:35:00+00:00,23.0,23.0,23.0,23.0,5000,0.0,0.0
2025-04-16 01:40:00+00:00,23.049999237060547,23.25,23.049999237060547,23.25,30000,0.0,0.0
2025-04-16 01:45:00+00:00,23.100000381469727,23.100000381469727,23.049999237060547,23.049999237060547,12001,0.0,0.0
2025-04-16 01:55:00+00:00,23.100000381469727,23.100000381469727,23.049999237060547,23.049999237060547,11000,0.0,0.0
2025-04-16 02:00:00+00:00,23.049999237060547,23.049999237060547,22.950000762939453,22.950000762939453,16010,0.0,0.0
2025-04-16 02:05:00+00:00,22.950000762939453,22.950000762939453,22.950000762939453,22.950000762939453,3001,0.0,0.0
2025-04-16 02:20:00+00:00,22.899999618530273,22.899999618530273,22.850000381469727,22.850000381469727,10000,0.0,0.0
2025-04-16 02:25:00+00:00,22.899999618530273,22.899999618530273,22.799999237060547,22.799999237060547,3189,0.0,0.0
2025-04-16 02:35:00+00:00,22.799999237060547,22.799999237060547,22.799999237060547,22.799999237060547,1000,0.0,0.0
2025-04-16 02:40:00+00:00,22.799999237060547,22.799999237060547,22.799999237060547,22.799999237060547,8000,0.0,0.0
2025-04-16 02:45:00+00:00,22.799999237060547,22.899999618530273,22.75,22.75,6000,0.0,0.0
2025-04-16 02:50:00+00:00,22.799999237060547,22.799999237060547,22.799999237060547,22.799999237060547,2005,0.0,0.0
2025-04-16 03:10:00+00:00,22.799999237060547,22.799999237060547,22.799999237060547,22.799999237060547,1000,0.0,0.0
2025-04-16 03:15:00+00:00,22.799999237060547,22.799999237060547,22.799999237060547,22.799999237060547,1000,0.0,0.0
2025-04-16 03:25:00+00:00,22.899999618530273,22.899999618530273,22.899999618530273,22.899999618530273,1006,0.0,0.0
2025-04-16 03:35:00+00:00,22.899999618530273,22.899999618530273,22.899999618530273,22.899999618530273,1000,0.0,0.0
2025-04-16 03:40:00+00:00,22.799999237060547,22.799999237060547,22.799999237060547,22.799999237060547,3000,0.0,0.0
2025-04-16 03:45:00+00:00,22.75,22.75,22.75,22.75,5263,0.0,0.0
2025-04-16 04:00:00+00:00,22.75,22.75,22.75,22.75,1113,0.0,0.0
2025-04-16 04:10:00+00:00,22.75,22.75,22.75,22.75,1001,0.0,0.0
2025-04-16 04:20:00+00:00,22.799999237060547,22.799999237060547,22.75,22.75,20000,0.0,0.0
2025-04-16 04:25:00+00:00,22.799999237060547,22.799999237060547,22.799999237060547,22.799999237060547,3000,0.0,0.0
2025-04-16 04:30:00+00:00,22.799999237060547,22.799999237060547,22.799999237060547,22.799999237060547,2000,0.0,0.0
2025-04-16 04:35:00+00:00,22.850000381469727,22.850000381469727,22.850000381469727,22.850000381469727,2000,0.0,0.0
2025-04-16 04:40:00+00:00,22.799999237060547,22.799999237060547,22.799999237060547,22.799999237060547,2001,0.0,0.0
2025-04-16 04:50:00+00:00,22.799999237060547,22.899999618530273,22.799999237060547,22.799999237060547,15000,0.0,0.0
2025-04-16 04:55:00+00:00,22.799999237060547,22.850000381469727,22.799999237060547,22.850000381469727,4001,0.0,0.0
2025-04-16 05:05:00+00:00,22.850000381469727,22.850000381469727,22.850000381469727,22.850000381469727,1000,0.0,0.0
2025-04-16 05:10:00+00:00,22.850000381469727,22.850000381469727,22.850000381469727,22.850000381469727,5000,0.0,0.0
2025-04-16 05:15:00+00:00,22.850000381469727,22.899999618530273,22.850000381469727,22.899999618530273,6010,0.0,0.0
2025-04-16 05:20:00+00:00,22.799999237060547,22.850000381469727,22.799999237060547,22.799999237060547,8920,0.0,0.0
2025-04-17 01:00:00+00:00,22.700000762939453,22.700000762939453,22.600000381469727,22.600000381469727,0,0.0,0.0
2025-04-17 01:05:00+00:00,22.549999237060547,22.549999237060547,22.350000381469727,22.549999237060547,25017,0.0,0.0
2025-04-17 01:10:00+00:00,22.600000381469727,22.600000381469727,22.5,22.5,2000,0.0,0.0
2025-04-17 01:15:00+00:00,22.399999618530273,22.399999618530273,22.399999618530273,22.399999618530273,5012,0.0,0.0
2025-04-17 01:20:00+00:00,22.549999237060547,22.799999237060547,22.549999237060547,22.799999237060547,17000,0.0,0.0
2025-04-17 01:30:00+00:00,22.649999618530273,22.649999618530273,22.649999618530273,22.649999618530273,10000,0.0,0.0
2025-04-17 01:35:00+00:00,22.700000762939453,22.700000762939453,22.649999618530273,22.649999618530273,19000,0.0,0.0
2025-04-17 01:40:00+00:00,22.649999618530273,22.700000762939453,22.649999618530273,22.700000762939453,9000,0.0,0.0
2025-04-17 01:45:00+00:00,22.649999618530273,22.649999618530273,22.649999618530273,22.649999618530273,6002,0.0,0.0
2025-04-17 02:05:00+00:00,22.649999618530273,22.649999618530273,22.649999618530273,22.649999618530273,1004,0.0,0.0
2025-04-17 02:15:00+00:00,22.75,22.75,22.700000762939453,22.700000762939453,3000,0.0,0.0
2025-04-17 02:20:00+00:00,22.75,22.75,22.75,22.75,2000,0.0,0.0
2025-04-17 02:25:00+00:00,22.850000381469727,22.850000381469727,22.850000381469727,22.850000381469727,2000,0.0,0.0
2025-04-17 02:30:00+00:00,22.899999618530273,22.899999618530273,22.899999618530273,22.899999618530273,1255,0.0,0.0
2025-04-17 02:50:00+00:00,22.850000381469727,22.850000381469727,22.850000381469727,22.850000381469727,1001,0.0,0.0
2025-04-17 02:55:00+00:00,22.899999618530273,22.899999618530273,22.899999618530273,22.899999618530273,2000,0.0,0.0
2025-04-17 03:00:00+00:00,22.950000762939453,23.049999237060547,22.950000762939453,23.049999237060547,19000,0.0,0.0
2025-04-17 03:05:00+00:00,23.100000381469727,23.100000381469727,23.100000381469727,23.100000381469727,2001,0.0,0.0
2025-04-17 03:10:00+00:00,23.100000381469727,23.100000381469727,23.0,23.0,25010,0.0,0.0
2025-04-17 03:25:00+00:00,23.0,23.0,23.0,23.0,1050,0.0,0.0
2025-04-17 03:30:00+00:00,22.950000762939453,22.950000762939453,22.950000762939453,22.950000762939453,1001,0.0,0.0
2025-04-17 03:50:00+00:00,22.899999618530273,22.899999618530273,22.899999618530273,22.899999618530273,2000,0.0,0.0
2025-04-17 03:55:00+00:00,22.899999618530273,22.899999618530273,22.899999618530273,22.899999618530273,2000,0.0,0.0
2025-04-17 04:00:00+00:00,22.850000381469727,22.850000381469727,22.850000381469727,22.850000381469727,1000,0.0,0.0
2025-04-17 04:05:00+00:00,22.850000381469727,22.850000381469727,22.850000381469727,22.850000381469727,1000,0.0,0.0
2025-04-17 04:10:00+00:00,22.899999618530273,22.950000762939453,22.899999618530273,22.950000762939453,2100,0.0,0.0
2025-04-17 04:15:00+00:00,22.899999618530273,22.899999618530273,22.899999618530273,22.899999618530273,4109,0.0,0.0
2025-04-17 04:25:00+00:00,22.850000381469727,22.850000381469727,22.799999237060547,22.799999237060547,8000,0.0,0.0
2025-04-17 04:30:00+00:00,22.850000381469727,22.899999618530273,22.850000381469727,22.899999618530273,7000,0.0,0.0
2025-04-17 04:35:00+00:00,22.899999618530273,23.100000381469727,22.899999618530273,23.049999237060547,24009,0.0,0.0
2025-04-17 04:40:00+00:00,23.100000381469727,23.149999618530273,23.0,23.0,8192,0.0,0.0
2025-04-17 04:55:00+00:00,23.0,23.0,23.0,23.0,1000,0.0,0.0
2025-04-17 05:00:00+00:00,23.0,23.0,23.0,23.0,2012,0.0,0.0
2025-04-17 05:15:00+00:00,23.0,23.0,23.0,23.0,5000,0.0,0.0
2025-04-17 05:20:00+00:00,22.899999618530273,22.899999618530273,22.899999618530273,22.899999618530273,1604,0.0,0.0
2025-04-18 01:00:00+00:00,23.100000381469727,23.100000381469727,23.100000381469727,23.100000381469727,0,0.0,0.0
2025-04-18 01:05:00+00:00,22.899999618530273,22.899999618530273,22.899999618530273,22.899999618530273,1114,0.0,0.0
2025-04-18 01:10:00+00:00,22.950000762939453,22.950000762939453,22.950000762939453,22.950000762939453,2000,0.0,0.0
2025-04-18 01:15:00+00:00,23.100000381469727,23.200000762939453,23.100000381469727,23.200000762939453,8005,0.0,0.0
2025-04-18 01:20:00+00:00,23.299999237060547,23.350000381469727,23.299999237060547,23.350000381469727,9000,0.0,0.0
2025-04-18 01:25:00+00:00,23.350000381469727,23.350000381469727,23.350000381469727,23.350000381469727,9009,0.0,0.0
2025-04-18 01:35:00+00:00,23.299999237060547,23.299999237060547,23.299999237060547,23.299999237060547,10020,0.0,0.0
2025-04-18 01:40:00+00:00,23.299999237060547,23.299999237060547,23.299999237060547,23.299999237060547,3062,0.0,0.0
2025-04-18 01:45:00+00:00,23.25,23.25,23.25,23.25,2400,0.0,0.0
2025-04-18 01:50:00+00:00,23.25,23.25,23.25,23.25,2000,0.0,0.0
2025-04-18 01:55:00+00:00,23.200000762939453,23.299999237060547,23.200000762939453,23.299999237060547,4000,0.0,0.0
2025-04-18 02:00:00+00:00,23.299999237060547,23.299999237060547,23.299999237060547,23.299999237060547,5000,0.0,0.0
2025-04-18 02:15:00+00:00,23.299999237060547,23.299999237060547,23.299999237060547,23.299999237060547,1001,0.0,0.0
2025-04-18 02:20:00+00:00,23.299999237060547,23.299999237060547,23.299999237060547,23.299999237060547,1000,0.0,0.0
2025-04-18 02:35:00+00:00,23.350000381469727,23.350000381469727,23.350000381469727,23.350000381469727,3005,0.0,0.0
2025-04-18 02:50:00+00:00,23.299999237060547,23.299999237060547,23.299999237060547,23.299999237060547,2000,0.0,0.0
2025-04-18 02:55:00+00:00,23.299999237060547,23.299999237060547,23.299999237060547,23.299999237060547,2001,0.0,0.0
2025-04-18 03:00:00+00:00,23.299999237060547,23.299999237060547,23.299999237060547,23.299999237060547,2005,0.0,0.0
2025-04-18 03:05:00+00:00,23.350000381469727,23.350000381469727,23.350000381469727,23.350000381469727,1000,0.0,0.0
2025-04-18 03:20:00+00:00,23.299999237060547,23.299999237060547,23.299999237060547,23.299999237060547,1000,0.0,0.0
2025-04-18 03:25:00+00:00,23.25,23.25,23.25,23.25,1000,0.0,0.0
2025-04-18 03:30:00+00:00,23.350000381469727,23.399999618530273,23.350000381469727,23.399999618530273,13000,0.0,0.0
2025-04-18 03:40:00+00:00,23.350000381469727,23.399999618530273,23.350000381469727,23.399999618530273,9000,0.0,0.0
2025-04-18 03:45:00+00:00,23.399999618530273,23.399999618530273,23.399999618530273,23.399999618530273,1015,0.0,0.0
2025-04-18 03:50:00+00:00,23.399999618530273,23.399999618530273,23.399999618530273,23.399999618530273,3100,0.0,0.0
2025-04-18 03:55:00+00:00,23.399999618530273,23.399999618530273,23.350000381469727,23.350000381469727,14000,0.0,0.0
2025-04-18 04:00:00+00:00,23.450000762939453,23.5,23.450000762939453,23.5,15100,0.0,0.0
2025-04-18 04:05:00+00:00,23.549999237060547,23.549999237060547,23.5,23.5,7020,0.0,0.0
2025-04-18 04:10:00+00:00,23.5,23.5,23.5,23.5,1000,0.0,0.0
2025-04-18 04:15:00+00:00,23.5,23.5,23.5,23.5,1000,0.0,0.0
2025-04-18 04:30:00+00:00,23.450000762939453,23.450000762939453,23.450000762939453,23.450000762939453,23393,0.0,0.0
2025-04-18 04:40:00+00:00,23.399999618530273,23.399999618530273,23.399999618530273,23.399999618530273,8000,0.0,0.0
2025-04-18 04:45:00+00:00,23.450000762939453,23.600000381469727,23.450000762939453,23.549999237060547,9618,0.0,0.0
2025-04-18 04:50:00+00:00,23.5,23.5,23.450000762939453,23.450000762939453,4024,0.0,0.0
2025-04-18 05:00:00+00:00,23.450000762939453,23.450000762939453,23.450000762939453,23.450000762939453,1000,0.0,0.0
2025-04-18 05:10:00+00:00,23.450000762939453,23.450000762939453,23.350000381469727,23.350000381469727,20041,0.0,0.0
2025-04-18 05:20:00+00:00,23.350000381469727,23.450000762939453,23.350000381469727,23.450000762939453,6605,0.0,0.0
2025-04-21 01:05:00+00:00,23.350000381469727,23.399999618530273,23.350000381469727,23.399999618530273,1052,0.0,0.0
2025-04-21 01:10:00+00:00,23.299999237060547,23.299999237060547,23.25,23.25,8000,0.0,0.0
2025-04-21 01:15:00+00:00,23.200000762939453,23.200000762939453,23.100000381469727,23.100000381469727,11064,0.0,0.0
2025-04-21 01:20:00+00:00,23.100000381469727,23.100000381469727,23.100000381469727,23.100000381469727,1000,0.0,0.0
2025-04-21 01:25:00+00:00,23.149999618530273,23.149999618530273,23.049999237060547,23.049999237060547,2000,0.0,0.0
2025-04-21 01:30:00+00:00,23.049999237060547,23.049999237060547,23.049999237060547,23.049999237060547,1001,0.0,0.0
2025-04-21 01:40:00+00:00,23.049999237060547,23.149999618530273,23.049999237060547,23.149999618530273,7001,0.0,0.0
2025-04-21 01:50:00+00:00,23.149999618530273,23.149999618530273,23.100000381469727,23.100000381469727,6000,0.0,0.0
2025-04-21 02:05:00+00:00,23.100000381469727,23.100000381469727,23.100000381469727,23.100000381469727,1000,0.0,0.0
2025-04-21 02:20:00+00:00,23.200000762939453,23.200000762939453,23.200000762939453,23.200000762939453,2001,0.0,0.0
2025-04-21 02:30:00+00:00,23.100000381469727,23.100000381469727,23.049999237060547,23.049999237060547,17002,0.0,0.0
2025-04-21 02:35:00+00:00,23.149999618530273,23.149999618530273,23.149999618530273,23.149999618530273,7000,0.0,0.0
2025-04-21 02:40:00+00:00,23.100000381469727,23.100000381469727,23.100000381469727,23.100000381469727,8000,0.0,0.0
2025-04-21 02:45:00+00:00,23.100000381469727,23.100000381469727,23.100000381469727,23.100000381469727,4001,0.0,0.0
2025-04-21 03:00:00+00:00,23.049999237060547,23.049999237060547,23.0,23.049999237060547,27051,0.0,0.0
2025-04-21 03:10:00+00:00,23.049999237060547,23.049999237060547,23.049999237060547,23.049999237060547,3008,0.0,0.0
2025-04-21 03:40:00+00:00,23.0,23.0,23.0,23.0,6000,0.0,0.0
2025-04-21 03:45:00+00:00,23.0,23.0,23.0,23.0,3001,0.0,0.0
2025-04-21 03:50:00+00:00,23.0,23.0,23.0,23.0,2000,0.0,0.0
2025-04-21 04:10:00+00:00,23.049999237060547,23.049999237060547,23.049999237060547,23.049999237060547,6001,0.0,0.0
2025-04-21 04:20:00+00:00,23.049999237060547,23.049999237060547,23.049999237060547,23.049999237060547,2020,0.0,0.0
2025-04-21 04:30:00+00:00,23.049999237060547,23.049999237060547,23.049999237060547,23.049999237060547,4000,0.0,0.0
2025-04-21 04:35:00+00:00,23.100000381469727,23.100000381469727,23.100000381469727,23.100000381469727,12199,0.0,0.0
2025-04-21 04:50:00+00:00,23.0,23.0,23.0,23.0,3111,0.0,0.0
2025-04-21 04:55:00+00:00,23.0,23.0,23.0,23.0,1597,0.0,0.0
2025-04-21 05:00:00+00:00,23.0,23.0,23.0,23.0,2000,0.0,0.0
2025-04-21 05:05:00+00:00,23.049999237060547,23.049999237060547,23.049999237060547,23.049999237060547,4000,0.0,0.0
2025-04-21 05:10:00+00:00,23.049999237060547,23.049999237060547,23.049999237060547,23.049999237060547,4000,0.0,0.0
2025-04-21 05:15:00+00:00,23.0,23.0,23.0,23.0,24000,0.0,0.0
2025-04-21 05:20:00+00:00,23.0,23.0,23.0,23.0,3020,0.0,0.0
2025-04-22 01:00:00+00:00,22.799999237060547,22.799999237060547,22.549999237060547,22.700000762939453,0,0.0,0.0
2025-04-22 01:05:00+00:00,22.649999618530273,22.799999237060547,22.649999618530273,22.799999237060547,26090,0.0,0.0
2025-04-22 01:10:00+00:00,22.700000762939453,22.700000762939453,22.600000381469727,22.600000381469727,5000,0.0,0.0
2025-04-22 01:20:00+00:00,22.600000381469727,22.600000381469727,22.600000381469727,22.600000381469727,10393,0.0,0.0
2025-04-22 01:25:00+00:00,22.700000762939453,22.700000762939453,22.649999618530273,22.649999618530273,4001,0.0,0.0
2025-04-22 01:35:00+00:00,22.649999618530273,22.75,22.649999618530273,22.649999618530273,11000,0.0,0.0
2025-04-22 01:45:00+00:00,22.649999618530273,22.649999618530273,22.649999618530273,22.649999618530273,3000,0.0,0.0
2025-04-22 01:50:00+00:00,22.799999237060547,22.799999237060547,22.799999237060547,22.799999237060547,9000,0.0,0.0
2025-04-22 01:55:00+00:00,22.799999237060547,22.799999237060547,22.799999237060547,22.799999237060547,1000,0.0,0.0
2025-04-22 02:00:00+00:00,22.850000381469727,22.850000381469727,22.850000381469727,22.850000381469727,3000,0.0,0.0
2025-04-22 02:05:00+00:00,22.700000762939453,22.700000762939453,22.649999618530273,22.649999618530273,3006,0.0,0.0
2025-04-22 02:10:00+00:00,22.75,22.75,22.75,22.75,1000,0.0,0.0
2025-04-22 02:15:00+00:00,22.799999237060547,22.950000762939453,22.799999237060547,22.950000762939453,14300,0.0,0.0
2025-04-22 02:25:00+00:00,22.850000381469727,22.850000381469727,22.799999237060547,22.799999237060547,21001,0.0,0.0
2025-04-22 02:35:00+00:00,22.799999237060547,22.799999237060547,22.799999237060547,22.799999237060547,1000,0.0,0.0
2025-04-22 02:50:00+00:00,22.899999618530273,22.950000762939453,22.899999618530273,22.950000762939453,7200,0.0,0.0
2025-04-22 02:55:00+00:00,22.950000762939453,22.950000762939453,22.950000762939453,22.950000762939453,5108,0.0,0.0
2025-04-22 03:00:00+00:00,22.950000762939453,22.950000762939453,22.950000762939453,22.950000762939453,1049,0.0,0.0
2025-04-22 03:10:00+00:00,22.899999618530273,22.899999618530273,22.850000381469727,22.850000381469727,7000,0.0,0.0
2025-04-22 03:15:00+00:00,22.799999237060547,22.799999237060547,22.75,22.75,11101,0.0,0.0
2025-04-22 03:45:00+00:00,22.75,22.75,22.75,22.75,1000,0.0,0.0
2025-04-22 03:50:00+00:00,22.75,22.75,22.75,22.75,2000,0.0,0.0
2025-04-22 03:55:00+00:00,22.75,22.75,22.75,22.75,6000,0.0,0.0
2025-04-22 04:00:00+00:00,22.75,22.75,22.75,22.75,1001,0.0,0.0
2025-04-22 04:15:00+00:00,22.75,22.75,22.75,22.75,1000,0.0,0.0
2025-04-22 04:30:00+00:00,22.700000762939453,22.700000762939453,22.700000762939453,22.700000762939453,4052,0.0,0.0
2025-04-22 04:40:00+00:00,22.75,22.899999618530273,22.75,22.899999618530273,30000,0.0,0.0
2025-04-22 04:45:00+00:00,22.899999618530273,22.899999618530273,22.899999618530273,22.899999618530273,1020,0.0,0.0
2025-04-22 05:10:00+00:00,22.799999237060547,22.799999237060547,22.799999237060547,22.799999237060547,1100,0.0,0.0
2025-04-22 05:20:00+00:00,22.700000762939453,22.799999237060547,22.700000762939453,22.700000762939453,3190,0.0,0.0
2025-04-23 01:00:00+00:00,23.0,23.200000762939453,23.0,23.200000762939453,0,0.0,0.0
2025-04-23 01:10:00+00:00,23.200000762939453,23.200000762939453,23.149999618530273,23.149999618530273,3005,0.0,0.0
2025-04-23 01:20:00+00:00,23.200000762939453,23.200000762939453,23.149999618530273,23.149999618530273,3000,0.0,0.0
2025-04-23 01:25:00+00:00,23.149999618530273,23.149999618530273,23.149999618530273,23.149999618530273,3000,0.0,0.0
2025-04-23 01:30:00+00:00,23.200000762939453,23.200000762939453,23.200000762939453,23.200000762939453,1000,0.0,0.0
2025-04-23 01:35:00+00:00,23.149999618530273,23.149999618530273,23.149999618530273,23.149999618530273,1000,0.0,0.0
2025-04-23 01:40:00+00:00,23.149999618530273,23.149999618530273,23.0,23.049999237060547,17000,0.0,0.0
2025-04-23 01:45:00+00:00,23.049999237060547,23.200000762939453,23.049999237060547,23.200000762939453,19400,0.0,0.0
2025-04-23 01:50:00+00:00,23.25,23.350000381469727,23.200000762939453,23.350000381469727,10100,0.0,0.0
2025-04-23 01:55:00+00:00,23.350000381469727,23.350000381469727,23.299999237060547,23.299999237060547,7023,0.0,0.0
2025-04-23 02:05:00+00:00,23.299999237060547,23.299999237060547,23.299999237060547,23.299999237060547,3001,0.0,0.0
2025-04-23 02:20:00+00:00,23.350000381469727,23.350000381469727,23.350000381469727,23.350000381469727,4100,0.0,0.0
2025-04-23 02:25:00+00:00,23.350000381469727,23.399999618530273,23.350000381469727,23.399999618530273,3001,0.0,0.0
2025-04-23 02:30:00+00:00,23.399999618530273,23.450000762939453,23.399999618530273,23.450000762939453,10000,0.0,0.0
2025-04-23 02:35:00+00:00,23.399999618530273,23.450000762939453,23.399999618530273,23.399999618530273,24000,0.0,0.0
2025-04-23 02:40:00+00:00,23.450000762939453,23.549999237060547,23.450000762939453,23.549999237060547,14001,0.0,0.0
2025-04-23 02:45:00+00:00,23.549999237060547,23.549999237060547,23.549999237060547,23.549999237060547,5201,0.0,0.0
2025-04-23 02:50:00+00:00,23.549999237060547,23.549999237060547,23.549999237060547,23.549999237060547,2000,0.0,0.0
2025-04-23 02:55:00+00:00,23.549999237060547,23.600000381469727,23.549999237060547,23.600000381469727,9470,0.0,0.0
2025-04-23 03:00:00+00:00,23.600000381469727,23.600000381469727,23.600000381469727,23.600000381469727,3000,0.0,0.0
2025-04-23 03:05:00+00:00,23.600000381469727,23.600000381469727,23.600000381469727,23.600000381469727,5001,0.0,0.0
2025-04-23 03:10:00+00:00,23.600000381469727,23.600000381469727,23.600000381469727,23.600000381469727,2000,0.0,0.0
2025-04-23 03:15:00+00:00,23.600000381469727,23.600000381469727,23.600000381469727,23.600000381469727,3001,0.0,0.0
2025-04-23 03:20:00+00:00,23.600000381469727,23.600000381469727,23.549999237060547,23.549999237060547,9000,0.0,0.0
2025-04-23 03:25:00+00:00,23.600000381469727,23.600000381469727,23.600000381469727,23.600000381469727,4000,0.0,0.0
2025-04-23 03:30:00+00:00,23.600000381469727,23.600000381469727,23.600000381469727,23.600000381469727,2059,0.0,0.0
2025-04-23 03:40:00+00:00,23.549999237060547,23.549999237060547,23.549999237060547,23.549999237060547,6001,0.0,0.0
2025-04-23 04:00:00+00:00,23.549999237060547,23.549999237060547,23.549999237060547,23.549999237060547,3001,0.0,0.0
2025-04-23 04:05:00+00:00,23.5,23.5,23.5,23.5,1000,0.0,0.0
2025-04-23 04:10:00+00:00,23.5,23.5,23.5,23.5,1006,0.0,0.0
2025-04-23 04:15:00+00:00,23.5,23.5,23.5,23.5,20001,0.0,0.0
2025-04-23 04:25:00+00:00,23.5,23.5,23.5,23.5,6243,0.0,0.0
2025-04-23 04:30:00+00:00,23.549999237060547,23.600000381469727,23.549999237060547,23.600000381469727,19559,0.0,0.0
2025-04-23 04:35:00+00:00,23.649999618530273,23.649999618530273,23.649999618530273,23.649999618530273,1000,0.0,0.0
2025-04-23 04:40:00+00:00,23.600000381469727,23.600000381469727,23.600000381469727,23.600000381469727,3501,0.0,0.0
2025-04-23 04:55:00+00:00,23.549999237060547,23.549999237060547,23.549999237060547,23.549999237060547,4000,0.0,0.0
2025-04-23 05:00:00+00:00,23.549999237060547,23.549999237060547,23.549999237060547,23.549999237060547,1000,0.0,0.0
2025-04-23 05:10:00+00:00,23.549999237060547,23.600000381469727,23.549999237060547,23.600000381469727,18050,0.0,0.0
2025-04-23 05:15:00+00:00,23.549999237060547,23.549999237060547,23.549999237060547,23.549999237060547,1000,0.0,0.0
2025-04-23 05:20:00+00:00,23.5,23.5,23.450000762939453,23.450000762939453,16020,0.0,0.0
2025-04-24 01:00:00+00:00,23.700000762939453,23.700000762939453,23.700000762939453,23.700000762939453,0,0.0,0.0
2025-04-24 01:05:00+00:00,23.5,23.700000762939453,23.299999237060547,23.700000762939453,28401,0.0,0.0
2025-04-24 01:10:00+00:00,23.700000762939453,23.700000762939453,23.700000762939453,23.700000762939453,11002,0.0,0.0
2025-04-24 01:20:00+00:00,23.600000381469727,23.600000381469727,23.600000381469727,23.600000381469727,10000,0.0,0.0
2025-04-24 01:25:00+00:00,23.600000381469727,23.600000381469727,23.600000381469727,23.600000381469727,1000,0.0,0.0
2025-04-24 01:30:00+00:00,23.600000381469727,23.700000762939453,23.600000381469727,23.700000762939453,17245,0.0,0.0
2025-04-24 01:45:00+00:00,23.649999618530273,23.649999618530273,23.649999618530273,23.649999618530273,5010,0.0,0.0
2025-04-24 01:50:00+00:00,23.649999618530273,23.649999618530273,23.649999618530273,23.649999618530273,2002,0.0,0.0
2025-04-24 01:55:00+00:00,23.649999618530273,23.649999618530273,23.549999237060547,23.549999237060547,12000,0.0,0.0
2025-04-24 02:00:00+00:00,23.549999237060547,23.549999237060547,23.5,23.549999237060547,22000,0.0,0.0
2025-04-24 02:05:00+00:00,23.549999237060547,23.549999237060547,23.549999237060547,23.549999237060547,2000,0.0,0.0
2025-04-24 02:15:00+00:00,23.549999237060547,23.600000381469727,23.549999237060547,23.600000381469727,11000,0.0,0.0
2025-04-24 02:20:00+00:00,23.600000381469727,23.600000381469727,23.600000381469727,23.600000381469727,15000,0.0,0.0
2025-04-24 02:30:00+00:00,23.600000381469727,23.600000381469727,23.600000381469727,23.600000381469727,1000,0.0,0.0
2025-04-24 02:40:00+00:00,23.649999618530273,23.649999618530273,23.649999618530273,23.649999618530273,5000,0.0,0.0
2025-04-24 02:45:00+00:00,23.649999618530273,23.649999618530273,23.649999618530273,23.649999618530273,3000,0.0,0.0
2025-04-24 02:50:00+00:00,23.600000381469727,23.600000381469727,23.600000381469727,23.600000381469727,7000,0.0,0.0
2025-04-24 02:55:00+00:00,23.649999618530273,23.649999618530273,23.649999618530273,23.649999618530273,4000,0.0,0.0
2025-04-24 03:00:00+00:00,23.549999237060547,23.549999237060547,23.549999237060547,23.549999237060547,1000,0.0,0.0
2025-04-24 03:05:00+00:00,23.649999618530273,23.649999618530273,23.649999618530273,23.649999618530273,2008,0.0,0.0
2025-04-24 03:15:00+00:00,23.649999618530273,23.649999618530273,23.600000381469727,23.600000381469727,2002,0.0,0.0
2025-04-24 03:20:00+00:00,23.600000381469727,23.600000381469727,23.600000381469727,23.600000381469727,2000,0.0,0.0
2025-04-24 03:30:00+00:00,23.600000381469727,23.700000762939453,23.600000381469727,23.700000762939453,28002,0.0,0.0
2025-04-24 03:40:00+00:00,23.75,23.75,23.75,23.75,5000,0.0,0.0
2025-04-24 03:45:00+00:00,23.799999237060547,23.850000381469727,23.799999237060547,23.850000381469727,8779,0.0,0.0
2025-04-24 03:50:00+00:00,23.899999618530273,23.899999618530273,23.850000381469727,23.899999618530273,3000,0.0,0.0
2025-04-24 03:55:00+00:00,23.899999618530273,23.899999618530273,23.899999618530273,23.899999618530273,9000,0.0,0.0
2025-04-24 04:00:00+00:00,23.899999618530273,24.049999237060547,23.799999237060547,24.049999237060547,42000,0.0,0.0
2025-04-24 04:05:00+00:00,24.049999237060547,24.149999618530273,24.049999237060547,24.149999618530273,18000,0.0,0.0
2025-04-24 04:10:00+00:00,24.100000381469727,24.299999237060547,24.100000381469727,24.299999237060547,30000,0.0,0.0
2025-04-24 04:15:00+00:00,24.25,24.350000381469727,24.200000762939453,24.350000381469727,15000,0.0,0.0
2025-04-24 04:20:00+00:00,24.25,24.25,24.25,24.25,3000,0.0,0.0
2025-04-24 04:25:00+00:00,24.25,24.350000381469727,24.25,24.350000381469727,13003,0.0,0.0
2025-04-24 04:30:00+00:00,24.299999237060547,24.299999237060547,24.299999237060547,24.299999237060547,5000,0.0,0.0
2025-04-24 04:35:00+00:00,24.299999237060547,24.299999237060547,24.200000762939453,24.200000762939453,3000,0.0,0.0
2025-04-24 04:40:00+00:00,24.200000762939453,24.200000762939453,24.200000762939453,24.200000762939453,5000,0.0,0.0
2025-04-24 04:45:00+00:00,24.200000762939453,24.200000762939453,24.200000762939453,24.200000762939453,8000,0.0,0.0
2025-04-24 04:50:00+00:00,24.200000762939453,24.200000762939453,24.200000762939453,24.200000762939453,9000,0.0,0.0
2025-04-24 04:55:00+00:00,24.200000762939453,24.200000762939453,24.200000762939453,24.200000762939453,1000,0.0,0.0
2025-04-24 05:00:00+00:00,24.200000762939453,24.399999618530273,24.200000762939453,24.399999618530273,40129,0.0,0.0
2025-04-24 05:05:00+00:00,24.399999618530273,24.399999618530273,24.399999618530273,24.399999618530273,1000,0.0,0.0
2025-04-24 05:10:00+00:00,24.350000381469727,24.350000381469727,24.350000381469727,24.350000381469727,12469,0.0,0.0
2025-04-24 05:15:00+00:00,24.299999237060547,24.350000381469727,24.299999237060547,24.299999237060547,4000,0.0,0.0
2025-04-24 05:20:00+00:00,24.25,24.399999618530273,24.25,24.350000381469727,24011,0.0,0.0
2025-04-25 01:00:00+00:00,24.5,25.0,24.5,24.899999618530273,0,0.0,0.0
2025-04-25 01:05:00+00:00,24.899999618530273,24.899999618530273,24.700000762939453,24.799999237060547,20031,0.0,0.0
2025-04-25 01:10:00+00:00,24.75,24.950000762939453,24.75,24.899999618530273,14020,0.0,0.0
2025-04-25 01:15:00+00:00,24.899999618530273,24.899999618530273,24.899999618530273,24.899999618530273,6000,0.0,0.0
2025-04-25 01:20:00+00:00,24.899999618530273,24.899999618530273,24.75,24.899999618530273,19000,0.0,0.0
2025-04-25 01:25:00+00:00,24.850000381469727,24.850000381469727,24.799999237060547,24.799999237060547,9009,0.0,0.0
2025-04-25 01:30:00+00:00,24.799999237060547,24.799999237060547,24.799999237060547,24.799999237060547,1000,0.0,0.0
2025-04-25 01:35:00+00:00,24.75,24.799999237060547,24.75,24.799999237060547,3000,0.0,0.0
2025-04-25 01:40:00+00:00,24.75,24.75,24.75,24.75,12001,0.0,0.0
2025-04-25 01:45:00+00:00,24.75,24.850000381469727,24.75,24.850000381469727,10000,0.0,0.0
2025-04-25 01:50:00+00:00,24.850000381469727,24.850000381469727,24.850000381469727,24.850000381469727,2000,0.0,0.0
2025-04-25 01:55:00+00:00,24.799999237060547,24.799999237060547,24.799999237060547,24.799999237060547,9000,0.0,0.0
2025-04-25 02:00:00+00:00,24.75,24.799999237060547,24.75,24.799999237060547,42000,0.0,0.0
2025-04-25 02:05:00+00:00,24.799999237060547,24.799999237060547,24.799999237060547,24.799999237060547,4000,0.0,0.0
2025-04-25 02:15:00+00:00,24.799999237060547,24.799999237060547,24.799999237060547,24.799999237060547,1000,0.0,0.0
2025-04-25 02:20:00+00:00,24.799999237060547,24.799999237060547,24.799999237060547,24.799999237060547,9150,0.0,0.0
2025-04-25 02:25:00+00:00,24.799999237060547,24.799999237060547,24.799999237060547,24.799999237060547,11000,0.0,0.0
2025-04-25 02:30:00+00:00,24.799999237060547,24.799999237060547,24.799999237060547,24.799999237060547,1000,0.0,0.0
2025-04-25 02:40:00+00:00,24.799999237060547,24.799999237060547,24.799999237060547,24.799999237060547,9000,0.0,0.0
2025-04-25 02:45:00+00:00,24.799999237060547,24.799999237060547,24.799999237060547,24.799999237060547,2000,0.0,0.0
2025-04-25 02:50:00+00:00,24.799999237060547,24.799999237060547,24.799999237060547,24.799999237060547,3400,0.0,0.0
2025-04-25 02:55:00+00:00,24.75,24.75,24.75,24.75,2195,0.0,0.0
2025-04-25 03:00:00+00:00,24.75,24.75,24.75,24.75,1000,0.0,0.0
2025-04-25 03:05:00+00:00,24.799999237060547,24.799999237060547,24.799999237060547,24.799999237060547,5000,0.0,0.0
2025-04-25 03:10:00+00:00,24.799999237060547,24.950000762939453,24.799999237060547,24.950000762939453,53100,0.0,0.0
2025-04-25 03:20:00+00:00,24.950000762939453,24.950000762939453,24.950000762939453,24.950000762939453,2000,0.0,0.0
2025-04-25 03:25:00+00:00,24.950000762939453,24.950000762939453,24.950000762939453,24.950000762939453,1000,0.0,0.0
2025-04-25 03:30:00+00:00,24.950000762939453,24.950000762939453,24.950000762939453,24.950000762939453,18640,0.0,0.0
2025-04-25 03:35:00+00:00,24.950000762939453,24.950000762939453,24.950000762939453,24.950000762939453,3001,0.0,0.0
2025-04-25 03:45:00+00:00,24.950000762939453,24.950000762939453,24.950000762939453,24.950000762939453,1000,0.0,0.0
2025-04-25 03:50:00+00:00,24.950000762939453,24.950000762939453,24.950000762939453,24.950000762939453,1000,0.0,0.0
2025-04-25 03:55:00+00:00,24.950000762939453,24.950000762939453,24.899999618530273,24.899999618530273,3000,0.0,0.0
2025-04-25 04:00:00+00:00,24.899999618530273,24.899999618530273,24.899999618530273,24.899999618530273,2189,0.0,0.0
2025-04-25 04:05:00+00:00,24.950000762939453,24.950000762939453,24.950000762939453,24.950000762939453,1000,0.0,0.0
2025-04-25 04:15:00+00:00,24.950000762939453,24.950000762939453,24.950000762939453,24.950000762939453,2000,0.0,0.0
2025-04-25 04:25:00+00:00,24.899999618530273,24.899999618530273,24.899999618530273,24.899999618530273,1000,0.0,0.0
2025-04-25 04:30:00+00:00,24.899999618530273,24.899999618530273,24.899999618530273,24.899999618530273,6220,0.0,0.0
2025-04-25 04:35:00+00:00,24.899999618530273,25.049999237060547,24.899999618530273,25.0,48787,0.0,0.0
2025-04-25 04:40:00+00:00,25.0,25.0,25.0,25.0,4000,0.0,0.0
2025-04-25 04:45:00+00:00,25.0,25.0,25.0,25.0,3001,0.0,0.0
2025-04-25 04:50:00+00:00,25.0,25.0,24.799999237060547,24.799999237060547,77000,0.0,0.0
2025-04-25 04:55:00+00:00,24.799999237060547,24.950000762939453,24.799999237060547,24.950000762939453,6050,0.0,0.0
2025-04-25 05:00:00+00:00,24.899999618530273,24.950000762939453,24.899999618530273,24.950000762939453,3000,0.0,0.0
2025-04-25 05:05:00+00:00,24.950000762939453,24.950000762939453,24.950000762939453,24.950000762939453,6000,0.0,0.0
2025-04-25 05:15:00+00:00,24.950000762939453,24.950000762939453,24.950000762939453,24.950000762939453,5000,0.0,0.0
2025-04-25 05:20:00+00:00,24.850000381469727,24.850000381469727,24.799999237060547,24.850000381469727,21128,0.0,0.0
2025-04-28 01:00:00+00:00,24.899999618530273,25.100000381469727,24.899999618530273,25.0,0,0.0,0.0
2025-04-28 01:05:00+00:00,25.049999237060547,25.049999237060547,25.0,25.0,15051,0.0,0.0
2025-04-28 01:15:00+00:00,24.950000762939453,24.950000762939453,24.950000762939453,24.950000762939453,2008,0.0,0.0
2025-04-28 01:20:00+00:00,24.899999618530273,24.899999618530273,24.899999618530273,24.899999618530273,3000,0.0,0.0
2025-04-28 01:25:00+00:00,24.899999618530273,24.950000762939453,24.850000381469727,24.899999618530273,12000,0.0,0.0
2025-04-28 01:30:00+00:00,24.850000381469727,24.850000381469727,24.850000381469727,24.850000381469727,4000,0.0,0.0
2025-04-28 01:35:00+00:00,24.850000381469727,24.899999618530273,24.850000381469727,24.899999618530273,6000,0.0,0.0
2025-04-28 01:40:00+00:00,24.899999618530273,25.0,24.899999618530273,25.0,13000,0.0,0.0
2025-04-28 01:45:00+00:00,25.0,25.0,24.950000762939453,24.950000762939453,4000,0.0,0.0
2025-04-28 01:50:00+00:00,25.0,25.049999237060547,25.0,25.049999237060547,10000,0.0,0.0
2025-04-28 01:55:00+00:00,25.049999237060547,25.049999237060547,25.0,25.0,3150,0.0,0.0
2025-04-28 02:00:00+00:00,25.0,25.0,25.0,25.0,2000,0.0,0.0
2025-04-28 02:05:00+00:00,25.0,25.0,25.0,25.0,7000,0.0,0.0
2025-04-28 02:10:00+00:00,25.049999237060547,25.049999237060547,25.049999237060547,25.049999237060547,5000,0.0,0.0
2025-04-28 02:25:00+00:00,25.0,25.0,25.0,25.0,1000,0.0,0.0
2025-04-28 02:30:00+00:00,25.0,25.0,24.950000762939453,24.950000762939453,22000,0.0,0.0
2025-04-28 02:40:00+00:00,24.950000762939453,25.0,24.899999618530273,25.0,14049,0.0,0.0
2025-04-28 02:55:00+00:00,24.899999618530273,24.899999618530273,24.899999618530273,24.899999618530273,3000,0.0,0.0
2025-04-28 03:00:00+00:00,24.899999618530273,24.899999618530273,24.850000381469727,24.850000381469727,4000,0.0,0.0
2025-04-28 03:05:00+00:00,24.899999618530273,24.950000762939453,24.899999618530273,24.950000762939453,2000,0.0,0.0
2025-04-28 03:15:00+00:00,24.899999618530273,24.899999618530273,24.899999618530273,24.899999618530273,5002,0.0,0.0
2025-04-28 03:20:00+00:00,24.950000762939453,24.950000762939453,24.950000762939453,24.950000762939453,2002,0.0,0.0
2025-04-28 03:35:00+00:00,25.0,25.0,25.0,25.0,2000,0.0,0.0
2025-04-28 03:40:00+00:00,24.950000762939453,25.0,24.950000762939453,25.0,6000,0.0,0.0
2025-04-28 03:45:00+00:00,25.0,25.0,24.950000762939453,24.950000762939453,12000,0.0,0.0
2025-04-28 03:50:00+00:00,24.950000762939453,24.950000762939453,24.950000762939453,24.950000762939453,1000,0.0,0.0
2025-04-28 03:55:00+00:00,24.950000762939453,24.950000762939453,24.950000762939453,24.950000762939453,3001,0.0,0.0
2025-04-28 04:00:00+00:00,24.950000762939453,24.950000762939453,24.950000762939453,24.950000762939453,1001,0.0,0.0
2025-04-28 04:05:00+00:00,25.049999237060547,25.200000762939453,25.049999237060547,25.200000762939453,38200,0.0,0.0
2025-04-28 04:10:00+00:00,25.149999618530273,25.25,25.149999618530273,25.25,16000,0.0,0.0
2025-04-28 04:15:00+00:00,25.25,25.25,25.25,25.25,3000,0.0,0.0
2025-04-28 04:20:00+00:00,25.25,25.25,25.25,25.25,5020,0.0,0.0
2025-04-28 04:25:00+00:00,25.25,25.25,25.25,25.25,3001,0.0,0.0
2025-04-28 04:30:00+00:00,25.25,25.25,25.25,25.25,2002,0.0,0.0
2025-04-28 04:40:00+00:00,25.200000762939453,25.200000762939453,25.200000762939453,25.200000762939453,2000,0.0,0.0
2025-04-28 04:45:00+00:00,25.200000762939453,25.200000762939453,25.200000762939453,25.200000762939453,1000,0.0,0.0
2025-04-28 04:50:00+00:00,25.149999618530273,25.149999618530273,25.149999618530273,25.149999618530273,1000,0.0,0.0
2025-04-28 04:55:00+00:00,25.200000762939453,25.200000762939453,25.200000762939453,25.200000762939453,1000,0.0,0.0
2025-04-28 05:00:00+00:00,25.200000762939453,25.200000762939453,25.200000762939453,25.200000762939453,4002,0.0,0.0
2025-04-28 05:10:00+00:00,25.200000762939453,25.200000762939453,25.200000762939453,25.200000762939453,2091,0.0,0.0
2025-04-28 05:15:00+00:00,25.200000762939453,25.200000762939453,25.200000762939453,25.200000762939453,3009,0.0,0.0
2025-04-28 05:20:00+00:00,25.200000762939453,25.25,25.200000762939453,25.25,17053,0.0,0.0
2025-04-29 01:00:00+00:00,24.950000762939453,24.950000762939453,24.5,24.600000381469727,0,0.0,0.0
2025-04-29 01:05:00+00:00,24.75,25.0,24.75,25.0,72100,0.0,0.0
2025-04-29 01:10:00+00:00,24.899999618530273,24.899999618530273,24.799999237060547,24.799999237060547,6000,0.0,0.0
2025-04-29 01:15:00+00:00,24.799999237060547,24.799999237060547,24.75,24.799999237060547,7000,0.0,0.0
2025-04-29 01:20:00+00:00,24.799999237060547,24.799999237060547,24.75,24.75,2000,0.0,0.0
2025-04-29 01:25:00+00:00,24.799999237060547,24.799999237060547,24.75,24.75,2000,0.0,0.0
2025-04-29 01:30:00+00:00,24.799999237060547,24.899999618530273,24.799999237060547,24.899999618530273,20050,0.0,0.0
2025-04-29 01:35:00+00:00,24.899999618530273,24.899999618530273,24.899999618530273,24.899999618530273,3000,0.0,0.0
2025-04-29 01:40:00+00:00,24.899999618530273,24.899999618530273,24.899999618530273,24.899999618530273,1020,0.0,0.0
2025-04-29 01:55:00+00:00,24.899999618530273,24.899999618530273,24.899999618530273,24.899999618530273,3000,0.0,0.0
2025-04-29 02:00:00+00:00,24.899999618530273,24.899999618530273,24.899999618530273,24.899999618530273,3000,0.0,0.0
2025-04-29 02:05:00+00:00,24.899999618530273,24.950000762939453,24.899999618530273,24.950000762939453,10000,0.0,0.0
2025-04-29 02:10:00+00:00,24.950000762939453,24.950000762939453,24.950000762939453,24.950000762939453,6000,0.0,0.0
2025-04-29 02:15:00+00:00,24.899999618530273,24.899999618530273,24.850000381469727,24.850000381469727,5001,0.0,0.0
2025-04-29 02:20:00+00:00,24.850000381469727,24.950000762939453,24.850000381469727,24.950000762939453,3036,0.0,0.0
2025-04-29 02:25:00+00:00,25.0,25.0,25.0,25.0,9000,0.0,0.0
2025-04-29 02:30:00+00:00,25.0,25.0,25.0,25.0,4000,0.0,0.0
2025-04-29 02:35:00+00:00,24.950000762939453,24.950000762939453,24.850000381469727,24.850000381469727,12014,0.0,0.0
2025-04-29 02:50:00+00:00,24.899999618530273,24.899999618530273,24.899999618530273,24.899999618530273,2000,0.0,0.0
2025-04-29 02:55:00+00:00,24.950000762939453,24.950000762939453,24.950000762939453,24.950000762939453,1000,0.0,0.0
2025-04-29 03:00:00+00:00,24.899999618530273,24.899999618530273,24.899999618530273,24.899999618530273,1000,0.0,0.0
2025-04-29 03:05:00+00:00,24.899999618530273,24.899999618530273,24.899999618530273,24.899999618530273,1057,0.0,0.0
2025-04-29 03:20:00+00:00,24.899999618530273,24.899999618530273,24.899999618530273,24.899999618530273,3000,0.0,0.0
2025-04-29 03:25:00+00:00,24.950000762939453,24.950000762939453,24.950000762939453,24.950000762939453,3000,0.0,0.0
2025-04-29 03:40:00+00:00,24.950000762939453,24.950000762939453,24.950000762939453,24.950000762939453,4000,0.0,0.0
2025-04-29 03:45:00+00:00,24.899999618530273,24.899999618530273,24.899999618530273,24.899999618530273,7063,0.0,0.0
2025-04-29 04:30:00+00:00,24.899999618530273,24.899999618530273,24.899999618530273,24.899999618530273,2000,0.0,0.0
2025-04-29 04:35:00+00:00,24.850000381469727,24.850000381469727,24.850000381469727,24.850000381469727,25300,0.0,0.0
2025-04-29 04:50:00+00:00,24.850000381469727,24.850000381469727,24.850000381469727,24.850000381469727,1000,0.0,0.0
2025-04-29 04:55:00+00:00,24.850000381469727,24.850000381469727,24.799999237060547,24.799999237060547,24000,0.0,0.0
2025-04-29 05:00:00+00:00,24.799999237060547,24.799999237060547,24.799999237060547,24.799999237060547,8198,0.0,0.0
2025-04-29 05:05:00+00:00,24.799999237060547,24.799999237060547,24.799999237060547,24.799999237060547,2016,0.0,0.0
2025-04-29 05:10:00+00:00,24.850000381469727,24.850000381469727,24.850000381469727,24.850000381469727,9000,0.0,0.0
2025-04-29 05:15:00+00:00,24.850000381469727,24.850000381469727,24.850000381469727,24.850000381469727,28000,0.0,0.0
2025-04-29 05:20:00+00:00,24.850000381469727,24.850000381469727,24.799999237060547,24.799999237060547,4000,0.0,0.0
2025-04-30 01:00:00+00:00,24.850000381469727,24.899999618530273,24.75,24.75,0,0.0,0.0
2025-04-30 01:05:00+00:00,24.700000762939453,24.850000381469727,24.700000762939453,24.850000381469727,28008,0.0,0.0
2025-04-30 01:10:00+00:00,24.850000381469727,24.850000381469727,24.799999237060547,24.799999237060547,6000,0.0,0.0
2025-04-30 01:15:00+00:00,24.799999237060547,24.799999237060547,24.799999237060547,24.799999237060547,5000,0.0,0.0
2025-04-30 01:20:00+00:00,24.799999237060547,24.799999237060547,24.75,24.75,9001,0.0,0.0
2025-04-30 01:25:00+00:00,24.700000762939453,24.700000762939453,24.600000381469727,24.600000381469727,45000,0.0,0.0
2025-04-30 01:30:00+00:00,24.600000381469727,24.600000381469727,24.549999237060547,24.549999237060547,98150,0.0,0.0
2025-04-30 01:35:00+00:00,24.549999237060547,24.549999237060547,24.549999237060547,24.549999237060547,10000,0.0,0.0
2025-04-30 01:40:00+00:00,24.5,24.5,24.399999618530273,24.5,20041,0.0,0.0
2025-04-30 01:45:00+00:00,24.5,24.5,24.399999618530273,24.5,32000,0.0,0.0
2025-04-30 01:50:00+00:00,24.450000762939453,24.450000762939453,24.399999618530273,24.399999618530273,15002,0.0,0.0
2025-04-30 02:00:00+00:00,24.399999618530273,24.450000762939453,24.399999618530273,24.450000762939453,6000,0.0,0.0
2025-04-30 02:05:00+00:00,24.399999618530273,24.399999618530273,24.399999618530273,24.399999618530273,1001,0.0,0.0
2025-04-30 02:15:00+00:00,24.399999618530273,24.450000762939453,24.399999618530273,24.399999618530273,9000,0.0,0.0
2025-04-30 02:20:00+00:00,24.350000381469727,24.350000381469727,24.350000381469727,24.350000381469727,6000,0.0,0.0
2025-04-30 02:25:00+00:00,24.399999618530273,24.549999237060547,24.299999237060547,24.299999237060547,37000,0.0,0.0
2025-04-30 02:35:00+00:00,24.350000381469727,24.350000381469727,24.350000381469727,24.350000381469727,1030,0.0,0.0
2025-04-30 02:40:00+00:00,24.350000381469727,24.350000381469727,24.350000381469727,24.350000381469727,11002,0.0,0.0
2025-04-30 02:50:00+00:00,24.399999618530273,24.399999618530273,24.25,24.25,24009,0.0,0.0
2025-04-30 02:55:00+00:00,24.200000762939453,24.200000762939453,24.149999618530273,24.149999618530273,22379,0.0,0.0
2025-04-30 03:00:00+00:00,24.100000381469727,24.100000381469727,24.0,24.0,31077,0.0,0.0
2025-04-30 03:05:00+00:00,24.0,24.100000381469727,24.0,24.100000381469727,6000,0.0,0.0
2025-04-30 03:10:00+00:00,24.100000381469727,24.100000381469727,24.100000381469727,24.100000381469727,5068,0.0,0.0
2025-04-30 03:15:00+00:00,24.100000381469727,24.100000381469727,24.100000381469727,24.100000381469727,2000,0.0,0.0
2025-04-30 03:20:00+00:00,24.149999618530273,24.149999618530273,24.149999618530273,24.149999618530273,12001,0.0,0.0
2025-04-30 03:30:00+00:00,24.100000381469727,24.100000381469727,24.100000381469727,24.100000381469727,1000,0.0,0.0
2025-04-30 03:40:00+00:00,24.100000381469727,24.100000381469727,24.100000381469727,24.100000381469727,3138,0.0,0.0
2025-04-30 03:45:00+00:00,24.049999237060547,24.049999237060547,24.049999237060547,24.049999237060547,1000,0.0,0.0
2025-04-30 03:50:00+00:00,24.049999237060547,24.049999237060547,24.0,24.0,16249,0.0,0.0
2025-04-30 04:00:00+00:00,24.049999237060547,24.049999237060547,24.049999237060547,24.049999237060547,3000,0.0,0.0
2025-04-30 04:05:00+00:00,24.049999237060547,24.149999618530273,24.049999237060547,24.149999618530273,17000,0.0,0.0
2025-04-30 04:10:00+00:00,24.149999618530273,24.200000762939453,24.149999618530273,24.200000762939453,14000,0.0,0.0
2025-04-30 04:15:00+00:00,24.200000762939453,24.200000762939453,24.200000762939453,24.200000762939453,4000,0.0,0.0
2025-04-30 04:20:00+00:00,24.149999618530273,24.149999618530273,24.149999618530273,24.149999618530273,3101,0.0,0.0
2025-04-30 04:30:00+00:00,24.149999618530273,24.149999618530273,24.149999618530273,24.149999618530273,3002,0.0,0.0
2025-04-30 04:35:00+00:00,24.100000381469727,24.100000381469727,24.100000381469727,24.100000381469727,4319,0.0,0.0
2025-04-30 04:55:00+00:00,24.049999237060547,24.049999237060547,24.0,24.0,19000,0.0,0.0
2025-04-30 05:00:00+00:00,23.950000762939453,23.950000762939453,23.950000762939453,23.950000762939453,5197,0.0,0.0
2025-04-30 05:05:00+00:00,24.0,24.0,23.950000762939453,24.0,3219,0.0,0.0
2025-04-30 05:10:00+00:00,23.950000762939453,24.0,23.950000762939453,24.0,4297,0.0,0.0
2025-04-30 05:15:00+00:00,24.0,24.0,24.0,24.0,17000,0.0,0.0
2025-04-30 05:20:00+00:00,24.0,24.0,24.0,24.0,2005,0.0,0.0
2025-05-02 01:00:00+00:00,24.149999618530273,24.149999618530273,24.0,24.0,0,0.0,0.0
2025-05-02 01:05:00+00:00,24.0,24.049999237060547,24.0,24.049999237060547,3015,0.0,0.0
2025-05-02 01:10:00+00:00,24.049999237060547,24.049999237060547,24.049999237060547,24.049999237060547,8000,0.0,0.0
2025-05-02 01:15:00+00:00,24.049999237060547,24.049999237060547,24.0,24.0,12002,0.0,0.0
2025-05-02 01:20:00+00:00,23.950000762939453,23.950000762939453,23.950000762939453,23.950000762939453,10002,0.0,0.0
2025-05-02 01:25:00+00:00,23.950000762939453,23.950000762939453,23.950000762939453,23.950000762939453,1135,0.0,0.0
2025-05-02 01:55:00+00:00,24.0,24.0,24.0,24.0,17001,0.0,0.0
2025-05-02 02:00:00+00:00,24.0,24.0,24.0,24.0,7004,0.0,0.0
2025-05-02 02:05:00+00:00,24.0,24.0,24.0,24.0,1000,0.0,0.0
2025-05-02 02:10:00+00:00,23.950000762939453,23.950000762939453,23.950000762939453,23.950000762939453,1001,0.0,0.0
2025-05-02 02:20:00+00:00,24.0,24.0,23.950000762939453,23.950000762939453,25051,0.0,0.0
2025-05-02 02:25:00+00:00,23.950000762939453,23.950000762939453,23.950000762939453,23.950000762939453,4059,0.0,0.0
2025-05-02 02:30:00+00:00,23.950000762939453,23.950000762939453,23.950000762939453,23.950000762939453,1486,0.0,0.0
2025-05-02 02:35:00+00:00,24.0,24.0,24.0,24.0,1001,0.0,0.0
2025-05-02 02:40:00+00:00,23.950000762939453,23.950000762939453,23.950000762939453,23.950000762939453,1000,0.0,0.0
2025-05-02 02:45:00+00:00,23.950000762939453,23.950000762939453,23.950000762939453,23.950000762939453,8000,0.0,0.0
2025-05-02 02:55:00+00:00,23.899999618530273,23.899999618530273,23.899999618530273,23.899999618530273,17017,0.0,0.0
2025-05-02 03:00:00+00:00,23.899999618530273,23.899999618530273,23.899999618530273,23.899999618530273,1002,0.0,0.0
2025-05-02 03:05:00+00:00,23.899999618530273,23.899999618530273,23.899999618530273,23.899999618530273,1000,0.0,0.0
2025-05-02 03:10:00+00:00,23.899999618530273,23.899999618530273,23.899999618530273,23.899999618530273,2000,0.0,0.0
2025-05-02 03:15:00+00:00,23.899999618530273,23.899999618530273,23.899999618530273,23.899999618530273,2000,0.0,0.0
2025-05-02 03:25:00+00:00,23.950000762939453,23.950000762939453,23.950000762939453,23.950000762939453,1001,0.0,0.0
2025-05-02 03:45:00+00:00,23.950000762939453,23.950000762939453,23.950000762939453,23.950000762939453,2010,0.0,0.0
2025-05-02 03:50:00+00:00,23.950000762939453,23.950000762939453,23.950000762939453,23.950000762939453,1000,0.0,0.0
2025-05-02 04:10:00+00:00,23.950000762939453,23.950000762939453,23.950000762939453,23.950000762939453,1049,0.0,0.0
2025-05-02 04:25:00+00:00,23.950000762939453,23.950000762939453,23.950000762939453,23.950000762939453,10050,0.0,0.0
2025-05-02 04:30:00+00:00,23.950000762939453,23.950000762939453,23.950000762939453,23.950000762939453,2000,0.0,0.0
2025-05-02 04:35:00+00:00,23.950000762939453,23.950000762939453,23.950000762939453,23.950000762939453,5050,0.0,0.0
2025-05-02 04:50:00+00:00,23.899999618530273,23.899999618530273,23.899999618530273,23.899999618530273,2044,0.0,0.0
2025-05-02 04:55:00+00:00,23.899999618530273,23.899999618530273,23.899999618530273,23.899999618530273,4217,0.0,0.0
2025-05-02 05:10:00+00:00,23.950000762939453,23.950000762939453,23.950000762939453,23.950000762939453,1000,0.0,0.0
2025-05-02 05:15:00+00:00,23.899999618530273,23.899999618530273,23.899999618530273,23.899999618530273,2000,0.0,0.0
2025-05-02 05:20:00+00:00,23.899999618530273,23.899999618530273,23.850000381469727,23.850000381469727,18201,0.0,0.0
2025-05-05 01:00:00+00:00,23.850000381469727,23.850000381469727,23.700000762939453,23.700000762939453,0,0.0,0.0
2025-05-05 01:05:00+00:00,23.649999618530273,23.649999618530273,23.600000381469727,23.600000381469727,11059,0.0,0.0
2025-05-05 01:10:00+00:00,23.600000381469727,23.600000381469727,23.549999237060547,23.600000381469727,15246,0.0,0.0
2025-05-05 01:15:00+00:00,23.600000381469727,23.600000381469727,23.549999237060547,23.600000381469727,11019,0.0,0.0
2025-05-05 01:20:00+00:00,23.549999237060547,23.549999237060547,23.399999618530273,23.399999618530273,17126,0.0,0.0
2025-05-05 01:25:00+00:00,23.450000762939453,23.600000381469727,23.450000762939453,23.600000381469727,4000,0.0,0.0
2025-05-05 01:30:00+00:00,23.399999618530273,23.399999618530273,23.200000762939453,23.200000762939453,36099,0.0,0.0
2025-05-05 01:35:00+00:00,23.200000762939453,23.25,23.200000762939453,23.200000762939453,20119,0.0,0.0
2025-05-05 01:40:00+00:00,23.200000762939453,23.200000762939453,23.149999618530273,23.149999618530273,6000,0.0,0.0
2025-05-05 01:45:00+00:00,23.149999618530273,23.149999618530273,23.100000381469727,23.100000381469727,9000,0.0,0.0
2025-05-05 01:50:00+00:00,23.100000381469727,23.100000381469727,23.100000381469727,23.100000381469727,2011,0.0,0.0
2025-05-05 01:55:00+00:00,23.100000381469727,23.100000381469727,23.100000381469727,23.100000381469727,1000,0.0,0.0
2025-05-05 02:00:00+00:00,23.049999237060547,23.100000381469727,23.049999237060547,23.049999237060547,12000,0.0,0.0
2025-05-05 02:05:00+00:00,23.100000381469727,23.100000381469727,23.0,23.049999237060547,27301,0.0,0.0
2025-05-05 02:10:00+00:00,23.0,23.049999237060547,23.0,23.049999237060547,4000,0.0,0.0
2025-05-05 02:15:00+00:00,23.0,23.0,22.799999237060547,22.799999237060547,15090,0.0,0.0
2025-05-05 02:25:00+00:00,22.899999618530273,22.899999618530273,22.899999618530273,22.899999618530273,2000,0.0,0.0
2025-05-05 02:30:00+00:00,22.899999618530273,22.899999618530273,22.850000381469727,22.850000381469727,6209,0.0,0.0
2025-05-05 02:35:00+00:00,22.899999618530273,22.899999618530273,22.899999618530273,22.899999618530273,2001,0.0,0.0
2025-05-05 02:40:00+00:00,22.899999618530273,22.899999618530273,22.850000381469727,22.899999618530273,7000,0.0,0.0
2025-05-05 02:45:00+00:00,22.899999618530273,22.899999618530273,22.899999618530273,22.899999618530273,1000,0.0,0.0
2025-05-05 02:50:00+00:00,22.850000381469727,22.850000381469727,22.850000381469727,22.850000381469727,8003,0.0,0.0
2025-05-05 03:00:00+00:00,22.850000381469727,22.850000381469727,22.850000381469727,22.850000381469727,1440,0.0,0.0
2025-05-05 03:10:00+00:00,22.850000381469727,22.850000381469727,22.850000381469727,22.850000381469727,1000,0.0,0.0
2025-05-05 03:15:00+00:00,22.850000381469727,22.899999618530273,22.850000381469727,22.899999618530273,6000,0.0,0.0
2025-05-05 03:20:00+00:00,22.899999618530273,22.899999618530273,22.899999618530273,22.899999618530273,2000,0.0,0.0
2025-05-05 03:25:00+00:00,23.0,23.0,23.0,23.0,1000,0.0,0.0
2025-05-05 03:30:00+00:00,23.0,23.0,22.950000762939453,22.950000762939453,2000,0.0,0.0
2025-05-05 03:35:00+00:00,23.0,23.0,23.0,23.0,2000,0.0,0.0
2025-05-05 03:40:00+00:00,23.0,23.0,23.0,23.0,1050,0.0,0.0
2025-05-05 03:45:00+00:00,23.0,23.0,23.0,23.0,1007,0.0,0.0
2025-05-05 03:55:00+00:00,23.0,23.0,23.0,23.0,1000,0.0,0.0
2025-05-05 04:05:00+00:00,23.100000381469727,23.100000381469727,23.0,23.100000381469727,3000,0.0,0.0
2025-05-05 04:10:00+00:00,23.0,23.0,23.0,23.0,1000,0.0,0.0
2025-05-05 04:15:00+00:00,23.0,23.0,23.0,23.0,1001,0.0,0.0
2025-05-05 04:30:00+00:00,23.049999237060547,23.149999618530273,23.049999237060547,23.149999618530273,5000,0.0,0.0
2025-05-05 04:40:00+00:00,23.149999618530273,23.149999618530273,23.149999618530273,23.149999618530273,1000,0.0,0.0
2025-05-05 04:50:00+00:00,23.100000381469727,23.100000381469727,23.100000381469727,23.100000381469727,3000,0.0,0.0
2025-05-05 04:55:00+00:00,23.100000381469727,23.100000381469727,23.100000381469727,23.100000381469727,2000,0.0,0.0
2025-05-05 05:00:00+00:00,23.0,23.0,23.0,23.0,9000,0.0,0.0
2025-05-05 05:05:00+00:00,23.0,23.0,22.950000762939453,23.0,28000,0.0,0.0
2025-05-05 05:10:00+00:00,23.0,23.0,23.0,23.0,10000,0.0,0.0
2025-05-05 05:15:00+00:00,23.0,23.0,23.0,23.0,3831,0.0,0.0
2025-05-06 01:00:00+00:00,23.049999237060547,23.200000762939453,23.049999237060547,23.100000381469727,0,0.0,0.0
2025-05-06 01:05:00+00:00,23.100000381469727,23.100000381469727,23.049999237060547,23.049999237060547,6021,0.0,0.0
2025-05-06 01:10:00+00:00,23.049999237060547,23.200000762939453,23.049999237060547,23.200000762939453,19000,0.0,0.0
2025-05-06 01:15:00+00:00,23.200000762939453,23.25,22.950000762939453,22.950000762939453,50000,0.0,0.0
2025-05-06 01:20:00+00:00,22.950000762939453,23.100000381469727,22.950000762939453,23.100000381469727,9057,0.0,0.0
2025-05-06 01:30:00+00:00,23.049999237060547,23.049999237060547,22.950000762939453,22.950000762939453,5002,0.0,0.0
2025-05-06 01:35:00+00:00,22.950000762939453,22.950000762939453,22.950000762939453,22.950000762939453,20119,0.0,0.0
2025-05-06 01:40:00+00:00,22.899999618530273,22.899999618530273,22.850000381469727,22.850000381469727,6001,0.0,0.0
2025-05-06 01:45:00+00:00,22.850000381469727,22.850000381469727,22.850000381469727,22.850000381469727,4001,0.0,0.0
2025-05-06 01:50:00+00:00,22.850000381469727,22.850000381469727,22.799999237060547,22.799999237060547,42172,0.0,0.0
2025-05-06 01:55:00+00:00,22.850000381469727,22.850000381469727,22.649999618530273,22.649999618530273,61101,0.0,0.0
2025-05-06 02:00:00+00:00,22.700000762939453,22.899999618530273,22.700000762939453,22.899999618530273,39000,0.0,0.0
2025-05-06 02:05:00+00:00,22.899999618530273,22.899999618530273,22.899999618530273,22.899999618530273,10000,0.0,0.0
2025-05-06 02:10:00+00:00,22.850000381469727,22.899999618530273,22.75,22.899999618530273,59000,0.0,0.0
2025-05-06 02:15:00+00:00,22.899999618530273,22.899999618530273,22.850000381469727,22.850000381469727,17000,0.0,0.0
2025-05-06 02:25:00+00:00,22.850000381469727,22.950000762939453,22.850000381469727,22.950000762939453,20001,0.0,0.0
2025-05-06 02:30:00+00:00,22.950000762939453,22.950000762939453,22.950000762939453,22.950000762939453,2000,0.0,0.0
2025-05-06 02:35:00+00:00,22.850000381469727,22.850000381469727,22.799999237060547,22.799999237060547,19000,0.0,0.0
2025-05-06 02:40:00+00:00,22.799999237060547,22.899999618530273,22.799999237060547,22.899999618530273,20000,0.0,0.0
2025-05-06 02:50:00+00:00,22.850000381469727,22.850000381469727,22.799999237060547,22.799999237060547,3000,0.0,0.0
2025-05-06 02:55:00+00:00,22.850000381469727,22.850000381469727,22.850000381469727,22.850000381469727,24000,0.0,0.0
2025-05-06 03:00:00+00:00,22.899999618530273,22.950000762939453,22.899999618530273,22.950000762939453,23000,0.0,0.0
2025-05-06 03:10:00+00:00,22.899999618530273,22.899999618530273,22.899999618530273,22.899999618530273,6070,0.0,0.0
2025-05-06 03:20:00+00:00,22.850000381469727,22.850000381469727,22.850000381469727,22.850000381469727,10162,0.0,0.0
2025-05-06 03:25:00+00:00,22.850000381469727,22.850000381469727,22.799999237060547,22.799999237060547,2000,0.0,0.0
2025-05-06 03:30:00+00:00,22.899999618530273,22.899999618530273,22.899999618530273,22.899999618530273,5002,0.0,0.0
2025-05-06 03:35:00+00:00,22.899999618530273,22.950000762939453,22.899999618530273,22.950000762939453,29000,0.0,0.0
2025-05-06 03:40:00+00:00,23.0,23.0,22.950000762939453,22.950000762939453,13000,0.0,0.0
2025-05-06 03:50:00+00:00,22.899999618530273,22.899999618530273,22.899999618530273,22.899999618530273,2000,0.0,0.0
2025-05-06 03:55:00+00:00,22.899999618530273,22.899999618530273,22.899999618530273,22.899999618530273,9000,0.0,0.0
2025-05-06 04:00:00+00:00,22.950000762939453,22.950000762939453,22.950000762939453,22.950000762939453,11000,0.0,0.0
2025-05-06 04:05:00+00:00,22.899999618530273,22.899999618530273,22.899999618530273,22.899999618530273,1000,0.0,0.0
2025-05-06 04:10:00+00:00,22.899999618530273,22.899999618530273,22.899999618530273,22.899999618530273,6000,0.0,0.0
2025-05-06 04:15:00+00:00,22.899999618530273,22.899999618530273,22.899999618530273,22.899999618530273,1000,0.0,0.0
2025-05-06 04:20:00+00:00,22.850000381469727,22.850000381469727,22.850000381469727,22.850000381469727,1000,0.0,0.0
2025-05-06 04:30:00+00:00,22.850000381469727,22.850000381469727,22.799999237060547,22.799999237060547,26548,0.0,0.0
2025-05-06 04:35:00+00:00,22.850000381469727,22.850000381469727,22.799999237060547,22.799999237060547,2000,0.0,0.0
2025-05-06 04:40:00+00:00,22.799999237060547,22.799999237060547,22.799999237060547,22.799999237060547,22000,0.0,0.0
2025-05-06 04:45:00+00:00,22.799999237060547,22.799999237060547,22.799999237060547,22.799999237060547,12361,0.0,0.0
2025-05-06 04:50:00+00:00,22.75,22.799999237060547,22.75,22.799999237060547,20000,0.0,0.0
2025-05-06 04:55:00+00:00,22.799999237060547,22.799999237060547,22.75,22.75,3000,0.0,0.0
2025-05-06 05:00:00+00:00,22.75,22.799999237060547,22.75,22.799999237060547,5000,0.0,0.0
2025-05-06 05:05:00+00:00,22.799999237060547,22.850000381469727,22.799999237060547,22.850000381469727,20000,0.0,0.0
2025-05-06 05:10:00+00:00,22.850000381469727,22.850000381469727,22.799999237060547,22.799999237060547,3000,0.0,0.0
2025-05-06 05:15:00+00:00,22.799999237060547,22.799999237060547,22.799999237060547,22.799999237060547,5000,0.0,0.0
2025-05-06 05:20:00+00:00,22.799999237060547,22.799999237060547,22.799999237060547,22.799999237060547,12820,0.0,0.0
2025-05-07 01:00:00+00:00,22.899999618530273,23.0,22.899999618530273,23.0,0,0.0,0.0
2025-05-07 01:05:00+00:00,23.0,23.049999237060547,22.899999618530273,22.950000762939453,28031,0.0,0.0
2025-05-07 01:10:00+00:00,22.950000762939453,23.200000762939453,22.950000762939453,23.049999237060547,42000,0.0,0.0
2025-05-07 01:15:00+00:00,23.100000381469727,23.100000381469727,23.049999237060547,23.100000381469727,12000,0.0,0.0
2025-05-07 01:20:00+00:00,23.100000381469727,23.100000381469727,23.100000381469727,23.100000381469727,6000,0.0,0.0
2025-05-07 01:25:00+00:00,23.049999237060547,23.049999237060547,22.899999618530273,22.899999618530273,41071,0.0,0.0
2025-05-07 01:30:00+00:00,22.950000762939453,22.950000762939453,22.850000381469727,22.850000381469727,3000,0.0,0.0
2025-05-07 01:35:00+00:00,22.850000381469727,22.850000381469727,22.850000381469727,22.850000381469727,1000,0.0,0.0
2025-05-07 01:40:00+00:00,22.850000381469727,22.850000381469727,22.850000381469727,22.850000381469727,1001,0.0,0.0
2025-05-07 01:50:00+00:00,22.850000381469727,22.950000762939453,22.850000381469727,22.950000762939453,3000,0.0,0.0
2025-05-07 01:55:00+00:00,22.850000381469727,22.850000381469727,22.850000381469727,22.850000381469727,1001,0.0,0.0
2025-05-07 02:00:00+00:00,23.0,23.200000762939453,23.0,23.149999618530273,37241,0.0,0.0
2025-05-07 02:10:00+00:00,23.149999618530273,23.149999618530273,23.149999618530273,23.149999618530273,7000,0.0,0.0
2025-05-07 02:15:00+00:00,23.049999237060547,23.100000381469727,23.0,23.100000381469727,16071,0.0,0.0
2025-05-07 02:25:00+00:00,23.0,23.0,23.0,23.0,1000,0.0,0.0
2025-05-07 02:30:00+00:00,23.100000381469727,23.200000762939453,23.100000381469727,23.200000762939453,10000,0.0,0.0
2025-05-07 02:35:00+00:00,23.200000762939453,23.200000762939453,23.200000762939453,23.200000762939453,6000,0.0,0.0
2025-05-07 02:40:00+00:00,23.200000762939453,23.200000762939453,23.200000762939453,23.200000762939453,1000,0.0,0.0
2025-05-07 02:45:00+00:00,23.200000762939453,23.200000762939453,23.200000762939453,23.200000762939453,1000,0.0,0.0
2025-05-07 02:50:00+00:00,23.200000762939453,23.200000762939453,23.149999618530273,23.149999618530273,17000,0.0,0.0
2025-05-07 02:55:00+00:00,23.149999618530273,23.149999618530273,23.049999237060547,23.049999237060547,12535,0.0,0.0
2025-05-07 03:00:00+00:00,23.049999237060547,23.25,23.0,23.049999237060547,66000,0.0,0.0
2025-05-07 03:10:00+00:00,23.0,23.0,23.0,23.0,1000,0.0,0.0
2025-05-07 03:25:00+00:00,23.0,23.100000381469727,23.0,23.100000381469727,6000,0.0,0.0
2025-05-07 03:30:00+00:00,23.049999237060547,23.049999237060547,23.0,23.0,24000,0.0,0.0
2025-05-07 03:40:00+00:00,22.950000762939453,22.950000762939453,22.950000762939453,22.950000762939453,10018,0.0,0.0
2025-05-07 03:45:00+00:00,22.950000762939453,22.950000762939453,22.950000762939453,22.950000762939453,1020,0.0,0.0
2025-05-07 03:50:00+00:00,22.950000762939453,23.0,22.950000762939453,23.0,2000,0.0,0.0
2025-05-07 03:55:00+00:00,22.950000762939453,22.950000762939453,22.950000762939453,22.950000762939453,1000,0.0,0.0
2025-05-07 04:00:00+00:00,23.0,23.100000381469727,23.0,23.049999237060547,5000,0.0,0.0
2025-05-07 04:05:00+00:00,23.049999237060547,23.049999237060547,23.049999237060547,23.049999237060547,5000,0.0,0.0
2025-05-07 04:10:00+00:00,22.899999618530273,22.899999618530273,22.899999618530273,22.899999618530273,1000,0.0,0.0
2025-05-07 04:25:00+00:00,22.899999618530273,23.0,22.899999618530273,23.0,2000,0.0,0.0
2025-05-07 04:35:00+00:00,22.950000762939453,22.950000762939453,22.950000762939453,22.950000762939453,1000,0.0,0.0
2025-05-07 04:40:00+00:00,22.950000762939453,22.950000762939453,22.950000762939453,22.950000762939453,1000,0.0,0.0
2025-05-07 04:55:00+00:00,22.950000762939453,22.950000762939453,22.950000762939453,22.950000762939453,2000,0.0,0.0
2025-05-07 05:00:00+00:00,22.950000762939453,23.0,22.950000762939453,22.950000762939453,4000,0.0,0.0
2025-05-07 05:05:00+00:00,23.0,23.0,22.950000762939453,22.950000762939453,3000,0.0,0.0
2025-05-07 05:10:00+00:00,22.950000762939453,22.950000762939453,22.950000762939453,22.950000762939453,2013,0.0,0.0
2025-05-07 05:15:00+00:00,22.950000762939453,23.0,22.950000762939453,22.950000762939453,9210,0.0,0.0
2025-05-07 05:20:00+00:00,23.0,23.0,22.899999618530273,22.950000762939453,9781,0.0,0.0
2025-05-08 01:00:00+00:00,23.0,23.149999618530273,23.0,23.100000381469727,0,0.0,0.0
2025-05-08 01:10:00+00:00,23.100000381469727,23.200000762939453,23.100000381469727,23.200000762939453,34052,0.0,0.0
2025-05-08 01:15:00+00:00,23.200000762939453,23.200000762939453,23.200000762939453,23.200000762939453,55342,0.0,0.0
2025-05-08 01:30:00+00:00,23.100000381469727,23.100000381469727,23.100000381469727,23.100000381469727,0,0.0,0.0
2025-05-08 01:45:00+00:00,23.100000381469727,23.149999618530273,23.049999237060547,23.149999618530273,18001,0.0,0.0
2025-05-08 02:15:00+00:00,23.149999618530273,23.149999618530273,23.149999618530273,23.149999618530273,1000,0.0,0.0
2025-05-08 02:20:00+00:00,23.100000381469727,23.100000381469727,23.100000381469727,23.100000381469727,1000,0.0,0.0
2025-05-08 02:25:00+00:00,23.149999618530273,23.149999618530273,23.149999618530273,23.149999618530273,4000,0.0,0.0
2025-05-08 02:30:00+00:00,23.100000381469727,23.100000381469727,23.100000381469727,23.100000381469727,1000,0.0,0.0
2025-05-08 02:35:00+00:00,23.100000381469727,23.100000381469727,23.100000381469727,23.100000381469727,2050,0.0,0.0
2025-05-08 02:55:00+00:00,23.049999237060547,23.049999237060547,23.049999237060547,23.049999237060547,12000,0.0,0.0
2025-05-08 03:10:00+00:00,23.049999237060547,23.049999237060547,23.049999237060547,23.049999237060547,6247,0.0,0.0
2025-05-08 03:25:00+00:00,23.049999237060547,23.049999237060547,23.049999237060547,23.049999237060547,2010,0.0,0.0
2025-05-08 03:40:00+00:00,23.0,23.049999237060547,23.0,23.049999237060547,7001,0.0,0.0
2025-05-08 03:45:00+00:00,23.049999237060547,23.049999237060547,23.049999237060547,23.049999237060547,2000,0.0,0.0
2025-05-08 03:50:00+00:00,23.049999237060547,23.049999237060547,23.049999237060547,23.049999237060547,1000,0.0,0.0
2025-05-08 04:00:00+00:00,23.049999237060547,23.049999237060547,23.049999237060547,23.049999237060547,1020,0.0,0.0
2025-05-08 04:05:00+00:00,23.049999237060547,23.049999237060547,23.049999237060547,23.049999237060547,3000,0.0,0.0
2025-05-08 04:10:00+00:00,23.049999237060547,23.049999237060547,23.0,23.049999237060547,4000,0.0,0.0
2025-05-08 04:15:00+00:00,23.049999237060547,23.049999237060547,23.049999237060547,23.049999237060547,10000,0.0,0.0
2025-05-08 04:20:00+00:00,23.100000381469727,23.100000381469727,23.100000381469727,23.100000381469727,1000,0.0,0.0
2025-05-08 04:30:00+00:00,23.100000381469727,23.100000381469727,23.100000381469727,23.100000381469727,1000,0.0,0.0
2025-05-08 04:35:00+00:00,23.049999237060547,23.049999237060547,23.0,23.0,45204,0.0,0.0
2025-05-08 04:40:00+00:00,23.0,23.0,23.0,23.0,1000,0.0,0.0
2025-05-08 04:45:00+00:00,23.100000381469727,23.100000381469727,23.100000381469727,23.100000381469727,1000,0.0,0.0
2025-05-08 05:00:00+00:00,23.049999237060547,23.049999237060547,23.049999237060547,23.049999237060547,2000,0.0,0.0
2025-05-08 05:10:00+00:00,23.0,23.0,23.0,23.0,7020,0.0,0.0
2025-05-08 05:15:00+00:00,23.0,23.049999237060547,23.0,23.049999237060547,17000,0.0,0.0
2025-05-08 05:20:00+00:00,23.0,23.049999237060547,23.0,23.049999237060547,2000,0.0,0.0
2025-05-09 01:00:00+00:00,23.100000381469727,23.25,23.100000381469727,23.25,0,0.0,0.0
2025-05-09 01:05:00+00:00,23.100000381469727,23.100000381469727,23.100000381469727,23.100000381469727,1002,0.0,0.0
2025-05-09 01:10:00+00:00,23.100000381469727,23.100000381469727,23.100000381469727,23.100000381469727,1000,0.0,0.0
2025-05-09 01:15:00+00:00,23.100000381469727,23.100000381469727,23.049999237060547,23.049999237060547,12001,0.0,0.0
2025-05-09 01:20:00+00:00,23.049999237060547,23.049999237060547,22.950000762939453,22.950000762939453,8200,0.0,0.0
2025-05-09 01:25:00+00:00,23.049999237060547,23.049999237060547,23.049999237060547,23.049999237060547,3000,0.0,0.0
2025-05-09 01:30:00+00:00,23.049999237060547,23.049999237060547,23.049999237060547,23.049999237060547,5001,0.0,0.0
2025-05-09 01:40:00+00:00,23.100000381469727,23.100000381469727,23.100000381469727,23.100000381469727,3000,0.0,0.0
2025-05-09 01:45:00+00:00,23.049999237060547,23.049999237060547,23.049999237060547,23.049999237060547,10020,0.0,0.0
2025-05-09 01:50:00+00:00,23.049999237060547,23.049999237060547,23.0,23.0,7020,0.0,0.0
2025-05-09 01:55:00+00:00,23.0,23.0,23.0,23.0,1000,0.0,0.0
2025-05-09 02:00:00+00:00,23.100000381469727,23.100000381469727,23.100000381469727,23.100000381469727,7062,0.0,0.0
2025-05-09 02:05:00+00:00,23.149999618530273,23.25,23.149999618530273,23.25,3210,0.0,0.0
2025-05-09 02:15:00+00:00,23.200000762939453,23.200000762939453,23.200000762939453,23.200000762939453,1999,0.0,0.0
2025-05-09 02:20:00+00:00,23.200000762939453,23.350000381469727,23.100000381469727,23.100000381469727,24000,0.0,0.0
2025-05-09 02:30:00+00:00,23.100000381469727,23.100000381469727,23.100000381469727,23.100000381469727,1000,0.0,0.0
2025-05-09 02:40:00+00:00,23.100000381469727,23.100000381469727,23.100000381469727,23.100000381469727,1000,0.0,0.0
2025-05-09 03:05:00+00:00,23.100000381469727,23.100000381469727,23.100000381469727,23.100000381469727,2000,0.0,0.0
2025-05-09 03:15:00+00:00,23.100000381469727,23.100000381469727,23.049999237060547,23.049999237060547,2045,0.0,0.0
2025-05-09 03:20:00+00:00,23.049999237060547,23.049999237060547,23.049999237060547,23.049999237060547,1007,0.0,0.0
2025-05-09 03:35:00+00:00,23.100000381469727,23.100000381469727,23.100000381469727,23.100000381469727,1000,0.0,0.0
2025-05-09 03:45:00+00:00,23.049999237060547,23.049999237060547,23.049999237060547,23.049999237060547,2101,0.0,0.0
2025-05-09 03:50:00+00:00,23.049999237060547,23.049999237060547,23.049999237060547,23.049999237060547,10001,0.0,0.0
2025-05-09 04:00:00+00:00,23.100000381469727,23.100000381469727,23.100000381469727,23.100000381469727,2000,0.0,0.0
2025-05-09 04:15:00+00:00,23.100000381469727,23.100000381469727,23.100000381469727,23.100000381469727,2500,0.0,0.0
2025-05-09 04:30:00+00:00,23.100000381469727,23.100000381469727,23.100000381469727,23.100000381469727,3000,0.0,0.0
2025-05-09 04:40:00+00:00,23.100000381469727,23.100000381469727,23.100000381469727,23.100000381469727,2000,0.0,0.0
2025-05-09 04:45:00+00:00,23.100000381469727,23.100000381469727,23.100000381469727,23.100000381469727,2000,0.0,0.0
2025-05-09 04:50:00+00:00,23.149999618530273,23.149999618530273,23.149999618530273,23.149999618530273,5000,0.0,0.0
2025-05-09 04:55:00+00:00,23.149999618530273,23.149999618530273,23.149999618530273,23.149999618530273,1020,0.0,0.0
2025-05-09 05:00:00+00:00,23.149999618530273,23.149999618530273,23.149999618530273,23.149999618530273,2000,0.0,0.0
2025-05-09 05:05:00+00:00,23.149999618530273,23.149999618530273,23.149999618530273,23.149999618530273,3000,0.0,0.0
2025-05-09 05:10:00+00:00,23.100000381469727,23.100000381469727,23.100000381469727,23.100000381469727,4208,0.0,0.0
2025-05-12 01:00:00+00:00,23.200000762939453,23.299999237060547,23.200000762939453,23.299999237060547,0,0.0,0.0
2025-05-12 01:10:00+00:00,23.25,23.25,23.200000762939453,23.200000762939453,18030,0.0,0.0
2025-05-12 01:15:00+00:00,23.200000762939453,23.200000762939453,23.200000762939453,23.200000762939453,10151,0.0,0.0
2025-05-12 01:20:00+00:00,23.25,23.25,23.25,23.25,1257,0.0,0.0
2025-05-12 01:35:00+00:00,23.25,23.399999618530273,23.25,23.399999618530273,26000,0.0,0.0
2025-05-12 01:40:00+00:00,23.399999618530273,23.399999618530273,23.399999618530273,23.399999618530273,4001,0.0,0.0
2025-05-12 01:45:00+00:00,23.399999618530273,23.399999618530273,23.399999618530273,23.399999618530273,12000,0.0,0.0
2025-05-12 01:50:00+00:00,23.399999618530273,23.399999618530273,23.399999618530273,23.399999618530273,1029,0.0,0.0
2025-05-12 01:55:00+00:00,23.450000762939453,23.450000762939453,23.450000762939453,23.450000762939453,2000,0.0,0.0
2025-05-12 02:05:00+00:00,23.450000762939453,23.450000762939453,23.450000762939453,23.450000762939453,11050,0.0,0.0
2025-05-12 02:15:00+00:00,23.450000762939453,23.450000762939453,23.450000762939453,23.450000762939453,2031,0.0,0.0
2025-05-12 02:30:00+00:00,23.450000762939453,23.450000762939453,23.450000762939453,23.450000762939453,3102,0.0,0.0
2025-05-12 02:35:00+00:00,23.450000762939453,23.450000762939453,23.450000762939453,23.450000762939453,1302,0.0,0.0
2025-05-12 02:40:00+00:00,23.450000762939453,23.450000762939453,23.450000762939453,23.450000762939453,4131,0.0,0.0
2025-05-12 02:45:00+00:00,23.450000762939453,23.450000762939453,23.450000762939453,23.450000762939453,1000,0.0,0.0
2025-05-12 03:00:00+00:00,23.450000762939453,23.450000762939453,23.450000762939453,23.450000762939453,2280,0.0,0.0
2025-05-12 03:05:00+00:00,23.450000762939453,23.450000762939453,23.450000762939453,23.450000762939453,3001,0.0,0.0
2025-05-12 03:15:00+00:00,23.450000762939453,23.450000762939453,23.450000762939453,23.450000762939453,2001,0.0,0.0
2025-05-12 03:20:00+00:00,23.450000762939453,23.450000762939453,23.450000762939453,23.450000762939453,1001,0.0,0.0
2025-05-12 03:30:00+00:00,23.450000762939453,23.450000762939453,23.450000762939453,23.450000762939453,1102,0.0,0.0
2025-05-12 03:40:00+00:00,23.399999618530273,23.399999618530273,23.399999618530273,23.399999618530273,1001,0.0,0.0
2025-05-12 03:55:00+00:00,23.399999618530273,23.399999618530273,23.299999237060547,23.299999237060547,30001,0.0,0.0
2025-05-12 04:10:00+00:00,23.399999618530273,23.399999618530273,23.399999618530273,23.399999618530273,3095,0.0,0.0
2025-05-12 04:30:00+00:00,23.399999618530273,23.450000762939453,23.399999618530273,23.450000762939453,6053,0.0,0.0
2025-05-12 04:40:00+00:00,23.5,23.5,23.5,23.5,4001,0.0,0.0
2025-05-12 04:45:00+00:00,23.5,23.5,23.399999618530273,23.399999618530273,4248,0.0,0.0
2025-05-12 04:55:00+00:00,23.5,23.549999237060547,23.5,23.549999237060547,6051,0.0,0.0
2025-05-12 05:00:00+00:00,23.450000762939453,23.450000762939453,23.450000762939453,23.450000762939453,1000,0.0,0.0
2025-05-12 05:10:00+00:00,23.5,23.5,23.5,23.5,1000,0.0,0.0
2025-05-12 05:15:00+00:00,23.5,23.549999237060547,23.450000762939453,23.549999237060547,4221,0.0,0.0
2025-05-12 05:20:00+00:00,23.549999237060547,23.549999237060547,23.549999237060547,23.549999237060547,1031,0.0,0.0
2025-05-13 01:00:00+00:00,23.600000381469727,23.850000381469727,23.600000381469727,23.850000381469727,0,0.0,0.0
2025-05-13 01:05:00+00:00,23.899999618530273,24.0,23.799999237060547,23.799999237060547,13134,0.0,0.0
2025-05-13 01:10:00+00:00,23.899999618530273,23.899999618530273,23.75,23.75,4000,0.0,0.0
2025-05-13 01:15:00+00:00,23.799999237060547,23.799999237060547,23.799999237060547,23.799999237060547,3000,0.0,0.0
2025-05-13 01:20:00+00:00,23.799999237060547,23.950000762939453,23.75,23.75,339014,0.0,0.0
2025-05-13 01:25:00+00:00,23.850000381469727,23.850000381469727,23.799999237060547,23.799999237060547,26000,0.0,0.0
2025-05-13 01:30:00+00:00,23.850000381469727,23.850000381469727,23.799999237060547,23.850000381469727,13000,0.0,0.0
2025-05-13 01:35:00+00:00,23.850000381469727,23.899999618530273,23.850000381469727,23.899999618530273,5000,0.0,0.0
2025-05-13 01:45:00+00:00,23.899999618530273,23.899999618530273,23.850000381469727,23.850000381469727,5002,0.0,0.0
2025-05-13 01:55:00+00:00,23.799999237060547,23.799999237060547,23.799999237060547,23.799999237060547,6000,0.0,0.0
2025-05-13 02:00:00+00:00,23.799999237060547,23.799999237060547,23.799999237060547,23.799999237060547,3000,0.0,0.0
2025-05-13 02:05:00+00:00,23.850000381469727,23.850000381469727,23.75,23.75,6204,0.0,0.0
2025-05-13 02:10:00+00:00,23.700000762939453,23.700000762939453,23.700000762939453,23.700000762939453,1000,0.0,0.0
2025-05-13 02:15:00+00:00,23.700000762939453,23.700000762939453,23.700000762939453,23.700000762939453,3000,0.0,0.0
2025-05-13 02:20:00+00:00,23.700000762939453,23.700000762939453,23.700000762939453,23.700000762939453,11000,0.0,0.0
2025-05-13 02:30:00+00:00,23.700000762939453,23.700000762939453,23.700000762939453,23.700000762939453,1250,0.0,0.0
2025-05-13 02:40:00+00:00,23.700000762939453,23.700000762939453,23.700000762939453,23.700000762939453,2001,0.0,0.0
2025-05-13 02:50:00+00:00,23.700000762939453,23.700000762939453,23.700000762939453,23.700000762939453,1000,0.0,0.0
2025-05-13 03:00:00+00:00,23.649999618530273,23.649999618530273,23.649999618530273,23.649999618530273,9010,0.0,0.0
2025-05-13 03:05:00+00:00,23.649999618530273,23.649999618530273,23.649999618530273,23.649999618530273,1000,0.0,0.0
2025-05-13 03:10:00+00:00,23.600000381469727,23.600000381469727,23.600000381469727,23.600000381469727,14000,0.0,0.0
2025-05-13 03:15:00+00:00,23.549999237060547,23.549999237060547,23.549999237060547,23.549999237060547,23214,0.0,0.0
2025-05-13 03:20:00+00:00,23.5,23.549999237060547,23.5,23.549999237060547,5501,0.0,0.0
2025-05-13 03:25:00+00:00,23.5,23.5,23.5,23.5,1000,0.0,0.0
2025-05-13 03:55:00+00:00,23.5,23.5,23.5,23.5,6016,0.0,0.0
2025-05-13 04:00:00+00:00,23.5,23.5,23.5,23.5,15404,0.0,0.0
2025-05-13 04:05:00+00:00,23.450000762939453,23.450000762939453,23.450000762939453,23.450000762939453,5000,0.0,0.0
2025-05-13 04:10:00+00:00,23.5,23.5,23.5,23.5,1001,0.0,0.0
2025-05-13 04:15:00+00:00,23.450000762939453,23.450000762939453,23.450000762939453,23.450000762939453,4009,0.0,0.0
2025-05-13 04:25:00+00:00,23.399999618530273,23.399999618530273,23.399999618530273,23.399999618530273,1002,0.0,0.0
2025-05-13 04:30:00+00:00,23.5,23.5,23.200000762939453,23.200000762939453,26352,0.0,0.0
2025-05-13 04:35:00+00:00,23.299999237060547,23.350000381469727,23.100000381469727,23.350000381469727,41378,0.0,0.0
2025-05-13 04:40:00+00:00,23.299999237060547,23.299999237060547,23.299999237060547,23.299999237060547,1004,0.0,0.0
2025-05-13 04:50:00+00:00,23.299999237060547,23.299999237060547,23.299999237060547,23.299999237060547,2107,0.0,0.0
2025-05-13 04:55:00+00:00,23.299999237060547,23.299999237060547,23.25,23.25,9200,0.0,0.0
2025-05-13 05:00:00+00:00,23.25,23.25,23.25,23.25,3000,0.0,0.0
2025-05-13 05:05:00+00:00,23.299999237060547,23.299999237060547,23.299999237060547,23.299999237060547,3000,0.0,0.0
2025-05-13 05:10:00+00:00,23.299999237060547,23.299999237060547,23.299999237060547,23.299999237060547,4000,0.0,0.0
2025-05-13 05:15:00+00:00,23.299999237060547,23.350000381469727,23.299999237060547,23.350000381469727,7000,0.0,0.0
2025-05-13 05:20:00+00:00,23.25,23.399999618530273,23.25,23.399999618530273,5208,0.0,0.0
2025-05-14 01:00:00+00:00,23.5,23.600000381469727,23.5,23.549999237060547,0,0.0,0.0
2025-05-14 01:05:00+00:00,23.549999237060547,23.549999237060547,23.549999237060547,23.549999237060547,6138,0.0,0.0
2025-05-14 01:15:00+00:00,23.549999237060547,23.600000381469727,23.549999237060547,23.600000381469727,12000,0.0,0.0
2025-05-14 01:20:00+00:00,23.600000381469727,23.600000381469727,23.600000381469727,23.600000381469727,2000,0.0,0.0
2025-05-14 01:25:00+00:00,23.600000381469727,23.600000381469727,23.600000381469727,23.600000381469727,2000,0.0,0.0
2025-05-14 01:30:00+00:00,23.600000381469727,23.600000381469727,23.600000381469727,23.600000381469727,1294,0.0,0.0
2025-05-14 01:35:00+00:00,23.600000381469727,23.600000381469727,23.600000381469727,23.600000381469727,1000,0.0,0.0
2025-05-14 01:40:00+00:00,23.600000381469727,23.600000381469727,23.600000381469727,23.600000381469727,10000,0.0,0.0
2025-05-14 01:45:00+00:00,23.600000381469727,23.600000381469727,23.549999237060547,23.549999237060547,10000,0.0,0.0
2025-05-14 01:50:00+00:00,23.600000381469727,23.600000381469727,23.600000381469727,23.600000381469727,1007,0.0,0.0
2025-05-14 02:00:00+00:00,23.549999237060547,23.549999237060547,23.549999237060547,23.549999237060547,2012,0.0,0.0
2025-05-14 02:10:00+00:00,23.600000381469727,23.600000381469727,23.600000381469727,23.600000381469727,2000,0.0,0.0
2025-05-14 02:15:00+00:00,23.549999237060547,23.549999237060547,23.549999237060547,23.549999237060547,11001,0.0,0.0
2025-05-14 02:25:00+00:00,23.549999237060547,23.549999237060547,23.549999237060547,23.549999237060547,15000,0.0,0.0
2025-05-14 02:35:00+00:00,23.5,23.5,23.5,23.5,6000,0.0,0.0
2025-05-14 02:40:00+00:00,23.5,23.549999237060547,23.5,23.549999237060547,44000,0.0,0.0
2025-05-14 02:45:00+00:00,23.549999237060547,23.549999237060547,23.549999237060547,23.549999237060547,7001,0.0,0.0
2025-05-14 03:05:00+00:00,23.600000381469727,23.649999618530273,23.600000381469727,23.649999618530273,13000,0.0,0.0
2025-05-14 03:15:00+00:00,23.649999618530273,23.649999618530273,23.649999618530273,23.649999618530273,4000,0.0,0.0
2025-05-14 03:20:00+00:00,23.649999618530273,23.649999618530273,23.649999618530273,23.649999618530273,3002,0.0,0.0
2025-05-14 03:25:00+00:00,23.700000762939453,23.700000762939453,23.700000762939453,23.700000762939453,1000,0.0,0.0
2025-05-14 03:35:00+00:00,23.649999618530273,23.649999618530273,23.649999618530273,23.649999618530273,2000,0.0,0.0
2025-05-14 03:45:00+00:00,23.649999618530273,23.649999618530273,23.600000381469727,23.600000381469727,2000,0.0,0.0
2025-05-14 03:50:00+00:00,23.649999618530273,23.649999618530273,23.649999618530273,23.649999618530273,2000,0.0,0.0
2025-05-14 04:00:00+00:00,23.600000381469727,23.600000381469727,23.600000381469727,23.600000381469727,1000,0.0,0.0
2025-05-14 04:05:00+00:00,23.649999618530273,23.700000762939453,23.600000381469727,23.600000381469727,6000,0.0,0.0
2025-05-14 04:10:00+00:00,23.600000381469727,23.649999618530273,23.600000381469727,23.649999618530273,3000,0.0,0.0
2025-05-14 04:20:00+00:00,23.649999618530273,23.649999618530273,23.649999618530273,23.649999618530273,1020,0.0,0.0
2025-05-14 04:25:00+00:00,23.649999618530273,23.649999618530273,23.649999618530273,23.649999618530273,7026,0.0,0.0
2025-05-14 04:30:00+00:00,23.649999618530273,23.75,23.649999618530273,23.75,12020,0.0,0.0
2025-05-14 04:35:00+00:00,23.75,23.75,23.75,23.75,2037,0.0,0.0
2025-05-14 04:40:00+00:00,23.75,23.75,23.75,23.75,10013,0.0,0.0
2025-05-14 04:45:00+00:00,23.700000762939453,23.700000762939453,23.700000762939453,23.700000762939453,3112,0.0,0.0
2025-05-14 04:55:00+00:00,23.75,23.75,23.75,23.75,6061,0.0,0.0
2025-05-14 05:00:00+00:00,23.75,23.75,23.75,23.75,4248,0.0,0.0
2025-05-14 05:05:00+00:00,23.75,23.799999237060547,23.700000762939453,23.799999237060547,18177,0.0,0.0
2025-05-14 05:10:00+00:00,23.799999237060547,23.799999237060547,23.75,23.799999237060547,6054,0.0,0.0
2025-05-14 05:20:00+00:00,23.799999237060547,23.799999237060547,23.799999237060547,23.799999237060547,6403,0.0,0.0
2025-05-15 01:00:00+00:00,23.850000381469727,23.850000381469727,23.75,23.850000381469727,0,0.0,0.0
2025-05-15 01:05:00+00:00,23.850000381469727,23.950000762939453,23.850000381469727,23.899999618530273,19000,0.0,0.0
2025-05-15 01:10:00+00:00,23.950000762939453,24.0,23.950000762939453,24.0,5219,0.0,0.0
2025-05-15 01:15:00+00:00,24.0,24.0,23.899999618530273,23.899999618530273,3018,0.0,0.0
2025-05-15 01:20:00+00:00,23.950000762939453,23.950000762939453,23.850000381469727,23.850000381469727,10000,0.0,0.0
2025-05-15 01:25:00+00:00,23.850000381469727,23.850000381469727,23.700000762939453,23.700000762939453,28107,0.0,0.0
2025-05-15 01:30:00+00:00,23.799999237060547,23.850000381469727,23.799999237060547,23.850000381469727,2000,0.0,0.0
2025-05-15 01:35:00+00:00,23.700000762939453,23.700000762939453,23.700000762939453,23.700000762939453,1000,0.0,0.0
2025-05-15 01:40:00+00:00,23.799999237060547,23.799999237060547,23.799999237060547,23.799999237060547,1000,0.0,0.0
2025-05-15 01:50:00+00:00,23.75,23.75,23.75,23.75,2102,0.0,0.0
2025-05-15 02:00:00+00:00,23.700000762939453,23.700000762939453,23.649999618530273,23.649999618530273,6000,0.0,0.0
2025-05-15 02:05:00+00:00,23.700000762939453,23.700000762939453,23.700000762939453,23.700000762939453,1000,0.0,0.0
2025-05-15 02:10:00+00:00,23.700000762939453,23.700000762939453,23.700000762939453,23.700000762939453,1000,0.0,0.0
2025-05-15 02:15:00+00:00,23.700000762939453,23.700000762939453,23.700000762939453,23.700000762939453,4000,0.0,0.0
2025-05-15 02:20:00+00:00,23.75,23.75,23.75,23.75,1001,0.0,0.0
2025-05-15 02:55:00+00:00,23.75,23.75,23.649999618530273,23.700000762939453,20243,0.0,0.0
2025-05-15 03:00:00+00:00,23.700000762939453,23.700000762939453,23.649999618530273,23.649999618530273,3021,0.0,0.0
2025-05-15 03:05:00+00:00,23.649999618530273,23.649999618530273,23.649999618530273,23.649999618530273,6000,0.0,0.0
2025-05-15 03:20:00+00:00,23.649999618530273,23.649999618530273,23.649999618530273,23.649999618530273,1000,0.0,0.0
2025-05-15 03:35:00+00:00,23.649999618530273,23.649999618530273,23.600000381469727,23.600000381469727,9000,0.0,0.0
2025-05-15 03:40:00+00:00,23.600000381469727,23.600000381469727,23.549999237060547,23.549999237060547,6000,0.0,0.0
2025-05-15 03:50:00+00:00,23.600000381469727,23.600000381469727,23.600000381469727,23.600000381469727,2000,0.0,0.0
2025-05-15 04:00:00+00:00,23.649999618530273,23.649999618530273,23.649999618530273,23.649999618530273,1000,0.0,0.0
2025-05-15 04:05:00+00:00,23.600000381469727,23.600000381469727,23.600000381469727,23.600000381469727,1000,0.0,0.0
2025-05-15 04:10:00+00:00,23.600000381469727,23.600000381469727,23.600000381469727,23.600000381469727,1000,0.0,0.0
2025-05-15 04:15:00+00:00,23.600000381469727,23.600000381469727,23.600000381469727,23.600000381469727,5055,0.0,0.0
2025-05-15 04:20:00+00:00,23.549999237060547,23.549999237060547,23.549999237060547,23.549999237060547,3000,0.0,0.0
2025-05-15 04:25:00+00:00,23.549999237060547,23.549999237060547,23.549999237060547,23.549999237060547,1000,0.0,0.0
2025-05-15 04:30:00+00:00,23.549999237060547,23.649999618530273,23.549999237060547,23.649999618530273,5067,0.0,0.0
2025-05-15 04:40:00+00:00,23.549999237060547,23.549999237060547,23.549999237060547,23.549999237060547,1000,0.0,0.0
2025-05-15 04:45:00+00:00,23.549999237060547,23.549999237060547,23.549999237060547,23.549999237060547,6000,0.0,0.0
2025-05-15 04:50:00+00:00,23.600000381469727,23.600000381469727,23.600000381469727,23.600000381469727,1031,0.0,0.0
2025-05-15 05:10:00+00:00,23.600000381469727,23.600000381469727,23.600000381469727,23.600000381469727,6000,0.0,0.0
2025-05-15 05:15:00+00:00,23.600000381469727,23.600000381469727,23.600000381469727,23.600000381469727,2000,0.0,0.0
2025-05-15 05:20:00+00:00,23.600000381469727,23.600000381469727,23.600000381469727,23.600000381469727,1417,0.0,0.0
2025-05-16 01:00:00+00:00,23.75,23.75,23.600000381469727,23.600000381469727,0,0.0,0.0
2025-05-16 01:15:00+00:00,23.600000381469727,23.600000381469727,23.600000381469727,23.600000381469727,1097,0.0,0.0
2025-05-16 01:20:00+00:00,23.600000381469727,23.600000381469727,23.600000381469727,23.600000381469727,1000,0.0,0.0
2025-05-16 01:25:00+00:00,23.600000381469727,23.600000381469727,23.600000381469727,23.600000381469727,1001,0.0,0.0
2025-05-16 01:55:00+00:00,23.600000381469727,23.600000381469727,23.600000381469727,23.600000381469727,1000,0.0,0.0
2025-05-16 02:00:00+00:00,23.600000381469727,23.600000381469727,23.600000381469727,23.600000381469727,2144,0.0,0.0
2025-05-16 02:10:00+00:00,23.600000381469727,23.600000381469727,23.600000381469727,23.600000381469727,5026,0.0,0.0
2025-05-16 02:20:00+00:00,23.600000381469727,23.600000381469727,23.600000381469727,23.600000381469727,5000,0.0,0.0
2025-05-16 02:25:00+00:00,23.600000381469727,23.600000381469727,23.549999237060547,23.549999237060547,6040,0.0,0.0
2025-05-16 02:30:00+00:00,23.649999618530273,23.649999618530273,23.649999618530273,23.649999618530273,1095,0.0,0.0
2025-05-16 02:45:00+00:00,23.600000381469727,23.600000381469727,23.600000381469727,23.600000381469727,3001,0.0,0.0
2025-05-16 03:20:00+00:00,23.600000381469727,23.649999618530273,23.600000381469727,23.649999618530273,2000,0.0,0.0
2025-05-16 03:30:00+00:00,23.600000381469727,23.649999618530273,23.600000381469727,23.649999618530273,5000,0.0,0.0
2025-05-16 03:35:00+00:00,23.649999618530273,23.649999618530273,23.600000381469727,23.600000381469727,15009,0.0,0.0
2025-05-16 03:40:00+00:00,23.649999618530273,23.649999618530273,23.600000381469727,23.600000381469727,4000,0.0,0.0
2025-05-16 03:45:00+00:00,23.649999618530273,23.649999618530273,23.649999618530273,23.649999618530273,3000,0.0,0.0
2025-05-16 03:50:00+00:00,23.649999618530273,23.649999618530273,23.600000381469727,23.600000381469727,4035,0.0,0.0
2025-05-16 03:55:00+00:00,23.600000381469727,23.600000381469727,23.600000381469727,23.600000381469727,2000,0.0,0.0
2025-05-16 04:00:00+00:00,23.649999618530273,23.649999618530273,23.649999618530273,23.649999618530273,1001,0.0,0.0
2025-05-16 04:35:00+00:00,23.600000381469727,23.600000381469727,23.600000381469727,23.600000381469727,3000,0.0,0.0
2025-05-16 04:40:00+00:00,23.600000381469727,23.600000381469727,23.600000381469727,23.600000381469727,1000,0.0,0.0
2025-05-16 04:45:00+00:00,23.600000381469727,23.600000381469727,23.600000381469727,23.600000381469727,4001,0.0,0.0
2025-05-16 04:50:00+00:00,23.649999618530273,23.649999618530273,23.649999618530273,23.649999618530273,1056,0.0,0.0
2025-05-16 05:10:00+00:00,23.649999618530273,23.649999618530273,23.600000381469727,23.600000381469727,3000,0.0,0.0
2025-05-16 05:15:00+00:00,23.600000381469727,23.600000381469727,23.600000381469727,23.600000381469727,1200,0.0,0.0
2025-05-16 05:20:00+00:00,23.600000381469727,23.600000381469727,23.549999237060547,23.549999237060547,3367,0.0,0.0
2025-05-19 01:00:00+00:00,23.600000381469727,23.600000381469727,23.399999618530273,23.399999618530273,0,0.0,0.0
2025-05-19 01:05:00+00:00,23.399999618530273,23.399999618530273,23.399999618530273,23.399999618530273,12015,0.0,0.0
2025-05-19 01:10:00+00:00,23.5,23.5,23.350000381469727,23.350000381469727,3085,0.0,0.0
2025-05-19 01:15:00+00:00,23.350000381469727,23.350000381469727,23.350000381469727,23.350000381469727,1000,0.0,0.0
2025-05-19 01:20:00+00:00,23.299999237060547,23.350000381469727,23.25,23.350000381469727,9013,0.0,0.0
2025-05-19 01:30:00+00:00,23.450000762939453,23.450000762939453,23.450000762939453,23.450000762939453,2000,0.0,0.0
2025-05-19 01:35:00+00:00,23.299999237060547,23.299999237060547,23.299999237060547,23.299999237060547,2000,0.0,0.0
2025-05-19 01:40:00+00:00,23.299999237060547,23.299999237060547,23.299999237060547,23.299999237060547,1200,0.0,0.0
2025-05-19 02:15:00+00:00,23.299999237060547,23.299999237060547,23.299999237060547,23.299999237060547,4299,0.0,0.0
2025-05-19 02:20:00+00:00,23.350000381469727,23.350000381469727,23.350000381469727,23.350000381469727,1000,0.0,0.0
2025-05-19 02:25:00+00:00,23.299999237060547,23.299999237060547,23.299999237060547,23.299999237060547,9000,0.0,0.0
2025-05-19 02:30:00+00:00,23.299999237060547,23.299999237060547,23.299999237060547,23.299999237060547,4286,0.0,0.0
2025-05-19 02:40:00+00:00,23.299999237060547,23.299999237060547,23.299999237060547,23.299999237060547,1001,0.0,0.0
2025-05-19 02:50:00+00:00,23.299999237060547,23.299999237060547,23.299999237060547,23.299999237060547,1000,0.0,0.0
2025-05-19 03:05:00+00:00,23.25,23.25,23.200000762939453,23.200000762939453,11000,0.0,0.0
2025-05-19 03:10:00+00:00,23.350000381469727,23.350000381469727,23.350000381469727,23.350000381469727,2000,0.0,0.0
2025-05-19 03:20:00+00:00,23.200000762939453,23.200000762939453,23.149999618530273,23.149999618530273,10010,0.0,0.0
2025-05-19 03:25:00+00:00,23.200000762939453,23.200000762939453,23.200000762939453,23.200000762939453,2070,0.0,0.0
2025-05-19 03:30:00+00:00,23.200000762939453,23.200000762939453,23.149999618530273,23.149999618530273,4346,0.0,0.0
2025-05-19 03:35:00+00:00,23.100000381469727,23.100000381469727,23.100000381469727,23.100000381469727,1000,0.0,0.0
2025-05-19 03:40:00+00:00,23.200000762939453,23.200000762939453,23.200000762939453,23.200000762939453,2000,0.0,0.0
2025-05-19 03:45:00+00:00,23.100000381469727,23.100000381469727,23.100000381469727,23.100000381469727,4350,0.0,0.0
2025-05-19 03:50:00+00:00,23.100000381469727,23.100000381469727,23.100000381469727,23.100000381469727,1000,0.0,0.0
2025-05-19 03:55:00+00:00,23.049999237060547,23.049999237060547,23.049999237060547,23.049999237060547,1000,0.0,0.0
2025-05-19 04:00:00+00:00,23.200000762939453,23.200000762939453,23.200000762939453,23.200000762939453,1000,0.0,0.0
2025-05-19 04:05:00+00:00,23.100000381469727,23.100000381469727,23.049999237060547,23.049999237060547,7000,0.0,0.0
2025-05-19 04:10:00+00:00,23.100000381469727,23.100000381469727,23.049999237060547,23.049999237060547,2000,0.0,0.0
2025-05-19 04:20:00+00:00,23.049999237060547,23.049999237060547,23.049999237060547,23.049999237060547,2000,0.0,0.0
2025-05-19 04:25:00+00:00,23.049999237060547,23.049999237060547,23.049999237060547,23.049999237060547,5000,0.0,0.0
2025-05-19 04:30:00+00:00,23.100000381469727,23.100000381469727,23.100000381469727,23.100000381469727,1102,0.0,0.0
2025-05-19 04:35:00+00:00,23.049999237060547,23.049999237060547,23.049999237060547,23.049999237060547,2000,0.0,0.0
2025-05-19 04:45:00+00:00,23.100000381469727,23.100000381469727,23.049999237060547,23.049999237060547,3100,0.0,0.0
2025-05-19 04:50:00+00:00,23.100000381469727,23.100000381469727,23.049999237060547,23.100000381469727,33000,0.0,0.0
2025-05-19 04:55:00+00:00,23.100000381469727,23.200000762939453,23.100000381469727,23.200000762939453,7000,0.0,0.0
2025-05-19 05:10:00+00:00,23.200000762939453,23.200000762939453,23.200000762939453,23.200000762939453,1001,0.0,0.0
2025-05-19 05:20:00+00:00,23.200000762939453,23.25,23.200000762939453,23.25,2000,0.0,0.0
2025-05-20 01:00:00+00:00,23.25,23.25,23.25,23.25,0,0.0,0.0
2025-05-20 01:30:00+00:00,23.149999618530273,23.149999618530273,23.149999618530273,23.149999618530273,5000,0.0,0.0
2025-05-20 01:40:00+00:00,23.100000381469727,23.100000381469727,23.100000381469727,23.100000381469727,3156,0.0,0.0
2025-05-20 02:20:00+00:00,23.149999618530273,23.149999618530273,23.149999618530273,23.149999618530273,2000,0.0,0.0
2025-05-20 02:25:00+00:00,23.049999237060547,23.100000381469727,23.049999237060547,23.100000381469727,3000,0.0,0.0
2025-05-20 02:30:00+00:00,23.100000381469727,23.100000381469727,23.100000381469727,23.100000381469727,2000,0.0,0.0
2025-05-20 02:35:00+00:00,23.100000381469727,23.100000381469727,23.100000381469727,23.100000381469727,1002,0.0,0.0
2025-05-20 02:45:00+00:00,23.100000381469727,23.100000381469727,23.100000381469727,23.100000381469727,1000,0.0,0.0
2025-05-20 02:50:00+00:00,23.100000381469727,23.100000381469727,23.100000381469727,23.100000381469727,1000,0.0,0.0
2025-05-20 02:55:00+00:00,23.049999237060547,23.149999618530273,23.049999237060547,23.149999618530273,5500,0.0,0.0
2025-05-20 03:05:00+00:00,23.200000762939453,23.200000762939453,23.200000762939453,23.200000762939453,1000,0.0,0.0
2025-05-20 03:10:00+00:00,23.200000762939453,23.25,23.200000762939453,23.25,25000,0.0,0.0
2025-05-20 03:15:00+00:00,23.200000762939453,23.200000762939453,23.200000762939453,23.200000762939453,1000,0.0,0.0
2025-05-20 03:20:00+00:00,23.200000762939453,23.200000762939453,23.200000762939453,23.200000762939453,3000,0.0,0.0
2025-05-20 03:25:00+00:00,23.149999618530273,23.149999618530273,23.100000381469727,23.100000381469727,6000,0.0,0.0
2025-05-20 03:30:00+00:00,23.149999618530273,23.200000762939453,23.149999618530273,23.149999618530273,3017,0.0,0.0
2025-05-20 04:20:00+00:00,23.049999237060547,23.049999237060547,23.049999237060547,23.049999237060547,2095,0.0,0.0
2025-05-20 04:25:00+00:00,23.049999237060547,23.049999237060547,23.0,23.0,20100,0.0,0.0
2025-05-20 04:30:00+00:00,23.100000381469727,23.149999618530273,23.100000381469727,23.149999618530273,4000,0.0,0.0
2025-05-20 04:35:00+00:00,23.149999618530273,23.200000762939453,23.100000381469727,23.100000381469727,22000,0.0,0.0
2025-05-20 04:40:00+00:00,23.200000762939453,23.200000762939453,23.200000762939453,23.200000762939453,3000,0.0,0.0
2025-05-20 04:50:00+00:00,23.25,23.25,23.25,23.25,1015,0.0,0.0
2025-05-20 05:00:00+00:00,23.25,23.25,23.200000762939453,23.200000762939453,4100,0.0,0.0
2025-05-20 05:05:00+00:00,23.200000762939453,23.200000762939453,23.200000762939453,23.200000762939453,1000,0.0,0.0
2025-05-20 05:10:00+00:00,23.25,23.25,23.100000381469727,23.100000381469727,7000,0.0,0.0
2025-05-20 05:15:00+00:00,23.100000381469727,23.100000381469727,23.100000381469727,23.100000381469727,4000,0.0,0.0
2025-05-20 05:20:00+00:00,23.100000381469727,23.100000381469727,23.100000381469727,23.100000381469727,1532,0.0,0.0
2025-05-21 01:00:00+00:00,23.25,23.25,23.25,23.25,0,0.0,0.0
2025-05-21 01:05:00+00:00,23.299999237060547,23.350000381469727,23.299999237060547,23.350000381469727,2406,0.0,0.0
2025-05-21 01:15:00+00:00,23.399999618530273,23.450000762939453,23.399999618530273,23.450000762939453,7001,0.0,0.0
2025-05-21 01:25:00+00:00,23.450000762939453,23.450000762939453,23.450000762939453,23.450000762939453,4000,0.0,0.0
2025-05-21 01:30:00+00:00,23.5,23.5,23.5,23.5,1000,0.0,0.0
2025-05-21 01:35:00+00:00,23.450000762939453,23.450000762939453,23.450000762939453,23.450000762939453,1021,0.0,0.0
2025-05-21 01:40:00+00:00,23.5,23.5,23.5,23.5,3000,0.0,0.0
2025-05-21 01:45:00+00:00,23.5,23.5,23.5,23.5,1000,0.0,0.0
2025-05-21 01:50:00+00:00,23.5,23.5,23.5,23.5,1000,0.0,0.0
2025-05-21 01:55:00+00:00,23.450000762939453,23.450000762939453,23.450000762939453,23.450000762939453,1001,0.0,0.0
2025-05-21 02:00:00+00:00,23.450000762939453,23.450000762939453,23.450000762939453,23.450000762939453,2000,0.0,0.0
2025-05-21 02:05:00+00:00,23.299999237060547,23.299999237060547,23.299999237060547,23.299999237060547,2204,0.0,0.0
2025-05-21 02:15:00+00:00,23.299999237060547,23.299999237060547,23.299999237060547,23.299999237060547,1000,0.0,0.0
2025-05-21 02:20:00+00:00,23.299999237060547,23.299999237060547,23.299999237060547,23.299999237060547,20027,0.0,0.0
2025-05-21 02:30:00+00:00,23.450000762939453,23.450000762939453,23.450000762939453,23.450000762939453,4000,0.0,0.0
2025-05-21 02:55:00+00:00,23.450000762939453,23.450000762939453,23.450000762939453,23.450000762939453,1000,0.0,0.0
2025-05-21 03:00:00+00:00,23.450000762939453,23.450000762939453,23.450000762939453,23.450000762939453,3000,0.0,0.0
2025-05-21 03:05:00+00:00,23.450000762939453,23.450000762939453,23.450000762939453,23.450000762939453,1000,0.0,0.0
2025-05-21 03:10:00+00:00,23.5,23.5,23.5,23.5,1000,0.0,0.0
2025-05-21 03:15:00+00:00,23.5,23.5,23.5,23.5,1000,0.0,0.0
2025-05-21 03:20:00+00:00,23.5,23.5,23.5,23.5,1000,0.0,0.0
2025-05-21 03:25:00+00:00,23.5,23.5,23.5,23.5,1000,0.0,0.0
2025-05-21 03:30:00+00:00,23.5,23.5,23.5,23.5,16000,0.0,0.0
2025-05-21 03:35:00+00:00,23.5,23.5,23.5,23.5,2000,0.0,0.0
2025-05-21 03:40:00+00:00,23.549999237060547,23.549999237060547,23.549999237060547,23.549999237060547,5000,0.0,0.0
2025-05-21 03:45:00+00:00,23.5,23.5,23.5,23.5,2000,0.0,0.0
2025-05-21 03:50:00+00:00,23.600000381469727,23.600000381469727,23.600000381469727,23.600000381469727,1000,0.0,0.0
2025-05-21 04:05:00+00:00,23.549999237060547,23.549999237060547,23.549999237060547,23.549999237060547,1000,0.0,0.0
2025-05-21 04:10:00+00:00,23.600000381469727,23.600000381469727,23.600000381469727,23.600000381469727,1002,0.0,0.0
2025-05-21 04:15:00+00:00,23.600000381469727,23.600000381469727,23.549999237060547,23.549999237060547,12050,0.0,0.0
2025-05-21 04:20:00+00:00,23.600000381469727,23.649999618530273,23.600000381469727,23.649999618530273,17000,0.0,0.0
2025-05-21 04:30:00+00:00,23.700000762939453,23.700000762939453,23.649999618530273,23.649999618530273,4100,0.0,0.0
2025-05-21 04:40:00+00:00,23.700000762939453,23.700000762939453,23.700000762939453,23.700000762939453,2000,0.0,0.0
2025-05-21 05:00:00+00:00,23.649999618530273,23.649999618530273,23.649999618530273,23.649999618530273,3000,0.0,0.0
2025-05-21 05:05:00+00:00,23.600000381469727,23.600000381469727,23.600000381469727,23.600000381469727,1000,0.0,0.0
2025-05-21 05:10:00+00:00,23.649999618530273,23.75,23.649999618530273,23.75,33110,0.0,0.0
2025-05-21 05:15:00+00:00,23.799999237060547,23.799999237060547,23.799999237060547,23.799999237060547,18000,0.0,0.0
2025-05-21 05:20:00+00:00,23.75,23.799999237060547,23.75,23.75,4000,0.0,0.0
2025-05-22 01:00:00+00:00,23.75,23.75,23.75,23.75,0,0.0,0.0
2025-05-22 01:05:00+00:00,23.5,23.75,23.5,23.75,2030,0.0,0.0
2025-05-22 01:10:00+00:00,23.5,23.5,23.5,23.5,2000,0.0,0.0
2025-05-22 01:15:00+00:00,23.549999237060547,23.549999237060547,23.5,23.5,4000,0.0,0.0
2025-05-22 01:20:00+00:00,23.5,23.5,23.5,23.5,4000,0.0,0.0
2025-05-22 01:30:00+00:00,23.5,23.5,23.5,23.5,1209,0.0,0.0
2025-05-22 01:40:00+00:00,23.5,23.5,23.5,23.5,2251,0.0,0.0
2025-05-22 01:50:00+00:00,23.450000762939453,23.450000762939453,23.450000762939453,23.450000762939453,2390,0.0,0.0
2025-05-22 02:00:00+00:00,23.399999618530273,23.399999618530273,23.299999237060547,23.299999237060547,3000,0.0,0.0
2025-05-22 02:10:00+00:00,23.399999618530273,23.399999618530273,23.399999618530273,23.399999618530273,1000,0.0,0.0
2025-05-22 02:15:00+00:00,23.399999618530273,23.450000762939453,23.399999618530273,23.450000762939453,12000,0.0,0.0
2025-05-22 02:20:00+00:00,23.5,23.5,23.5,23.5,5000,0.0,0.0
2025-05-22 02:30:00+00:00,23.5,23.5,23.5,23.5,2000,0.0,0.0
2025-05-22 02:40:00+00:00,23.600000381469727,23.649999618530273,23.600000381469727,23.649999618530273,4011,0.0,0.0
2025-05-22 02:55:00+00:00,23.549999237060547,23.549999237060547,23.549999237060547,23.549999237060547,5000,0.0,0.0
2025-05-22 03:00:00+00:00,23.649999618530273,23.649999618530273,23.649999618530273,23.649999618530273,1000,0.0,0.0
2025-05-22 03:15:00+00:00,23.600000381469727,23.600000381469727,23.600000381469727,23.600000381469727,5000,0.0,0.0
2025-05-22 03:25:00+00:00,23.649999618530273,23.649999618530273,23.649999618530273,23.649999618530273,1000,0.0,0.0
2025-05-22 03:35:00+00:00,23.649999618530273,23.649999618530273,23.649999618530273,23.649999618530273,1009,0.0,0.0
2025-05-22 04:20:00+00:00,23.649999618530273,23.649999618530273,23.649999618530273,23.649999618530273,1000,0.0,0.0
2025-05-22 04:30:00+00:00,23.549999237060547,23.549999237060547,23.549999237060547,23.549999237060547,1000,0.0,0.0
2025-05-22 04:40:00+00:00,23.649999618530273,23.649999618530273,23.549999237060547,23.549999237060547,4050,0.0,0.0
2025-05-22 04:50:00+00:00,23.549999237060547,23.549999237060547,23.399999618530273,23.450000762939453,11083,0.0,0.0
2025-05-22 05:00:00+00:00,23.600000381469727,23.649999618530273,23.600000381469727,23.649999618530273,2002,0.0,0.0
2025-05-22 05:20:00+00:00,23.5,23.5,23.5,23.5,2017,0.0,0.0
2025-05-23 01:00:00+00:00,23.450000762939453,23.549999237060547,23.450000762939453,23.549999237060547,0,0.0,0.0
2025-05-23 01:05:00+00:00,23.5,23.549999237060547,23.5,23.549999237060547,2009,0.0,0.0
2025-05-23 01:10:00+00:00,23.5,23.5,23.5,23.5,2000,0.0,0.0
2025-05-23 01:20:00+00:00,23.5,23.5,23.5,23.5,3018,0.0,0.0
2025-05-23 01:35:00+00:00,23.450000762939453,23.450000762939453,23.450000762939453,23.450000762939453,4002,0.0,0.0
2025-05-23 01:40:00+00:00,23.5,23.5,23.5,23.5,1070,0.0,0.0
2025-05-23 02:05:00+00:00,23.450000762939453,23.450000762939453,23.450000762939453,23.450000762939453,1000,0.0,0.0
2025-05-23 02:10:00+00:00,23.450000762939453,23.450000762939453,23.450000762939453,23.450000762939453,2000,0.0,0.0
2025-05-23 02:25:00+00:00,23.450000762939453,23.450000762939453,23.450000762939453,23.450000762939453,1001,0.0,0.0
2025-05-23 02:35:00+00:00,23.450000762939453,23.450000762939453,23.450000762939453,23.450000762939453,1000,0.0,0.0
2025-05-23 02:40:00+00:00,23.399999618530273,23.399999618530273,23.399999618530273,23.399999618530273,7004,0.0,0.0
2025-05-23 02:50:00+00:00,23.5,23.5,23.5,23.5,2716,0.0,0.0
2025-05-23 04:30:00+00:00,23.399999618530273,23.399999618530273,23.399999618530273,23.399999618530273,4000,0.0,0.0
2025-05-23 04:40:00+00:00,23.450000762939453,23.450000762939453,23.450000762939453,23.450000762939453,1051,0.0,0.0
2025-05-23 04:55:00+00:00,23.350000381469727,23.350000381469727,23.350000381469727,23.350000381469727,6101,0.0,0.0
2025-05-23 05:00:00+00:00,23.350000381469727,23.450000762939453,23.350000381469727,23.450000762939453,3221,0.0,0.0
2025-05-23 05:10:00+00:00,23.399999618530273,23.399999618530273,23.399999618530273,23.399999618530273,1000,0.0,0.0
2025-05-23 05:15:00+00:00,23.350000381469727,23.399999618530273,23.350000381469727,23.399999618530273,2000,0.0,0.0
2025-05-23 05:20:00+00:00,23.450000762939453,23.450000762939453,23.450000762939453,23.450000762939453,3207,0.0,0.0
2025-05-26 01:00:00+00:00,23.549999237060547,23.549999237060547,23.299999237060547,23.299999237060547,0,0.0,0.0
2025-05-26 01:05:00+00:00,23.350000381469727,23.350000381469727,23.350000381469727,23.350000381469727,3042,0.0,0.0
2025-05-26 01:10:00+00:00,23.350000381469727,23.350000381469727,23.350000381469727,23.350000381469727,1000,0.0,0.0
2025-05-26 01:20:00+00:00,23.399999618530273,23.399999618530273,23.399999618530273,23.399999618530273,1000,0.0,0.0
2025-05-26 01:25:00+00:00,23.350000381469727,23.350000381469727,23.350000381469727,23.350000381469727,2000,0.0,0.0
2025-05-26 01:30:00+00:00,23.350000381469727,23.350000381469727,23.299999237060547,23.350000381469727,55000,0.0,0.0
2025-05-26 01:35:00+00:00,23.350000381469727,23.399999618530273,23.350000381469727,23.399999618530273,5000,0.0,0.0
2025-05-26 01:40:00+00:00,23.350000381469727,23.549999237060547,23.350000381469727,23.399999618530273,9467,0.0,0.0
2025-05-26 01:45:00+00:00,23.5,23.5,23.5,23.5,2000,0.0,0.0
2025-05-26 01:50:00+00:00,23.450000762939453,23.600000381469727,23.450000762939453,23.450000762939453,8000,0.0,0.0
2025-05-26 01:55:00+00:00,23.450000762939453,23.450000762939453,23.450000762939453,23.450000762939453,4000,0.0,0.0
2025-05-26 02:00:00+00:00,23.450000762939453,23.549999237060547,23.450000762939453,23.549999237060547,2000,0.0,0.0
2025-05-26 02:10:00+00:00,23.399999618530273,23.399999618530273,23.399999618530273,23.399999618530273,11038,0.0,0.0
2025-05-26 02:15:00+00:00,23.399999618530273,23.399999618530273,23.399999618530273,23.399999618530273,9000,0.0,0.0
2025-05-26 02:20:00+00:00,23.450000762939453,23.450000762939453,23.450000762939453,23.450000762939453,3000,0.0,0.0
2025-05-26 02:25:00+00:00,23.450000762939453,23.450000762939453,23.450000762939453,23.450000762939453,3000,0.0,0.0
2025-05-26 02:30:00+00:00,23.450000762939453,23.450000762939453,23.450000762939453,23.450000762939453,2000,0.0,0.0
2025-05-26 02:35:00+00:00,23.450000762939453,23.450000762939453,23.450000762939453,23.450000762939453,5000,0.0,0.0
2025-05-26 02:40:00+00:00,23.5,23.5,23.5,23.5,4000,0.0,0.0
2025-05-26 02:50:00+00:00,23.549999237060547,23.549999237060547,23.549999237060547,23.549999237060547,1000,0.0,0.0
2025-05-26 03:10:00+00:00,23.5,23.5,23.5,23.5,1050,0.0,0.0
2025-05-26 03:20:00+00:00,23.5,23.5,23.5,23.5,1000,0.0,0.0
2025-05-26 03:30:00+00:00,23.5,23.5,23.5,23.5,1000,0.0,0.0
2025-05-26 03:40:00+00:00,23.450000762939453,23.450000762939453,23.450000762939453,23.450000762939453,4000,0.0,0.0
2025-05-26 03:50:00+00:00,23.5,23.5,23.5,23.5,1045,0.0,0.0
2025-05-26 03:55:00+00:00,23.450000762939453,23.450000762939453,23.450000762939453,23.450000762939453,2015,0.0,0.0
2025-05-26 04:10:00+00:00,23.450000762939453,23.450000762939453,23.450000762939453,23.450000762939453,3000,0.0,0.0
2025-05-26 04:20:00+00:00,23.5,23.5,23.5,23.5,2050,0.0,0.0
2025-05-26 04:35:00+00:00,23.5,23.5,23.5,23.5,2001,0.0,0.0
2025-05-26 04:40:00+00:00,23.450000762939453,23.450000762939453,23.399999618530273,23.399999618530273,25000,0.0,0.0
2025-05-26 04:45:00+00:00,23.399999618530273,23.399999618530273,23.399999618530273,23.399999618530273,11000,0.0,0.0
2025-05-26 04:50:00+00:00,23.450000762939453,23.5,23.450000762939453,23.450000762939453,7000,0.0,0.0
2025-05-26 05:00:00+00:00,23.450000762939453,23.450000762939453,23.450000762939453,23.450000762939453,1000,0.0,0.0
2025-05-26 05:10:00+00:00,23.399999618530273,23.399999618530273,23.399999618530273,23.399999618530273,3234,0.0,0.0
2025-05-26 05:15:00+00:00,23.399999618530273,23.399999618530273,23.399999618530273,23.399999618530273,4000,0.0,0.0
2025-05-26 05:20:00+00:00,23.399999618530273,23.399999618530273,23.399999618530273,23.399999618530273,5462,0.0,0.0
2025-05-27 01:00:00+00:00,23.5,23.5,23.5,23.5,0,0.0,0.0
2025-05-27 01:05:00+00:00,23.350000381469727,23.350000381469727,23.350000381469727,23.350000381469727,1003,0.0,0.0
2025-05-27 01:10:00+00:00,23.350000381469727,23.350000381469727,23.350000381469727,23.350000381469727,5000,0.0,0.0
2025-05-27 01:15:00+00:00,23.399999618530273,23.399999618530273,23.399999618530273,23.399999618530273,2000,0.0,0.0
2025-05-27 01:25:00+00:00,23.5,23.5,23.5,23.5,1001,0.0,0.0
2025-05-27 01:35:00+00:00,23.450000762939453,23.450000762939453,23.450000762939453,23.450000762939453,1000,0.0,0.0
2025-05-27 01:45:00+00:00,23.350000381469727,23.350000381469727,23.350000381469727,23.350000381469727,1000,0.0,0.0
2025-05-27 01:50:00+00:00,23.350000381469727,23.350000381469727,23.350000381469727,23.350000381469727,4000,0.0,0.0
2025-05-27 02:00:00+00:00,23.450000762939453,23.450000762939453,23.450000762939453,23.450000762939453,1000,0.0,0.0
2025-05-27 02:05:00+00:00,23.350000381469727,23.350000381469727,23.299999237060547,23.299999237060547,7000,0.0,0.0
2025-05-27 02:10:00+00:00,23.299999237060547,23.399999618530273,23.25,23.399999618530273,5000,0.0,0.0
2025-05-27 02:15:00+00:00,23.350000381469727,23.350000381469727,23.350000381469727,23.350000381469727,2000,0.0,0.0
2025-05-27 02:20:00+00:00,23.350000381469727,23.399999618530273,23.350000381469727,23.399999618530273,2000,0.0,0.0
2025-05-27 02:25:00+00:00,23.350000381469727,23.350000381469727,23.200000762939453,23.200000762939453,13000,0.0,0.0
2025-05-27 02:30:00+00:00,23.350000381469727,23.399999618530273,23.350000381469727,23.399999618530273,2000,0.0,0.0
2025-05-27 02:40:00+00:00,23.350000381469727,23.350000381469727,23.350000381469727,23.350000381469727,1281,0.0,0.0
2025-05-27 03:15:00+00:00,23.25,23.25,23.25,23.25,1050,0.0,0.0
2025-05-27 03:40:00+00:00,23.299999237060547,23.299999237060547,23.299999237060547,23.299999237060547,1005,0.0,0.0
2025-05-27 03:55:00+00:00,23.299999237060547,23.299999237060547,23.299999237060547,23.299999237060547,3000,0.0,0.0
2025-05-27 04:00:00+00:00,23.350000381469727,23.350000381469727,23.299999237060547,23.299999237060547,9000,0.0,0.0
2025-05-27 04:10:00+00:00,23.25,23.25,23.25,23.25,5000,0.0,0.0
2025-05-27 04:20:00+00:00,23.299999237060547,23.299999237060547,23.25,23.25,3022,0.0,0.0
2025-05-27 04:25:00+00:00,23.25,23.25,23.200000762939453,23.200000762939453,6000,0.0,0.0
2025-05-27 04:30:00+00:00,23.200000762939453,23.200000762939453,23.200000762939453,23.200000762939453,1000,0.0,0.0
2025-05-27 04:35:00+00:00,23.200000762939453,23.200000762939453,23.200000762939453,23.200000762939453,1000,0.0,0.0
2025-05-27 04:40:00+00:00,23.200000762939453,23.299999237060547,23.200000762939453,23.299999237060547,4000,0.0,0.0
2025-05-27 04:45:00+00:00,23.299999237060547,23.299999237060547,23.299999237060547,23.299999237060547,1110,0.0,0.0
2025-05-27 05:15:00+00:00,23.200000762939453,23.25,23.200000762939453,23.25,7000,0.0,0.0
2025-05-27 05:20:00+00:00,23.299999237060547,23.299999237060547,23.299999237060547,23.299999237060547,2048,0.0,0.0
2025-05-28 01:00:00+00:00,23.399999618530273,23.399999618530273,23.399999618530273,23.399999618530273,0,0.0,0.0
2025-05-28 01:25:00+00:00,23.399999618530273,23.399999618530273,23.350000381469727,23.350000381469727,4051,0.0,0.0
2025-05-28 01:45:00+00:00,23.299999237060547,23.299999237060547,23.299999237060547,23.299999237060547,1000,0.0,0.0
2025-05-28 01:50:00+00:00,23.350000381469727,23.350000381469727,23.350000381469727,23.350000381469727,2261,0.0,0.0
2025-05-28 02:05:00+00:00,23.350000381469727,23.350000381469727,23.350000381469727,23.350000381469727,1009,0.0,0.0
2025-05-28 02:15:00+00:00,23.350000381469727,23.350000381469727,23.350000381469727,23.350000381469727,2000,0.0,0.0
2025-05-28 02:35:00+00:00,23.350000381469727,23.350000381469727,23.350000381469727,23.350000381469727,1000,0.0,0.0
2025-05-28 02:40:00+00:00,23.350000381469727,23.350000381469727,23.350000381469727,23.350000381469727,2000,0.0,0.0
2025-05-28 02:45:00+00:00,23.350000381469727,23.350000381469727,23.350000381469727,23.350000381469727,10000,0.0,0.0
2025-05-28 02:50:00+00:00,23.399999618530273,23.399999618530273,23.399999618530273,23.399999618530273,1020,0.0,0.0
2025-05-28 03:10:00+00:00,23.399999618530273,23.399999618530273,23.299999237060547,23.299999237060547,4001,0.0,0.0
2025-05-28 03:15:00+00:00,23.350000381469727,23.350000381469727,23.299999237060547,23.299999237060547,7000,0.0,0.0
2025-05-28 03:20:00+00:00,23.399999618530273,23.399999618530273,23.399999618530273,23.399999618530273,1000,0.0,0.0
2025-05-28 03:30:00+00:00,23.399999618530273,23.399999618530273,23.399999618530273,23.399999618530273,1000,0.0,0.0
2025-05-28 03:45:00+00:00,23.350000381469727,23.350000381469727,23.350000381469727,23.350000381469727,4008,0.0,0.0
2025-05-28 03:50:00+00:00,23.399999618530273,23.399999618530273,23.399999618530273,23.399999618530273,1001,0.0,0.0
2025-05-28 04:05:00+00:00,23.399999618530273,23.399999618530273,23.399999618530273,23.399999618530273,1210,0.0,0.0
2025-05-28 04:35:00+00:00,23.25,23.25,23.200000762939453,23.200000762939453,8361,0.0,0.0
2025-05-28 04:40:00+00:00,23.149999618530273,23.149999618530273,23.149999618530273,23.149999618530273,1000,0.0,0.0
2025-05-28 04:45:00+00:00,23.25,23.299999237060547,23.25,23.299999237060547,2000,0.0,0.0
2025-05-28 04:50:00+00:00,23.299999237060547,23.299999237060547,23.149999618530273,23.149999618530273,3001,0.0,0.0
2025-05-28 04:55:00+00:00,23.25,23.25,23.25,23.25,1001,0.0,0.0
2025-05-28 05:00:00+00:00,23.299999237060547,23.299999237060547,23.200000762939453,23.25,3000,0.0,0.0
2025-05-28 05:05:00+00:00,23.299999237060547,23.299999237060547,23.299999237060547,23.299999237060547,2283,0.0,0.0
2025-05-29 01:00:00+00:00,23.399999618530273,23.399999618530273,23.399999618530273,23.399999618530273,0,0.0,0.0
2025-05-29 01:05:00+00:00,23.350000381469727,23.350000381469727,23.350000381469727,23.350000381469727,1002,0.0,0.0
2025-05-29 01:10:00+00:00,23.350000381469727,23.350000381469727,23.350000381469727,23.350000381469727,1001,0.0,0.0
2025-05-29 01:20:00+00:00,23.25,23.25,23.25,23.25,1000,0.0,0.0
2025-05-29 01:25:00+00:00,23.200000762939453,23.200000762939453,23.149999618530273,23.149999618530273,4009,0.0,0.0
2025-05-29 01:30:00+00:00,23.100000381469727,23.100000381469727,23.100000381469727,23.100000381469727,2000,0.0,0.0
2025-05-29 01:35:00+00:00,23.100000381469727,23.100000381469727,23.100000381469727,23.100000381469727,3000,0.0,0.0
2025-05-29 01:40:00+00:00,23.200000762939453,23.200000762939453,23.200000762939453,23.200000762939453,1000,0.0,0.0
2025-05-29 01:50:00+00:00,23.200000762939453,23.200000762939453,23.200000762939453,23.200000762939453,1000,0.0,0.0
2025-05-29 01:55:00+00:00,23.25,23.25,23.25,23.25,1000,0.0,0.0
2025-05-29 02:10:00+00:00,23.25,23.25,23.25,23.25,1001,0.0,0.0
2025-05-29 02:35:00+00:00,23.100000381469727,23.100000381469727,23.100000381469727,23.100000381469727,6050,0.0,0.0
2025-05-29 02:40:00+00:00,23.100000381469727,23.100000381469727,23.049999237060547,23.049999237060547,16050,0.0,0.0
2025-05-29 02:45:00+00:00,23.0,23.049999237060547,23.0,23.0,12010,0.0,0.0
2025-05-29 02:50:00+00:00,23.100000381469727,23.100000381469727,23.100000381469727,23.100000381469727,4000,0.0,0.0
2025-05-29 03:00:00+00:00,23.149999618530273,23.149999618530273,23.149999618530273,23.149999618530273,1000,0.0,0.0
2025-05-29 03:15:00+00:00,23.0,23.0,23.0,23.0,27000,0.0,0.0
2025-05-29 03:25:00+00:00,23.0,23.149999618530273,23.0,23.149999618530273,1000,0.0,0.0
2025-05-29 03:30:00+00:00,23.149999618530273,23.25,23.149999618530273,23.25,5102,0.0,0.0
2025-05-29 03:40:00+00:00,23.25,23.25,23.25,23.25,1002,0.0,0.0
2025-05-29 03:55:00+00:00,23.100000381469727,23.100000381469727,23.100000381469727,23.100000381469727,1000,0.0,0.0
2025-05-29 04:00:00+00:00,23.200000762939453,23.299999237060547,23.149999618530273,23.149999618530273,7001,0.0,0.0
2025-05-29 04:05:00+00:00,23.200000762939453,23.25,23.200000762939453,23.25,2001,0.0,0.0
2025-05-29 04:10:00+00:00,23.299999237060547,23.299999237060547,23.299999237060547,23.299999237060547,2101,0.0,0.0
2025-05-29 04:25:00+00:00,23.200000762939453,23.200000762939453,23.149999618530273,23.200000762939453,8006,0.0,0.0
2025-05-29 04:30:00+00:00,23.25,23.25,23.25,23.25,1000,0.0,0.0
2025-05-29 04:45:00+00:00,23.100000381469727,23.200000762939453,23.100000381469727,23.200000762939453,2000,0.0,0.0
2025-05-29 04:55:00+00:00,23.149999618530273,23.25,23.149999618530273,23.25,3000,0.0,0.0
2025-05-29 05:00:00+00:00,23.299999237060547,23.299999237060547,23.299999237060547,23.299999237060547,1000,0.0,0.0
2025-05-29 05:05:00+00:00,23.200000762939453,23.200000762939453,23.200000762939453,23.200000762939453,3000,0.0,0.0
2025-05-29 05:10:00+00:00,23.25,23.299999237060547,23.25,23.299999237060547,2000,0.0,0.0
2025-05-29 05:15:00+00:00,23.200000762939453,23.25,23.200000762939453,23.200000762939453,3000,0.0,0.0
2025-05-29 05:20:00+00:00,23.25,23.25,23.25,23.25,1000,0.0,0.0
2025-06-02 01:00:00+00:00,23.200000762939453,23.200000762939453,23.0,23.0,0,0.0,0.0
2025-06-02 01:15:00+00:00,23.0,23.0,22.799999237060547,22.799999237060547,9102,0.0,0.0
2025-06-02 01:20:00+00:00,22.799999237060547,22.799999237060547,22.799999237060547,22.799999237060547,3045,0.0,0.0
2025-06-02 01:25:00+00:00,22.799999237060547,22.799999237060547,22.75,22.75,5165,0.0,0.0
2025-06-02 01:35:00+00:00,22.75,22.75,22.75,22.75,1000,0.0,0.0
2025-06-02 01:40:00+00:00,22.75,22.75,22.700000762939453,22.700000762939453,2000,0.0,0.0
2025-06-02 01:45:00+00:00,22.700000762939453,22.700000762939453,22.700000762939453,22.700000762939453,9001,0.0,0.0
2025-06-02 01:55:00+00:00,22.700000762939453,22.700000762939453,22.649999618530273,22.649999618530273,2000,0.0,0.0
2025-06-02 02:00:00+00:00,22.700000762939453,22.700000762939453,22.700000762939453,22.700000762939453,1000,0.0,0.0
2025-06-02 02:05:00+00:00,22.75,22.75,22.75,22.75,1234,0.0,0.0
2025-06-02 02:10:00+00:00,22.75,22.75,22.75,22.75,1000,0.0,0.0
2025-06-02 02:15:00+00:00,22.700000762939453,22.700000762939453,22.700000762939453,22.700000762939453,1000,0.0,0.0
2025-06-02 02:20:00+00:00,22.75,22.75,22.700000762939453,22.700000762939453,4000,0.0,0.0
2025-06-02 02:25:00+00:00,22.75,22.75,22.75,22.75,5000,0.0,0.0
2025-06-02 02:30:00+00:00,22.799999237060547,22.850000381469727,22.75,22.75,4000,0.0,0.0
2025-06-02 02:35:00+00:00,22.700000762939453,22.700000762939453,22.700000762939453,22.700000762939453,3000,0.0,0.0
2025-06-02 02:40:00+00:00,22.799999237060547,22.850000381469727,22.799999237060547,22.850000381469727,2000,0.0,0.0
2025-06-02 02:50:00+00:00,22.75,22.75,22.700000762939453,22.700000762939453,5061,0.0,0.0
2025-06-02 02:55:00+00:00,22.700000762939453,22.700000762939453,22.700000762939453,22.700000762939453,1000,0.0,0.0
2025-06-02 03:00:00+00:00,22.75,22.75,22.700000762939453,22.700000762939453,7000,0.0,0.0
2025-06-02 03:10:00+00:00,22.75,22.75,22.75,22.75,1020,0.0,0.0
2025-06-02 03:15:00+00:00,22.649999618530273,22.700000762939453,22.649999618530273,22.700000762939453,0,0.0,0.0
2025-06-02 03:20:00+00:00,22.700000762939453,22.75,22.700000762939453,22.75,84682,0.0,0.0
2025-06-02 03:25:00+00:00,22.649999618530273,22.649999618530273,22.649999618530273,22.649999618530273,11000,0.0,0.0
2025-06-02 03:30:00+00:00,22.649999618530273,22.649999618530273,22.649999618530273,22.649999618530273,3000,0.0,0.0
2025-06-02 03:45:00+00:00,22.649999618530273,22.700000762939453,22.649999618530273,22.700000762939453,3000,0.0,0.0
2025-06-02 04:10:00+00:00,22.700000762939453,22.700000762939453,22.700000762939453,22.700000762939453,2101,0.0,0.0
2025-06-02 04:30:00+00:00,22.700000762939453,22.700000762939453,22.700000762939453,22.700000762939453,4000,0.0,0.0
2025-06-02 04:40:00+00:00,22.700000762939453,22.75,22.700000762939453,22.75,2050,0.0,0.0
2025-06-02 04:45:00+00:00,22.799999237060547,22.799999237060547,22.799999237060547,22.799999237060547,1000,0.0,0.0
2025-06-02 04:50:00+00:00,22.75,22.75,22.75,22.75,1100,0.0,0.0
2025-06-02 05:00:00+00:00,22.75,22.75,22.75,22.75,1006,0.0,0.0
2025-06-02 05:15:00+00:00,22.75,22.75,22.75,22.75,2000,0.0,0.0
2025-06-02 05:20:00+00:00,22.799999237060547,22.850000381469727,22.75,22.850000381469727,8394,0.0,0.0
2025-06-03 01:00:00+00:00,22.799999237060547,22.799999237060547,22.799999237060547,22.799999237060547,0,0.0,0.0
2025-06-03 01:05:00+00:00,22.799999237060547,22.799999237060547,22.799999237060547,22.799999237060547,5001,0.0,0.0
2025-06-03 01:10:00+00:00,22.799999237060547,22.850000381469727,22.799999237060547,22.850000381469727,9000,0.0,0.0
2025-06-03 01:20:00+00:00,22.899999618530273,22.899999618530273,22.899999618530273,22.899999618530273,3000,0.0,0.0
2025-06-03 01:25:00+00:00,22.799999237060547,22.799999237060547,22.799999237060547,22.799999237060547,1000,0.0,0.0
2025-06-03 01:30:00+00:00,22.75,22.850000381469727,22.75,22.850000381469727,2155,0.0,0.0
2025-06-03 01:35:00+00:00,22.850000381469727,22.850000381469727,22.850000381469727,22.850000381469727,4000,0.0,0.0
2025-06-03 01:50:00+00:00,22.899999618530273,22.950000762939453,22.899999618530273,22.950000762939453,3000,0.0,0.0
2025-06-03 01:55:00+00:00,22.950000762939453,22.950000762939453,22.950000762939453,22.950000762939453,2000,0.0,0.0
2025-06-03 02:00:00+00:00,22.950000762939453,22.950000762939453,22.850000381469727,22.850000381469727,7001,0.0,0.0
2025-06-03 02:10:00+00:00,22.899999618530273,22.899999618530273,22.75,22.75,4001,0.0,0.0
2025-06-03 02:20:00+00:00,22.899999618530273,22.899999618530273,22.899999618530273,22.899999618530273,1020,0.0,0.0
2025-06-03 02:30:00+00:00,22.799999237060547,22.799999237060547,22.799999237060547,22.799999237060547,2000,0.0,0.0
2025-06-03 03:10:00+00:00,22.799999237060547,22.799999237060547,22.799999237060547,22.799999237060547,1000,0.0,0.0
2025-06-03 03:15:00+00:00,22.75,22.75,22.75,22.75,1000,0.0,0.0
2025-06-03 03:25:00+00:00,22.799999237060547,22.799999237060547,22.799999237060547,22.799999237060547,7000,0.0,0.0
2025-06-03 03:35:00+00:00,22.799999237060547,22.799999237060547,22.799999237060547,22.799999237060547,2000,0.0,0.0
2025-06-03 03:40:00+00:00,22.899999618530273,22.899999618530273,22.899999618530273,22.899999618530273,1000,0.0,0.0
2025-06-03 03:50:00+00:00,22.899999618530273,22.899999618530273,22.899999618530273,22.899999618530273,1000,0.0,0.0
2025-06-03 04:00:00+00:00,22.799999237060547,22.799999237060547,22.799999237060547,22.799999237060547,1000,0.0,0.0
2025-06-03 04:05:00+00:00,22.799999237060547,22.799999237060547,22.799999237060547,22.799999237060547,1000,0.0,0.0
2025-06-03 04:15:00+00:00,22.799999237060547,22.799999237060547,22.799999237060547,22.799999237060547,1000,0.0,0.0
2025-06-03 04:20:00+00:00,22.899999618530273,22.899999618530273,22.799999237060547,22.799999237060547,2000,0.0,0.0
2025-06-03 04:25:00+00:00,22.799999237060547,22.799999237060547,22.799999237060547,22.799999237060547,1000,0.0,0.0
2025-06-03 04:35:00+00:00,22.799999237060547,22.799999237060547,22.799999237060547,22.799999237060547,5000,0.0,0.0
2025-06-03 04:40:00+00:00,22.850000381469727,22.850000381469727,22.799999237060547,22.799999237060547,2000,0.0,0.0
2025-06-03 04:45:00+00:00,22.799999237060547,22.799999237060547,22.799999237060547,22.799999237060547,1000,0.0,0.0
2025-06-03 04:50:00+00:00,22.799999237060547,22.799999237060547,22.799999237060547,22.799999237060547,5000,0.0,0.0
2025-06-03 05:00:00+00:00,22.850000381469727,22.850000381469727,22.799999237060547,22.799999237060547,3000,0.0,0.0
2025-06-03 05:05:00+00:00,22.850000381469727,22.850000381469727,22.850000381469727,22.850000381469727,1000,0.0,0.0
2025-06-03 05:10:00+00:00,22.850000381469727,22.850000381469727,22.850000381469727,22.850000381469727,1002,0.0,0.0
2025-06-03 05:15:00+00:00,22.799999237060547,22.799999237060547,22.799999237060547,22.799999237060547,1001,0.0,0.0
2025-06-03 05:20:00+00:00,22.850000381469727,22.850000381469727,22.799999237060547,22.799999237060547,3241,0.0,0.0
2025-06-04 01:00:00+00:00,22.950000762939453,23.100000381469727,22.950000762939453,23.100000381469727,0,0.0,0.0
2025-06-04 01:05:00+00:00,23.149999618530273,23.149999618530273,23.149999618530273,23.149999618530273,1003,0.0,0.0
2025-06-04 01:10:00+00:00,23.100000381469727,23.149999618530273,23.100000381469727,23.149999618530273,2000,0.0,0.0
2025-06-04 01:40:00+00:00,23.100000381469727,23.100000381469727,23.049999237060547,23.049999237060547,10000,0.0,0.0
2025-06-04 01:50:00+00:00,23.049999237060547,23.049999237060547,23.049999237060547,23.049999237060547,0,0.0,0.0
2025-06-04 02:00:00+00:00,23.100000381469727,23.100000381469727,23.100000381469727,23.100000381469727,20023,0.0,0.0
2025-06-04 02:10:00+00:00,23.100000381469727,23.100000381469727,23.100000381469727,23.100000381469727,1080,0.0,0.0
2025-06-04 02:15:00+00:00,23.100000381469727,23.149999618530273,23.100000381469727,23.149999618530273,9001,0.0,0.0
2025-06-04 02:20:00+00:00,23.149999618530273,23.149999618530273,23.149999618530273,23.149999618530273,2004,0.0,0.0
2025-06-04 02:30:00+00:00,23.149999618530273,23.200000762939453,23.149999618530273,23.149999618530273,9179,0.0,0.0
2025-06-04 02:35:00+00:00,23.149999618530273,23.149999618530273,23.149999618530273,23.149999618530273,1000,0.0,0.0
2025-06-04 02:40:00+00:00,23.200000762939453,23.200000762939453,23.200000762939453,23.200000762939453,2000,0.0,0.0
2025-06-04 03:00:00+00:00,23.149999618530273,23.149999618530273,23.149999618530273,23.149999618530273,1109,0.0,0.0
2025-06-04 03:05:00+00:00,23.200000762939453,23.200000762939453,23.200000762939453,23.200000762939453,1000,0.0,0.0
2025-06-04 03:10:00+00:00,23.200000762939453,23.200000762939453,23.200000762939453,23.200000762939453,3000,0.0,0.0
2025-06-04 03:20:00+00:00,23.200000762939453,23.200000762939453,23.200000762939453,23.200000762939453,26135,0.0,0.0
2025-06-04 03:25:00+00:00,23.25,23.25,23.25,23.25,4020,0.0,0.0
2025-06-04 03:30:00+00:00,23.200000762939453,23.25,23.200000762939453,23.25,4000,0.0,0.0
2025-06-04 03:40:00+00:00,23.200000762939453,23.200000762939453,23.200000762939453,23.200000762939453,1000,0.0,0.0
2025-06-04 03:50:00+00:00,23.100000381469727,23.100000381469727,23.100000381469727,23.100000381469727,3000,0.0,0.0
2025-06-04 04:00:00+00:00,23.100000381469727,23.100000381469727,22.950000762939453,22.950000762939453,29015,0.0,0.0
2025-06-04 04:05:00+00:00,23.0,23.0,23.0,23.0,1357,0.0,0.0
2025-06-04 04:10:00+00:00,23.049999237060547,23.200000762939453,23.049999237060547,23.200000762939453,4000,0.0,0.0
2025-06-04 04:20:00+00:00,23.200000762939453,23.200000762939453,23.200000762939453,23.200000762939453,3000,0.0,0.0
2025-06-04 04:30:00+00:00,23.200000762939453,23.200000762939453,23.200000762939453,23.200000762939453,3000,0.0,0.0
2025-06-04 04:35:00+00:00,23.200000762939453,23.200000762939453,23.200000762939453,23.200000762939453,1000,0.0,0.0
2025-06-04 04:40:00+00:00,23.200000762939453,23.200000762939453,23.200000762939453,23.200000762939453,3065,0.0,0.0
2025-06-04 05:05:00+00:00,23.200000762939453,23.200000762939453,23.200000762939453,23.200000762939453,1180,0.0,0.0
2025-06-04 05:10:00+00:00,23.200000762939453,23.200000762939453,23.200000762939453,23.200000762939453,1000,0.0,0.0
2025-06-04 05:15:00+00:00,23.100000381469727,23.100000381469727,23.100000381469727,23.100000381469727,4000,0.0,0.0
2025-06-04 05:20:00+00:00,23.049999237060547,23.049999237060547,23.049999237060547,23.049999237060547,1213,0.0,0.0
2025-06-05 01:00:00+00:00,23.100000381469727,23.100000381469727,23.100000381469727,23.100000381469727,0,0.0,0.0
2025-06-05 01:05:00+00:00,23.100000381469727,23.100000381469727,23.100000381469727,23.100000381469727,1013,0.0,0.0
2025-06-05 01:15:00+00:00,23.100000381469727,23.100000381469727,23.100000381469727,23.100000381469727,1128,0.0,0.0
2025-06-05 01:20:00+00:00,23.100000381469727,23.100000381469727,23.100000381469727,23.100000381469727,5000,0.0,0.0
2025-06-05 01:30:00+00:00,23.100000381469727,23.100000381469727,23.100000381469727,23.100000381469727,1000,0.0,0.0
2025-06-05 01:35:00+00:00,23.049999237060547,23.049999237060547,23.049999237060547,23.049999237060547,17000,0.0,0.0
2025-06-05 01:45:00+00:00,23.100000381469727,23.149999618530273,23.100000381469727,23.149999618530273,8000,0.0,0.0
2025-06-05 01:50:00+00:00,23.100000381469727,23.25,23.100000381469727,23.25,5000,0.0,0.0
2025-06-05 02:00:00+00:00,23.25,23.25,23.25,23.25,1000,0.0,0.0
2025-06-05 02:05:00+00:00,23.200000762939453,23.200000762939453,23.149999618530273,23.149999618530273,2201,0.0,0.0
2025-06-05 02:15:00+00:00,23.100000381469727,23.100000381469727,23.0,23.0,37000,0.0,0.0
2025-06-05 02:20:00+00:00,23.0,23.149999618530273,23.0,23.149999618530273,4000,0.0,0.0
2025-06-05 02:30:00+00:00,23.200000762939453,23.200000762939453,23.200000762939453,23.200000762939453,3000,0.0,0.0
2025-06-05 02:40:00+00:00,23.200000762939453,23.200000762939453,23.200000762939453,23.200000762939453,1100,0.0,0.0
2025-06-05 03:10:00+00:00,23.200000762939453,23.200000762939453,23.200000762939453,23.200000762939453,1015,0.0,0.0
2025-06-05 04:05:00+00:00,23.100000381469727,23.100000381469727,23.100000381469727,23.100000381469727,6000,0.0,0.0
2025-06-05 04:10:00+00:00,23.200000762939453,23.200000762939453,23.200000762939453,23.200000762939453,1006,0.0,0.0
2025-06-05 04:25:00+00:00,23.100000381469727,23.100000381469727,23.100000381469727,23.100000381469727,1030,0.0,0.0
2025-06-05 04:35:00+00:00,23.049999237060547,23.049999237060547,23.049999237060547,23.049999237060547,3362,0.0,0.0
2025-06-05 04:40:00+00:00,23.149999618530273,23.149999618530273,23.049999237060547,23.049999237060547,4001,0.0,0.0
2025-06-05 04:45:00+00:00,23.100000381469727,23.100000381469727,23.100000381469727,23.100000381469727,1001,0.0,0.0
2025-06-05 05:10:00+00:00,23.0,23.0,23.0,23.0,1000,0.0,0.0
2025-06-05 05:15:00+00:00,23.049999237060547,23.049999237060547,23.049999237060547,23.049999237060547,8000,0.0,0.0
2025-06-05 05:20:00+00:00,23.0,23.0,23.0,23.0,1802,0.0,0.0
2025-06-06 01:00:00+00:00,23.100000381469727,23.100000381469727,23.100000381469727,23.100000381469727,0,0.0,0.0
2025-06-06 01:05:00+00:00,23.049999237060547,23.049999237060547,23.0,23.0,6013,0.0,0.0
2025-06-06 01:10:00+00:00,23.100000381469727,23.350000381469727,23.100000381469727,23.100000381469727,18000,0.0,0.0
2025-06-06 01:20:00+00:00,23.299999237060547,23.350000381469727,23.299999237060547,23.350000381469727,2020,0.0,0.0
2025-06-06 01:30:00+00:00,23.350000381469727,23.350000381469727,23.350000381469727,23.350000381469727,1000,0.0,0.0
2025-06-06 01:35:00+00:00,23.149999618530273,23.149999618530273,23.100000381469727,23.100000381469727,2038,0.0,0.0
2025-06-06 01:40:00+00:00,23.149999618530273,23.149999618530273,23.149999618530273,23.149999618530273,2000,0.0,0.0
2025-06-06 01:50:00+00:00,23.100000381469727,23.100000381469727,23.100000381469727,23.100000381469727,3000,0.0,0.0
2025-06-06 02:00:00+00:00,23.299999237060547,23.350000381469727,23.299999237060547,23.350000381469727,14000,0.0,0.0
2025-06-06 02:05:00+00:00,23.299999237060547,23.299999237060547,23.299999237060547,23.299999237060547,3000,0.0,0.0
2025-06-06 02:10:00+00:00,23.299999237060547,23.299999237060547,23.299999237060547,23.299999237060547,2000,0.0,0.0
2025-06-06 02:20:00+00:00,23.299999237060547,23.299999237060547,23.299999237060547,23.299999237060547,1000,0.0,0.0
2025-06-06 02:35:00+00:00,23.100000381469727,23.100000381469727,23.100000381469727,23.100000381469727,1002,0.0,0.0
2025-06-06 03:00:00+00:00,23.299999237060547,23.299999237060547,23.299999237060547,23.299999237060547,17000,0.0,0.0
2025-06-06 03:20:00+00:00,23.299999237060547,23.299999237060547,23.299999237060547,23.299999237060547,0,0.0,0.0
2025-06-06 03:25:00+00:00,23.200000762939453,23.200000762939453,23.200000762939453,23.200000762939453,76073,0.0,0.0
2025-06-06 03:30:00+00:00,23.25,23.25,23.200000762939453,23.200000762939453,2001,0.0,0.0
2025-06-06 04:00:00+00:00,23.25,23.350000381469727,23.25,23.350000381469727,13104,0.0,0.0
2025-06-06 04:05:00+00:00,23.299999237060547,23.299999237060547,23.299999237060547,23.299999237060547,1000,0.0,0.0
2025-06-06 04:10:00+00:00,23.350000381469727,23.350000381469727,23.350000381469727,23.350000381469727,3015,0.0,0.0
2025-06-06 04:15:00+00:00,23.350000381469727,23.350000381469727,23.350000381469727,23.350000381469727,1001,0.0,0.0
2025-06-06 04:35:00+00:00,23.299999237060547,23.350000381469727,23.299999237060547,23.350000381469727,4001,0.0,0.0
2025-06-06 04:50:00+00:00,23.299999237060547,23.299999237060547,23.25,23.25,3030,0.0,0.0
2025-06-06 05:05:00+00:00,23.25,23.25,23.25,23.25,2000,0.0,0.0
2025-06-06 05:15:00+00:00,23.25,23.25,23.200000762939453,23.200000762939453,4000,0.0,0.0
2025-06-06 05:20:00+00:00,23.25,23.25,23.25,23.25,14202,0.0,0.0
2025-06-09 01:00:00+00:00,23.299999237060547,23.299999237060547,23.25,23.25,0,0.0,0.0
2025-06-09 01:10:00+00:00,23.149999618530273,23.299999237060547,23.0,23.299999237060547,44166,0.0,0.0
2025-06-09 01:15:00+00:00,23.049999237060547,23.149999618530273,23.049999237060547,23.149999618530273,6000,0.0,0.0
2025-06-09 01:20:00+00:00,23.149999618530273,23.200000762939453,23.149999618530273,23.200000762939453,6000,0.0,0.0
2025-06-09 01:25:00+00:00,23.100000381469727,23.100000381469727,23.100000381469727,23.100000381469727,1000,0.0,0.0
2025-06-09 01:30:00+00:00,23.100000381469727,23.200000762939453,23.0,23.0,15000,0.0,0.0
2025-06-09 01:35:00+00:00,23.0,23.0,23.0,23.0,14279,0.0,0.0
2025-06-09 01:40:00+00:00,23.100000381469727,23.25,22.950000762939453,22.950000762939453,16010,0.0,0.0
2025-06-09 01:50:00+00:00,23.0,23.049999237060547,22.950000762939453,23.049999237060547,9000,0.0,0.0
2025-06-09 01:55:00+00:00,22.950000762939453,23.0,22.899999618530273,23.0,16096,0.0,0.0
2025-06-09 02:00:00+00:00,23.0,23.149999618530273,22.950000762939453,22.950000762939453,23353,0.0,0.0
2025-06-09 02:05:00+00:00,22.899999618530273,22.950000762939453,22.850000381469727,22.850000381469727,8000,0.0,0.0
2025-06-09 02:10:00+00:00,22.850000381469727,22.850000381469727,22.850000381469727,22.850000381469727,1000,0.0,0.0
2025-06-09 02:20:00+00:00,22.850000381469727,22.950000762939453,22.850000381469727,22.950000762939453,11000,0.0,0.0
2025-06-09 02:25:00+00:00,22.850000381469727,22.850000381469727,22.850000381469727,22.850000381469727,1000,0.0,0.0
2025-06-09 02:30:00+00:00,22.950000762939453,22.950000762939453,22.950000762939453,22.950000762939453,2001,0.0,0.0
2025-06-09 02:35:00+00:00,22.899999618530273,22.899999618530273,22.850000381469727,22.850000381469727,2000,0.0,0.0
2025-06-09 02:40:00+00:00,22.799999237060547,22.799999237060547,22.799999237060547,22.799999237060547,1000,0.0,0.0
2025-06-09 02:45:00+00:00,22.850000381469727,22.850000381469727,22.850000381469727,22.850000381469727,1000,0.0,0.0
2025-06-09 02:50:00+00:00,22.950000762939453,22.950000762939453,22.799999237060547,22.799999237060547,6000,0.0,0.0
2025-06-09 02:55:00+00:00,22.850000381469727,22.850000381469727,22.850000381469727,22.850000381469727,2000,0.0,0.0
2025-06-09 03:00:00+00:00,22.950000762939453,23.100000381469727,22.950000762939453,23.049999237060547,17000,0.0,0.0
2025-06-09 03:10:00+00:00,23.049999237060547,23.049999237060547,23.0,23.049999237060547,6001,0.0,0.0
2025-06-09 03:20:00+00:00,23.0,23.0,23.0,23.0,1001,0.0,0.0
2025-06-09 03:35:00+00:00,22.899999618530273,22.899999618530273,22.899999618530273,22.899999618530273,4045,0.0,0.0
2025-06-09 04:00:00+00:00,22.899999618530273,23.049999237060547,22.899999618530273,23.049999237060547,11500,0.0,0.0
2025-06-09 04:15:00+00:00,22.850000381469727,22.850000381469727,22.850000381469727,22.850000381469727,1001,0.0,0.0
2025-06-09 04:25:00+00:00,22.850000381469727,22.850000381469727,22.850000381469727,22.850000381469727,1002,0.0,0.0
2025-06-09 04:40:00+00:00,23.0,23.0,23.0,23.0,1040,0.0,0.0
2025-06-09 04:50:00+00:00,23.0,23.0,22.899999618530273,22.899999618530273,3000,0.0,0.0
2025-06-09 04:55:00+00:00,22.899999618530273,22.899999618530273,22.899999618530273,22.899999618530273,1000,0.0,0.0
2025-06-09 05:00:00+00:00,22.899999618530273,22.899999618530273,22.899999618530273,22.899999618530273,1148,0.0,0.0
2025-06-09 05:15:00+00:00,22.899999618530273,22.899999618530273,22.899999618530273,22.899999618530273,1000,0.0,0.0
2025-06-09 05:20:00+00:00,22.899999618530273,22.899999618530273,22.850000381469727,22.850000381469727,2403,0.0,0.0
2025-06-10 01:00:00+00:00,23.0,23.0,23.0,23.0,0,0.0,0.0
2025-06-10 01:20:00+00:00,23.0,23.049999237060547,23.0,23.049999237060547,13001,0.0,0.0
2025-06-10 01:30:00+00:00,23.100000381469727,23.149999618530273,23.100000381469727,23.100000381469727,7000,0.0,0.0
2025-06-10 01:40:00+00:00,23.100000381469727,23.100000381469727,23.100000381469727,23.100000381469727,6000,0.0,0.0
2025-06-10 01:45:00+00:00,23.100000381469727,23.100000381469727,23.100000381469727,23.100000381469727,3000,0.0,0.0
2025-06-10 01:50:00+00:00,23.149999618530273,23.149999618530273,23.149999618530273,23.149999618530273,5000,0.0,0.0
2025-06-10 01:55:00+00:00,23.149999618530273,23.149999618530273,23.149999618530273,23.149999618530273,12000,0.0,0.0
2025-06-10 02:00:00+00:00,23.200000762939453,23.200000762939453,23.100000381469727,23.100000381469727,6000,0.0,0.0
2025-06-10 02:05:00+00:00,23.149999618530273,23.25,23.149999618530273,23.200000762939453,12519,0.0,0.0
2025-06-10 02:10:00+00:00,23.149999618530273,23.25,23.149999618530273,23.25,4000,0.0,0.0
2025-06-10 02:15:00+00:00,23.200000762939453,23.200000762939453,23.200000762939453,23.200000762939453,2000,0.0,0.0
2025-06-10 02:20:00+00:00,23.200000762939453,23.200000762939453,23.200000762939453,23.200000762939453,1000,0.0,0.0
2025-06-10 02:25:00+00:00,23.200000762939453,23.200000762939453,23.200000762939453,23.200000762939453,3001,0.0,0.0
2025-06-10 02:30:00+00:00,23.25,23.25,23.25,23.25,2050,0.0,0.0
2025-06-10 02:40:00+00:00,23.25,23.25,23.25,23.25,1000,0.0,0.0
2025-06-10 02:45:00+00:00,23.25,23.25,23.25,23.25,1025,0.0,0.0
2025-06-10 02:50:00+00:00,23.25,23.25,23.25,23.25,1000,0.0,0.0
2025-06-10 03:05:00+00:00,23.200000762939453,23.200000762939453,23.200000762939453,23.200000762939453,5000,0.0,0.0
2025-06-10 03:25:00+00:00,23.100000381469727,23.100000381469727,23.100000381469727,23.100000381469727,20038,0.0,0.0
2025-06-10 03:35:00+00:00,23.200000762939453,23.200000762939453,23.200000762939453,23.200000762939453,8000,0.0,0.0
2025-06-10 03:40:00+00:00,23.25,23.25,23.25,23.25,2461,0.0,0.0
2025-06-10 03:55:00+00:00,23.149999618530273,23.149999618530273,23.149999618530273,23.149999618530273,5000,0.0,0.0
2025-06-10 04:00:00+00:00,23.200000762939453,23.200000762939453,23.100000381469727,23.100000381469727,3000,0.0,0.0
2025-06-10 04:30:00+00:00,23.100000381469727,23.100000381469727,23.100000381469727,23.100000381469727,2039,0.0,0.0
2025-06-10 04:40:00+00:00,23.200000762939453,23.200000762939453,23.200000762939453,23.200000762939453,17009,0.0,0.0
2025-06-10 05:05:00+00:00,23.100000381469727,23.149999618530273,23.100000381469727,23.149999618530273,7000,0.0,0.0
2025-06-10 05:10:00+00:00,23.149999618530273,23.149999618530273,23.149999618530273,23.149999618530273,1000,0.0,0.0
2025-06-10 05:20:00+00:00,23.200000762939453,23.200000762939453,23.200000762939453,23.200000762939453,9010,0.0,0.0
2025-06-11 01:00:00+00:00,23.100000381469727,23.100000381469727,23.049999237060547,23.049999237060547,0,0.0,0.0
2025-06-11 01:10:00+00:00,23.0,23.0,23.0,23.0,1000,0.0,0.0
2025-06-11 01:15:00+00:00,23.049999237060547,23.049999237060547,23.049999237060547,23.049999237060547,3000,0.0,0.0
2025-06-11 01:25:00+00:00,23.049999237060547,23.049999237060547,23.049999237060547,23.049999237060547,6020,0.0,0.0
2025-06-11 01:30:00+00:00,23.100000381469727,23.100000381469727,23.100000381469727,23.100000381469727,1003,0.0,0.0
2025-06-11 01:40:00+00:00,23.100000381469727,23.100000381469727,23.100000381469727,23.100000381469727,3000,0.0,0.0
2025-06-11 01:45:00+00:00,23.049999237060547,23.049999237060547,23.049999237060547,23.049999237060547,4000,0.0,0.0
2025-06-11 01:50:00+00:00,23.0,23.0,23.0,23.0,1000,0.0,0.0
2025-06-11 02:00:00+00:00,23.100000381469727,23.100000381469727,23.100000381469727,23.100000381469727,2000,0.0,0.0
2025-06-11 02:05:00+00:00,23.0,23.0,22.950000762939453,22.950000762939453,20000,0.0,0.0
2025-06-11 02:10:00+00:00,23.049999237060547,23.100000381469727,23.049999237060547,23.100000381469727,3022,0.0,0.0
2025-06-11 02:20:00+00:00,23.100000381469727,23.100000381469727,23.100000381469727,23.100000381469727,1020,0.0,0.0
2025-06-11 02:40:00+00:00,23.100000381469727,23.100000381469727,23.100000381469727,23.100000381469727,1146,0.0,0.0
2025-06-11 02:55:00+00:00,23.0,23.0,23.0,23.0,2000,0.0,0.0
2025-06-11 03:00:00+00:00,23.0,23.0,22.899999618530273,22.899999618530273,34000,0.0,0.0
2025-06-11 03:05:00+00:00,22.899999618530273,22.899999618530273,22.899999618530273,22.899999618530273,1000,0.0,0.0
2025-06-11 03:10:00+00:00,23.0,23.0,23.0,23.0,6020,0.0,0.0
2025-06-11 03:15:00+00:00,22.850000381469727,22.850000381469727,22.850000381469727,22.850000381469727,1000,0.0,0.0
2025-06-11 03:20:00+00:00,22.899999618530273,22.899999618530273,22.899999618530273,22.899999618530273,3000,0.0,0.0
2025-06-11 03:25:00+00:00,22.899999618530273,22.950000762939453,22.899999618530273,22.950000762939453,5000,0.0,0.0
2025-06-11 03:30:00+00:00,22.950000762939453,23.0,22.950000762939453,23.0,5007,0.0,0.0
2025-06-11 03:40:00+00:00,23.0,23.0,23.0,23.0,1001,0.0,0.0
2025-06-11 03:45:00+00:00,22.899999618530273,22.899999618530273,22.899999618530273,22.899999618530273,2000,0.0,0.0
2025-06-11 03:55:00+00:00,23.0,23.0,23.0,23.0,17000,0.0,0.0
2025-06-11 04:00:00+00:00,23.0,23.049999237060547,23.0,23.049999237060547,3000,0.0,0.0
2025-06-11 04:20:00+00:00,23.049999237060547,23.049999237060547,23.049999237060547,23.049999237060547,4000,0.0,0.0
2025-06-11 04:30:00+00:00,23.100000381469727,23.100000381469727,23.100000381469727,23.100000381469727,1000,0.0,0.0
2025-06-11 04:40:00+00:00,23.049999237060547,23.049999237060547,23.049999237060547,23.049999237060547,1000,0.0,0.0
2025-06-11 04:55:00+00:00,23.049999237060547,23.049999237060547,23.049999237060547,23.049999237060547,1000,0.0,0.0
2025-06-11 05:00:00+00:00,23.0,23.0,23.0,23.0,5000,0.0,0.0
2025-06-11 05:10:00+00:00,23.0,23.0,22.950000762939453,23.0,5200,0.0,0.0
2025-06-11 05:20:00+00:00,22.950000762939453,22.950000762939453,22.950000762939453,22.950000762939453,4202,0.0,0.0
2025-06-12 01:00:00+00:00,23.100000381469727,23.100000381469727,22.950000762939453,22.950000762939453,0,0.0,0.0
2025-06-12 01:10:00+00:00,22.950000762939453,22.950000762939453,22.950000762939453,22.950000762939453,6000,0.0,0.0
2025-06-12 01:20:00+00:00,23.0,23.0,23.0,23.0,5000,0.0,0.0
2025-06-12 01:30:00+00:00,23.0,23.0,23.0,23.0,2001,0.0,0.0
2025-06-12 01:45:00+00:00,22.950000762939453,22.950000762939453,22.950000762939453,22.950000762939453,1120,0.0,0.0
2025-06-12 01:55:00+00:00,22.950000762939453,22.950000762939453,22.950000762939453,22.950000762939453,3000,0.0,0.0
2025-06-12 02:00:00+00:00,22.950000762939453,22.950000762939453,22.899999618530273,22.899999618530273,4000,0.0,0.0
2025-06-12 02:05:00+00:00,22.899999618530273,22.899999618530273,22.899999618530273,22.899999618530273,2001,0.0,0.0
2025-06-12 02:10:00+00:00,22.950000762939453,22.950000762939453,22.950000762939453,22.950000762939453,1000,0.0,0.0
2025-06-12 02:20:00+00:00,22.950000762939453,22.950000762939453,22.950000762939453,22.950000762939453,2011,0.0,0.0
2025-06-12 02:35:00+00:00,22.950000762939453,22.950000762939453,22.950000762939453,22.950000762939453,1300,0.0,0.0
2025-06-12 02:50:00+00:00,22.950000762939453,22.950000762939453,22.950000762939453,22.950000762939453,1036,0.0,0.0
2025-06-12 03:10:00+00:00,23.0,23.049999237060547,23.0,23.049999237060547,13000,0.0,0.0
2025-06-12 03:25:00+00:00,22.950000762939453,23.049999237060547,22.950000762939453,23.049999237060547,5050,0.0,0.0
2025-06-12 03:30:00+00:00,23.049999237060547,23.049999237060547,23.049999237060547,23.049999237060547,1000,0.0,0.0
2025-06-12 03:40:00+00:00,23.049999237060547,23.049999237060547,23.049999237060547,23.049999237060547,1000,0.0,0.0
2025-06-12 03:45:00+00:00,22.950000762939453,22.950000762939453,22.899999618530273,22.899999618530273,15000,0.0,0.0
2025-06-12 03:50:00+00:00,23.0,23.0,23.0,23.0,3001,0.0,0.0
2025-06-12 04:25:00+00:00,22.899999618530273,22.899999618530273,22.899999618530273,22.899999618530273,1000,0.0,0.0
2025-06-12 04:45:00+00:00,22.899999618530273,22.899999618530273,22.899999618530273,22.899999618530273,1000,0.0,0.0
2025-06-12 05:00:00+00:00,22.950000762939453,22.950000762939453,22.950000762939453,22.950000762939453,1000,0.0,0.0
2025-06-12 05:05:00+00:00,22.899999618530273,22.899999618530273,22.899999618530273,22.899999618530273,1000,0.0,0.0
2025-06-12 05:10:00+00:00,22.950000762939453,22.950000762939453,22.950000762939453,22.950000762939453,1000,0.0,0.0
2025-06-12 05:20:00+00:00,22.950000762939453,22.950000762939453,22.950000762939453,22.950000762939453,1204,0.0,0.0
2025-06-13 01:00:00+00:00,22.799999237060547,22.799999237060547,22.799999237060547,22.799999237060547,0,0.0,0.0
2025-06-13 01:05:00+00:00,22.700000762939453,22.799999237060547,22.649999618530273,22.799999237060547,26015,0.0,0.0
2025-06-13 01:10:00+00:00,22.850000381469727,22.850000381469727,22.700000762939453,22.700000762939453,4000,0.0,0.0
2025-06-13 01:20:00+00:00,22.850000381469727,22.850000381469727,22.649999618530273,22.649999618530273,15000,0.0,0.0
2025-06-13 01:25:00+00:00,22.649999618530273,22.649999618530273,22.600000381469727,22.600000381469727,9012,0.0,0.0
2025-06-13 01:30:00+00:00,22.75,22.75,22.649999618530273,22.649999618530273,3008,0.0,0.0
2025-06-13 01:35:00+00:00,22.649999618530273,22.649999618530273,22.649999618530273,22.649999618530273,1001,0.0,0.0
2025-06-13 01:40:00+00:00,22.799999237060547,22.799999237060547,22.799999237060547,22.799999237060547,2000,0.0,0.0
2025-06-13 01:45:00+00:00,22.799999237060547,22.799999237060547,22.799999237060547,22.799999237060547,1000,0.0,0.0
2025-06-13 01:50:00+00:00,22.799999237060547,22.799999237060547,22.799999237060547,22.799999237060547,1000,0.0,0.0
2025-06-13 01:55:00+00:00,22.799999237060547,22.799999237060547,22.799999237060547,22.799999237060547,9000,0.0,0.0
2025-06-13 02:00:00+00:00,22.799999237060547,22.799999237060547,22.799999237060547,22.799999237060547,5000,0.0,0.0
2025-06-13 02:20:00+00:00,22.899999618530273,22.899999618530273,22.799999237060547,22.799999237060547,5000,0.0,0.0
2025-06-13 02:30:00+00:00,22.75,22.75,22.649999618530273,22.649999618530273,17001,0.0,0.0
2025-06-13 02:35:00+00:00,22.649999618530273,22.649999618530273,22.649999618530273,22.649999618530273,9000,0.0,0.0
2025-06-13 02:40:00+00:00,22.600000381469727,22.600000381469727,22.600000381469727,22.600000381469727,5103,0.0,0.0
2025-06-13 02:50:00+00:00,22.600000381469727,22.600000381469727,22.600000381469727,22.600000381469727,1000,0.0,0.0
2025-06-13 02:55:00+00:00,22.700000762939453,22.700000762939453,22.649999618530273,22.649999618530273,9000,0.0,0.0
2025-06-13 03:00:00+00:00,22.75,22.75,22.75,22.75,2000,0.0,0.0
2025-06-13 03:05:00+00:00,22.649999618530273,22.649999618530273,22.649999618530273,22.649999618530273,5000,0.0,0.0
2025-06-13 03:10:00+00:00,22.600000381469727,22.600000381469727,22.600000381469727,22.600000381469727,2000,0.0,0.0
2025-06-13 03:20:00+00:00,22.75,22.799999237060547,22.649999618530273,22.649999618530273,5010,0.0,0.0
2025-06-13 03:30:00+00:00,22.799999237060547,22.799999237060547,22.799999237060547,22.799999237060547,1000,0.0,0.0
2025-06-13 03:35:00+00:00,22.649999618530273,22.649999618530273,22.649999618530273,22.649999618530273,2012,0.0,0.0
2025-06-13 04:00:00+00:00,22.649999618530273,22.649999618530273,22.600000381469727,22.600000381469727,19807,0.0,0.0
2025-06-13 04:05:00+00:00,22.600000381469727,22.600000381469727,22.600000381469727,22.600000381469727,8000,0.0,0.0
2025-06-13 04:10:00+00:00,22.700000762939453,22.75,22.700000762939453,22.75,4000,0.0,0.0
2025-06-13 04:20:00+00:00,22.700000762939453,22.700000762939453,22.700000762939453,22.700000762939453,2000,0.0,0.0
2025-06-13 04:30:00+00:00,22.600000381469727,22.600000381469727,22.600000381469727,22.600000381469727,2001,0.0,0.0
2025-06-13 04:40:00+00:00,22.700000762939453,22.700000762939453,22.700000762939453,22.700000762939453,1084,0.0,0.0
2025-06-13 04:50:00+00:00,22.600000381469727,22.600000381469727,22.600000381469727,22.600000381469727,15032,0.0,0.0
2025-06-13 04:55:00+00:00,22.600000381469727,22.600000381469727,22.549999237060547,22.600000381469727,15000,0.0,0.0
2025-06-13 05:00:00+00:00,22.700000762939453,22.700000762939453,22.700000762939453,22.700000762939453,3000,0.0,0.0
2025-06-13 05:05:00+00:00,22.700000762939453,22.700000762939453,22.700000762939453,22.700000762939453,2000,0.0,0.0
2025-06-13 05:15:00+00:00,22.600000381469727,22.600000381469727,22.600000381469727,22.600000381469727,3186,0.0,0.0
2025-06-13 05:20:00+00:00,22.600000381469727,22.600000381469727,22.600000381469727,22.600000381469727,1403,0.0,0.0
2025-06-16 01:00:00+00:00,22.600000381469727,22.600000381469727,22.100000381469727,22.100000381469727,0,0.0,0.0
2025-06-16 01:05:00+00:00,22.200000762939453,22.25,22.200000762939453,22.25,12195,0.0,0.0
2025-06-16 01:10:00+00:00,22.399999618530273,22.399999618530273,22.399999618530273,22.399999618530273,5164,0.0,0.0
2025-06-16 01:15:00+00:00,22.399999618530273,22.399999618530273,22.399999618530273,22.399999618530273,1001,0.0,0.0
2025-06-16 01:20:00+00:00,22.5,22.5,22.399999618530273,22.399999618530273,4000,0.0,0.0
2025-06-16 01:30:00+00:00,22.5,22.549999237060547,22.5,22.549999237060547,2000,0.0,0.0
2025-06-16 01:45:00+00:00,22.399999618530273,22.399999618530273,22.399999618530273,22.399999618530273,1300,0.0,0.0
2025-06-16 02:05:00+00:00,22.399999618530273,22.399999618530273,22.399999618530273,22.399999618530273,2000,0.0,0.0
2025-06-16 02:10:00+00:00,22.5,22.5,22.5,22.5,1000,0.0,0.0
2025-06-16 02:45:00+00:00,22.399999618530273,22.399999618530273,22.399999618530273,22.399999618530273,3002,0.0,0.0
2025-06-16 03:15:00+00:00,22.399999618530273,22.450000762939453,22.399999618530273,22.450000762939453,5000,0.0,0.0
2025-06-16 03:20:00+00:00,22.5,22.5,22.5,22.5,1000,0.0,0.0
2025-06-16 03:35:00+00:00,22.399999618530273,22.399999618530273,22.200000762939453,22.200000762939453,30001,0.0,0.0
2025-06-16 03:40:00+00:00,22.450000762939453,22.450000762939453,22.450000762939453,22.450000762939453,1000,0.0,0.0
2025-06-16 03:50:00+00:00,22.450000762939453,22.5,22.450000762939453,22.5,5000,0.0,0.0
2025-06-16 04:00:00+00:00,22.549999237060547,22.549999237060547,22.549999237060547,22.549999237060547,1001,0.0,0.0
2025-06-16 04:15:00+00:00,22.5,22.5,22.5,22.5,2000,0.0,0.0
2025-06-16 04:20:00+00:00,22.450000762939453,22.549999237060547,22.450000762939453,22.549999237060547,13002,0.0,0.0
2025-06-16 05:05:00+00:00,22.549999237060547,22.549999237060547,22.549999237060547,22.549999237060547,1000,0.0,0.0
2025-06-16 05:10:00+00:00,22.549999237060547,22.549999237060547,22.549999237060547,22.549999237060547,1901,0.0,0.0
2025-06-17 01:00:00+00:00,22.399999618530273,22.450000762939453,22.399999618530273,22.450000762939453,0,0.0,0.0
2025-06-17 01:05:00+00:00,22.399999618530273,22.5,22.399999618530273,22.5,12021,0.0,0.0
2025-06-17 01:10:00+00:00,22.549999237060547,22.549999237060547,22.549999237060547,22.549999237060547,1001,0.0,0.0
2025-06-17 01:35:00+00:00,22.5,22.5,22.5,22.5,1002,0.0,0.0
2025-06-17 01:40:00+00:00,22.5,22.5,22.5,22.5,1002,0.0,0.0
2025-06-17 01:45:00+00:00,22.5,22.5,22.5,22.5,1331,0.0,0.0
2025-06-17 01:55:00+00:00,22.450000762939453,22.5,22.450000762939453,22.5,7000,0.0,0.0
2025-06-17 02:00:00+00:00,22.5,22.5,22.450000762939453,22.450000762939453,6001,0.0,0.0
2025-06-17 02:10:00+00:00,22.450000762939453,22.450000762939453,22.350000381469727,22.350000381469727,19121,0.0,0.0
2025-06-17 02:15:00+00:00,22.350000381469727,22.350000381469727,22.350000381469727,22.350000381469727,1000,0.0,0.0
2025-06-17 02:20:00+00:00,22.350000381469727,22.399999618530273,22.350000381469727,22.399999618530273,3000,0.0,0.0
2025-06-17 02:25:00+00:00,22.399999618530273,22.399999618530273,22.399999618530273,22.399999618530273,1000,0.0,0.0
2025-06-17 02:35:00+00:00,22.350000381469727,22.350000381469727,22.350000381469727,22.350000381469727,3000,0.0,0.0
2025-06-17 02:40:00+00:00,22.399999618530273,22.399999618530273,22.399999618530273,22.399999618530273,1000,0.0,0.0
2025-06-17 02:45:00+00:00,22.299999237060547,22.299999237060547,22.299999237060547,22.299999237060547,10000,0.0,0.0
2025-06-17 02:50:00+00:00,22.399999618530273,22.399999618530273,22.399999618530273,22.399999618530273,2000,0.0,0.0
2025-06-17 02:55:00+00:00,22.25,22.25,22.25,22.25,14000,0.0,0.0
2025-06-17 03:00:00+00:00,22.25,22.350000381469727,22.25,22.350000381469727,12000,0.0,0.0
2025-06-17 03:10:00+00:00,22.350000381469727,22.350000381469727,22.350000381469727,22.350000381469727,2005,0.0,0.0
2025-06-17 03:25:00+00:00,22.299999237060547,22.299999237060547,22.299999237060547,22.299999237060547,1006,0.0,0.0
2025-06-17 03:35:00+00:00,22.350000381469727,22.350000381469727,22.350000381469727,22.350000381469727,1000,0.0,0.0
2025-06-17 03:40:00+00:00,22.350000381469727,22.350000381469727,22.350000381469727,22.350000381469727,5000,0.0,0.0
2025-06-17 03:50:00+00:00,22.399999618530273,22.399999618530273,22.399999618530273,22.399999618530273,1100,0.0,0.0
2025-06-17 04:20:00+00:00,22.350000381469727,22.350000381469727,22.350000381469727,22.350000381469727,1000,0.0,0.0
2025-06-17 04:25:00+00:00,22.299999237060547,22.299999237060547,22.299999237060547,22.299999237060547,1000,0.0,0.0
2025-06-17 04:30:00+00:00,22.299999237060547,22.350000381469727,22.299999237060547,22.350000381469727,2012,0.0,0.0
2025-06-17 04:40:00+00:00,22.299999237060547,22.299999237060547,22.299999237060547,22.299999237060547,2000,0.0,0.0
2025-06-17 04:50:00+00:00,22.25,22.25,22.25,22.25,20000,0.0,0.0
2025-06-17 05:00:00+00:00,22.299999237060547,22.299999237060547,22.299999237060547,22.299999237060547,1001,0.0,0.0
2025-06-17 05:05:00+00:00,22.299999237060547,22.299999237060547,22.299999237060547,22.299999237060547,1000,0.0,0.0
2025-06-17 05:10:00+00:00,22.350000381469727,22.350000381469727,22.350000381469727,22.350000381469727,3001,0.0,0.0
2025-06-17 05:15:00+00:00,22.299999237060547,22.350000381469727,22.299999237060547,22.350000381469727,6027,0.0,0.0
2025-06-18 01:00:00+00:00,22.399999618530273,22.399999618530273,22.399999618530273,22.399999618530273,0,0.0,0.0
2025-06-18 01:05:00+00:00,22.25,22.25,22.25,22.25,3597,0.0,0.0
2025-06-18 01:15:00+00:00,22.25,22.25,22.25,22.25,2000,0.0,0.0
2025-06-18 01:35:00+00:00,22.25,22.25,22.25,22.25,2000,0.0,0.0
2025-06-18 01:40:00+00:00,22.299999237060547,22.299999237060547,22.299999237060547,22.299999237060547,1001,0.0,0.0
2025-06-18 02:10:00+00:00,22.299999237060547,22.350000381469727,22.299999237060547,22.350000381469727,5000,0.0,0.0
2025-06-18 02:30:00+00:00,22.350000381469727,22.350000381469727,22.350000381469727,22.350000381469727,1100,0.0,0.0
2025-06-18 02:35:00+00:00,22.399999618530273,22.450000762939453,22.399999618530273,22.450000762939453,11000,0.0,0.0
2025-06-18 02:40:00+00:00,22.450000762939453,22.450000762939453,22.450000762939453,22.450000762939453,2000,0.0,0.0
2025-06-18 02:45:00+00:00,22.450000762939453,22.450000762939453,22.399999618530273,22.399999618530273,7000,0.0,0.0
2025-06-18 02:50:00+00:00,22.5,22.5,22.5,22.5,10000,0.0,0.0
2025-06-18 02:55:00+00:00,22.5,22.600000381469727,22.5,22.600000381469727,5500,0.0,0.0
2025-06-18 03:15:00+00:00,22.600000381469727,22.600000381469727,22.600000381469727,22.600000381469727,2000,0.0,0.0
2025-06-18 03:30:00+00:00,22.600000381469727,22.649999618530273,22.600000381469727,22.649999618530273,4000,0.0,0.0
2025-06-18 03:45:00+00:00,22.600000381469727,22.600000381469727,22.600000381469727,22.600000381469727,1000,0.0,0.0
2025-06-18 04:00:00+00:00,22.549999237060547,22.549999237060547,22.549999237060547,22.549999237060547,1000,0.0,0.0
2025-06-18 04:05:00+00:00,22.5,22.5,22.450000762939453,22.450000762939453,12000,0.0,0.0
2025-06-18 04:10:00+00:00,22.5,22.549999237060547,22.5,22.549999237060547,2000,0.0,0.0
2025-06-18 04:30:00+00:00,22.399999618530273,22.5,22.399999618530273,22.5,3000,0.0,0.0
2025-06-18 05:00:00+00:00,22.350000381469727,22.350000381469727,22.299999237060547,22.299999237060547,3006,0.0,0.0
2025-06-18 05:05:00+00:00,22.299999237060547,22.299999237060547,22.299999237060547,22.299999237060547,2000,0.0,0.0
2025-06-18 05:10:00+00:00,22.350000381469727,22.450000762939453,22.299999237060547,22.299999237060547,5000,0.0,0.0
2025-06-18 05:15:00+00:00,22.299999237060547,22.299999237060547,22.25,22.25,2000,0.0,0.0
2025-06-18 05:20:00+00:00,22.350000381469727,22.450000762939453,22.350000381469727,22.450000762939453,2403,0.0,0.0
2025-06-19 01:00:00+00:00,22.450000762939453,22.450000762939453,22.450000762939453,22.450000762939453,0,0.0,0.0
2025-06-19 01:05:00+00:00,22.450000762939453,22.450000762939453,22.450000762939453,22.450000762939453,4000,0.0,0.0
2025-06-19 01:10:00+00:00,22.399999618530273,22.399999618530273,22.399999618530273,22.399999618530273,0,0.0,0.0
2025-06-19 01:15:00+00:00,22.399999618530273,22.399999618530273,22.350000381469727,22.399999618530273,12155,0.0,0.0
2025-06-19 01:25:00+00:00,22.350000381469727,22.350000381469727,22.350000381469727,22.350000381469727,1050,0.0,0.0
2025-06-19 01:30:00+00:00,22.299999237060547,22.299999237060547,22.299999237060547,22.299999237060547,3001,0.0,0.0
2025-06-19 01:35:00+00:00,22.299999237060547,22.299999237060547,22.299999237060547,22.299999237060547,2000,0.0,0.0
2025-06-19 01:40:00+00:00,22.25,22.299999237060547,22.25,22.299999237060547,8000,0.0,0.0
2025-06-19 01:45:00+00:00,22.25,22.25,22.200000762939453,22.200000762939453,34000,0.0,0.0
2025-06-19 01:50:00+00:00,22.350000381469727,22.5,22.350000381469727,22.5,6000,0.0,0.0
2025-06-19 01:55:00+00:00,22.25,22.350000381469727,22.25,22.350000381469727,6002,0.0,0.0
2025-06-19 02:00:00+00:00,22.399999618530273,22.399999618530273,22.399999618530273,22.399999618530273,3000,0.0,0.0
2025-06-19 02:10:00+00:00,22.450000762939453,22.450000762939453,22.450000762939453,22.450000762939453,1000,0.0,0.0
2025-06-19 02:15:00+00:00,22.299999237060547,22.299999237060547,22.299999237060547,22.299999237060547,1000,0.0,0.0
2025-06-19 02:20:00+00:00,22.299999237060547,22.299999237060547,22.299999237060547,22.299999237060547,1005,0.0,0.0
2025-06-19 02:30:00+00:00,22.299999237060547,22.399999618530273,22.299999237060547,22.399999618530273,3000,0.0,0.0
2025-06-19 02:35:00+00:00,22.25,22.25,22.25,22.25,5000,0.0,0.0
2025-06-19 02:50:00+00:00,22.299999237060547,22.299999237060547,22.299999237060547,22.299999237060547,1000,0.0,0.0
2025-06-19 03:00:00+00:00,22.299999237060547,22.299999237060547,22.299999237060547,22.299999237060547,1000,0.0,0.0
2025-06-19 03:05:00+00:00,22.25,22.350000381469727,22.25,22.350000381469727,12000,0.0,0.0
2025-06-19 03:10:00+00:00,22.399999618530273,22.399999618530273,22.399999618530273,22.399999618530273,2000,0.0,0.0
2025-06-19 03:20:00+00:00,22.200000762939453,22.350000381469727,22.200000762939453,22.350000381469727,3050,0.0,0.0
2025-06-19 03:35:00+00:00,22.299999237060547,22.299999237060547,22.299999237060547,22.299999237060547,5000,0.0,0.0
2025-06-19 03:40:00+00:00,22.350000381469727,22.350000381469727,22.350000381469727,22.350000381469727,1000,0.0,0.0
2025-06-19 03:45:00+00:00,22.399999618530273,22.399999618530273,22.399999618530273,22.399999618530273,1001,0.0,0.0
2025-06-19 04:25:00+00:00,22.299999237060547,22.299999237060547,22.299999237060547,22.299999237060547,1000,0.0,0.0
2025-06-19 04:40:00+00:00,22.299999237060547,22.299999237060547,22.299999237060547,22.299999237060547,5000,0.0,0.0
2025-06-19 04:45:00+00:00,22.299999237060547,22.299999237060547,22.299999237060547,22.299999237060547,1001,0.0,0.0
2025-06-19 04:50:00+00:00,22.399999618530273,22.399999618530273,22.399999618530273,22.399999618530273,1100,0.0,0.0
2025-06-19 05:00:00+00:00,22.399999618530273,22.399999618530273,22.399999618530273,22.399999618530273,1000,0.0,0.0
2025-06-19 05:05:00+00:00,22.399999618530273,22.399999618530273,22.399999618530273,22.399999618530273,2000,0.0,0.0
2025-06-19 05:15:00+00:00,22.350000381469727,22.350000381469727,22.350000381469727,22.350000381469727,2000,0.0,0.0
2025-06-19 05:20:00+00:00,22.25,22.25,22.25,22.25,1202,0.0,0.0
2025-06-20 01:00:00+00:00,22.399999618530273,22.399999618530273,22.299999237060547,22.299999237060547,0,0.0,0.0
2025-06-20 01:05:00+00:00,22.350000381469727,22.600000381469727,22.350000381469727,22.549999237060547,20000,0.0,0.0
2025-06-20 01:10:00+00:00,22.549999237060547,22.549999237060547,22.5,22.5,3000,0.0,0.0
2025-06-20 01:15:00+00:00,22.5,22.5,22.450000762939453,22.450000762939453,2000,0.0,0.0
2025-06-20 01:20:00+00:00,22.549999237060547,22.549999237060547,22.399999618530273,22.399999618530273,3000,0.0,0.0
2025-06-20 01:25:00+00:00,22.299999237060547,22.299999237060547,22.299999237060547,22.299999237060547,3000,0.0,0.0
2025-06-20 01:30:00+00:00,22.25,22.25,22.100000381469727,22.100000381469727,18000,0.0,0.0
2025-06-20 01:35:00+00:00,22.100000381469727,22.100000381469727,22.0,22.0,6000,0.0,0.0
2025-06-20 01:40:00+00:00,22.049999237060547,22.049999237060547,22.049999237060547,22.049999237060547,3000,0.0,0.0
2025-06-20 01:45:00+00:00,22.0,22.200000762939453,22.0,22.200000762939453,30150,0.0,0.0
2025-06-20 01:50:00+00:00,22.200000762939453,22.25,22.200000762939453,22.25,8002,0.0,0.0
2025-06-20 02:15:00+00:00,22.100000381469727,22.100000381469727,22.049999237060547,22.049999237060547,11000,0.0,0.0
2025-06-20 02:20:00+00:00,22.049999237060547,22.25,22.0,22.100000381469727,14067,0.0,0.0
2025-06-20 02:25:00+00:00,22.25,22.399999618530273,22.25,22.399999618530273,12000,0.0,0.0
2025-06-20 02:30:00+00:00,22.399999618530273,22.5,22.399999618530273,22.5,5201,0.0,0.0
2025-06-20 02:40:00+00:00,22.450000762939453,22.450000762939453,22.399999618530273,22.399999618530273,11015,0.0,0.0
2025-06-20 02:55:00+00:00,22.399999618530273,22.399999618530273,22.299999237060547,22.299999237060547,3000,0.0,0.0
2025-06-20 03:20:00+00:00,22.299999237060547,22.299999237060547,22.299999237060547,22.299999237060547,1000,0.0,0.0
2025-06-20 03:40:00+00:00,22.200000762939453,22.200000762939453,22.200000762939453,22.200000762939453,2104,0.0,0.0
2025-06-20 03:45:00+00:00,22.200000762939453,22.200000762939453,22.200000762939453,22.200000762939453,3000,0.0,0.0
2025-06-20 03:50:00+00:00,22.299999237060547,22.299999237060547,22.299999237060547,22.299999237060547,1002,0.0,0.0
2025-06-20 04:05:00+00:00,22.25,22.25,22.25,22.25,1000,0.0,0.0
2025-06-20 04:50:00+00:00,22.25,22.25,22.25,22.25,1300,0.0,0.0
2025-06-20 04:55:00+00:00,22.25,22.25,22.25,22.25,1001,0.0,0.0
2025-06-20 05:10:00+00:00,22.25,22.299999237060547,22.25,22.25,3000,0.0,0.0
2025-06-20 05:15:00+00:00,22.25,22.299999237060547,22.200000762939453,22.200000762939453,9200,0.0,0.0
2025-06-20 05:20:00+00:00,22.149999618530273,22.399999618530273,22.100000381469727,22.399999618530273,25202,0.0,0.0
2025-06-23 01:00:00+00:00,22.100000381469727,22.100000381469727,21.799999237060547,21.799999237060547,0,0.0,0.0
2025-06-23 01:10:00+00:00,21.899999618530273,22.049999237060547,21.850000381469727,21.850000381469727,17031,0.0,0.0
2025-06-23 01:15:00+00:00,21.850000381469727,21.850000381469727,21.850000381469727,21.850000381469727,2000,0.0,0.0
2025-06-23 01:20:00+00:00,21.899999618530273,21.899999618530273,21.75,21.75,8000,0.0,0.0
2025-06-23 01:30:00+00:00,21.899999618530273,21.899999618530273,21.700000762939453,21.700000762939453,8010,0.0,0.0
2025-06-23 01:35:00+00:00,21.700000762939453,21.700000762939453,21.649999618530273,21.649999618530273,2000,0.0,0.0
2025-06-23 01:40:00+00:00,21.75,21.75,21.75,21.75,1000,0.0,0.0
2025-06-23 01:45:00+00:00,21.75,21.75,21.75,21.75,1001,0.0,0.0
2025-06-23 01:50:00+00:00,21.75,21.850000381469727,21.700000762939453,21.700000762939453,4000,0.0,0.0
2025-06-23 01:55:00+00:00,21.700000762939453,21.700000762939453,21.700000762939453,21.700000762939453,2051,0.0,0.0
2025-06-23 02:15:00+00:00,21.700000762939453,21.700000762939453,21.700000762939453,21.700000762939453,2000,0.0,0.0
2025-06-23 02:20:00+00:00,21.75,21.899999618530273,21.75,21.899999618530273,2050,0.0,0.0
2025-06-23 02:35:00+00:00,21.799999237060547,21.799999237060547,21.799999237060547,21.799999237060547,5000,0.0,0.0
2025-06-23 02:40:00+00:00,21.850000381469727,21.850000381469727,21.850000381469727,21.850000381469727,1010,0.0,0.0
2025-06-23 02:55:00+00:00,21.700000762939453,21.700000762939453,21.700000762939453,21.700000762939453,1499,0.0,0.0
2025-06-23 03:20:00+00:00,21.700000762939453,21.700000762939453,21.700000762939453,21.700000762939453,1000,0.0,0.0
2025-06-23 03:30:00+00:00,21.799999237060547,21.799999237060547,21.799999237060547,21.799999237060547,1000,0.0,0.0
2025-06-23 03:35:00+00:00,21.75,21.799999237060547,21.75,21.799999237060547,6000,0.0,0.0
2025-06-23 03:40:00+00:00,21.799999237060547,21.799999237060547,21.799999237060547,21.799999237060547,1000,0.0,0.0
2025-06-23 03:55:00+00:00,21.799999237060547,21.799999237060547,21.799999237060547,21.799999237060547,5000,0.0,0.0
2025-06-23 04:00:00+00:00,21.799999237060547,21.799999237060547,21.799999237060547,21.799999237060547,1101,0.0,0.0
2025-06-23 04:25:00+00:00,21.700000762939453,21.700000762939453,21.700000762939453,21.700000762939453,1000,0.0,0.0
2025-06-23 04:30:00+00:00,21.700000762939453,21.700000762939453,21.700000762939453,21.700000762939453,1001,0.0,0.0
2025-06-23 04:35:00+00:00,21.75,21.75,21.700000762939453,21.700000762939453,8005,0.0,0.0
2025-06-23 04:40:00+00:00,21.700000762939453,21.799999237060547,21.700000762939453,21.799999237060547,10000,0.0,0.0
2025-06-23 04:50:00+00:00,21.850000381469727,21.850000381469727,21.850000381469727,21.850000381469727,2011,0.0,0.0
2025-06-23 04:55:00+00:00,21.75,21.75,21.75,21.75,1000,0.0,0.0
2025-06-23 05:00:00+00:00,21.850000381469727,21.850000381469727,21.850000381469727,21.850000381469727,1000,0.0,0.0
2025-06-23 05:05:00+00:00,21.799999237060547,21.799999237060547,21.799999237060547,21.799999237060547,3053,0.0,0.0
2025-06-23 05:20:00+00:00,21.75,21.75,21.350000381469727,21.75,116359,0.0,0.0
2025-06-24 01:00:00+00:00,21.75,21.850000381469727,21.75,21.850000381469727,0,0.0,0.0
2025-06-24 01:05:00+00:00,21.899999618530273,22.0,21.899999618530273,22.0,11002,0.0,0.0
2025-06-24 01:10:00+00:00,22.0,22.0,22.0,22.0,1000,0.0,0.0
2025-06-24 01:15:00+00:00,22.0,22.0,22.0,22.0,1155,0.0,0.0
2025-06-24 01:25:00+00:00,22.0,22.0,22.0,22.0,1000,0.0,0.0
2025-06-24 01:30:00+00:00,21.950000762939453,22.0,21.950000762939453,22.0,6000,0.0,0.0
2025-06-24 01:40:00+00:00,22.049999237060547,22.100000381469727,22.0,22.100000381469727,9100,0.0,0.0
2025-06-24 01:45:00+00:00,22.100000381469727,22.100000381469727,22.100000381469727,22.100000381469727,1000,0.0,0.0
2025-06-24 01:50:00+00:00,22.100000381469727,22.100000381469727,22.100000381469727,22.100000381469727,1605,0.0,0.0
2025-06-24 01:55:00+00:00,22.100000381469727,22.100000381469727,22.100000381469727,22.100000381469727,1300,0.0,0.0
2025-06-24 02:00:00+00:00,22.049999237060547,22.049999237060547,22.049999237060547,22.049999237060547,1000,0.0,0.0
2025-06-24 02:05:00+00:00,22.049999237060547,22.049999237060547,22.049999237060547,22.049999237060547,1000,0.0,0.0
2025-06-24 02:10:00+00:00,22.0,22.049999237060547,22.0,22.0,7000,0.0,0.0
2025-06-24 02:15:00+00:00,22.049999237060547,22.049999237060547,22.049999237060547,22.049999237060547,4000,0.0,0.0
2025-06-24 02:20:00+00:00,22.049999237060547,22.049999237060547,22.049999237060547,22.049999237060547,1000,0.0,0.0
2025-06-24 02:30:00+00:00,22.049999237060547,22.049999237060547,22.049999237060547,22.049999237060547,1015,0.0,0.0
2025-06-24 02:45:00+00:00,21.899999618530273,21.899999618530273,21.850000381469727,21.850000381469727,10042,0.0,0.0
2025-06-24 02:50:00+00:00,21.850000381469727,21.850000381469727,21.850000381469727,21.850000381469727,3000,0.0,0.0
2025-06-24 02:55:00+00:00,21.899999618530273,21.899999618530273,21.899999618530273,21.899999618530273,1000,0.0,0.0
2025-06-24 03:00:00+00:00,21.950000762939453,21.950000762939453,21.850000381469727,21.950000762939453,11269,0.0,0.0
2025-06-24 03:15:00+00:00,21.899999618530273,21.899999618530273,21.899999618530273,21.899999618530273,7000,0.0,0.0
2025-06-24 03:20:00+00:00,22.0,22.0,22.0,22.0,3000,0.0,0.0
2025-06-24 03:30:00+00:00,22.0,22.0,22.0,22.0,2000,0.0,0.0
2025-06-24 03:35:00+00:00,22.0,22.0,22.0,22.0,1000,0.0,0.0
2025-06-24 03:40:00+00:00,21.850000381469727,21.850000381469727,21.850000381469727,21.850000381469727,1000,0.0,0.0
2025-06-24 03:45:00+00:00,21.899999618530273,21.899999618530273,21.899999618530273,21.899999618530273,9000,0.0,0.0
2025-06-24 03:50:00+00:00,22.0,22.0,22.0,22.0,2000,0.0,0.0
2025-06-24 04:20:00+00:00,21.899999618530273,21.899999618530273,21.850000381469727,21.850000381469727,8000,0.0,0.0
2025-06-24 04:30:00+00:00,21.850000381469727,21.850000381469727,21.850000381469727,21.850000381469727,1000,0.0,0.0
2025-06-24 04:35:00+00:00,21.899999618530273,21.899999618530273,21.899999618530273,21.899999618530273,2001,0.0,0.0
2025-06-24 04:40:00+00:00,21.950000762939453,21.950000762939453,21.950000762939453,21.950000762939453,1000,0.0,0.0
2025-06-24 04:45:00+00:00,21.850000381469727,21.850000381469727,21.850000381469727,21.850000381469727,1000,0.0,0.0
2025-06-24 04:55:00+00:00,21.850000381469727,21.850000381469727,21.850000381469727,21.850000381469727,2000,0.0,0.0
2025-06-24 05:00:00+00:00,21.899999618530273,21.899999618530273,21.899999618530273,21.899999618530273,2287,0.0,0.0
2025-06-24 05:05:00+00:00,21.850000381469727,21.899999618530273,21.850000381469727,21.899999618530273,3014,0.0,0.0
2025-06-24 05:20:00+00:00,21.950000762939453,21.950000762939453,21.950000762939453,21.950000762939453,1601,0.0,0.0
2025-06-25 01:00:00+00:00,22.049999237060547,22.049999237060547,22.049999237060547,22.049999237060547,0,0.0,0.0
2025-06-25 01:05:00+00:00,22.049999237060547,22.049999237060547,22.049999237060547,22.049999237060547,3000,0.0,0.0
2025-06-25 01:15:00+00:00,22.049999237060547,22.049999237060547,22.049999237060547,22.049999237060547,3008,0.0,0.0
2025-06-25 01:25:00+00:00,22.049999237060547,22.049999237060547,22.049999237060547,22.049999237060547,1000,0.0,0.0
2025-06-25 01:30:00+00:00,22.0,22.0,22.0,22.0,2000,0.0,0.0
2025-06-25 01:50:00+00:00,22.0,22.0,22.0,22.0,1000,0.0,0.0
2025-06-25 01:55:00+00:00,21.950000762939453,22.0,21.950000762939453,22.0,2000,0.0,0.0
2025-06-25 02:00:00+00:00,22.049999237060547,22.049999237060547,22.049999237060547,22.049999237060547,1000,0.0,0.0
2025-06-25 02:05:00+00:00,22.0,22.0,22.0,22.0,1001,0.0,0.0
2025-06-25 02:15:00+00:00,22.049999237060547,22.049999237060547,22.049999237060547,22.049999237060547,2010,0.0,0.0
2025-06-25 02:25:00+00:00,22.049999237060547,22.100000381469727,22.049999237060547,22.100000381469727,2000,0.0,0.0
2025-06-25 02:30:00+00:00,22.100000381469727,22.100000381469727,22.049999237060547,22.049999237060547,2100,0.0,0.0
2025-06-25 02:40:00+00:00,22.049999237060547,22.049999237060547,22.049999237060547,22.049999237060547,1020,0.0,0.0
2025-06-25 02:55:00+00:00,22.049999237060547,22.049999237060547,22.049999237060547,22.049999237060547,1010,0.0,0.0
2025-06-25 03:05:00+00:00,22.100000381469727,22.100000381469727,22.100000381469727,22.100000381469727,2000,0.0,0.0
2025-06-25 03:10:00+00:00,22.100000381469727,22.149999618530273,22.100000381469727,22.149999618530273,2000,0.0,0.0
2025-06-25 03:35:00+00:00,22.100000381469727,22.200000762939453,22.100000381469727,22.200000762939453,37992,0.0,0.0
2025-06-25 03:40:00+00:00,22.25,22.299999237060547,22.25,22.299999237060547,5010,0.0,0.0
2025-06-25 03:45:00+00:00,22.200000762939453,22.200000762939453,22.200000762939453,22.200000762939453,1000,0.0,0.0
2025-06-25 03:50:00+00:00,22.200000762939453,22.200000762939453,22.200000762939453,22.200000762939453,1000,0.0,0.0
2025-06-25 04:00:00+00:00,22.25,22.299999237060547,22.25,22.299999237060547,2008,0.0,0.0
2025-06-25 04:50:00+00:00,22.149999618530273,22.149999618530273,22.149999618530273,22.149999618530273,1000,0.0,0.0
2025-06-25 04:55:00+00:00,22.149999618530273,22.149999618530273,22.100000381469727,22.100000381469727,2000,0.0,0.0
2025-06-25 05:05:00+00:00,22.200000762939453,22.200000762939453,22.200000762939453,22.200000762939453,1000,0.0,0.0
2025-06-25 05:10:00+00:00,22.200000762939453,22.200000762939453,22.200000762939453,22.200000762939453,1001,0.0,0.0
2025-06-25 05:20:00+00:00,22.200000762939453,22.200000762939453,22.200000762939453,22.200000762939453,5282,0.0,0.0
2025-06-26 01:00:00+00:00,22.200000762939453,22.200000762939453,22.200000762939453,22.200000762939453,0,0.0,0.0
2025-06-26 01:05:00+00:00,22.299999237060547,22.299999237060547,22.25,22.25,6000,0.0,0.0
2025-06-26 01:10:00+00:00,22.350000381469727,22.350000381469727,22.350000381469727,22.350000381469727,3000,0.0,0.0
2025-06-26 01:15:00+00:00,22.350000381469727,22.399999618530273,22.350000381469727,22.399999618530273,5000,0.0,0.0
2025-06-26 01:20:00+00:00,22.399999618530273,22.399999618530273,22.299999237060547,22.299999237060547,6000,0.0,0.0
2025-06-26 01:25:00+00:00,22.450000762939453,22.450000762939453,22.399999618530273,22.399999618530273,2020,0.0,0.0
2025-06-26 01:30:00+00:00,22.450000762939453,22.450000762939453,22.450000762939453,22.450000762939453,1000,0.0,0.0
2025-06-26 01:40:00+00:00,22.399999618530273,22.399999618530273,22.399999618530273,22.399999618530273,1000,0.0,0.0
2025-06-26 01:45:00+00:00,22.299999237060547,22.299999237060547,22.299999237060547,22.299999237060547,3000,0.0,0.0
2025-06-26 01:50:00+00:00,22.399999618530273,22.399999618530273,22.399999618530273,22.399999618530273,1100,0.0,0.0
2025-06-26 02:00:00+00:00,22.299999237060547,22.299999237060547,22.299999237060547,22.299999237060547,1000,0.0,0.0
2025-06-26 02:10:00+00:00,22.399999618530273,22.399999618530273,22.399999618530273,22.399999618530273,1000,0.0,0.0
2025-06-26 02:15:00+00:00,22.450000762939453,22.450000762939453,22.450000762939453,22.450000762939453,1000,0.0,0.0
2025-06-26 02:20:00+00:00,22.450000762939453,22.450000762939453,22.399999618530273,22.399999618530273,9000,0.0,0.0
2025-06-26 02:25:00+00:00,22.5,22.5,22.5,22.5,1000,0.0,0.0
2025-06-26 02:30:00+00:00,22.5,22.5,22.5,22.5,2000,0.0,0.0
2025-06-26 02:40:00+00:00,22.399999618530273,22.450000762939453,22.399999618530273,22.450000762939453,3060,0.0,0.0
2025-06-26 02:50:00+00:00,22.450000762939453,22.450000762939453,22.450000762939453,22.450000762939453,2001,0.0,0.0
2025-06-26 03:10:00+00:00,22.450000762939453,22.450000762939453,22.399999618530273,22.450000762939453,3029,0.0,0.0
2025-06-26 03:25:00+00:00,22.450000762939453,22.450000762939453,22.450000762939453,22.450000762939453,2245,0.0,0.0
2025-06-26 03:30:00+00:00,22.399999618530273,22.399999618530273,22.399999618530273,22.399999618530273,4000,0.0,0.0
2025-06-26 03:40:00+00:00,22.450000762939453,22.450000762939453,22.450000762939453,22.450000762939453,1000,0.0,0.0
2025-06-26 03:45:00+00:00,22.450000762939453,22.450000762939453,22.450000762939453,22.450000762939453,3000,0.0,0.0
2025-06-26 03:50:00+00:00,22.450000762939453,22.450000762939453,22.450000762939453,22.450000762939453,1000,0.0,0.0
2025-06-26 04:15:00+00:00,22.450000762939453,22.450000762939453,22.450000762939453,22.450000762939453,1000,0.0,0.0
2025-06-26 04:25:00+00:00,22.350000381469727,22.350000381469727,22.350000381469727,22.350000381469727,4201,0.0,0.0
2025-06-26 04:30:00+00:00,22.399999618530273,22.399999618530273,22.399999618530273,22.399999618530273,2000,0.0,0.0
2025-06-26 04:50:00+00:00,22.450000762939453,22.450000762939453,22.450000762939453,22.450000762939453,1071,0.0,0.0
2025-06-26 05:15:00+00:00,22.350000381469727,22.350000381469727,22.25,22.25,8000,0.0,0.0
2025-06-26 05:20:00+00:00,22.399999618530273,22.450000762939453,22.399999618530273,22.450000762939453,3404,0.0,0.0
2025-06-27 01:00:00+00:00,22.399999618530273,22.450000762939453,22.399999618530273,22.450000762939453,0,0.0,0.0
2025-06-27 01:05:00+00:00,22.450000762939453,22.450000762939453,22.450000762939453,22.450000762939453,1005,0.0,0.0
2025-06-27 01:10:00+00:00,22.5,22.549999237060547,22.450000762939453,22.549999237060547,18000,0.0,0.0
2025-06-27 01:15:00+00:00,22.450000762939453,22.450000762939453,22.450000762939453,22.450000762939453,1001,0.0,0.0
2025-06-27 01:20:00+00:00,22.600000381469727,22.600000381469727,22.399999618530273,22.399999618530273,7010,0.0,0.0
2025-06-27 01:30:00+00:00,22.399999618530273,22.399999618530273,22.399999618530273,22.399999618530273,1000,0.0,0.0
2025-06-27 01:35:00+00:00,22.5,22.5,22.5,22.5,2000,0.0,0.0
2025-06-27 01:50:00+00:00,22.399999618530273,22.399999618530273,22.399999618530273,22.399999618530273,1000,0.0,0.0
2025-06-27 02:00:00+00:00,22.450000762939453,22.450000762939453,22.450000762939453,22.450000762939453,1000,0.0,0.0
2025-06-27 02:05:00+00:00,22.450000762939453,22.450000762939453,22.450000762939453,22.450000762939453,2000,0.0,0.0
2025-06-27 02:10:00+00:00,22.450000762939453,22.450000762939453,22.450000762939453,22.450000762939453,1000,0.0,0.0
2025-06-27 02:15:00+00:00,22.450000762939453,22.450000762939453,22.450000762939453,22.450000762939453,1000,0.0,0.0
2025-06-27 02:20:00+00:00,22.399999618530273,22.399999618530273,22.399999618530273,22.399999618530273,2000,0.0,0.0
2025-06-27 02:30:00+00:00,22.5,22.5,22.5,22.5,1001,0.0,0.0
2025-06-27 02:35:00+00:00,22.350000381469727,22.350000381469727,22.350000381469727,22.350000381469727,1002,0.0,0.0
2025-06-27 03:00:00+00:00,22.399999618530273,22.5,22.399999618530273,22.5,11114,0.0,0.0
2025-06-27 03:05:00+00:00,22.5,22.5,22.5,22.5,14400,0.0,0.0
2025-06-27 03:10:00+00:00,22.549999237060547,22.549999237060547,22.5,22.5,5000,0.0,0.0
2025-06-27 03:15:00+00:00,22.549999237060547,22.549999237060547,22.549999237060547,22.549999237060547,1000,0.0,0.0
2025-06-27 03:20:00+00:00,22.399999618530273,22.549999237060547,22.399999618530273,22.549999237060547,2001,0.0,0.0
2025-06-27 03:25:00+00:00,22.399999618530273,22.399999618530273,22.399999618530273,22.399999618530273,2000,0.0,0.0
2025-06-27 03:30:00+00:00,22.399999618530273,22.399999618530273,22.399999618530273,22.399999618530273,2002,0.0,0.0
2025-06-27 03:50:00+00:00,22.399999618530273,22.399999618530273,22.399999618530273,22.399999618530273,2057,0.0,0.0
2025-06-27 04:00:00+00:00,22.5,22.5,22.5,22.5,2001,0.0,0.0
2025-06-27 04:20:00+00:00,22.5,22.5,22.5,22.5,1000,0.0,0.0
2025-06-27 04:25:00+00:00,22.399999618530273,22.399999618530273,22.399999618530273,22.399999618530273,10000,0.0,0.0
2025-06-27 04:30:00+00:00,22.5,22.549999237060547,22.5,22.549999237060547,4000,0.0,0.0
2025-06-27 04:35:00+00:00,22.450000762939453,22.450000762939453,22.450000762939453,22.450000762939453,2000,0.0,0.0
2025-06-27 04:40:00+00:00,22.600000381469727,22.600000381469727,22.600000381469727,22.600000381469727,3015,0.0,0.0
2025-06-27 04:50:00+00:00,22.549999237060547,22.549999237060547,22.5,22.5,5000,0.0,0.0
2025-06-27 05:00:00+00:00,22.600000381469727,22.600000381469727,22.5,22.5,12000,0.0,0.0
2025-06-27 05:10:00+00:00,22.600000381469727,22.600000381469727,22.549999237060547,22.549999237060547,4489,0.0,0.0
2025-06-27 05:20:00+00:00,22.549999237060547,22.600000381469727,22.549999237060547,22.600000381469727,3601,0.0,0.0
2025-04-30 01:00:00+00:00,24.850000381469727,24.899999618530273,24.75,24.75,0,0.0,0.0
2025-04-30 01:05:00+00:00,24.700000762939453,24.850000381469727,24.700000762939453,24.850000381469727,28008,0.0,0.0
2025-04-30 01:10:00+00:00,24.850000381469727,24.850000381469727,24.799999237060547,24.799999237060547,6000,0.0,0.0
2025-04-30 01:15:00+00:00,24.799999237060547,24.799999237060547,24.799999237060547,24.799999237060547,5000,0.0,0.0
2025-04-30 01:20:00+00:00,24.799999237060547,24.799999237060547,24.75,24.75,9001,0.0,0.0
2025-04-30 01:25:00+00:00,24.700000762939453,24.700000762939453,24.600000381469727,24.600000381469727,45000,0.0,0.0
2025-04-30 01:30:00+00:00,24.600000381469727,24.600000381469727,24.549999237060547,24.549999237060547,98150,0.0,0.0
2025-04-30 01:35:00+00:00,24.549999237060547,24.549999237060547,24.549999237060547,24.549999237060547,10000,0.0,0.0
2025-04-30 01:40:00+00:00,24.5,24.5,24.399999618530273,24.5,20041,0.0,0.0
2025-04-30 01:45:00+00:00,24.5,24.5,24.399999618530273,24.5,32000,0.0,0.0
2025-04-30 01:50:00+00:00,24.450000762939453,24.450000762939453,24.399999618530273,24.399999618530273,15002,0.0,0.0
2025-04-30 02:00:00+00:00,24.399999618530273,24.450000762939453,24.399999618530273,24.450000762939453,6000,0.0,0.0
2025-04-30 02:05:00+00:00,24.399999618530273,24.399999618530273,24.399999618530273,24.399999618530273,1001,0.0,0.0
2025-04-30 02:15:00+00:00,24.399999618530273,24.450000762939453,24.399999618530273,24.399999618530273,9000,0.0,0.0
2025-04-30 02:20:00+00:00,24.350000381469727,24.350000381469727,24.350000381469727,24.350000381469727,6000,0.0,0.0
2025-04-30 02:25:00+00:00,24.399999618530273,24.549999237060547,24.299999237060547,24.299999237060547,37000,0.0,0.0
2025-04-30 02:35:00+00:00,24.350000381469727,24.350000381469727,24.350000381469727,24.350000381469727,1030,0.0,0.0
2025-04-30 02:40:00+00:00,24.350000381469727,24.350000381469727,24.350000381469727,24.350000381469727,11002,0.0,0.0
2025-04-30 02:50:00+00:00,24.399999618530273,24.399999618530273,24.25,24.25,24009,0.0,0.0
2025-04-30 02:55:00+00:00,24.200000762939453,24.200000762939453,24.149999618530273,24.149999618530273,22379,0.0,0.0
2025-04-30 03:00:00+00:00,24.100000381469727,24.100000381469727,24.0,24.0,31077,0.0,0.0
2025-04-30 03:05:00+00:00,24.0,24.100000381469727,24.0,24.100000381469727,6000,0.0,0.0
2025-04-30 03:10:00+00:00,24.100000381469727,24.100000381469727,24.100000381469727,24.100000381469727,5068,0.0,0.0
2025-04-30 03:15:00+00:00,24.100000381469727,24.100000381469727,24.100000381469727,24.100000381469727,2000,0.0,0.0
2025-04-30 03:20:00+00:00,24.149999618530273,24.149999618530273,24.149999618530273,24.149999618530273,12001,0.0,0.0
2025-04-30 03:30:00+00:00,24.100000381469727,24.100000381469727,24.100000381469727,24.100000381469727,1000,0.0,0.0
2025-04-30 03:40:00+00:00,24.100000381469727,24.100000381469727,24.100000381469727,24.100000381469727,3138,0.0,0.0
2025-04-30 03:45:00+00:00,24.049999237060547,24.049999237060547,24.049999237060547,24.049999237060547,1000,0.0,0.0
2025-04-30 03:50:00+00:00,24.049999237060547,24.049999237060547,24.0,24.0,16249,0.0,0.0
2025-04-30 04:00:00+00:00,24.049999237060547,24.049999237060547,24.049999237060547,24.049999237060547,3000,0.0,0.0
2025-04-30 04:05:00+00:00,24.049999237060547,24.149999618530273,24.049999237060547,24.149999618530273,17000,0.0,0.0
2025-04-30 04:10:00+00:00,24.149999618530273,24.200000762939453,24.149999618530273,24.200000762939453,14000,0.0,0.0
2025-04-30 04:15:00+00:00,24.200000762939453,24.200000762939453,24.200000762939453,24.200000762939453,4000,0.0,0.0
2025-04-30 04:20:00+00:00,24.149999618530273,24.149999618530273,24.149999618530273,24.149999618530273,3101,0.0,0.0
2025-04-30 04:30:00+00:00,24.149999618530273,24.149999618530273,24.149999618530273,24.149999618530273,3002,0.0,0.0
2025-04-30 04:35:00+00:00,24.100000381469727,24.100000381469727,24.100000381469727,24.100000381469727,4319,0.0,0.0
2025-04-30 04:55:00+00:00,24.049999237060547,24.049999237060547,24.0,24.0,19000,0.0,0.0
2025-04-30 05:00:00+00:00,23.950000762939453,23.950000762939453,23.950000762939453,23.950000762939453,5197,0.0,0.0
2025-04-30 05:05:00+00:00,24.0,24.0,23.950000762939453,24.0,3219,0.0,0.0
2025-04-30 05:10:00+00:00,23.950000762939453,24.0,23.950000762939453,24.0,4297,0.0,0.0
2025-04-30 05:15:00+00:00,24.0,24.0,24.0,24.0,17000,0.0,0.0
2025-04-30 05:20:00+00:00,24.0,24.0,24.0,24.0,2005,0.0,0.0
2025-05-02 01:00:00+00:00,24.149999618530273,24.149999618530273,24.0,24.0,0,0.0,0.0
2025-05-02 01:05:00+00:00,24.0,24.049999237060547,24.0,24.049999237060547,3015,0.0,0.0
2025-05-02 01:10:00+00:00,24.049999237060547,24.049999237060547,24.049999237060547,24.049999237060547,8000,0.0,0.0
2025-05-02 01:15:00+00:00,24.049999237060547,24.049999237060547,24.0,24.0,12002,0.0,0.0
2025-05-02 01:20:00+00:00,23.950000762939453,23.950000762939453,23.950000762939453,23.950000762939453,10002,0.0,0.0
2025-05-02 01:25:00+00:00,23.950000762939453,23.950000762939453,23.950000762939453,23.950000762939453,1135,0.0,0.0
2025-05-02 01:55:00+00:00,24.0,24.0,24.0,24.0,17001,0.0,0.0
2025-05-02 02:00:00+00:00,24.0,24.0,24.0,24.0,7004,0.0,0.0
2025-05-02 02:05:00+00:00,24.0,24.0,24.0,24.0,1000,0.0,0.0
2025-05-02 02:10:00+00:00,23.950000762939453,23.950000762939453,23.950000762939453,23.950000762939453,1001,0.0,0.0
2025-05-02 02:20:00+00:00,24.0,24.0,23.950000762939453,23.950000762939453,25051,0.0,0.0
2025-05-02 02:25:00+00:00,23.950000762939453,23.950000762939453,23.950000762939453,23.950000762939453,4059,0.0,0.0
2025-05-02 02:30:00+00:00,23.950000762939453,23.950000762939453,23.950000762939453,23.950000762939453,1486,0.0,0.0
2025-05-02 02:35:00+00:00,24.0,24.0,24.0,24.0,1001,0.0,0.0
2025-05-02 02:40:00+00:00,23.950000762939453,23.950000762939453,23.950000762939453,23.950000762939453,1000,0.0,0.0
2025-05-02 02:45:00+00:00,23.950000762939453,23.950000762939453,23.950000762939453,23.950000762939453,8000,0.0,0.0
2025-05-02 02:55:00+00:00,23.899999618530273,23.899999618530273,23.899999618530273,23.899999618530273,17017,0.0,0.0
2025-05-02 03:00:00+00:00,23.899999618530273,23.899999618530273,23.899999618530273,23.899999618530273,1002,0.0,0.0
2025-05-02 03:05:00+00:00,23.899999618530273,23.899999618530273,23.899999618530273,23.899999618530273,1000,0.0,0.0
2025-05-02 03:10:00+00:00,23.899999618530273,23.899999618530273,23.899999618530273,23.899999618530273,2000,0.0,0.0
2025-05-02 03:15:00+00:00,23.899999618530273,23.899999618530273,23.899999618530273,23.899999618530273,2000,0.0,0.0
2025-05-02 03:25:00+00:00,23.950000762939453,23.950000762939453,23.950000762939453,23.950000762939453,1001,0.0,0.0
2025-05-02 03:45:00+00:00,23.950000762939453,23.950000762939453,23.950000762939453,23.950000762939453,2010,0.0,0.0
2025-05-02 03:50:00+00:00,23.950000762939453,23.950000762939453,23.950000762939453,23.950000762939453,1000,0.0,0.0
2025-05-02 04:10:00+00:00,23.950000762939453,23.950000762939453,23.950000762939453,23.950000762939453,1049,0.0,0.0
2025-05-02 04:25:00+00:00,23.950000762939453,23.950000762939453,23.950000762939453,23.950000762939453,10050,0.0,0.0
2025-05-02 04:30:00+00:00,23.950000762939453,23.950000762939453,23.950000762939453,23.950000762939453,2000,0.0,0.0
2025-05-02 04:35:00+00:00,23.950000762939453,23.950000762939453,23.950000762939453,23.950000762939453,5050,0.0,0.0
2025-05-02 04:50:00+00:00,23.899999618530273,23.899999618530273,23.899999618530273,23.899999618530273,2044,0.0,0.0
2025-05-02 04:55:00+00:00,23.899999618530273,23.899999618530273,23.899999618530273,23.899999618530273,4217,0.0,0.0
2025-05-02 05:10:00+00:00,23.950000762939453,23.950000762939453,23.950000762939453,23.950000762939453,1000,0.0,0.0
2025-05-02 05:15:00+00:00,23.899999618530273,23.899999618530273,23.899999618530273,23.899999618530273,2000,0.0,0.0
2025-05-02 05:20:00+00:00,23.899999618530273,23.899999618530273,23.850000381469727,23.850000381469727,18201,0.0,0.0
2025-05-05 01:00:00+00:00,23.850000381469727,23.850000381469727,23.700000762939453,23.700000762939453,0,0.0,0.0
2025-05-05 01:05:00+00:00,23.649999618530273,23.649999618530273,23.600000381469727,23.600000381469727,11059,0.0,0.0
2025-05-05 01:10:00+00:00,23.600000381469727,23.600000381469727,23.549999237060547,23.600000381469727,15246,0.0,0.0
2025-05-05 01:15:00+00:00,23.600000381469727,23.600000381469727,23.549999237060547,23.600000381469727,11019,0.0,0.0
2025-05-05 01:20:00+00:00,23.549999237060547,23.549999237060547,23.399999618530273,23.399999618530273,17126,0.0,0.0
2025-05-05 01:25:00+00:00,23.450000762939453,23.600000381469727,23.450000762939453,23.600000381469727,4000,0.0,0.0
2025-05-05 01:30:00+00:00,23.399999618530273,23.399999618530273,23.200000762939453,23.200000762939453,36099,0.0,0.0
2025-05-05 01:35:00+00:00,23.200000762939453,23.25,23.200000762939453,23.200000762939453,20119,0.0,0.0
2025-05-05 01:40:00+00:00,23.200000762939453,23.200000762939453,23.149999618530273,23.149999618530273,6000,0.0,0.0
2025-05-05 01:45:00+00:00,23.149999618530273,23.149999618530273,23.100000381469727,23.100000381469727,9000,0.0,0.0
2025-05-05 01:50:00+00:00,23.100000381469727,23.100000381469727,23.100000381469727,23.100000381469727,2011,0.0,0.0
2025-05-05 01:55:00+00:00,23.100000381469727,23.100000381469727,23.100000381469727,23.100000381469727,1000,0.0,0.0
2025-05-05 02:00:00+00:00,23.049999237060547,23.100000381469727,23.049999237060547,23.049999237060547,12000,0.0,0.0
2025-05-05 02:05:00+00:00,23.100000381469727,23.100000381469727,23.0,23.049999237060547,27301,0.0,0.0
2025-05-05 02:10:00+00:00,23.0,23.049999237060547,23.0,23.049999237060547,4000,0.0,0.0
2025-05-05 02:15:00+00:00,23.0,23.0,22.799999237060547,22.799999237060547,15090,0.0,0.0
2025-05-05 02:25:00+00:00,22.899999618530273,22.899999618530273,22.899999618530273,22.899999618530273,2000,0.0,0.0
2025-05-05 02:30:00+00:00,22.899999618530273,22.899999618530273,22.850000381469727,22.850000381469727,6209,0.0,0.0
2025-05-05 02:35:00+00:00,22.899999618530273,22.899999618530273,22.899999618530273,22.899999618530273,2001,0.0,0.0
2025-05-05 02:40:00+00:00,22.899999618530273,22.899999618530273,22.850000381469727,22.899999618530273,3000,0.0,0.0
2025-05-05 02:45:00+00:00,22.899999618530273,22.899999618530273,22.899999618530273,22.899999618530273,5000,0.0,0.0
2025-05-05 02:50:00+00:00,22.850000381469727,22.850000381469727,22.850000381469727,22.850000381469727,8003,0.0,0.0
2025-05-05 03:00:00+00:00,22.850000381469727,22.850000381469727,22.850000381469727,22.850000381469727,1440,0.0,0.0
2025-05-05 03:10:00+00:00,22.850000381469727,22.850000381469727,22.850000381469727,22.850000381469727,1000,0.0,0.0
2025-05-05 03:15:00+00:00,22.850000381469727,22.899999618530273,22.850000381469727,22.899999618530273,6000,0.0,0.0
2025-05-05 03:20:00+00:00,22.899999618530273,22.899999618530273,22.899999618530273,22.899999618530273,2000,0.0,0.0
2025-05-05 03:25:00+00:00,23.0,23.0,23.0,23.0,1000,0.0,0.0
2025-05-05 03:30:00+00:00,23.0,23.0,22.950000762939453,22.950000762939453,2000,0.0,0.0
2025-05-05 03:35:00+00:00,23.0,23.0,23.0,23.0,2000,0.0,0.0
2025-05-05 03:40:00+00:00,23.0,23.0,23.0,23.0,1050,0.0,0.0
2025-05-05 03:45:00+00:00,23.0,23.0,23.0,23.0,1007,0.0,0.0
2025-05-05 03:55:00+00:00,23.0,23.0,23.0,23.0,1000,0.0,0.0
2025-05-05 04:05:00+00:00,23.100000381469727,23.100000381469727,23.0,23.100000381469727,3000,0.0,0.0
2025-05-05 04:10:00+00:00,23.0,23.0,23.0,23.0,1000,0.0,0.0
2025-05-05 04:15:00+00:00,23.0,23.0,23.0,23.0,1001,0.0,0.0
2025-05-05 04:30:00+00:00,23.049999237060547,23.149999618530273,23.049999237060547,23.149999618530273,5000,0.0,0.0
2025-05-05 04:40:00+00:00,23.149999618530273,23.149999618530273,23.149999618530273,23.149999618530273,1000,0.0,0.0
2025-05-05 04:50:00+00:00,23.100000381469727,23.100000381469727,23.100000381469727,23.100000381469727,3000,0.0,0.0
2025-05-05 04:55:00+00:00,23.100000381469727,23.100000381469727,23.100000381469727,23.100000381469727,2000,0.0,0.0
2025-05-05 05:00:00+00:00,23.0,23.0,23.0,23.0,9000,0.0,0.0
2025-05-05 05:05:00+00:00,23.0,23.0,22.950000762939453,23.0,28000,0.0,0.0
2025-05-05 05:10:00+00:00,23.0,23.0,23.0,23.0,10000,0.0,0.0
2025-05-05 05:15:00+00:00,23.0,23.0,23.0,23.0,3831,0.0,0.0
2025-05-06 01:00:00+00:00,23.049999237060547,23.200000762939453,23.049999237060547,23.100000381469727,0,0.0,0.0
2025-05-06 01:05:00+00:00,23.100000381469727,23.100000381469727,23.049999237060547,23.049999237060547,6021,0.0,0.0
2025-05-06 01:10:00+00:00,23.049999237060547,23.200000762939453,23.049999237060547,23.200000762939453,19000,0.0,0.0
2025-05-06 01:15:00+00:00,23.200000762939453,23.25,22.950000762939453,22.950000762939453,50000,0.0,0.0
2025-05-06 01:20:00+00:00,22.950000762939453,23.100000381469727,22.950000762939453,23.100000381469727,9057,0.0,0.0
2025-05-06 01:30:00+00:00,23.049999237060547,23.049999237060547,22.950000762939453,22.950000762939453,5002,0.0,0.0
2025-05-06 01:35:00+00:00,22.950000762939453,22.950000762939453,22.950000762939453,22.950000762939453,20119,0.0,0.0
2025-05-06 01:40:00+00:00,22.899999618530273,22.899999618530273,22.850000381469727,22.850000381469727,6001,0.0,0.0
2025-05-06 01:45:00+00:00,22.850000381469727,22.850000381469727,22.850000381469727,22.850000381469727,4001,0.0,0.0
2025-05-06 01:50:00+00:00,22.850000381469727,22.850000381469727,22.799999237060547,22.799999237060547,42172,0.0,0.0
2025-05-06 01:55:00+00:00,22.850000381469727,22.850000381469727,22.649999618530273,22.649999618530273,61101,0.0,0.0
2025-05-06 02:00:00+00:00,22.700000762939453,22.899999618530273,22.700000762939453,22.899999618530273,39000,0.0,0.0
2025-05-06 02:05:00+00:00,22.899999618530273,22.899999618530273,22.899999618530273,22.899999618530273,10000,0.0,0.0
2025-05-06 02:10:00+00:00,22.850000381469727,22.899999618530273,22.75,22.899999618530273,59000,0.0,0.0
2025-05-06 02:15:00+00:00,22.899999618530273,22.899999618530273,22.850000381469727,22.850000381469727,17000,0.0,0.0
2025-05-06 02:25:00+00:00,22.850000381469727,22.950000762939453,22.850000381469727,22.950000762939453,20001,0.0,0.0
2025-05-06 02:30:00+00:00,22.950000762939453,22.950000762939453,22.950000762939453,22.950000762939453,2000,0.0,0.0
2025-05-06 02:35:00+00:00,22.850000381469727,22.850000381469727,22.799999237060547,22.799999237060547,19000,0.0,0.0
2025-05-06 02:40:00+00:00,22.799999237060547,22.899999618530273,22.799999237060547,22.899999618530273,20000,0.0,0.0
2025-05-06 02:50:00+00:00,22.850000381469727,22.850000381469727,22.799999237060547,22.799999237060547,3000,0.0,0.0
2025-05-06 02:55:00+00:00,22.850000381469727,22.850000381469727,22.850000381469727,22.850000381469727,24000,0.0,0.0
2025-05-06 03:00:00+00:00,22.899999618530273,22.950000762939453,22.899999618530273,22.950000762939453,23000,0.0,0.0
2025-05-06 03:10:00+00:00,22.899999618530273,22.899999618530273,22.899999618530273,22.899999618530273,6070,0.0,0.0
2025-05-06 03:20:00+00:00,22.850000381469727,22.850000381469727,22.850000381469727,22.850000381469727,10162,0.0,0.0
2025-05-06 03:25:00+00:00,22.850000381469727,22.850000381469727,22.799999237060547,22.799999237060547,2000,0.0,0.0
2025-05-06 03:30:00+00:00,22.899999618530273,22.899999618530273,22.899999618530273,22.899999618530273,5002,0.0,0.0
2025-05-06 03:35:00+00:00,22.899999618530273,22.950000762939453,22.899999618530273,22.950000762939453,29000,0.0,0.0
2025-05-06 03:40:00+00:00,23.0,23.0,22.950000762939453,22.950000762939453,13000,0.0,0.0
2025-05-06 03:50:00+00:00,22.899999618530273,22.899999618530273,22.899999618530273,22.899999618530273,2000,0.0,0.0
2025-05-06 03:55:00+00:00,22.899999618530273,22.899999618530273,22.899999618530273,22.899999618530273,9000,0.0,0.0
2025-05-06 04:00:00+00:00,22.950000762939453,22.950000762939453,22.950000762939453,22.950000762939453,11000,0.0,0.0
2025-05-06 04:05:00+00:00,22.899999618530273,22.899999618530273,22.899999618530273,22.899999618530273,1000,0.0,0.0
2025-05-06 04:10:00+00:00,22.899999618530273,22.899999618530273,22.899999618530273,22.899999618530273,6000,0.0,0.0
2025-05-06 04:15:00+00:00,22.899999618530273,22.899999618530273,22.899999618530273,22.899999618530273,1000,0.0,0.0
2025-05-06 04:20:00+00:00,22.850000381469727,22.850000381469727,22.850000381469727,22.850000381469727,1000,0.0,0.0
2025-05-06 04:30:00+00:00,22.850000381469727,22.850000381469727,22.799999237060547,22.799999237060547,26548,0.0,0.0
2025-05-06 04:35:00+00:00,22.850000381469727,22.850000381469727,22.799999237060547,22.799999237060547,2000,0.0,0.0
2025-05-06 04:40:00+00:00,22.799999237060547,22.799999237060547,22.799999237060547,22.799999237060547,22000,0.0,0.0
2025-05-06 04:45:00+00:00,22.799999237060547,22.799999237060547,22.799999237060547,22.799999237060547,12361,0.0,0.0
2025-05-06 04:50:00+00:00,22.75,22.799999237060547,22.75,22.799999237060547,20000,0.0,0.0
2025-05-06 04:55:00+00:00,22.799999237060547,22.799999237060547,22.75,22.75,3000,0.0,0.0
2025-05-06 05:00:00+00:00,22.75,22.799999237060547,22.75,22.799999237060547,5000,0.0,0.0
2025-05-06 05:05:00+00:00,22.799999237060547,22.850000381469727,22.799999237060547,22.850000381469727,20000,0.0,0.0
2025-05-06 05:10:00+00:00,22.850000381469727,22.850000381469727,22.799999237060547,22.799999237060547,3000,0.0,0.0
2025-05-06 05:15:00+00:00,22.799999237060547,22.799999237060547,22.799999237060547,22.799999237060547,5000,0.0,0.0
2025-05-06 05:20:00+00:00,22.799999237060547,22.799999237060547,22.799999237060547,22.799999237060547,12820,0.0,0.0
2025-05-07 01:00:00+00:00,22.899999618530273,23.0,22.899999618530273,23.0,0,0.0,0.0
2025-05-07 01:05:00+00:00,23.0,23.049999237060547,22.899999618530273,22.950000762939453,28031,0.0,0.0
2025-05-07 01:10:00+00:00,22.950000762939453,23.200000762939453,22.950000762939453,23.049999237060547,42000,0.0,0.0
2025-05-07 01:15:00+00:00,23.100000381469727,23.100000381469727,23.049999237060547,23.100000381469727,12000,0.0,0.0
2025-05-07 01:20:00+00:00,23.100000381469727,23.100000381469727,23.100000381469727,23.100000381469727,6000,0.0,0.0
2025-05-07 01:25:00+00:00,23.049999237060547,23.049999237060547,22.899999618530273,22.899999618530273,41071,0.0,0.0
2025-05-07 01:30:00+00:00,22.950000762939453,22.950000762939453,22.850000381469727,22.850000381469727,3000,0.0,0.0
2025-05-07 01:35:00+00:00,22.850000381469727,22.850000381469727,22.850000381469727,22.850000381469727,1000,0.0,0.0
2025-05-07 01:40:00+00:00,22.850000381469727,22.850000381469727,22.850000381469727,22.850000381469727,1001,0.0,0.0
2025-05-07 01:50:00+00:00,22.850000381469727,22.950000762939453,22.850000381469727,22.950000762939453,3000,0.0,0.0
2025-05-07 01:55:00+00:00,22.850000381469727,22.850000381469727,22.850000381469727,22.850000381469727,1001,0.0,0.0
2025-05-07 02:00:00+00:00,23.0,23.200000762939453,23.0,23.149999618530273,37241,0.0,0.0
2025-05-07 02:10:00+00:00,23.149999618530273,23.149999618530273,23.149999618530273,23.149999618530273,7000,0.0,0.0
2025-05-07 02:15:00+00:00,23.049999237060547,23.100000381469727,23.0,23.100000381469727,16071,0.0,0.0
2025-05-07 02:25:00+00:00,23.0,23.0,23.0,23.0,1000,0.0,0.0
2025-05-07 02:30:00+00:00,23.100000381469727,23.200000762939453,23.100000381469727,23.200000762939453,10000,0.0,0.0
2025-05-07 02:35:00+00:00,23.200000762939453,23.200000762939453,23.200000762939453,23.200000762939453,6000,0.0,0.0
2025-05-07 02:40:00+00:00,23.200000762939453,23.200000762939453,23.200000762939453,23.200000762939453,1000,0.0,0.0
2025-05-07 02:45:00+00:00,23.200000762939453,23.200000762939453,23.200000762939453,23.200000762939453,1000,0.0,0.0
2025-05-07 02:50:00+00:00,23.200000762939453,23.200000762939453,23.149999618530273,23.149999618530273,17000,0.0,0.0
2025-05-07 02:55:00+00:00,23.149999618530273,23.149999618530273,23.049999237060547,23.049999237060547,12535,0.0,0.0
2025-05-07 03:00:00+00:00,23.049999237060547,23.25,23.0,23.049999237060547,66000,0.0,0.0
2025-05-07 03:10:00+00:00,23.0,23.0,23.0,23.0,1000,0.0,0.0
2025-05-07 03:25:00+00:00,23.0,23.100000381469727,23.0,23.100000381469727,6000,0.0,0.0
2025-05-07 03:30:00+00:00,23.049999237060547,23.049999237060547,23.0,23.0,24000,0.0,0.0
2025-05-07 03:40:00+00:00,22.950000762939453,22.950000762939453,22.950000762939453,22.950000762939453,10018,0.0,0.0
2025-05-07 03:45:00+00:00,22.950000762939453,22.950000762939453,22.950000762939453,22.950000762939453,1020,0.0,0.0
2025-05-07 03:50:00+00:00,22.950000762939453,23.0,22.950000762939453,23.0,2000,0.0,0.0
2025-05-07 03:55:00+00:00,22.950000762939453,22.950000762939453,22.950000762939453,22.950000762939453,1000,0.0,0.0
2025-05-07 04:00:00+00:00,23.0,23.100000381469727,23.0,23.049999237060547,5000,0.0,0.0
2025-05-07 04:05:00+00:00,23.049999237060547,23.049999237060547,23.049999237060547,23.049999237060547,5000,0.0,0.0
2025-05-07 04:10:00+00:00,22.899999618530273,22.899999618530273,22.899999618530273,22.899999618530273,1000,0.0,0.0
2025-05-07 04:25:00+00:00,22.899999618530273,23.0,22.899999618530273,23.0,2000,0.0,0.0
2025-05-07 04:35:00+00:00,22.950000762939453,22.950000762939453,22.950000762939453,22.950000762939453,1000,0.0,0.0
2025-05-07 04:40:00+00:00,22.950000762939453,22.950000762939453,22.950000762939453,22.950000762939453,1000,0.0,0.0
2025-05-07 04:55:00+00:00,22.950000762939453,22.950000762939453,22.950000762939453,22.950000762939453,2000,0.0,0.0
2025-05-07 05:00:00+00:00,22.950000762939453,23.0,22.950000762939453,22.950000762939453,4000,0.0,0.0
2025-05-07 05:05:00+00:00,23.0,23.0,22.950000762939453,22.950000762939453,3000,0.0,0.0
2025-05-07 05:10:00+00:00,22.950000762939453,22.950000762939453,22.950000762939453,22.950000762939453,2013,0.0,0.0
2025-05-07 05:15:00+00:00,22.950000762939453,23.0,22.950000762939453,22.950000762939453,9210,0.0,0.0
2025-05-07 05:20:00+00:00,23.0,23.0,22.899999618530273,22.950000762939453,9781,0.0,0.0
2025-05-08 01:00:00+00:00,23.0,23.149999618530273,23.0,23.100000381469727,0,0.0,0.0
2025-05-08 01:10:00+00:00,23.100000381469727,23.200000762939453,23.100000381469727,23.200000762939453,34052,0.0,0.0
2025-05-08 01:15:00+00:00,23.200000762939453,23.200000762939453,23.200000762939453,23.200000762939453,55342,0.0,0.0
2025-05-08 02:30:00+00:00,23.100000381469727,23.100000381469727,23.100000381469727,23.100000381469727,0,0.0,0.0
2025-05-08 02:35:00+00:00,23.100000381469727,23.100000381469727,23.100000381469727,23.100000381469727,100290,0.0,0.0
2025-05-08 02:55:00+00:00,23.049999237060547,23.049999237060547,23.049999237060547,23.049999237060547,12000,0.0,0.0
2025-05-08 03:10:00+00:00,23.049999237060547,23.049999237060547,23.049999237060547,23.049999237060547,6247,0.0,0.0
2025-05-08 03:40:00+00:00,23.0,23.049999237060547,23.0,23.049999237060547,9011,0.0,0.0
2025-05-08 03:45:00+00:00,23.049999237060547,23.049999237060547,23.049999237060547,23.049999237060547,2000,0.0,0.0
2025-05-08 03:50:00+00:00,23.049999237060547,23.049999237060547,23.049999237060547,23.049999237060547,1000,0.0,0.0
2025-05-08 04:00:00+00:00,23.049999237060547,23.049999237060547,23.049999237060547,23.049999237060547,1020,0.0,0.0
2025-05-08 04:05:00+00:00,23.049999237060547,23.049999237060547,23.049999237060547,23.049999237060547,3000,0.0,0.0
2025-05-08 04:10:00+00:00,23.049999237060547,23.049999237060547,23.0,23.049999237060547,4000,0.0,0.0
2025-05-08 04:15:00+00:00,23.049999237060547,23.049999237060547,23.049999237060547,23.049999237060547,10000,0.0,0.0
2025-05-08 04:20:00+00:00,23.100000381469727,23.100000381469727,23.100000381469727,23.100000381469727,1000,0.0,0.0
2025-05-08 04:30:00+00:00,23.100000381469727,23.100000381469727,23.100000381469727,23.100000381469727,1000,0.0,0.0
2025-05-08 04:35:00+00:00,23.049999237060547,23.049999237060547,23.0,23.0,45204,0.0,0.0
2025-05-08 04:40:00+00:00,23.0,23.0,23.0,23.0,1000,0.0,0.0
2025-05-08 04:45:00+00:00,23.100000381469727,23.100000381469727,23.100000381469727,23.100000381469727,1000,0.0,0.0
2025-05-08 05:00:00+00:00,23.049999237060547,23.049999237060547,23.049999237060547,23.049999237060547,2000,0.0,0.0
2025-05-08 05:10:00+00:00,23.0,23.0,23.0,23.0,7020,0.0,0.0
2025-05-08 05:15:00+00:00,23.0,23.049999237060547,23.0,23.049999237060547,17000,0.0,0.0
2025-05-08 05:20:00+00:00,23.0,23.049999237060547,23.0,23.049999237060547,2000,0.0,0.0
2025-05-09 01:00:00+00:00,23.100000381469727,23.25,23.100000381469727,23.25,0,0.0,0.0
2025-05-09 01:05:00+00:00,23.100000381469727,23.100000381469727,23.100000381469727,23.100000381469727,1002,0.0,0.0
2025-05-09 01:10:00+00:00,23.100000381469727,23.100000381469727,23.100000381469727,23.100000381469727,1000,0.0,0.0
2025-05-09 01:15:00+00:00,23.100000381469727,23.100000381469727,23.049999237060547,23.049999237060547,12001,0.0,0.0
2025-05-09 01:20:00+00:00,23.049999237060547,23.049999237060547,22.950000762939453,22.950000762939453,8200,0.0,0.0
2025-05-09 01:25:00+00:00,23.049999237060547,23.049999237060547,23.049999237060547,23.049999237060547,3000,0.0,0.0
2025-05-09 01:30:00+00:00,23.049999237060547,23.049999237060547,23.049999237060547,23.049999237060547,5001,0.0,0.0
2025-05-09 01:40:00+00:00,23.100000381469727,23.100000381469727,23.100000381469727,23.100000381469727,3000,0.0,0.0
2025-05-09 01:45:00+00:00,23.049999237060547,23.049999237060547,23.049999237060547,23.049999237060547,10020,0.0,0.0
2025-05-09 01:50:00+00:00,23.049999237060547,23.049999237060547,23.0,23.0,7020,0.0,0.0
2025-05-09 01:55:00+00:00,23.0,23.0,23.0,23.0,1000,0.0,0.0
2025-05-09 02:00:00+00:00,23.100000381469727,23.100000381469727,23.100000381469727,23.100000381469727,7062,0.0,0.0
2025-05-09 02:05:00+00:00,23.149999618530273,23.25,23.149999618530273,23.25,3210,0.0,0.0
2025-05-09 02:15:00+00:00,23.200000762939453,23.200000762939453,23.200000762939453,23.200000762939453,1999,0.0,0.0
2025-05-09 02:20:00+00:00,23.200000762939453,23.350000381469727,23.100000381469727,23.100000381469727,24000,0.0,0.0
2025-05-09 02:30:00+00:00,23.100000381469727,23.100000381469727,23.100000381469727,23.100000381469727,1000,0.0,0.0
2025-05-09 02:40:00+00:00,23.100000381469727,23.100000381469727,23.100000381469727,23.100000381469727,1000,0.0,0.0
2025-05-09 03:05:00+00:00,23.100000381469727,23.100000381469727,23.100000381469727,23.100000381469727,2000,0.0,0.0
2025-05-09 03:15:00+00:00,23.100000381469727,23.100000381469727,23.049999237060547,23.049999237060547,0,0.0,0.0
2025-05-09 03:20:00+00:00,23.049999237060547,23.049999237060547,23.049999237060547,23.049999237060547,100567,0.0,0.0
2025-05-09 03:35:00+00:00,23.100000381469727,23.100000381469727,23.100000381469727,23.100000381469727,1000,0.0,0.0
2025-05-09 03:45:00+00:00,23.049999237060547,23.049999237060547,23.049999237060547,23.049999237060547,2101,0.0,0.0
2025-05-09 03:50:00+00:00,23.049999237060547,23.049999237060547,23.049999237060547,23.049999237060547,10001,0.0,0.0
2025-05-09 04:00:00+00:00,23.100000381469727,23.100000381469727,23.100000381469727,23.100000381469727,2000,0.0,0.0
2025-05-09 04:15:00+00:00,23.100000381469727,23.100000381469727,23.100000381469727,23.100000381469727,2500,0.0,0.0
2025-05-09 04:30:00+00:00,23.100000381469727,23.100000381469727,23.100000381469727,23.100000381469727,3000,0.0,0.0
2025-05-09 04:40:00+00:00,23.100000381469727,23.100000381469727,23.100000381469727,23.100000381469727,2000,0.0,0.0
2025-05-09 04:45:00+00:00,23.100000381469727,23.100000381469727,23.100000381469727,23.100000381469727,2000,0.0,0.0
2025-05-09 04:50:00+00:00,23.149999618530273,23.149999618530273,23.149999618530273,23.149999618530273,5000,0.0,0.0
2025-05-09 04:55:00+00:00,23.149999618530273,23.149999618530273,23.149999618530273,23.149999618530273,1020,0.0,0.0
2025-05-09 05:00:00+00:00,23.149999618530273,23.149999618530273,23.149999618530273,23.149999618530273,2000,0.0,0.0
2025-05-09 05:05:00+00:00,23.149999618530273,23.149999618530273,23.149999618530273,23.149999618530273,3000,0.0,0.0
2025-05-09 05:10:00+00:00,23.100000381469727,23.100000381469727,23.100000381469727,23.100000381469727,4208,0.0,0.0
2025-05-12 01:00:00+00:00,23.200000762939453,23.299999237060547,23.200000762939453,23.299999237060547,0,0.0,0.0
2025-05-12 01:10:00+00:00,23.25,23.25,23.200000762939453,23.200000762939453,18030,0.0,0.0
2025-05-12 01:15:00+00:00,23.200000762939453,23.200000762939453,23.200000762939453,23.200000762939453,10151,0.0,0.0
2025-05-12 01:20:00+00:00,23.25,23.25,23.25,23.25,1257,0.0,0.0
2025-05-12 01:35:00+00:00,23.25,23.399999618530273,23.25,23.399999618530273,26000,0.0,0.0
2025-05-12 01:40:00+00:00,23.399999618530273,23.399999618530273,23.399999618530273,23.399999618530273,4001,0.0,0.0
2025-05-12 01:45:00+00:00,23.399999618530273,23.399999618530273,23.399999618530273,23.399999618530273,12000,0.0,0.0
2025-05-12 01:50:00+00:00,23.399999618530273,23.399999618530273,23.399999618530273,23.399999618530273,1029,0.0,0.0
2025-05-12 01:55:00+00:00,23.450000762939453,23.450000762939453,23.450000762939453,23.450000762939453,2000,0.0,0.0
2025-05-12 02:05:00+00:00,23.450000762939453,23.450000762939453,23.450000762939453,23.450000762939453,11050,0.0,0.0
2025-05-12 02:15:00+00:00,23.450000762939453,23.450000762939453,23.450000762939453,23.450000762939453,2031,0.0,0.0
2025-05-12 02:30:00+00:00,23.450000762939453,23.450000762939453,23.450000762939453,23.450000762939453,3102,0.0,0.0
2025-05-12 02:35:00+00:00,23.450000762939453,23.450000762939453,23.450000762939453,23.450000762939453,1302,0.0,0.0
2025-05-12 02:40:00+00:00,23.450000762939453,23.450000762939453,23.450000762939453,23.450000762939453,4131,0.0,0.0
2025-05-12 02:45:00+00:00,23.450000762939453,23.450000762939453,23.450000762939453,23.450000762939453,1000,0.0,0.0
2025-05-12 03:00:00+00:00,23.450000762939453,23.450000762939453,23.450000762939453,23.450000762939453,2280,0.0,0.0
2025-05-12 03:05:00+00:00,23.450000762939453,23.450000762939453,23.450000762939453,23.450000762939453,3001,0.0,0.0
2025-05-12 03:15:00+00:00,23.450000762939453,23.450000762939453,23.450000762939453,23.450000762939453,2001,0.0,0.0
2025-05-12 03:20:00+00:00,23.450000762939453,23.450000762939453,23.450000762939453,23.450000762939453,1001,0.0,0.0
2025-05-12 03:30:00+00:00,23.450000762939453,23.450000762939453,23.450000762939453,23.450000762939453,1102,0.0,0.0
2025-05-12 03:40:00+00:00,23.399999618530273,23.399999618530273,23.399999618530273,23.399999618530273,1001,0.0,0.0
2025-05-12 03:55:00+00:00,23.399999618530273,23.399999618530273,23.299999237060547,23.299999237060547,30001,0.0,0.0
2025-05-12 04:10:00+00:00,23.399999618530273,23.399999618530273,23.399999618530273,23.399999618530273,3095,0.0,0.0
2025-05-12 04:30:00+00:00,23.399999618530273,23.450000762939453,23.399999618530273,23.450000762939453,6053,0.0,0.0
2025-05-12 04:40:00+00:00,23.5,23.5,23.5,23.5,4001,0.0,0.0
2025-05-12 04:45:00+00:00,23.5,23.5,23.399999618530273,23.399999618530273,4248,0.0,0.0
2025-05-12 04:55:00+00:00,23.5,23.549999237060547,23.5,23.549999237060547,6051,0.0,0.0
2025-05-12 05:00:00+00:00,23.450000762939453,23.450000762939453,23.450000762939453,23.450000762939453,1000,0.0,0.0
2025-05-12 05:10:00+00:00,23.5,23.5,23.5,23.5,1000,0.0,0.0
2025-05-12 05:15:00+00:00,23.5,23.549999237060547,23.450000762939453,23.549999237060547,4221,0.0,0.0
2025-05-12 05:20:00+00:00,23.549999237060547,23.549999237060547,23.549999237060547,23.549999237060547,1031,0.0,0.0
2025-05-13 01:00:00+00:00,23.600000381469727,23.850000381469727,23.600000381469727,23.850000381469727,0,0.0,0.0
2025-05-13 01:05:00+00:00,23.899999618530273,24.0,23.799999237060547,23.799999237060547,13134,0.0,0.0
2025-05-13 01:10:00+00:00,23.899999618530273,23.899999618530273,23.75,23.75,4000,0.0,0.0
2025-05-13 01:15:00+00:00,23.799999237060547,23.799999237060547,23.799999237060547,23.799999237060547,3000,0.0,0.0
2025-05-13 01:20:00+00:00,23.799999237060547,23.950000762939453,23.75,23.75,339014,0.0,0.0
2025-05-13 01:25:00+00:00,23.850000381469727,23.850000381469727,23.799999237060547,23.799999237060547,26000,0.0,0.0
2025-05-13 01:30:00+00:00,23.850000381469727,23.850000381469727,23.799999237060547,23.850000381469727,13000,0.0,0.0
2025-05-13 01:35:00+00:00,23.850000381469727,23.899999618530273,23.850000381469727,23.899999618530273,5000,0.0,0.0
2025-05-13 01:45:00+00:00,23.899999618530273,23.899999618530273,23.850000381469727,23.850000381469727,5002,0.0,0.0
2025-05-13 01:55:00+00:00,23.799999237060547,23.799999237060547,23.799999237060547,23.799999237060547,6000,0.0,0.0
2025-05-13 02:00:00+00:00,23.799999237060547,23.799999237060547,23.799999237060547,23.799999237060547,3000,0.0,0.0
2025-05-13 02:05:00+00:00,23.850000381469727,23.850000381469727,23.75,23.75,6204,0.0,0.0
2025-05-13 02:10:00+00:00,23.700000762939453,23.700000762939453,23.700000762939453,23.700000762939453,1000,0.0,0.0
2025-05-13 02:15:00+00:00,23.700000762939453,23.700000762939453,23.700000762939453,23.700000762939453,3000,0.0,0.0
2025-05-13 02:20:00+00:00,23.700000762939453,23.700000762939453,23.700000762939453,23.700000762939453,11000,0.0,0.0
2025-05-13 02:30:00+00:00,23.700000762939453,23.700000762939453,23.700000762939453,23.700000762939453,1250,0.0,0.0
2025-05-13 02:40:00+00:00,23.700000762939453,23.700000762939453,23.700000762939453,23.700000762939453,2001,0.0,0.0
2025-05-13 02:50:00+00:00,23.700000762939453,23.700000762939453,23.700000762939453,23.700000762939453,1000,0.0,0.0
2025-05-13 03:00:00+00:00,23.649999618530273,23.649999618530273,23.649999618530273,23.649999618530273,9010,0.0,0.0
2025-05-13 03:05:00+00:00,23.649999618530273,23.649999618530273,23.649999618530273,23.649999618530273,1000,0.0,0.0
2025-05-13 03:10:00+00:00,23.600000381469727,23.600000381469727,23.600000381469727,23.600000381469727,14000,0.0,0.0
2025-05-13 03:15:00+00:00,23.549999237060547,23.549999237060547,23.549999237060547,23.549999237060547,5212,0.0,0.0
2025-05-13 03:20:00+00:00,23.5,23.549999237060547,23.5,23.549999237060547,23503,0.0,0.0
2025-05-13 03:25:00+00:00,23.5,23.5,23.5,23.5,1000,0.0,0.0
2025-05-13 03:55:00+00:00,23.5,23.5,23.5,23.5,6016,0.0,0.0
2025-05-13 04:00:00+00:00,23.5,23.5,23.5,23.5,15404,0.0,0.0
2025-05-13 04:05:00+00:00,23.450000762939453,23.450000762939453,23.450000762939453,23.450000762939453,5000,0.0,0.0
2025-05-13 04:10:00+00:00,23.5,23.5,23.5,23.5,1001,0.0,0.0
2025-05-13 04:15:00+00:00,23.450000762939453,23.450000762939453,23.450000762939453,23.450000762939453,4009,0.0,0.0
2025-05-13 04:25:00+00:00,23.399999618530273,23.399999618530273,23.399999618530273,23.399999618530273,1002,0.0,0.0
2025-05-13 04:30:00+00:00,23.5,23.5,23.200000762939453,23.200000762939453,26352,0.0,0.0
2025-05-13 04:35:00+00:00,23.299999237060547,23.350000381469727,23.100000381469727,23.350000381469727,41378,0.0,0.0
2025-05-13 04:40:00+00:00,23.299999237060547,23.299999237060547,23.299999237060547,23.299999237060547,1004,0.0,0.0
2025-05-13 04:50:00+00:00,23.299999237060547,23.299999237060547,23.299999237060547,23.299999237060547,2107,0.0,0.0
2025-05-13 04:55:00+00:00,23.299999237060547,23.299999237060547,23.25,23.25,9200,0.0,0.0
2025-05-13 05:00:00+00:00,23.25,23.25,23.25,23.25,3000,0.0,0.0
2025-05-13 05:05:00+00:00,23.299999237060547,23.299999237060547,23.299999237060547,23.299999237060547,3000,0.0,0.0
2025-05-13 05:10:00+00:00,23.299999237060547,23.299999237060547,23.299999237060547,23.299999237060547,4000,0.0,0.0
2025-05-13 05:15:00+00:00,23.299999237060547,23.350000381469727,23.299999237060547,23.350000381469727,7000,0.0,0.0
2025-05-13 05:20:00+00:00,23.25,23.399999618530273,23.25,23.399999618530273,5208,0.0,0.0
2025-05-14 01:00:00+00:00,23.5,23.600000381469727,23.5,23.549999237060547,0,0.0,0.0
2025-05-14 01:05:00+00:00,23.549999237060547,23.549999237060547,23.549999237060547,23.549999237060547,6138,0.0,0.0
2025-05-14 01:15:00+00:00,23.549999237060547,23.600000381469727,23.549999237060547,23.600000381469727,12000,0.0,0.0
2025-05-14 01:20:00+00:00,23.600000381469727,23.600000381469727,23.600000381469727,23.600000381469727,2000,0.0,0.0
2025-05-14 01:25:00+00:00,23.600000381469727,23.600000381469727,23.600000381469727,23.600000381469727,2000,0.0,0.0
2025-05-14 01:30:00+00:00,23.600000381469727,23.600000381469727,23.600000381469727,23.600000381469727,1294,0.0,0.0
2025-05-14 01:35:00+00:00,23.600000381469727,23.600000381469727,23.600000381469727,23.600000381469727,1000,0.0,0.0
2025-05-14 01:40:00+00:00,23.600000381469727,23.600000381469727,23.600000381469727,23.600000381469727,10000,0.0,0.0
2025-05-14 01:45:00+00:00,23.600000381469727,23.600000381469727,23.549999237060547,23.549999237060547,10000,0.0,0.0
2025-05-14 01:50:00+00:00,23.600000381469727,23.600000381469727,23.600000381469727,23.600000381469727,1007,0.0,0.0
2025-05-14 02:00:00+00:00,23.549999237060547,23.549999237060547,23.549999237060547,23.549999237060547,2012,0.0,0.0
2025-05-14 02:10:00+00:00,23.600000381469727,23.600000381469727,23.600000381469727,23.600000381469727,2000,0.0,0.0
2025-05-14 02:15:00+00:00,23.549999237060547,23.549999237060547,23.549999237060547,23.549999237060547,11001,0.0,0.0
2025-05-14 02:25:00+00:00,23.549999237060547,23.549999237060547,23.549999237060547,23.549999237060547,15000,0.0,0.0
2025-05-14 02:35:00+00:00,23.5,23.5,23.5,23.5,6000,0.0,0.0
2025-05-14 02:40:00+00:00,23.5,23.549999237060547,23.5,23.549999237060547,44000,0.0,0.0
2025-05-14 02:45:00+00:00,23.549999237060547,23.549999237060547,23.549999237060547,23.549999237060547,7001,0.0,0.0
2025-05-14 03:05:00+00:00,23.600000381469727,23.649999618530273,23.600000381469727,23.649999618530273,13000,0.0,0.0
2025-05-14 03:15:00+00:00,23.649999618530273,23.649999618530273,23.649999618530273,23.649999618530273,4000,0.0,0.0
2025-05-14 03:20:00+00:00,23.649999618530273,23.649999618530273,23.649999618530273,23.649999618530273,3002,0.0,0.0
2025-05-14 03:25:00+00:00,23.700000762939453,23.700000762939453,23.700000762939453,23.700000762939453,1000,0.0,0.0
2025-05-14 03:35:00+00:00,23.649999618530273,23.649999618530273,23.649999618530273,23.649999618530273,2000,0.0,0.0
2025-05-14 03:45:00+00:00,23.649999618530273,23.649999618530273,23.600000381469727,23.600000381469727,2000,0.0,0.0
2025-05-14 03:50:00+00:00,23.649999618530273,23.649999618530273,23.649999618530273,23.649999618530273,2000,0.0,0.0
2025-05-14 04:00:00+00:00,23.600000381469727,23.600000381469727,23.600000381469727,23.600000381469727,1000,0.0,0.0
2025-05-14 04:05:00+00:00,23.649999618530273,23.700000762939453,23.600000381469727,23.600000381469727,6000,0.0,0.0
2025-05-14 04:10:00+00:00,23.600000381469727,23.649999618530273,23.600000381469727,23.649999618530273,3000,0.0,0.0
2025-05-14 04:20:00+00:00,23.649999618530273,23.649999618530273,23.649999618530273,23.649999618530273,1020,0.0,0.0
2025-05-14 04:25:00+00:00,23.649999618530273,23.649999618530273,23.649999618530273,23.649999618530273,7026,0.0,0.0
2025-05-14 04:30:00+00:00,23.649999618530273,23.75,23.649999618530273,23.75,12020,0.0,0.0
2025-05-14 04:35:00+00:00,23.75,23.75,23.75,23.75,2037,0.0,0.0
2025-05-14 04:40:00+00:00,23.75,23.75,23.75,23.75,10013,0.0,0.0
2025-05-14 04:45:00+00:00,23.700000762939453,23.700000762939453,23.700000762939453,23.700000762939453,3112,0.0,0.0
2025-05-14 04:55:00+00:00,23.75,23.75,23.75,23.75,6061,0.0,0.0
2025-05-14 05:00:00+00:00,23.75,23.75,23.75,23.75,4248,0.0,0.0
2025-05-14 05:05:00+00:00,23.75,23.799999237060547,23.700000762939453,23.799999237060547,18177,0.0,0.0
2025-05-14 05:10:00+00:00,23.799999237060547,23.799999237060547,23.75,23.799999237060547,6054,0.0,0.0
2025-05-14 05:20:00+00:00,23.799999237060547,23.799999237060547,23.799999237060547,23.799999237060547,6403,0.0,0.0
2025-05-15 01:00:00+00:00,23.850000381469727,23.850000381469727,23.75,23.850000381469727,0,0.0,0.0
2025-05-15 01:05:00+00:00,23.850000381469727,23.950000762939453,23.850000381469727,23.899999618530273,19000,0.0,0.0
2025-05-15 01:10:00+00:00,23.950000762939453,24.0,23.950000762939453,24.0,5219,0.0,0.0
2025-05-15 01:15:00+00:00,24.0,24.0,23.899999618530273,23.899999618530273,3018,0.0,0.0
2025-05-15 01:20:00+00:00,23.950000762939453,23.950000762939453,23.850000381469727,23.850000381469727,10000,0.0,0.0
2025-05-15 01:25:00+00:00,23.850000381469727,23.850000381469727,23.700000762939453,23.700000762939453,28107,0.0,0.0
2025-05-15 01:30:00+00:00,23.799999237060547,23.850000381469727,23.799999237060547,23.850000381469727,2000,0.0,0.0
2025-05-15 01:35:00+00:00,23.700000762939453,23.700000762939453,23.700000762939453,23.700000762939453,1000,0.0,0.0
2025-05-15 01:40:00+00:00,23.799999237060547,23.799999237060547,23.799999237060547,23.799999237060547,1000,0.0,0.0
2025-05-15 01:50:00+00:00,23.75,23.75,23.75,23.75,2102,0.0,0.0
2025-05-15 02:00:00+00:00,23.700000762939453,23.700000762939453,23.649999618530273,23.649999618530273,6000,0.0,0.0
2025-05-15 02:05:00+00:00,23.700000762939453,23.700000762939453,23.700000762939453,23.700000762939453,1000,0.0,0.0
2025-05-15 02:10:00+00:00,23.700000762939453,23.700000762939453,23.700000762939453,23.700000762939453,1000,0.0,0.0
2025-05-15 02:15:00+00:00,23.700000762939453,23.700000762939453,23.700000762939453,23.700000762939453,4000,0.0,0.0
2025-05-15 02:20:00+00:00,23.75,23.75,23.75,23.75,1001,0.0,0.0
2025-05-15 02:55:00+00:00,23.75,23.75,23.649999618530273,23.700000762939453,20243,0.0,0.0
2025-05-15 03:00:00+00:00,23.700000762939453,23.700000762939453,23.649999618530273,23.649999618530273,3021,0.0,0.0
2025-05-15 03:05:00+00:00,23.649999618530273,23.649999618530273,23.649999618530273,23.649999618530273,6000,0.0,0.0
2025-05-15 03:20:00+00:00,23.649999618530273,23.649999618530273,23.649999618530273,23.649999618530273,1000,0.0,0.0
2025-05-15 03:35:00+00:00,23.649999618530273,23.649999618530273,23.600000381469727,23.600000381469727,9000,0.0,0.0
2025-05-15 03:40:00+00:00,23.600000381469727,23.600000381469727,23.549999237060547,23.549999237060547,6000,0.0,0.0
2025-05-15 03:50:00+00:00,23.600000381469727,23.600000381469727,23.600000381469727,23.600000381469727,2000,0.0,0.0
2025-05-15 04:00:00+00:00,23.649999618530273,23.649999618530273,23.649999618530273,23.649999618530273,1000,0.0,0.0
2025-05-15 04:05:00+00:00,23.600000381469727,23.600000381469727,23.600000381469727,23.600000381469727,1000,0.0,0.0
2025-05-15 04:10:00+00:00,23.600000381469727,23.600000381469727,23.600000381469727,23.600000381469727,1000,0.0,0.0
2025-05-15 04:15:00+00:00,23.600000381469727,23.600000381469727,23.600000381469727,23.600000381469727,5055,0.0,0.0
2025-05-15 04:20:00+00:00,23.549999237060547,23.549999237060547,23.549999237060547,23.549999237060547,3000,0.0,0.0
2025-05-15 04:25:00+00:00,23.549999237060547,23.549999237060547,23.549999237060547,23.549999237060547,1000,0.0,0.0
2025-05-15 04:30:00+00:00,23.549999237060547,23.649999618530273,23.549999237060547,23.649999618530273,5067,0.0,0.0
2025-05-15 04:40:00+00:00,23.549999237060547,23.549999237060547,23.549999237060547,23.549999237060547,1000,0.0,0.0
2025-05-15 04:45:00+00:00,23.549999237060547,23.549999237060547,23.549999237060547,23.549999237060547,6000,0.0,0.0
2025-05-15 04:50:00+00:00,23.600000381469727,23.600000381469727,23.600000381469727,23.600000381469727,1031,0.0,0.0
2025-05-15 05:10:00+00:00,23.600000381469727,23.600000381469727,23.600000381469727,23.600000381469727,6000,0.0,0.0
2025-05-15 05:15:00+00:00,23.600000381469727,23.600000381469727,23.600000381469727,23.600000381469727,2000,0.0,0.0
2025-05-15 05:20:00+00:00,23.600000381469727,23.600000381469727,23.600000381469727,23.600000381469727,1417,0.0,0.0
2025-05-16 01:00:00+00:00,23.75,23.75,23.600000381469727,23.600000381469727,0,0.0,0.0
2025-05-16 01:15:00+00:00,23.600000381469727,23.600000381469727,23.600000381469727,23.600000381469727,1097,0.0,0.0
2025-05-16 01:20:00+00:00,23.600000381469727,23.600000381469727,23.600000381469727,23.600000381469727,1000,0.0,0.0
2025-05-16 01:25:00+00:00,23.600000381469727,23.600000381469727,23.600000381469727,23.600000381469727,1001,0.0,0.0
2025-05-16 01:55:00+00:00,23.600000381469727,23.600000381469727,23.600000381469727,23.600000381469727,1000,0.0,0.0
2025-05-16 02:00:00+00:00,23.600000381469727,23.600000381469727,23.600000381469727,23.600000381469727,2144,0.0,0.0
2025-05-16 02:10:00+00:00,23.600000381469727,23.600000381469727,23.600000381469727,23.600000381469727,5026,0.0,0.0
2025-05-16 02:20:00+00:00,23.600000381469727,23.600000381469727,23.600000381469727,23.600000381469727,5000,0.0,0.0
2025-05-16 02:25:00+00:00,23.600000381469727,23.600000381469727,23.549999237060547,23.549999237060547,6040,0.0,0.0
2025-05-16 02:30:00+00:00,23.649999618530273,23.649999618530273,23.649999618530273,23.649999618530273,1095,0.0,0.0
2025-05-16 02:45:00+00:00,23.600000381469727,23.600000381469727,23.600000381469727,23.600000381469727,3001,0.0,0.0
2025-05-16 03:20:00+00:00,23.600000381469727,23.649999618530273,23.600000381469727,23.649999618530273,2000,0.0,0.0
2025-05-16 03:30:00+00:00,23.600000381469727,23.649999618530273,23.600000381469727,23.649999618530273,5000,0.0,0.0
2025-05-16 03:35:00+00:00,23.649999618530273,23.649999618530273,23.600000381469727,23.600000381469727,15009,0.0,0.0
2025-05-16 03:40:00+00:00,23.649999618530273,23.649999618530273,23.600000381469727,23.600000381469727,4000,0.0,0.0
2025-05-16 03:45:00+00:00,23.649999618530273,23.649999618530273,23.649999618530273,23.649999618530273,3000,0.0,0.0
2025-05-16 03:50:00+00:00,23.649999618530273,23.649999618530273,23.600000381469727,23.600000381469727,4035,0.0,0.0
2025-05-16 03:55:00+00:00,23.600000381469727,23.600000381469727,23.600000381469727,23.600000381469727,2000,0.0,0.0
2025-05-16 04:00:00+00:00,23.649999618530273,23.649999618530273,23.649999618530273,23.649999618530273,1001,0.0,0.0
2025-05-16 04:35:00+00:00,23.600000381469727,23.600000381469727,23.600000381469727,23.600000381469727,3000,0.0,0.0
2025-05-16 04:40:00+00:00,23.600000381469727,23.600000381469727,23.600000381469727,23.600000381469727,1000,0.0,0.0
2025-05-16 04:45:00+00:00,23.600000381469727,23.600000381469727,23.600000381469727,23.600000381469727,4001,0.0,0.0
2025-05-16 04:50:00+00:00,23.649999618530273,23.649999618530273,23.649999618530273,23.649999618530273,1056,0.0,0.0
2025-05-16 05:10:00+00:00,23.649999618530273,23.649999618530273,23.600000381469727,23.600000381469727,3000,0.0,0.0
2025-05-16 05:15:00+00:00,23.600000381469727,23.600000381469727,23.600000381469727,23.600000381469727,1200,0.0,0.0
2025-05-16 05:20:00+00:00,23.600000381469727,23.600000381469727,23.549999237060547,23.549999237060547,3367,0.0,0.0
2025-05-19 01:00:00+00:00,23.600000381469727,23.600000381469727,23.399999618530273,23.399999618530273,0,0.0,0.0
2025-05-19 01:05:00+00:00,23.399999618530273,23.399999618530273,23.399999618530273,23.399999618530273,12015,0.0,0.0
2025-05-19 01:10:00+00:00,23.5,23.5,23.350000381469727,23.350000381469727,3085,0.0,0.0
2025-05-19 01:15:00+00:00,23.350000381469727,23.350000381469727,23.350000381469727,23.350000381469727,1000,0.0,0.0
2025-05-19 01:20:00+00:00,23.299999237060547,23.350000381469727,23.25,23.350000381469727,9013,0.0,0.0
2025-05-19 01:30:00+00:00,23.450000762939453,23.450000762939453,23.450000762939453,23.450000762939453,2000,0.0,0.0
2025-05-19 01:35:00+00:00,23.299999237060547,23.299999237060547,23.299999237060547,23.299999237060547,2000,0.0,0.0
2025-05-19 01:40:00+00:00,23.299999237060547,23.299999237060547,23.299999237060547,23.299999237060547,1200,0.0,0.0
2025-05-19 02:15:00+00:00,23.299999237060547,23.299999237060547,23.299999237060547,23.299999237060547,4299,0.0,0.0
2025-05-19 02:20:00+00:00,23.350000381469727,23.350000381469727,23.350000381469727,23.350000381469727,1000,0.0,0.0
2025-05-19 02:25:00+00:00,23.299999237060547,23.299999237060547,23.299999237060547,23.299999237060547,9000,0.0,0.0
2025-05-19 02:30:00+00:00,23.299999237060547,23.299999237060547,23.299999237060547,23.299999237060547,4286,0.0,0.0
2025-05-19 02:40:00+00:00,23.299999237060547,23.299999237060547,23.299999237060547,23.299999237060547,1001,0.0,0.0
2025-05-19 02:50:00+00:00,23.299999237060547,23.299999237060547,23.299999237060547,23.299999237060547,1000,0.0,0.0
2025-05-19 03:05:00+00:00,23.25,23.25,23.200000762939453,23.200000762939453,11000,0.0,0.0
2025-05-19 03:10:00+00:00,23.350000381469727,23.350000381469727,23.350000381469727,23.350000381469727,2000,0.0,0.0
2025-05-19 03:20:00+00:00,23.200000762939453,23.200000762939453,23.149999618530273,23.149999618530273,10010,0.0,0.0
2025-05-19 03:25:00+00:00,23.200000762939453,23.200000762939453,23.200000762939453,23.200000762939453,2070,0.0,0.0
2025-05-19 03:30:00+00:00,23.200000762939453,23.200000762939453,23.149999618530273,23.149999618530273,4346,0.0,0.0
2025-05-19 03:35:00+00:00,23.100000381469727,23.100000381469727,23.100000381469727,23.100000381469727,1000,0.0,0.0
2025-05-19 03:40:00+00:00,23.200000762939453,23.200000762939453,23.200000762939453,23.200000762939453,2000,0.0,0.0
2025-05-19 03:45:00+00:00,23.100000381469727,23.100000381469727,23.100000381469727,23.100000381469727,4350,0.0,0.0
2025-05-19 03:50:00+00:00,23.100000381469727,23.100000381469727,23.100000381469727,23.100000381469727,1000,0.0,0.0
2025-05-19 03:55:00+00:00,23.049999237060547,23.049999237060547,23.049999237060547,23.049999237060547,1000,0.0,0.0
2025-05-19 04:00:00+00:00,23.200000762939453,23.200000762939453,23.200000762939453,23.200000762939453,1000,0.0,0.0
2025-05-19 04:05:00+00:00,23.100000381469727,23.100000381469727,23.049999237060547,23.049999237060547,7000,0.0,0.0
2025-05-19 04:10:00+00:00,23.100000381469727,23.100000381469727,23.049999237060547,23.049999237060547,2000,0.0,0.0
2025-05-19 04:20:00+00:00,23.049999237060547,23.049999237060547,23.049999237060547,23.049999237060547,2000,0.0,0.0
2025-05-19 04:25:00+00:00,23.049999237060547,23.049999237060547,23.049999237060547,23.049999237060547,5000,0.0,0.0
2025-05-19 04:30:00+00:00,23.100000381469727,23.100000381469727,23.100000381469727,23.100000381469727,1102,0.0,0.0
2025-05-19 04:35:00+00:00,23.049999237060547,23.049999237060547,23.049999237060547,23.049999237060547,2000,0.0,0.0
2025-05-19 04:45:00+00:00,23.100000381469727,23.100000381469727,23.049999237060547,23.049999237060547,3100,0.0,0.0
2025-05-19 04:50:00+00:00,23.100000381469727,23.100000381469727,23.049999237060547,23.100000381469727,33000,0.0,0.0
2025-05-19 04:55:00+00:00,23.100000381469727,23.200000762939453,23.100000381469727,23.200000762939453,7000,0.0,0.0
2025-05-19 05:10:00+00:00,23.200000762939453,23.200000762939453,23.200000762939453,23.200000762939453,1001,0.0,0.0
2025-05-19 05:20:00+00:00,23.200000762939453,23.25,23.200000762939453,23.25,2000,0.0,0.0
2025-05-20 01:00:00+00:00,23.25,23.25,23.25,23.25,0,0.0,0.0
2025-05-20 01:30:00+00:00,23.149999618530273,23.149999618530273,23.149999618530273,23.149999618530273,5000,0.0,0.0
2025-05-20 01:40:00+00:00,23.100000381469727,23.100000381469727,23.100000381469727,23.100000381469727,3156,0.0,0.0
2025-05-20 02:20:00+00:00,23.149999618530273,23.149999618530273,23.149999618530273,23.149999618530273,2000,0.0,0.0
2025-05-20 02:25:00+00:00,23.049999237060547,23.100000381469727,23.049999237060547,23.100000381469727,3000,0.0,0.0
2025-05-20 02:30:00+00:00,23.100000381469727,23.100000381469727,23.100000381469727,23.100000381469727,2000,0.0,0.0
2025-05-20 02:35:00+00:00,23.100000381469727,23.100000381469727,23.100000381469727,23.100000381469727,1002,0.0,0.0
2025-05-20 02:45:00+00:00,23.100000381469727,23.100000381469727,23.100000381469727,23.100000381469727,1000,0.0,0.0
2025-05-20 02:50:00+00:00,23.100000381469727,23.100000381469727,23.100000381469727,23.100000381469727,1000,0.0,0.0
2025-05-20 02:55:00+00:00,23.049999237060547,23.149999618530273,23.049999237060547,23.149999618530273,5500,0.0,0.0
2025-05-20 03:05:00+00:00,23.200000762939453,23.200000762939453,23.200000762939453,23.200000762939453,1000,0.0,0.0
2025-05-20 03:10:00+00:00,23.200000762939453,23.25,23.200000762939453,23.25,25000,0.0,0.0
2025-05-20 03:15:00+00:00,23.200000762939453,23.200000762939453,23.200000762939453,23.200000762939453,1000,0.0,0.0
2025-05-20 03:20:00+00:00,23.200000762939453,23.200000762939453,23.200000762939453,23.200000762939453,3000,0.0,0.0
2025-05-20 03:25:00+00:00,23.149999618530273,23.149999618530273,23.100000381469727,23.100000381469727,6000,0.0,0.0
2025-05-20 03:30:00+00:00,23.149999618530273,23.200000762939453,23.149999618530273,23.149999618530273,3017,0.0,0.0
2025-05-20 04:20:00+00:00,23.049999237060547,23.049999237060547,23.049999237060547,23.049999237060547,2095,0.0,0.0
2025-05-20 04:25:00+00:00,23.049999237060547,23.049999237060547,23.0,23.0,20100,0.0,0.0
2025-05-20 04:30:00+00:00,23.100000381469727,23.149999618530273,23.100000381469727,23.149999618530273,4000,0.0,0.0
2025-05-20 04:35:00+00:00,23.149999618530273,23.200000762939453,23.100000381469727,23.100000381469727,22000,0.0,0.0
2025-05-20 04:40:00+00:00,23.200000762939453,23.200000762939453,23.200000762939453,23.200000762939453,3000,0.0,0.0
2025-05-20 04:50:00+00:00,23.25,23.25,23.25,23.25,1015,0.0,0.0
2025-05-20 05:00:00+00:00,23.25,23.25,23.200000762939453,23.200000762939453,4100,0.0,0.0
2025-05-20 05:05:00+00:00,23.200000762939453,23.200000762939453,23.200000762939453,23.200000762939453,1000,0.0,0.0
2025-05-20 05:10:00+00:00,23.25,23.25,23.100000381469727,23.100000381469727,7000,0.0,0.0
2025-05-20 05:15:00+00:00,23.100000381469727,23.100000381469727,23.100000381469727,23.100000381469727,4000,0.0,0.0
2025-05-20 05:20:00+00:00,23.100000381469727,23.100000381469727,23.100000381469727,23.100000381469727,1532,0.0,0.0
2025-05-21 01:00:00+00:00,23.25,23.25,23.25,23.25,0,0.0,0.0
2025-05-21 01:05:00+00:00,23.299999237060547,23.350000381469727,23.299999237060547,23.350000381469727,2406,0.0,0.0
2025-05-21 01:15:00+00:00,23.399999618530273,23.450000762939453,23.399999618530273,23.450000762939453,7001,0.0,0.0
2025-05-21 01:25:00+00:00,23.450000762939453,23.450000762939453,23.450000762939453,23.450000762939453,4000,0.0,0.0
2025-05-21 01:30:00+00:00,23.5,23.5,23.5,23.5,1000,0.0,0.0
2025-05-21 01:35:00+00:00,23.450000762939453,23.450000762939453,23.450000762939453,23.450000762939453,1021,0.0,0.0
2025-05-21 01:40:00+00:00,23.5,23.5,23.5,23.5,3000,0.0,0.0
2025-05-21 01:45:00+00:00,23.5,23.5,23.5,23.5,1000,0.0,0.0
2025-05-21 01:50:00+00:00,23.5,23.5,23.5,23.5,1000,0.0,0.0
2025-05-21 01:55:00+00:00,23.450000762939453,23.450000762939453,23.450000762939453,23.450000762939453,1001,0.0,0.0
2025-05-21 02:00:00+00:00,23.450000762939453,23.450000762939453,23.450000762939453,23.450000762939453,2000,0.0,0.0
2025-05-21 02:05:00+00:00,23.299999237060547,23.299999237060547,23.299999237060547,23.299999237060547,2204,0.0,0.0
2025-05-21 02:15:00+00:00,23.299999237060547,23.299999237060547,23.299999237060547,23.299999237060547,1000,0.0,0.0
2025-05-21 02:20:00+00:00,23.299999237060547,23.299999237060547,23.299999237060547,23.299999237060547,20027,0.0,0.0
2025-05-21 02:30:00+00:00,23.450000762939453,23.450000762939453,23.450000762939453,23.450000762939453,4000,0.0,0.0
2025-05-21 02:55:00+00:00,23.450000762939453,23.450000762939453,23.450000762939453,23.450000762939453,1000,0.0,0.0
2025-05-21 03:00:00+00:00,23.450000762939453,23.450000762939453,23.450000762939453,23.450000762939453,3000,0.0,0.0
2025-05-21 03:05:00+00:00,23.450000762939453,23.450000762939453,23.450000762939453,23.450000762939453,1000,0.0,0.0
2025-05-21 03:10:00+00:00,23.5,23.5,23.5,23.5,1000,0.0,0.0
2025-05-21 03:15:00+00:00,23.5,23.5,23.5,23.5,1000,0.0,0.0
2025-05-21 03:20:00+00:00,23.5,23.5,23.5,23.5,1000,0.0,0.0
2025-05-21 03:25:00+00:00,23.5,23.5,23.5,23.5,1000,0.0,0.0
2025-05-21 03:30:00+00:00,23.5,23.5,23.5,23.5,16000,0.0,0.0
2025-05-21 03:35:00+00:00,23.5,23.5,23.5,23.5,2000,0.0,0.0
2025-05-21 03:40:00+00:00,23.549999237060547,23.549999237060547,23.549999237060547,23.549999237060547,5000,0.0,0.0
2025-05-21 03:45:00+00:00,23.5,23.5,23.5,23.5,2000,0.0,0.0
2025-05-21 03:50:00+00:00,23.600000381469727,23.600000381469727,23.600000381469727,23.600000381469727,1000,0.0,0.0
2025-05-21 04:05:00+00:00,23.549999237060547,23.549999237060547,23.549999237060547,23.549999237060547,1000,0.0,0.0
2025-05-21 04:10:00+00:00,23.600000381469727,23.600000381469727,23.600000381469727,23.600000381469727,1002,0.0,0.0
2025-05-21 04:15:00+00:00,23.600000381469727,23.600000381469727,23.549999237060547,23.549999237060547,12050,0.0,0.0
2025-05-21 04:20:00+00:00,23.600000381469727,23.649999618530273,23.600000381469727,23.649999618530273,17000,0.0,0.0
2025-05-21 04:30:00+00:00,23.700000762939453,23.700000762939453,23.649999618530273,23.649999618530273,4100,0.0,0.0
2025-05-21 04:40:00+00:00,23.700000762939453,23.700000762939453,23.700000762939453,23.700000762939453,2000,0.0,0.0
2025-05-21 05:00:00+00:00,23.649999618530273,23.649999618530273,23.649999618530273,23.649999618530273,3000,0.0,0.0
2025-05-21 05:05:00+00:00,23.600000381469727,23.600000381469727,23.600000381469727,23.600000381469727,1000,0.0,0.0
2025-05-21 05:10:00+00:00,23.649999618530273,23.75,23.649999618530273,23.75,33110,0.0,0.0
2025-05-21 05:15:00+00:00,23.799999237060547,23.799999237060547,23.799999237060547,23.799999237060547,18000,0.0,0.0
2025-05-21 05:20:00+00:00,23.75,23.799999237060547,23.75,23.75,4000,0.0,0.0
2025-05-22 01:00:00+00:00,23.75,23.75,23.75,23.75,0,0.0,0.0
2025-05-22 01:05:00+00:00,23.5,23.75,23.5,23.75,2030,0.0,0.0
2025-05-22 01:10:00+00:00,23.5,23.5,23.5,23.5,2000,0.0,0.0
2025-05-22 01:15:00+00:00,23.549999237060547,23.549999237060547,23.5,23.5,4000,0.0,0.0
2025-05-22 01:20:00+00:00,23.5,23.5,23.5,23.5,4000,0.0,0.0
2025-05-22 01:30:00+00:00,23.5,23.5,23.5,23.5,1209,0.0,0.0
2025-05-22 01:40:00+00:00,23.5,23.5,23.5,23.5,2251,0.0,0.0
2025-05-22 01:50:00+00:00,23.450000762939453,23.450000762939453,23.450000762939453,23.450000762939453,2390,0.0,0.0
2025-05-22 02:00:00+00:00,23.399999618530273,23.399999618530273,23.299999237060547,23.299999237060547,3000,0.0,0.0
2025-05-22 02:10:00+00:00,23.399999618530273,23.399999618530273,23.399999618530273,23.399999618530273,1000,0.0,0.0
2025-05-22 02:15:00+00:00,23.399999618530273,23.450000762939453,23.399999618530273,23.450000762939453,12000,0.0,0.0
2025-05-22 02:20:00+00:00,23.5,23.5,23.5,23.5,5000,0.0,0.0
2025-05-22 02:30:00+00:00,23.5,23.5,23.5,23.5,2000,0.0,0.0
2025-05-22 02:40:00+00:00,23.600000381469727,23.649999618530273,23.600000381469727,23.649999618530273,4011,0.0,0.0
2025-05-22 02:55:00+00:00,23.549999237060547,23.549999237060547,23.549999237060547,23.549999237060547,5000,0.0,0.0
2025-05-22 03:00:00+00:00,23.649999618530273,23.649999618530273,23.649999618530273,23.649999618530273,1000,0.0,0.0
2025-05-22 03:15:00+00:00,23.600000381469727,23.600000381469727,23.600000381469727,23.600000381469727,5000,0.0,0.0
2025-05-22 03:25:00+00:00,23.649999618530273,23.649999618530273,23.649999618530273,23.649999618530273,1000,0.0,0.0
2025-05-22 03:35:00+00:00,23.649999618530273,23.649999618530273,23.649999618530273,23.649999618530273,1009,0.0,0.0
2025-05-22 04:20:00+00:00,23.649999618530273,23.649999618530273,23.649999618530273,23.649999618530273,1000,0.0,0.0
2025-05-22 04:30:00+00:00,23.549999237060547,23.549999237060547,23.549999237060547,23.549999237060547,0,0.0,0.0
2025-05-22 04:40:00+00:00,23.649999618530273,23.649999618530273,23.549999237060547,23.549999237060547,70950,0.0,0.0
2025-05-22 04:50:00+00:00,23.549999237060547,23.549999237060547,23.399999618530273,23.450000762939453,11083,0.0,0.0
2025-05-22 05:00:00+00:00,23.600000381469727,23.649999618530273,23.600000381469727,23.649999618530273,2002,0.0,0.0
2025-05-22 05:20:00+00:00,23.5,23.5,23.5,23.5,2017,0.0,0.0
2025-05-23 01:00:00+00:00,23.450000762939453,23.549999237060547,23.450000762939453,23.549999237060547,0,0.0,0.0
2025-05-23 01:05:00+00:00,23.5,23.549999237060547,23.5,23.549999237060547,2009,0.0,0.0
2025-05-23 01:10:00+00:00,23.5,23.5,23.5,23.5,2000,0.0,0.0
2025-05-23 01:20:00+00:00,23.5,23.5,23.5,23.5,3018,0.0,0.0
2025-05-23 01:35:00+00:00,23.450000762939453,23.450000762939453,23.450000762939453,23.450000762939453,4002,0.0,0.0
2025-05-23 01:40:00+00:00,23.5,23.5,23.5,23.5,1070,0.0,0.0
2025-05-23 02:05:00+00:00,23.450000762939453,23.450000762939453,23.450000762939453,23.450000762939453,1000,0.0,0.0
2025-05-23 02:10:00+00:00,23.450000762939453,23.450000762939453,23.450000762939453,23.450000762939453,2000,0.0,0.0
2025-05-23 02:25:00+00:00,23.450000762939453,23.450000762939453,23.450000762939453,23.450000762939453,1001,0.0,0.0
2025-05-23 02:35:00+00:00,23.450000762939453,23.450000762939453,23.450000762939453,23.450000762939453,1000,0.0,0.0
2025-05-23 02:40:00+00:00,23.399999618530273,23.399999618530273,23.399999618530273,23.399999618530273,7004,0.0,0.0
2025-05-23 02:50:00+00:00,23.5,23.5,23.5,23.5,2716,0.0,0.0
2025-05-23 04:30:00+00:00,23.399999618530273,23.399999618530273,23.399999618530273,23.399999618530273,4000,0.0,0.0
2025-05-23 04:40:00+00:00,23.450000762939453,23.450000762939453,23.450000762939453,23.450000762939453,1051,0.0,0.0
2025-05-23 04:55:00+00:00,23.350000381469727,23.350000381469727,23.350000381469727,23.350000381469727,6101,0.0,0.0
2025-05-23 05:00:00+00:00,23.350000381469727,23.450000762939453,23.350000381469727,23.450000762939453,3221,0.0,0.0
2025-05-23 05:10:00+00:00,23.399999618530273,23.399999618530273,23.399999618530273,23.399999618530273,1000,0.0,0.0
2025-05-23 05:15:00+00:00,23.350000381469727,23.399999618530273,23.350000381469727,23.399999618530273,2000,0.0,0.0
2025-05-23 05:20:00+00:00,23.450000762939453,23.450000762939453,23.450000762939453,23.450000762939453,3207,0.0,0.0
2025-05-26 01:00:00+00:00,23.549999237060547,23.549999237060547,23.299999237060547,23.299999237060547,0,0.0,0.0
2025-05-26 01:05:00+00:00,23.350000381469727,23.350000381469727,23.350000381469727,23.350000381469727,3042,0.0,0.0
2025-05-26 01:10:00+00:00,23.350000381469727,23.350000381469727,23.350000381469727,23.350000381469727,1000,0.0,0.0
2025-05-26 01:20:00+00:00,23.399999618530273,23.399999618530273,23.399999618530273,23.399999618530273,1000,0.0,0.0
2025-05-26 01:25:00+00:00,23.350000381469727,23.350000381469727,23.350000381469727,23.350000381469727,2000,0.0,0.0
2025-05-26 01:30:00+00:00,23.350000381469727,23.350000381469727,23.299999237060547,23.350000381469727,55000,0.0,0.0
2025-05-26 01:35:00+00:00,23.350000381469727,23.399999618530273,23.350000381469727,23.399999618530273,5000,0.0,0.0
2025-05-26 01:40:00+00:00,23.350000381469727,23.549999237060547,23.350000381469727,23.399999618530273,9467,0.0,0.0
2025-05-26 01:45:00+00:00,23.5,23.5,23.5,23.5,2000,0.0,0.0
2025-05-26 01:50:00+00:00,23.450000762939453,23.600000381469727,23.450000762939453,23.450000762939453,8000,0.0,0.0
2025-05-26 01:55:00+00:00,23.450000762939453,23.450000762939453,23.450000762939453,23.450000762939453,4000,0.0,0.0
2025-05-26 02:00:00+00:00,23.450000762939453,23.549999237060547,23.450000762939453,23.549999237060547,2000,0.0,0.0
2025-05-26 02:10:00+00:00,23.399999618530273,23.399999618530273,23.399999618530273,23.399999618530273,11038,0.0,0.0
2025-05-26 02:15:00+00:00,23.399999618530273,23.399999618530273,23.399999618530273,23.399999618530273,9000,0.0,0.0
2025-05-26 02:20:00+00:00,23.450000762939453,23.450000762939453,23.450000762939453,23.450000762939453,3000,0.0,0.0
2025-05-26 02:25:00+00:00,23.450000762939453,23.450000762939453,23.450000762939453,23.450000762939453,3000,0.0,0.0
2025-05-26 02:30:00+00:00,23.450000762939453,23.450000762939453,23.450000762939453,23.450000762939453,2000,0.0,0.0
2025-05-26 02:35:00+00:00,23.450000762939453,23.450000762939453,23.450000762939453,23.450000762939453,5000,0.0,0.0
2025-05-26 02:40:00+00:00,23.5,23.5,23.5,23.5,4000,0.0,0.0
2025-05-26 02:50:00+00:00,23.549999237060547,23.549999237060547,23.549999237060547,23.549999237060547,1000,0.0,0.0
2025-05-26 03:10:00+00:00,23.5,23.5,23.5,23.5,1050,0.0,0.0
2025-05-26 03:20:00+00:00,23.5,23.5,23.5,23.5,1000,0.0,0.0
2025-05-26 03:30:00+00:00,23.5,23.5,23.5,23.5,1000,0.0,0.0
2025-05-26 03:40:00+00:00,23.450000762939453,23.450000762939453,23.450000762939453,23.450000762939453,4000,0.0,0.0
2025-05-26 03:50:00+00:00,23.5,23.5,23.5,23.5,1045,0.0,0.0
2025-05-26 03:55:00+00:00,23.450000762939453,23.450000762939453,23.450000762939453,23.450000762939453,2015,0.0,0.0
2025-05-26 04:10:00+00:00,23.450000762939453,23.450000762939453,23.450000762939453,23.450000762939453,3000,0.0,0.0
2025-05-26 04:20:00+00:00,23.5,23.5,23.5,23.5,2050,0.0,0.0
2025-05-26 04:35:00+00:00,23.5,23.5,23.5,23.5,2001,0.0,0.0
2025-05-26 04:40:00+00:00,23.450000762939453,23.450000762939453,23.399999618530273,23.399999618530273,25000,0.0,0.0
2025-05-26 04:45:00+00:00,23.399999618530273,23.399999618530273,23.399999618530273,23.399999618530273,11000,0.0,0.0
2025-05-26 04:50:00+00:00,23.450000762939453,23.5,23.450000762939453,23.450000762939453,7000,0.0,0.0
2025-05-26 05:00:00+00:00,23.450000762939453,23.450000762939453,23.450000762939453,23.450000762939453,1000,0.0,0.0
2025-05-26 05:10:00+00:00,23.399999618530273,23.399999618530273,23.399999618530273,23.399999618530273,3234,0.0,0.0
2025-05-26 05:15:00+00:00,23.399999618530273,23.399999618530273,23.399999618530273,23.399999618530273,4000,0.0,0.0
2025-05-26 05:20:00+00:00,23.399999618530273,23.399999618530273,23.399999618530273,23.399999618530273,5462,0.0,0.0
2025-05-27 01:00:00+00:00,23.5,23.5,23.5,23.5,0,0.0,0.0
2025-05-27 01:05:00+00:00,23.350000381469727,23.350000381469727,23.350000381469727,23.350000381469727,1003,0.0,0.0
2025-05-27 01:10:00+00:00,23.350000381469727,23.350000381469727,23.350000381469727,23.350000381469727,5000,0.0,0.0
2025-05-27 01:15:00+00:00,23.399999618530273,23.399999618530273,23.399999618530273,23.399999618530273,2000,0.0,0.0
2025-05-27 01:25:00+00:00,23.5,23.5,23.5,23.5,1001,0.0,0.0
2025-05-27 01:35:00+00:00,23.450000762939453,23.450000762939453,23.450000762939453,23.450000762939453,1000,0.0,0.0
2025-05-27 01:45:00+00:00,23.350000381469727,23.350000381469727,23.350000381469727,23.350000381469727,1000,0.0,0.0
2025-05-27 01:50:00+00:00,23.350000381469727,23.350000381469727,23.350000381469727,23.350000381469727,4000,0.0,0.0
2025-05-27 02:00:00+00:00,23.450000762939453,23.450000762939453,23.450000762939453,23.450000762939453,1000,0.0,0.0
2025-05-27 02:05:00+00:00,23.350000381469727,23.350000381469727,23.299999237060547,23.299999237060547,7000,0.0,0.0
2025-05-27 02:10:00+00:00,23.299999237060547,23.399999618530273,23.25,23.399999618530273,5000,0.0,0.0
2025-05-27 02:15:00+00:00,23.350000381469727,23.350000381469727,23.350000381469727,23.350000381469727,2000,0.0,0.0
2025-05-27 02:20:00+00:00,23.350000381469727,23.399999618530273,23.350000381469727,23.399999618530273,2000,0.0,0.0
2025-05-27 02:25:00+00:00,23.350000381469727,23.350000381469727,23.200000762939453,23.200000762939453,13000,0.0,0.0
2025-05-27 02:30:00+00:00,23.350000381469727,23.399999618530273,23.350000381469727,23.399999618530273,2000,0.0,0.0
2025-05-27 02:40:00+00:00,23.350000381469727,23.350000381469727,23.350000381469727,23.350000381469727,1281,0.0,0.0
2025-05-27 03:15:00+00:00,23.25,23.25,23.25,23.25,1050,0.0,0.0
2025-05-27 03:40:00+00:00,23.299999237060547,23.299999237060547,23.299999237060547,23.299999237060547,1005,0.0,0.0
2025-05-27 03:55:00+00:00,23.299999237060547,23.299999237060547,23.299999237060547,23.299999237060547,3000,0.0,0.0
2025-05-27 04:00:00+00:00,23.350000381469727,23.350000381469727,23.299999237060547,23.299999237060547,9000,0.0,0.0
2025-05-27 04:10:00+00:00,23.25,23.25,23.25,23.25,5000,0.0,0.0
2025-05-27 04:20:00+00:00,23.299999237060547,23.299999237060547,23.25,23.25,3022,0.0,0.0
2025-05-27 04:25:00+00:00,23.25,23.25,23.200000762939453,23.200000762939453,6000,0.0,0.0
2025-05-27 04:30:00+00:00,23.200000762939453,23.200000762939453,23.200000762939453,23.200000762939453,1000,0.0,0.0
2025-05-27 04:35:00+00:00,23.200000762939453,23.200000762939453,23.200000762939453,23.200000762939453,1000,0.0,0.0
2025-05-27 04:40:00+00:00,23.200000762939453,23.299999237060547,23.200000762939453,23.299999237060547,4000,0.0,0.0
2025-05-27 04:45:00+00:00,23.299999237060547,23.299999237060547,23.299999237060547,23.299999237060547,1110,0.0,0.0
2025-05-27 05:15:00+00:00,23.200000762939453,23.25,23.200000762939453,23.25,7000,0.0,0.0
2025-05-27 05:20:00+00:00,23.299999237060547,23.299999237060547,23.299999237060547,23.299999237060547,2048,0.0,0.0
2025-05-28 01:00:00+00:00,23.399999618530273,23.399999618530273,23.399999618530273,23.399999618530273,0,0.0,0.0
2025-05-28 01:25:00+00:00,23.399999618530273,23.399999618530273,23.350000381469727,23.350000381469727,4051,0.0,0.0
2025-05-28 01:45:00+00:00,23.299999237060547,23.299999237060547,23.299999237060547,23.299999237060547,1000,0.0,0.0
2025-05-28 01:50:00+00:00,23.350000381469727,23.350000381469727,23.350000381469727,23.350000381469727,2261,0.0,0.0
2025-05-28 02:05:00+00:00,23.350000381469727,23.350000381469727,23.350000381469727,23.350000381469727,1009,0.0,0.0
2025-05-28 02:15:00+00:00,23.350000381469727,23.350000381469727,23.350000381469727,23.350000381469727,2000,0.0,0.0
2025-05-28 02:35:00+00:00,23.350000381469727,23.350000381469727,23.350000381469727,23.350000381469727,1000,0.0,0.0
2025-05-28 02:40:00+00:00,23.350000381469727,23.350000381469727,23.350000381469727,23.350000381469727,2000,0.0,0.0
2025-05-28 02:45:00+00:00,23.350000381469727,23.350000381469727,23.350000381469727,23.350000381469727,10000,0.0,0.0
2025-05-28 02:50:00+00:00,23.399999618530273,23.399999618530273,23.399999618530273,23.399999618530273,1020,0.0,0.0
2025-05-28 03:10:00+00:00,23.399999618530273,23.399999618530273,23.299999237060547,23.299999237060547,4001,0.0,0.0
2025-05-28 03:15:00+00:00,23.350000381469727,23.350000381469727,23.299999237060547,23.299999237060547,7000,0.0,0.0
2025-05-28 03:20:00+00:00,23.399999618530273,23.399999618530273,23.399999618530273,23.399999618530273,1000,0.0,0.0
2025-05-28 03:30:00+00:00,23.399999618530273,23.399999618530273,23.399999618530273,23.399999618530273,1000,0.0,0.0
2025-05-28 03:45:00+00:00,23.350000381469727,23.350000381469727,23.350000381469727,23.350000381469727,4008,0.0,0.0
2025-05-28 03:50:00+00:00,23.399999618530273,23.399999618530273,23.399999618530273,23.399999618530273,1001,0.0,0.0
2025-05-28 04:05:00+00:00,23.399999618530273,23.399999618530273,23.399999618530273,23.399999618530273,1210,0.0,0.0
2025-05-28 04:35:00+00:00,23.25,23.25,23.200000762939453,23.200000762939453,8361,0.0,0.0
2025-05-28 04:40:00+00:00,23.149999618530273,23.149999618530273,23.149999618530273,23.149999618530273,1000,0.0,0.0
2025-05-28 04:45:00+00:00,23.25,23.299999237060547,23.25,23.299999237060547,2000,0.0,0.0
2025-05-28 04:50:00+00:00,23.299999237060547,23.299999237060547,23.149999618530273,23.149999618530273,3001,0.0,0.0
2025-05-28 04:55:00+00:00,23.25,23.25,23.25,23.25,1001,0.0,0.0
2025-05-28 05:00:00+00:00,23.299999237060547,23.299999237060547,23.200000762939453,23.25,3000,0.0,0.0
2025-05-28 05:05:00+00:00,23.299999237060547,23.299999237060547,23.299999237060547,23.299999237060547,2283,0.0,0.0
2025-05-29 01:00:00+00:00,23.399999618530273,23.399999618530273,23.399999618530273,23.399999618530273,0,0.0,0.0
2025-05-29 01:05:00+00:00,23.350000381469727,23.350000381469727,23.350000381469727,23.350000381469727,1002,0.0,0.0
2025-05-29 01:10:00+00:00,23.350000381469727,23.350000381469727,23.350000381469727,23.350000381469727,1001,0.0,0.0
2025-05-29 01:20:00+00:00,23.25,23.25,23.25,23.25,1000,0.0,0.0
2025-05-29 01:25:00+00:00,23.200000762939453,23.200000762939453,23.149999618530273,23.149999618530273,4009,0.0,0.0
2025-05-29 01:30:00+00:00,23.100000381469727,23.100000381469727,23.100000381469727,23.100000381469727,2000,0.0,0.0
2025-05-29 01:35:00+00:00,23.100000381469727,23.100000381469727,23.100000381469727,23.100000381469727,3000,0.0,0.0
2025-05-29 01:40:00+00:00,23.200000762939453,23.200000762939453,23.200000762939453,23.200000762939453,1000,0.0,0.0
2025-05-29 01:50:00+00:00,23.200000762939453,23.200000762939453,23.200000762939453,23.200000762939453,1000,0.0,0.0
2025-05-29 01:55:00+00:00,23.25,23.25,23.25,23.25,1000,0.0,0.0
2025-05-29 02:10:00+00:00,23.25,23.25,23.25,23.25,1001,0.0,0.0
2025-05-29 02:35:00+00:00,23.100000381469727,23.100000381469727,23.100000381469727,23.100000381469727,6050,0.0,0.0
2025-05-29 02:40:00+00:00,23.100000381469727,23.100000381469727,23.049999237060547,23.049999237060547,16050,0.0,0.0
2025-05-29 02:45:00+00:00,23.0,23.049999237060547,23.0,23.0,12010,0.0,0.0
2025-05-29 02:50:00+00:00,23.100000381469727,23.100000381469727,23.100000381469727,23.100000381469727,4000,0.0,0.0
2025-05-29 03:00:00+00:00,23.149999618530273,23.149999618530273,23.149999618530273,23.149999618530273,1000,0.0,0.0
2025-05-29 03:15:00+00:00,23.0,23.0,23.0,23.0,27000,0.0,0.0
2025-05-29 03:25:00+00:00,23.0,23.149999618530273,23.0,23.149999618530273,1000,0.0,0.0
2025-05-29 03:30:00+00:00,23.149999618530273,23.25,23.149999618530273,23.25,5102,0.0,0.0
2025-05-29 03:40:00+00:00,23.25,23.25,23.25,23.25,1002,0.0,0.0
2025-05-29 03:55:00+00:00,23.100000381469727,23.100000381469727,23.100000381469727,23.100000381469727,1000,0.0,0.0
2025-05-29 04:00:00+00:00,23.200000762939453,23.299999237060547,23.149999618530273,23.149999618530273,7001,0.0,0.0
2025-05-29 04:05:00+00:00,23.200000762939453,23.25,23.200000762939453,23.25,2001,0.0,0.0
2025-05-29 04:10:00+00:00,23.299999237060547,23.299999237060547,23.299999237060547,23.299999237060547,2101,0.0,0.0
2025-05-29 04:25:00+00:00,23.200000762939453,23.200000762939453,23.149999618530273,23.200000762939453,8006,0.0,0.0
2025-05-29 04:30:00+00:00,23.25,23.25,23.25,23.25,1000,0.0,0.0
2025-05-29 04:45:00+00:00,23.100000381469727,23.200000762939453,23.100000381469727,23.200000762939453,2000,0.0,0.0
2025-05-29 04:55:00+00:00,23.149999618530273,23.25,23.149999618530273,23.25,3000,0.0,0.0
2025-05-29 05:00:00+00:00,23.299999237060547,23.299999237060547,23.299999237060547,23.299999237060547,1000,0.0,0.0
2025-05-29 05:05:00+00:00,23.200000762939453,23.200000762939453,23.200000762939453,23.200000762939453,3000,0.0,0.0
2025-05-29 05:10:00+00:00,23.25,23.299999237060547,23.25,23.299999237060547,2000,0.0,0.0
2025-05-29 05:15:00+00:00,23.200000762939453,23.25,23.200000762939453,23.200000762939453,3000,0.0,0.0
2025-05-29 05:20:00+00:00,23.25,23.25,23.25,23.25,1000,0.0,0.0
2025-06-02 01:00:00+00:00,23.200000762939453,23.200000762939453,23.0,23.0,0,0.0,0.0
2025-06-02 01:15:00+00:00,23.0,23.0,22.799999237060547,22.799999237060547,9102,0.0,0.0
2025-06-02 01:20:00+00:00,22.799999237060547,22.799999237060547,22.799999237060547,22.799999237060547,3045,0.0,0.0
2025-06-02 01:25:00+00:00,22.799999237060547,22.799999237060547,22.75,22.75,5165,0.0,0.0
2025-06-02 01:35:00+00:00,22.75,22.75,22.75,22.75,1000,0.0,0.0
2025-06-02 01:40:00+00:00,22.75,22.75,22.700000762939453,22.700000762939453,2000,0.0,0.0
2025-06-02 01:45:00+00:00,22.700000762939453,22.700000762939453,22.700000762939453,22.700000762939453,9001,0.0,0.0
2025-06-02 01:55:00+00:00,22.700000762939453,22.700000762939453,22.649999618530273,22.649999618530273,2000,0.0,0.0
2025-06-02 02:00:00+00:00,22.700000762939453,22.700000762939453,22.700000762939453,22.700000762939453,1000,0.0,0.0
2025-06-02 02:05:00+00:00,22.75,22.75,22.75,22.75,1234,0.0,0.0
2025-06-02 02:10:00+00:00,22.75,22.75,22.75,22.75,1000,0.0,0.0
2025-06-02 02:15:00+00:00,22.700000762939453,22.700000762939453,22.700000762939453,22.700000762939453,1000,0.0,0.0
2025-06-02 02:20:00+00:00,22.75,22.75,22.700000762939453,22.700000762939453,4000,0.0,0.0
2025-06-02 02:25:00+00:00,22.75,22.75,22.75,22.75,5000,0.0,0.0
2025-06-02 02:30:00+00:00,22.799999237060547,22.850000381469727,22.75,22.75,4000,0.0,0.0
2025-06-02 02:35:00+00:00,22.700000762939453,22.700000762939453,22.700000762939453,22.700000762939453,3000,0.0,0.0
2025-06-02 02:40:00+00:00,22.799999237060547,22.850000381469727,22.799999237060547,22.850000381469727,2000,0.0,0.0
2025-06-02 02:50:00+00:00,22.75,22.75,22.700000762939453,22.700000762939453,5061,0.0,0.0
2025-06-02 02:55:00+00:00,22.700000762939453,22.700000762939453,22.700000762939453,22.700000762939453,1000,0.0,0.0
2025-06-02 03:00:00+00:00,22.75,22.75,22.700000762939453,22.700000762939453,7000,0.0,0.0
2025-06-02 03:10:00+00:00,22.75,22.75,22.75,22.75,1020,0.0,0.0
2025-06-02 03:15:00+00:00,22.649999618530273,22.700000762939453,22.649999618530273,22.700000762939453,0,0.0,0.0
2025-06-02 03:20:00+00:00,22.700000762939453,22.75,22.700000762939453,22.75,84682,0.0,0.0
2025-06-02 03:25:00+00:00,22.649999618530273,22.649999618530273,22.649999618530273,22.649999618530273,11000,0.0,0.0
2025-06-02 03:30:00+00:00,22.649999618530273,22.649999618530273,22.649999618530273,22.649999618530273,3000,0.0,0.0
2025-06-02 03:45:00+00:00,22.649999618530273,22.700000762939453,22.649999618530273,22.700000762939453,3000,0.0,0.0
2025-06-02 04:10:00+00:00,22.700000762939453,22.700000762939453,22.700000762939453,22.700000762939453,2101,0.0,0.0
2025-06-02 04:30:00+00:00,22.700000762939453,22.700000762939453,22.700000762939453,22.700000762939453,4000,0.0,0.0
2025-06-02 04:40:00+00:00,22.700000762939453,22.75,22.700000762939453,22.75,2050,0.0,0.0
2025-06-02 04:45:00+00:00,22.799999237060547,22.799999237060547,22.799999237060547,22.799999237060547,1000,0.0,0.0
2025-06-02 04:50:00+00:00,22.75,22.75,22.75,22.75,1100,0.0,0.0
2025-06-02 05:00:00+00:00,22.75,22.75,22.75,22.75,1006,0.0,0.0
2025-06-02 05:15:00+00:00,22.75,22.75,22.75,22.75,2000,0.0,0.0
2025-06-02 05:20:00+00:00,22.799999237060547,22.850000381469727,22.75,22.850000381469727,8394,0.0,0.0
2025-06-03 01:00:00+00:00,22.799999237060547,22.799999237060547,22.799999237060547,22.799999237060547,0,0.0,0.0
2025-06-03 01:05:00+00:00,22.799999237060547,22.799999237060547,22.799999237060547,22.799999237060547,5001,0.0,0.0
2025-06-03 01:10:00+00:00,22.799999237060547,22.850000381469727,22.799999237060547,22.850000381469727,9000,0.0,0.0
2025-06-03 01:20:00+00:00,22.899999618530273,22.899999618530273,22.899999618530273,22.899999618530273,3000,0.0,0.0
2025-06-03 01:25:00+00:00,22.799999237060547,22.799999237060547,22.799999237060547,22.799999237060547,1000,0.0,0.0
2025-06-03 01:30:00+00:00,22.75,22.850000381469727,22.75,22.850000381469727,2155,0.0,0.0
2025-06-03 01:35:00+00:00,22.850000381469727,22.850000381469727,22.850000381469727,22.850000381469727,4000,0.0,0.0
2025-06-03 01:50:00+00:00,22.899999618530273,22.950000762939453,22.899999618530273,22.950000762939453,3000,0.0,0.0
2025-06-03 01:55:00+00:00,22.950000762939453,22.950000762939453,22.950000762939453,22.950000762939453,2000,0.0,0.0
2025-06-03 02:00:00+00:00,22.950000762939453,22.950000762939453,22.850000381469727,22.850000381469727,7001,0.0,0.0
2025-06-03 02:10:00+00:00,22.899999618530273,22.899999618530273,22.75,22.75,4001,0.0,0.0
2025-06-03 02:20:00+00:00,22.899999618530273,22.899999618530273,22.899999618530273,22.899999618530273,1020,0.0,0.0
2025-06-03 02:30:00+00:00,22.799999237060547,22.799999237060547,22.799999237060547,22.799999237060547,2000,0.0,0.0
2025-06-03 03:10:00+00:00,22.799999237060547,22.799999237060547,22.799999237060547,22.799999237060547,1000,0.0,0.0
2025-06-03 03:15:00+00:00,22.75,22.75,22.75,22.75,1000,0.0,0.0
2025-06-03 03:25:00+00:00,22.799999237060547,22.799999237060547,22.799999237060547,22.799999237060547,7000,0.0,0.0
2025-06-03 03:35:00+00:00,22.799999237060547,22.799999237060547,22.799999237060547,22.799999237060547,2000,0.0,0.0
2025-06-03 03:40:00+00:00,22.899999618530273,22.899999618530273,22.899999618530273,22.899999618530273,1000,0.0,0.0
2025-06-03 03:50:00+00:00,22.899999618530273,22.899999618530273,22.899999618530273,22.899999618530273,1000,0.0,0.0
2025-06-03 04:00:00+00:00,22.799999237060547,22.799999237060547,22.799999237060547,22.799999237060547,1000,0.0,0.0
2025-06-03 04:05:00+00:00,22.799999237060547,22.799999237060547,22.799999237060547,22.799999237060547,1000,0.0,0.0
2025-06-03 04:15:00+00:00,22.799999237060547,22.799999237060547,22.799999237060547,22.799999237060547,1000,0.0,0.0
2025-06-03 04:20:00+00:00,22.899999618530273,22.899999618530273,22.799999237060547,22.799999237060547,2000,0.0,0.0
2025-06-03 04:25:00+00:00,22.799999237060547,22.799999237060547,22.799999237060547,22.799999237060547,1000,0.0,0.0
2025-06-03 04:35:00+00:00,22.799999237060547,22.799999237060547,22.799999237060547,22.799999237060547,5000,0.0,0.0
2025-06-03 04:40:00+00:00,22.850000381469727,22.850000381469727,22.799999237060547,22.799999237060547,2000,0.0,0.0
2025-06-03 04:45:00+00:00,22.799999237060547,22.799999237060547,22.799999237060547,22.799999237060547,1000,0.0,0.0
2025-06-03 04:50:00+00:00,22.799999237060547,22.799999237060547,22.799999237060547,22.799999237060547,5000,0.0,0.0
2025-06-03 05:00:00+00:00,22.850000381469727,22.850000381469727,22.799999237060547,22.799999237060547,3000,0.0,0.0
2025-06-03 05:05:00+00:00,22.850000381469727,22.850000381469727,22.850000381469727,22.850000381469727,1000,0.0,0.0
2025-06-03 05:10:00+00:00,22.850000381469727,22.850000381469727,22.850000381469727,22.850000381469727,1002,0.0,0.0
2025-06-03 05:15:00+00:00,22.799999237060547,22.799999237060547,22.799999237060547,22.799999237060547,1001,0.0,0.0
2025-06-03 05:20:00+00:00,22.850000381469727,22.850000381469727,22.799999237060547,22.799999237060547,3241,0.0,0.0
2025-06-04 01:00:00+00:00,22.950000762939453,23.100000381469727,22.950000762939453,23.100000381469727,0,0.0,0.0
2025-06-04 01:05:00+00:00,23.149999618530273,23.149999618530273,23.149999618530273,23.149999618530273,1003,0.0,0.0
2025-06-04 01:10:00+00:00,23.100000381469727,23.149999618530273,23.100000381469727,23.149999618530273,2000,0.0,0.0
2025-06-04 01:40:00+00:00,23.100000381469727,23.100000381469727,23.049999237060547,23.049999237060547,10000,0.0,0.0
2025-06-04 01:50:00+00:00,23.049999237060547,23.049999237060547,23.049999237060547,23.049999237060547,0,0.0,0.0
2025-06-04 02:00:00+00:00,23.100000381469727,23.100000381469727,23.100000381469727,23.100000381469727,20023,0.0,0.0
2025-06-04 02:10:00+00:00,23.100000381469727,23.100000381469727,23.100000381469727,23.100000381469727,1080,0.0,0.0
2025-06-04 02:15:00+00:00,23.100000381469727,23.149999618530273,23.100000381469727,23.149999618530273,9001,0.0,0.0
2025-06-04 02:20:00+00:00,23.149999618530273,23.149999618530273,23.149999618530273,23.149999618530273,2004,0.0,0.0
2025-06-04 02:30:00+00:00,23.149999618530273,23.200000762939453,23.149999618530273,23.149999618530273,9179,0.0,0.0
2025-06-04 02:35:00+00:00,23.149999618530273,23.149999618530273,23.149999618530273,23.149999618530273,1000,0.0,0.0
2025-06-04 02:40:00+00:00,23.200000762939453,23.200000762939453,23.200000762939453,23.200000762939453,2000,0.0,0.0
2025-06-04 03:00:00+00:00,23.149999618530273,23.149999618530273,23.149999618530273,23.149999618530273,1109,0.0,0.0
2025-06-04 03:05:00+00:00,23.200000762939453,23.200000762939453,23.200000762939453,23.200000762939453,1000,0.0,0.0
2025-06-04 03:10:00+00:00,23.200000762939453,23.200000762939453,23.200000762939453,23.200000762939453,3000,0.0,0.0
2025-06-04 03:20:00+00:00,23.200000762939453,23.200000762939453,23.200000762939453,23.200000762939453,26135,0.0,0.0
2025-06-04 03:25:00+00:00,23.25,23.25,23.25,23.25,4020,0.0,0.0
2025-06-04 03:30:00+00:00,23.200000762939453,23.25,23.200000762939453,23.25,4000,0.0,0.0
2025-06-04 03:40:00+00:00,23.200000762939453,23.200000762939453,23.200000762939453,23.200000762939453,1000,0.0,0.0
2025-06-04 03:50:00+00:00,23.100000381469727,23.100000381469727,23.100000381469727,23.100000381469727,3000,0.0,0.0
2025-06-04 04:00:00+00:00,23.100000381469727,23.100000381469727,22.950000762939453,22.950000762939453,29015,0.0,0.0
2025-06-04 04:05:00+00:00,23.0,23.0,23.0,23.0,1357,0.0,0.0
2025-06-04 04:10:00+00:00,23.049999237060547,23.200000762939453,23.049999237060547,23.200000762939453,4000,0.0,0.0
2025-06-04 04:20:00+00:00,23.200000762939453,23.200000762939453,23.200000762939453,23.200000762939453,3000,0.0,0.0
2025-06-04 04:30:00+00:00,23.200000762939453,23.200000762939453,23.200000762939453,23.200000762939453,3000,0.0,0.0
2025-06-04 04:35:00+00:00,23.200000762939453,23.200000762939453,23.200000762939453,23.200000762939453,1000,0.0,0.0
2025-06-04 04:40:00+00:00,23.200000762939453,23.200000762939453,23.200000762939453,23.200000762939453,3065,0.0,0.0
2025-06-04 05:05:00+00:00,23.200000762939453,23.200000762939453,23.200000762939453,23.200000762939453,1180,0.0,0.0
2025-06-04 05:10:00+00:00,23.200000762939453,23.200000762939453,23.200000762939453,23.200000762939453,1000,0.0,0.0
2025-06-04 05:15:00+00:00,23.100000381469727,23.100000381469727,23.100000381469727,23.100000381469727,4000,0.0,0.0
2025-06-04 05:20:00+00:00,23.049999237060547,23.049999237060547,23.049999237060547,23.049999237060547,1213,0.0,0.0
2025-06-05 01:00:00+00:00,23.100000381469727,23.100000381469727,23.100000381469727,23.100000381469727,0,0.0,0.0
2025-06-05 01:05:00+00:00,23.100000381469727,23.100000381469727,23.100000381469727,23.100000381469727,1013,0.0,0.0
2025-06-05 01:15:00+00:00,23.100000381469727,23.100000381469727,23.100000381469727,23.100000381469727,1128,0.0,0.0
2025-06-05 01:20:00+00:00,23.100000381469727,23.100000381469727,23.100000381469727,23.100000381469727,5000,0.0,0.0
2025-06-05 01:30:00+00:00,23.100000381469727,23.100000381469727,23.100000381469727,23.100000381469727,1000,0.0,0.0
2025-06-05 01:35:00+00:00,23.049999237060547,23.049999237060547,23.049999237060547,23.049999237060547,17000,0.0,0.0
2025-06-05 01:45:00+00:00,23.100000381469727,23.149999618530273,23.100000381469727,23.149999618530273,8000,0.0,0.0
2025-06-05 01:50:00+00:00,23.100000381469727,23.25,23.100000381469727,23.25,5000,0.0,0.0
2025-06-05 02:00:00+00:00,23.25,23.25,23.25,23.25,1000,0.0,0.0
2025-06-05 02:05:00+00:00,23.200000762939453,23.200000762939453,23.149999618530273,23.149999618530273,2201,0.0,0.0
2025-06-05 02:15:00+00:00,23.100000381469727,23.100000381469727,23.0,23.0,37000,0.0,0.0
2025-06-05 02:20:00+00:00,23.0,23.149999618530273,23.0,23.149999618530273,4000,0.0,0.0
2025-06-05 02:30:00+00:00,23.200000762939453,23.200000762939453,23.200000762939453,23.200000762939453,3000,0.0,0.0
2025-06-05 02:40:00+00:00,23.200000762939453,23.200000762939453,23.200000762939453,23.200000762939453,1100,0.0,0.0
2025-06-05 03:10:00+00:00,23.200000762939453,23.200000762939453,23.200000762939453,23.200000762939453,1015,0.0,0.0
2025-06-05 04:05:00+00:00,23.100000381469727,23.100000381469727,23.100000381469727,23.100000381469727,6000,0.0,0.0
2025-06-05 04:10:00+00:00,23.200000762939453,23.200000762939453,23.200000762939453,23.200000762939453,1006,0.0,0.0
2025-06-05 04:25:00+00:00,23.100000381469727,23.100000381469727,23.100000381469727,23.100000381469727,1030,0.0,0.0
2025-06-05 04:35:00+00:00,23.049999237060547,23.049999237060547,23.049999237060547,23.049999237060547,3362,0.0,0.0
2025-06-05 04:40:00+00:00,23.149999618530273,23.149999618530273,23.049999237060547,23.049999237060547,4001,0.0,0.0
2025-06-05 04:45:00+00:00,23.100000381469727,23.100000381469727,23.100000381469727,23.100000381469727,1001,0.0,0.0
2025-06-05 05:10:00+00:00,23.0,23.0,23.0,23.0,1000,0.0,0.0
2025-06-05 05:15:00+00:00,23.049999237060547,23.049999237060547,23.049999237060547,23.049999237060547,8000,0.0,0.0
2025-06-05 05:20:00+00:00,23.0,23.0,23.0,23.0,1802,0.0,0.0
2025-06-06 01:00:00+00:00,23.100000381469727,23.100000381469727,23.100000381469727,23.100000381469727,0,0.0,0.0
2025-06-06 01:05:00+00:00,23.049999237060547,23.049999237060547,23.0,23.0,6013,0.0,0.0
2025-06-06 01:10:00+00:00,23.100000381469727,23.350000381469727,23.100000381469727,23.100000381469727,18000,0.0,0.0
2025-06-06 01:20:00+00:00,23.299999237060547,23.350000381469727,23.299999237060547,23.350000381469727,2020,0.0,0.0
2025-06-06 01:30:00+00:00,23.350000381469727,23.350000381469727,23.350000381469727,23.350000381469727,1000,0.0,0.0
2025-06-06 01:35:00+00:00,23.149999618530273,23.149999618530273,23.100000381469727,23.100000381469727,2038,0.0,0.0
2025-06-06 01:40:00+00:00,23.149999618530273,23.149999618530273,23.149999618530273,23.149999618530273,2000,0.0,0.0
2025-06-06 01:50:00+00:00,23.100000381469727,23.100000381469727,23.100000381469727,23.100000381469727,3000,0.0,0.0
2025-06-06 02:00:00+00:00,23.299999237060547,23.350000381469727,23.299999237060547,23.350000381469727,14000,0.0,0.0
2025-06-06 02:05:00+00:00,23.299999237060547,23.299999237060547,23.299999237060547,23.299999237060547,3000,0.0,0.0
2025-06-06 02:10:00+00:00,23.299999237060547,23.299999237060547,23.299999237060547,23.299999237060547,2000,0.0,0.0
2025-06-06 02:20:00+00:00,23.299999237060547,23.299999237060547,23.299999237060547,23.299999237060547,1000,0.0,0.0
2025-06-06 02:35:00+00:00,23.100000381469727,23.100000381469727,23.100000381469727,23.100000381469727,1002,0.0,0.0
2025-06-06 03:00:00+00:00,23.299999237060547,23.299999237060547,23.299999237060547,23.299999237060547,17000,0.0,0.0
2025-06-06 03:20:00+00:00,23.299999237060547,23.299999237060547,23.299999237060547,23.299999237060547,2000,0.0,0.0
2025-06-06 03:25:00+00:00,23.200000762939453,23.200000762939453,23.200000762939453,23.200000762939453,1000,0.0,0.0
2025-06-06 03:30:00+00:00,23.25,23.25,23.200000762939453,23.200000762939453,2001,0.0,0.0
2025-06-06 04:00:00+00:00,23.25,23.350000381469727,23.25,23.350000381469727,13104,0.0,0.0
2025-06-06 04:05:00+00:00,23.299999237060547,23.299999237060547,23.299999237060547,23.299999237060547,1000,0.0,0.0
2025-06-06 04:10:00+00:00,23.350000381469727,23.350000381469727,23.350000381469727,23.350000381469727,3015,0.0,0.0
2025-06-06 04:15:00+00:00,23.350000381469727,23.350000381469727,23.350000381469727,23.350000381469727,1001,0.0,0.0
2025-06-06 04:35:00+00:00,23.299999237060547,23.350000381469727,23.299999237060547,23.350000381469727,4001,0.0,0.0
2025-06-06 04:50:00+00:00,23.299999237060547,23.299999237060547,23.25,23.25,3030,0.0,0.0
2025-06-06 05:05:00+00:00,23.25,23.25,23.25,23.25,0,0.0,0.0
2025-06-06 05:15:00+00:00,23.25,23.25,23.200000762939453,23.200000762939453,109225,0.0,0.0
2025-06-06 05:20:00+00:00,23.25,23.25,23.25,23.25,14202,0.0,0.0
2025-06-09 01:00:00+00:00,23.299999237060547,23.299999237060547,23.25,23.25,0,0.0,0.0
2025-06-09 01:10:00+00:00,23.200000762939453,23.299999237060547,23.0,23.299999237060547,44000,0.0,0.0
2025-06-09 01:15:00+00:00,23.049999237060547,23.149999618530273,23.049999237060547,23.149999618530273,6000,0.0,0.0
2025-06-09 01:20:00+00:00,23.149999618530273,23.200000762939453,23.149999618530273,23.200000762939453,6000,0.0,0.0
2025-06-09 01:25:00+00:00,23.100000381469727,23.100000381469727,23.100000381469727,23.100000381469727,1000,0.0,0.0
2025-06-09 01:30:00+00:00,23.100000381469727,23.200000762939453,23.0,23.0,15000,0.0,0.0
2025-06-09 01:35:00+00:00,23.0,23.0,23.0,23.0,14279,0.0,0.0
2025-06-09 01:40:00+00:00,23.100000381469727,23.25,22.950000762939453,22.950000762939453,16010,0.0,0.0
2025-06-09 01:50:00+00:00,23.0,23.049999237060547,22.950000762939453,23.049999237060547,9000,0.0,0.0
2025-06-09 01:55:00+00:00,22.950000762939453,23.0,22.899999618530273,23.0,16096,0.0,0.0
2025-06-09 02:00:00+00:00,23.0,23.149999618530273,22.950000762939453,22.950000762939453,23353,0.0,0.0
2025-06-09 02:05:00+00:00,22.899999618530273,22.950000762939453,22.850000381469727,22.850000381469727,8000,0.0,0.0
2025-06-09 02:10:00+00:00,22.850000381469727,22.850000381469727,22.850000381469727,22.850000381469727,1000,0.0,0.0
2025-06-09 02:20:00+00:00,22.850000381469727,22.950000762939453,22.850000381469727,22.950000762939453,11000,0.0,0.0
2025-06-09 02:25:00+00:00,22.850000381469727,22.850000381469727,22.850000381469727,22.850000381469727,1000,0.0,0.0
2025-06-09 02:30:00+00:00,22.950000762939453,22.950000762939453,22.950000762939453,22.950000762939453,2001,0.0,0.0
2025-06-09 02:35:00+00:00,22.899999618530273,22.899999618530273,22.850000381469727,22.850000381469727,2000,0.0,0.0
2025-06-09 02:40:00+00:00,22.799999237060547,22.799999237060547,22.799999237060547,22.799999237060547,1000,0.0,0.0
2025-06-09 02:45:00+00:00,22.850000381469727,22.850000381469727,22.850000381469727,22.850000381469727,1000,0.0,0.0
2025-06-09 02:50:00+00:00,22.950000762939453,22.950000762939453,22.799999237060547,22.799999237060547,6000,0.0,0.0
2025-06-09 02:55:00+00:00,22.850000381469727,22.850000381469727,22.850000381469727,22.850000381469727,2000,0.0,0.0
2025-06-09 03:00:00+00:00,22.950000762939453,23.100000381469727,22.950000762939453,23.049999237060547,17000,0.0,0.0
2025-06-09 03:10:00+00:00,23.049999237060547,23.049999237060547,23.0,23.049999237060547,6001,0.0,0.0
2025-06-09 03:20:00+00:00,23.0,23.0,23.0,23.0,1001,0.0,0.0
2025-06-09 03:35:00+00:00,22.899999618530273,22.899999618530273,22.899999618530273,22.899999618530273,4045,0.0,0.0
2025-06-09 04:00:00+00:00,22.899999618530273,23.049999237060547,22.899999618530273,23.049999237060547,11500,0.0,0.0
2025-06-09 04:15:00+00:00,22.850000381469727,22.850000381469727,22.850000381469727,22.850000381469727,1001,0.0,0.0
2025-06-09 04:25:00+00:00,22.850000381469727,22.850000381469727,22.850000381469727,22.850000381469727,1001,0.0,0.0
2025-06-09 04:40:00+00:00,23.0,23.0,23.0,23.0,1041,0.0,0.0
2025-06-09 04:50:00+00:00,23.0,23.0,22.899999618530273,22.899999618530273,3000,0.0,0.0
2025-06-09 04:55:00+00:00,22.899999618530273,22.899999618530273,22.899999618530273,22.899999618530273,1000,0.0,0.0
2025-06-09 05:00:00+00:00,22.899999618530273,22.899999618530273,22.899999618530273,22.899999618530273,1148,0.0,0.0
2025-06-09 05:15:00+00:00,22.899999618530273,22.899999618530273,22.899999618530273,22.899999618530273,1000,0.0,0.0
2025-06-09 05:20:00+00:00,22.899999618530273,22.899999618530273,22.850000381469727,22.850000381469727,2403,0.0,0.0
2025-06-10 01:00:00+00:00,23.0,23.0,23.0,23.0,0,0.0,0.0
2025-06-10 01:20:00+00:00,23.0,23.049999237060547,23.0,23.049999237060547,13001,0.0,0.0
2025-06-10 01:30:00+00:00,23.100000381469727,23.149999618530273,23.100000381469727,23.100000381469727,7000,0.0,0.0
2025-06-10 01:40:00+00:00,23.100000381469727,23.100000381469727,23.100000381469727,23.100000381469727,6000,0.0,0.0
2025-06-10 01:45:00+00:00,23.100000381469727,23.100000381469727,23.100000381469727,23.100000381469727,3000,0.0,0.0
2025-06-10 01:50:00+00:00,23.149999618530273,23.149999618530273,23.149999618530273,23.149999618530273,5000,0.0,0.0
2025-06-10 01:55:00+00:00,23.149999618530273,23.149999618530273,23.149999618530273,23.149999618530273,12000,0.0,0.0
2025-06-10 02:00:00+00:00,23.200000762939453,23.200000762939453,23.100000381469727,23.100000381469727,6000,0.0,0.0
2025-06-10 02:05:00+00:00,23.149999618530273,23.25,23.149999618530273,23.200000762939453,12519,0.0,0.0
2025-06-10 02:10:00+00:00,23.149999618530273,23.25,23.149999618530273,23.25,4000,0.0,0.0
2025-06-10 02:15:00+00:00,23.200000762939453,23.200000762939453,23.200000762939453,23.200000762939453,2000,0.0,0.0
2025-06-10 02:20:00+00:00,23.200000762939453,23.200000762939453,23.200000762939453,23.200000762939453,1000,0.0,0.0
2025-06-10 02:25:00+00:00,23.200000762939453,23.200000762939453,23.200000762939453,23.200000762939453,3001,0.0,0.0
2025-06-10 02:30:00+00:00,23.25,23.25,23.25,23.25,2050,0.0,0.0
2025-06-10 02:40:00+00:00,23.25,23.25,23.25,23.25,1000,0.0,0.0
2025-06-10 02:45:00+00:00,23.25,23.25,23.25,23.25,1025,0.0,0.0
2025-06-10 02:50:00+00:00,23.25,23.25,23.25,23.25,1000,0.0,0.0
2025-06-10 03:05:00+00:00,23.200000762939453,23.200000762939453,23.200000762939453,23.200000762939453,5000,0.0,0.0
2025-06-10 03:25:00+00:00,23.100000381469727,23.100000381469727,23.100000381469727,23.100000381469727,20038,0.0,0.0
2025-06-10 03:35:00+00:00,23.200000762939453,23.200000762939453,23.200000762939453,23.200000762939453,8000,0.0,0.0
2025-06-10 03:40:00+00:00,23.25,23.25,23.25,23.25,2461,0.0,0.0
2025-06-10 03:55:00+00:00,23.149999618530273,23.149999618530273,23.149999618530273,23.149999618530273,5000,0.0,0.0
2025-06-10 04:00:00+00:00,23.200000762939453,23.200000762939453,23.100000381469727,23.100000381469727,3000,0.0,0.0
2025-06-10 04:30:00+00:00,23.100000381469727,23.100000381469727,23.100000381469727,23.100000381469727,2039,0.0,0.0
2025-06-10 04:40:00+00:00,23.100000381469727,23.200000762939453,23.100000381469727,23.200000762939453,17009,0.0,0.0
2025-06-10 05:05:00+00:00,23.100000381469727,23.149999618530273,23.100000381469727,23.149999618530273,7000,0.0,0.0
2025-06-10 05:10:00+00:00,23.149999618530273,23.149999618530273,23.149999618530273,23.149999618530273,1000,0.0,0.0
2025-06-10 05:20:00+00:00,23.200000762939453,23.200000762939453,23.200000762939453,23.200000762939453,9010,0.0,0.0
2025-06-11 01:00:00+00:00,23.100000381469727,23.100000381469727,23.049999237060547,23.049999237060547,0,0.0,0.0
2025-06-11 01:10:00+00:00,23.0,23.0,23.0,23.0,1000,0.0,0.0
2025-06-11 01:15:00+00:00,23.049999237060547,23.049999237060547,23.049999237060547,23.049999237060547,3000,0.0,0.0
2025-06-11 01:25:00+00:00,23.049999237060547,23.049999237060547,23.049999237060547,23.049999237060547,6020,0.0,0.0
2025-06-11 01:30:00+00:00,23.100000381469727,23.100000381469727,23.100000381469727,23.100000381469727,1003,0.0,0.0
2025-06-11 01:40:00+00:00,23.100000381469727,23.100000381469727,23.100000381469727,23.100000381469727,3000,0.0,0.0
2025-06-11 01:45:00+00:00,23.049999237060547,23.049999237060547,23.049999237060547,23.049999237060547,4000,0.0,0.0
2025-06-11 01:50:00+00:00,23.0,23.0,23.0,23.0,1000,0.0,0.0
2025-06-11 02:00:00+00:00,23.100000381469727,23.100000381469727,23.100000381469727,23.100000381469727,2000,0.0,0.0
2025-06-11 02:05:00+00:00,23.0,23.0,22.950000762939453,22.950000762939453,20000,0.0,0.0
2025-06-11 02:10:00+00:00,23.049999237060547,23.100000381469727,23.049999237060547,23.100000381469727,3022,0.0,0.0
2025-06-11 02:20:00+00:00,23.100000381469727,23.100000381469727,23.100000381469727,23.100000381469727,1020,0.0,0.0
2025-06-11 02:40:00+00:00,23.100000381469727,23.100000381469727,23.100000381469727,23.100000381469727,1146,0.0,0.0
2025-06-11 02:55:00+00:00,23.0,23.0,23.0,23.0,2000,0.0,0.0
2025-06-11 03:00:00+00:00,23.0,23.0,22.899999618530273,22.899999618530273,34000,0.0,0.0
2025-06-11 03:05:00+00:00,22.899999618530273,22.899999618530273,22.899999618530273,22.899999618530273,1000,0.0,0.0
2025-06-11 03:10:00+00:00,23.0,23.0,23.0,23.0,6020,0.0,0.0
2025-06-11 03:15:00+00:00,22.850000381469727,22.850000381469727,22.850000381469727,22.850000381469727,1000,0.0,0.0
2025-06-11 03:20:00+00:00,22.899999618530273,22.899999618530273,22.899999618530273,22.899999618530273,3000,0.0,0.0
2025-06-11 03:25:00+00:00,22.899999618530273,22.950000762939453,22.899999618530273,22.950000762939453,0,0.0,0.0
2025-06-11 03:30:00+00:00,22.950000762939453,23.0,22.950000762939453,23.0,107245,0.0,0.0
2025-06-11 03:40:00+00:00,23.0,23.0,23.0,23.0,1008,0.0,0.0
2025-06-11 03:45:00+00:00,22.899999618530273,22.899999618530273,22.899999618530273,22.899999618530273,2000,0.0,0.0
2025-06-11 03:55:00+00:00,23.0,23.0,23.0,23.0,17000,0.0,0.0
2025-06-11 04:00:00+00:00,23.0,23.049999237060547,23.0,23.049999237060547,3000,0.0,0.0
2025-06-11 04:20:00+00:00,23.049999237060547,23.049999237060547,23.049999237060547,23.049999237060547,4000,0.0,0.0
2025-06-11 04:30:00+00:00,23.100000381469727,23.100000381469727,23.100000381469727,23.100000381469727,1000,0.0,0.0
2025-06-11 04:40:00+00:00,23.049999237060547,23.049999237060547,23.049999237060547,23.049999237060547,1000,0.0,0.0
2025-06-12 01:00:00+00:00,23.100000381469727,23.100000381469727,22.950000762939453,22.950000762939453,4013,0.0,0.0
2025-06-12 01:10:00+00:00,22.950000762939453,22.950000762939453,22.950000762939453,22.950000762939453,6000,0.0,0.0
2025-06-12 01:20:00+00:00,23.0,23.0,23.0,23.0,5000,0.0,0.0
2025-06-12 01:30:00+00:00,23.0,23.0,23.0,23.0,2001,0.0,0.0
2025-06-12 01:45:00+00:00,22.950000762939453,22.950000762939453,22.950000762939453,22.950000762939453,1120,0.0,0.0
2025-06-12 01:55:00+00:00,22.950000762939453,22.950000762939453,22.950000762939453,22.950000762939453,3000,0.0,0.0
2025-06-12 02:00:00+00:00,22.950000762939453,22.950000762939453,22.899999618530273,22.899999618530273,4000,0.0,0.0
2025-06-12 02:05:00+00:00,22.899999618530273,22.899999618530273,22.899999618530273,22.899999618530273,2001,0.0,0.0
2025-06-12 02:10:00+00:00,22.950000762939453,22.950000762939453,22.950000762939453,22.950000762939453,1000,0.0,0.0
2025-06-12 02:20:00+00:00,22.950000762939453,22.950000762939453,22.950000762939453,22.950000762939453,2011,0.0,0.0
2025-06-12 02:35:00+00:00,22.950000762939453,22.950000762939453,22.950000762939453,22.950000762939453,1300,0.0,0.0
2025-06-12 02:50:00+00:00,22.950000762939453,22.950000762939453,22.950000762939453,22.950000762939453,1036,0.0,0.0
2025-06-12 03:10:00+00:00,23.0,23.049999237060547,23.0,23.049999237060547,13050,0.0,0.0
2025-06-12 03:25:00+00:00,22.950000762939453,23.049999237060547,22.950000762939453,23.049999237060547,5000,0.0,0.0
2025-06-12 03:30:00+00:00,23.049999237060547,23.049999237060547,23.049999237060547,23.049999237060547,1000,0.0,0.0
2025-06-12 03:40:00+00:00,23.049999237060547,23.049999237060547,23.049999237060547,23.049999237060547,1000,0.0,0.0
2025-06-12 03:45:00+00:00,22.950000762939453,22.950000762939453,22.899999618530273,22.899999618530273,15000,0.0,0.0
2025-06-12 03:50:00+00:00,23.0,23.0,23.0,23.0,3001,0.0,0.0
2025-06-12 04:25:00+00:00,22.899999618530273,22.899999618530273,22.899999618530273,22.899999618530273,1000,0.0,0.0
2025-06-12 04:45:00+00:00,22.899999618530273,22.899999618530273,22.899999618530273,22.899999618530273,1000,0.0,0.0
2025-06-12 05:00:00+00:00,22.950000762939453,22.950000762939453,22.950000762939453,22.950000762939453,1000,0.0,0.0
2025-06-12 05:05:00+00:00,22.899999618530273,22.899999618530273,22.899999618530273,22.899999618530273,1000,0.0,0.0
2025-06-12 05:10:00+00:00,22.950000762939453,22.950000762939453,22.950000762939453,22.950000762939453,1000,0.0,0.0
2025-06-12 05:20:00+00:00,22.950000762939453,22.950000762939453,22.950000762939453,22.950000762939453,1204,0.0,0.0
2025-06-13 01:00:00+00:00,22.799999237060547,22.799999237060547,22.799999237060547,22.799999237060547,0,0.0,0.0
2025-06-13 01:05:00+00:00,22.700000762939453,22.799999237060547,22.649999618530273,22.799999237060547,26015,0.0,0.0
2025-06-13 01:10:00+00:00,22.850000381469727,22.850000381469727,22.700000762939453,22.700000762939453,4000,0.0,0.0
2025-06-13 01:20:00+00:00,22.850000381469727,22.850000381469727,22.649999618530273,22.649999618530273,15000,0.0,0.0
2025-06-13 01:25:00+00:00,22.649999618530273,22.649999618530273,22.600000381469727,22.600000381469727,9012,0.0,0.0
2025-06-13 01:30:00+00:00,22.75,22.75,22.649999618530273,22.649999618530273,3008,0.0,0.0
2025-06-13 01:35:00+00:00,22.649999618530273,22.649999618530273,22.649999618530273,22.649999618530273,1001,0.0,0.0
2025-06-13 01:40:00+00:00,22.799999237060547,22.799999237060547,22.799999237060547,22.799999237060547,2000,0.0,0.0
2025-06-13 01:45:00+00:00,22.799999237060547,22.799999237060547,22.799999237060547,22.799999237060547,1000,0.0,0.0
2025-06-13 01:50:00+00:00,22.799999237060547,22.799999237060547,22.799999237060547,22.799999237060547,1000,0.0,0.0
2025-06-13 01:55:00+00:00,22.799999237060547,22.799999237060547,22.799999237060547,22.799999237060547,9000,0.0,0.0
2025-06-13 02:00:00+00:00,22.799999237060547,22.799999237060547,22.799999237060547,22.799999237060547,5000,0.0,0.0
2025-06-13 02:20:00+00:00,22.899999618530273,22.899999618530273,22.799999237060547,22.799999237060547,5000,0.0,0.0
2025-06-13 02:30:00+00:00,22.75,22.75,22.649999618530273,22.649999618530273,17001,0.0,0.0
2025-06-13 02:35:00+00:00,22.649999618530273,22.649999618530273,22.649999618530273,22.649999618530273,9000,0.0,0.0
2025-06-13 02:40:00+00:00,22.600000381469727,22.600000381469727,22.600000381469727,22.600000381469727,5103,0.0,0.0
2025-06-13 02:50:00+00:00,22.600000381469727,22.600000381469727,22.600000381469727,22.600000381469727,1000,0.0,0.0
2025-06-13 02:55:00+00:00,22.700000762939453,22.700000762939453,22.649999618530273,22.649999618530273,9000,0.0,0.0
2025-06-13 03:00:00+00:00,22.75,22.75,22.75,22.75,2000,0.0,0.0
2025-06-13 03:05:00+00:00,22.649999618530273,22.649999618530273,22.649999618530273,22.649999618530273,5000,0.0,0.0
2025-06-13 03:10:00+00:00,22.600000381469727,22.600000381469727,22.600000381469727,22.600000381469727,2000,0.0,0.0
2025-06-13 03:20:00+00:00,22.75,22.799999237060547,22.649999618530273,22.649999618530273,5010,0.0,0.0
2025-06-13 03:30:00+00:00,22.799999237060547,22.799999237060547,22.799999237060547,22.799999237060547,1000,0.0,0.0
2025-06-13 03:35:00+00:00,22.649999618530273,22.649999618530273,22.649999618530273,22.649999618530273,2012,0.0,0.0
2025-06-13 04:00:00+00:00,22.649999618530273,22.649999618530273,22.600000381469727,22.600000381469727,19807,0.0,0.0
2025-06-13 04:05:00+00:00,22.600000381469727,22.600000381469727,22.600000381469727,22.600000381469727,8000,0.0,0.0
2025-06-13 04:10:00+00:00,22.700000762939453,22.75,22.700000762939453,22.75,4000,0.0,0.0
2025-06-13 04:20:00+00:00,22.700000762939453,22.700000762939453,22.700000762939453,22.700000762939453,2000,0.0,0.0
2025-06-13 04:30:00+00:00,22.600000381469727,22.600000381469727,22.600000381469727,22.600000381469727,2001,0.0,0.0
2025-06-13 04:40:00+00:00,22.700000762939453,22.700000762939453,22.700000762939453,22.700000762939453,1084,0.0,0.0
2025-06-13 04:50:00+00:00,22.600000381469727,22.600000381469727,22.600000381469727,22.600000381469727,15032,0.0,0.0
2025-06-13 04:55:00+00:00,22.600000381469727,22.600000381469727,22.549999237060547,22.600000381469727,15000,0.0,0.0
2025-06-13 05:00:00+00:00,22.700000762939453,22.700000762939453,22.700000762939453,22.700000762939453,3000,0.0,0.0
2025-06-13 05:05:00+00:00,22.700000762939453,22.700000762939453,22.700000762939453,22.700000762939453,2000,0.0,0.0
2025-06-13 05:15:00+00:00,22.600000381469727,22.600000381469727,22.600000381469727,22.600000381469727,3186,0.0,0.0
2025-06-13 05:20:00+00:00,22.600000381469727,22.600000381469727,22.600000381469727,22.600000381469727,1403,0.0,0.0
2025-06-16 01:00:00+00:00,22.600000381469727,22.600000381469727,22.100000381469727,22.100000381469727,0,0.0,0.0
2025-06-16 01:05:00+00:00,22.200000762939453,22.25,22.200000762939453,22.25,12195,0.0,0.0
2025-06-16 01:10:00+00:00,22.399999618530273,22.399999618530273,22.399999618530273,22.399999618530273,5164,0.0,0.0
2025-06-16 01:15:00+00:00,22.399999618530273,22.399999618530273,22.399999618530273,22.399999618530273,1001,0.0,0.0
2025-06-16 01:20:00+00:00,22.5,22.5,22.399999618530273,22.399999618530273,4000,0.0,0.0
2025-06-16 01:30:00+00:00,22.5,22.549999237060547,22.5,22.549999237060547,2000,0.0,0.0
2025-06-16 01:45:00+00:00,22.399999618530273,22.399999618530273,22.399999618530273,22.399999618530273,1300,0.0,0.0
2025-06-16 02:05:00+00:00,22.399999618530273,22.399999618530273,22.399999618530273,22.399999618530273,2000,0.0,0.0
2025-06-16 02:10:00+00:00,22.5,22.5,22.5,22.5,1000,0.0,0.0
2025-06-16 02:45:00+00:00,22.399999618530273,22.399999618530273,22.399999618530273,22.399999618530273,3002,0.0,0.0
2025-06-16 03:15:00+00:00,22.399999618530273,22.450000762939453,22.399999618530273,22.450000762939453,5000,0.0,0.0
2025-06-16 03:20:00+00:00,22.5,22.5,22.5,22.5,1000,0.0,0.0
2025-06-16 03:35:00+00:00,22.399999618530273,22.399999618530273,22.200000762939453,22.200000762939453,30001,0.0,0.0
2025-06-16 03:40:00+00:00,22.450000762939453,22.450000762939453,22.450000762939453,22.450000762939453,1000,0.0,0.0
2025-06-16 03:50:00+00:00,22.450000762939453,22.5,22.450000762939453,22.5,5000,0.0,0.0
2025-06-16 04:00:00+00:00,22.549999237060547,22.549999237060547,22.549999237060547,22.549999237060547,1001,0.0,0.0
2025-06-16 04:15:00+00:00,22.5,22.5,22.5,22.5,2000,0.0,0.0
2025-06-16 04:20:00+00:00,22.450000762939453,22.549999237060547,22.450000762939453,22.549999237060547,13002,0.0,0.0
2025-06-16 05:05:00+00:00,22.549999237060547,22.549999237060547,22.549999237060547,22.549999237060547,1000,0.0,0.0
2025-06-16 05:10:00+00:00,22.549999237060547,22.549999237060547,22.549999237060547,22.549999237060547,1901,0.0,0.0
2025-06-17 01:00:00+00:00,22.399999618530273,22.450000762939453,22.399999618530273,22.450000762939453,0,0.0,0.0
2025-06-17 01:05:00+00:00,22.399999618530273,22.5,22.399999618530273,22.5,12021,0.0,0.0
2025-06-17 01:10:00+00:00,22.549999237060547,22.549999237060547,22.549999237060547,22.549999237060547,1001,0.0,0.0
2025-06-17 01:35:00+00:00,22.5,22.5,22.5,22.5,1002,0.0,0.0
2025-06-17 01:40:00+00:00,22.5,22.5,22.5,22.5,1002,0.0,0.0
2025-06-17 01:45:00+00:00,22.5,22.5,22.5,22.5,1331,0.0,0.0
2025-06-17 01:55:00+00:00,22.450000762939453,22.5,22.450000762939453,22.5,7000,0.0,0.0
2025-06-17 02:00:00+00:00,22.5,22.5,22.450000762939453,22.450000762939453,6001,0.0,0.0
2025-06-17 02:10:00+00:00,22.450000762939453,22.450000762939453,22.350000381469727,22.350000381469727,19121,0.0,0.0
2025-06-17 02:15:00+00:00,22.350000381469727,22.350000381469727,22.350000381469727,22.350000381469727,1000,0.0,0.0
2025-06-17 02:20:00+00:00,22.350000381469727,22.399999618530273,22.350000381469727,22.399999618530273,3000,0.0,0.0
2025-06-17 02:25:00+00:00,22.399999618530273,22.399999618530273,22.399999618530273,22.399999618530273,1000,0.0,0.0
2025-06-17 02:35:00+00:00,22.350000381469727,22.350000381469727,22.350000381469727,22.350000381469727,3000,0.0,0.0
2025-06-17 02:40:00+00:00,22.399999618530273,22.399999618530273,22.399999618530273,22.399999618530273,1000,0.0,0.0
2025-06-17 02:45:00+00:00,22.299999237060547,22.299999237060547,22.299999237060547,22.299999237060547,10000,0.0,0.0
2025-06-17 02:50:00+00:00,22.399999618530273,22.399999618530273,22.399999618530273,22.399999618530273,2000,0.0,0.0
2025-06-17 02:55:00+00:00,22.25,22.25,22.25,22.25,14000,0.0,0.0
2025-06-17 03:00:00+00:00,22.25,22.350000381469727,22.25,22.350000381469727,12000,0.0,0.0
2025-06-17 03:10:00+00:00,22.350000381469727,22.350000381469727,22.350000381469727,22.350000381469727,2005,0.0,0.0
2025-06-17 03:25:00+00:00,22.299999237060547,22.299999237060547,22.299999237060547,22.299999237060547,1006,0.0,0.0
2025-06-17 03:35:00+00:00,22.350000381469727,22.350000381469727,22.350000381469727,22.350000381469727,1000,0.0,0.0
2025-06-17 03:40:00+00:00,22.350000381469727,22.350000381469727,22.350000381469727,22.350000381469727,5000,0.0,0.0
2025-06-17 03:50:00+00:00,22.399999618530273,22.399999618530273,22.399999618530273,22.399999618530273,1100,0.0,0.0
2025-06-17 04:20:00+00:00,22.350000381469727,22.350000381469727,22.350000381469727,22.350000381469727,1000,0.0,0.0
2025-06-17 04:25:00+00:00,22.299999237060547,22.299999237060547,22.299999237060547,22.299999237060547,1000,0.0,0.0
2025-06-17 04:30:00+00:00,22.299999237060547,22.350000381469727,22.299999237060547,22.350000381469727,2012,0.0,0.0
2025-06-17 04:40:00+00:00,22.299999237060547,22.299999237060547,22.299999237060547,22.299999237060547,2000,0.0,0.0
2025-06-17 04:50:00+00:00,22.25,22.25,22.25,22.25,20000,0.0,0.0
2025-06-17 05:00:00+00:00,22.299999237060547,22.299999237060547,22.299999237060547,22.299999237060547,1001,0.0,0.0
2025-06-17 05:05:00+00:00,22.299999237060547,22.299999237060547,22.299999237060547,22.299999237060547,1000,0.0,0.0
2025-06-17 05:10:00+00:00,22.350000381469727,22.350000381469727,22.350000381469727,22.350000381469727,3001,0.0,0.0
2025-06-17 05:15:00+00:00,22.299999237060547,22.350000381469727,22.299999237060547,22.350000381469727,6027,0.0,0.0
2025-06-18 01:00:00+00:00,22.399999618530273,22.399999618530273,22.399999618530273,22.399999618530273,1000,0.0,0.0
2025-06-18 01:05:00+00:00,22.25,22.25,22.25,22.25,3597,0.0,0.0
2025-06-18 01:15:00+00:00,22.25,22.25,22.25,22.25,2000,0.0,0.0
2025-06-18 01:35:00+00:00,22.25,22.25,22.25,22.25,2000,0.0,0.0
2025-06-18 01:40:00+00:00,22.299999237060547,22.299999237060547,22.299999237060547,22.299999237060547,1001,0.0,0.0
2025-06-18 02:10:00+00:00,22.299999237060547,22.350000381469727,22.299999237060547,22.350000381469727,5000,0.0,0.0
2025-06-18 02:30:00+00:00,22.350000381469727,22.350000381469727,22.350000381469727,22.350000381469727,1100,0.0,0.0
2025-06-18 02:35:00+00:00,22.399999618530273,22.450000762939453,22.399999618530273,22.450000762939453,11000,0.0,0.0
2025-06-18 02:40:00+00:00,22.450000762939453,22.450000762939453,22.450000762939453,22.450000762939453,2000,0.0,0.0
2025-06-18 02:45:00+00:00,22.450000762939453,22.450000762939453,22.399999618530273,22.399999618530273,7000,0.0,0.0
2025-06-18 02:50:00+00:00,22.5,22.5,22.5,22.5,10000,0.0,0.0
2025-06-18 02:55:00+00:00,22.5,22.600000381469727,22.5,22.600000381469727,5500,0.0,0.0
2025-06-18 03:15:00+00:00,22.600000381469727,22.600000381469727,22.600000381469727,22.600000381469727,2000,0.0,0.0
2025-06-18 03:30:00+00:00,22.600000381469727,22.649999618530273,22.600000381469727,22.649999618530273,4000,0.0,0.0
2025-06-18 03:45:00+00:00,22.600000381469727,22.600000381469727,22.600000381469727,22.600000381469727,1000,0.0,0.0
2025-06-18 04:00:00+00:00,22.549999237060547,22.549999237060547,22.549999237060547,22.549999237060547,1000,0.0,0.0
2025-06-18 04:05:00+00:00,22.5,22.5,22.450000762939453,22.450000762939453,12000,0.0,0.0
2025-06-18 04:10:00+00:00,22.5,22.549999237060547,22.5,22.549999237060547,2000,0.0,0.0
2025-06-18 04:30:00+00:00,22.399999618530273,22.5,22.399999618530273,22.5,3000,0.0,0.0
2025-06-18 05:00:00+00:00,22.350000381469727,22.350000381469727,22.299999237060547,22.299999237060547,3006,0.0,0.0
2025-06-18 05:05:00+00:00,22.299999237060547,22.299999237060547,22.299999237060547,22.299999237060547,2000,0.0,0.0
2025-06-18 05:10:00+00:00,22.350000381469727,22.450000762939453,22.299999237060547,22.299999237060547,5000,0.0,0.0
2025-06-18 05:15:00+00:00,22.299999237060547,22.299999237060547,22.25,22.25,2000,0.0,0.0
2025-06-18 05:20:00+00:00,22.350000381469727,22.450000762939453,22.350000381469727,22.450000762939453,2403,0.0,0.0
2025-06-19 01:00:00+00:00,22.450000762939453,22.450000762939453,22.450000762939453,22.450000762939453,0,0.0,0.0
2025-06-19 01:05:00+00:00,22.450000762939453,22.450000762939453,22.450000762939453,22.450000762939453,4000,0.0,0.0
2025-06-19 01:10:00+00:00,22.399999618530273,22.399999618530273,22.399999618530273,22.399999618530273,0,0.0,0.0
2025-06-19 01:15:00+00:00,22.399999618530273,22.399999618530273,22.350000381469727,22.399999618530273,12155,0.0,0.0
2025-06-19 01:25:00+00:00,22.350000381469727,22.350000381469727,22.350000381469727,22.350000381469727,1050,0.0,0.0
2025-06-19 01:30:00+00:00,22.299999237060547,22.299999237060547,22.299999237060547,22.299999237060547,3001,0.0,0.0
2025-06-19 01:35:00+00:00,22.299999237060547,22.299999237060547,22.299999237060547,22.299999237060547,2000,0.0,0.0
2025-06-19 01:40:00+00:00,22.25,22.299999237060547,22.25,22.299999237060547,8000,0.0,0.0
2025-06-19 01:45:00+00:00,22.25,22.25,22.200000762939453,22.200000762939453,34000,0.0,0.0
2025-06-19 01:50:00+00:00,22.350000381469727,22.5,22.350000381469727,22.5,6000,0.0,0.0
2025-06-19 01:55:00+00:00,22.25,22.350000381469727,22.25,22.350000381469727,6002,0.0,0.0
2025-06-19 02:00:00+00:00,22.399999618530273,22.399999618530273,22.399999618530273,22.399999618530273,3000,0.0,0.0
2025-06-19 02:10:00+00:00,22.450000762939453,22.450000762939453,22.450000762939453,22.450000762939453,1000,0.0,0.0
2025-06-19 02:15:00+00:00,22.299999237060547,22.299999237060547,22.299999237060547,22.299999237060547,1000,0.0,0.0
2025-06-19 02:20:00+00:00,22.299999237060547,22.299999237060547,22.299999237060547,22.299999237060547,1005,0.0,0.0
2025-06-19 02:30:00+00:00,22.299999237060547,22.399999618530273,22.299999237060547,22.399999618530273,3000,0.0,0.0
2025-06-19 02:35:00+00:00,22.25,22.25,22.25,22.25,5000,0.0,0.0
2025-06-19 02:50:00+00:00,22.299999237060547,22.299999237060547,22.299999237060547,22.299999237060547,1000,0.0,0.0
2025-06-19 03:00:00+00:00,22.299999237060547,22.299999237060547,22.299999237060547,22.299999237060547,1000,0.0,0.0
2025-06-19 03:05:00+00:00,22.25,22.350000381469727,22.25,22.350000381469727,12000,0.0,0.0
2025-06-19 03:10:00+00:00,22.399999618530273,22.399999618530273,22.399999618530273,22.399999618530273,2000,0.0,0.0
2025-06-19 03:20:00+00:00,22.200000762939453,22.350000381469727,22.200000762939453,22.350000381469727,3050,0.0,0.0
2025-06-19 03:35:00+00:00,22.299999237060547,22.299999237060547,22.299999237060547,22.299999237060547,5000,0.0,0.0
2025-06-19 03:40:00+00:00,22.350000381469727,22.350000381469727,22.350000381469727,22.350000381469727,1000,0.0,0.0
2025-06-19 03:45:00+00:00,22.399999618530273,22.399999618530273,22.399999618530273,22.399999618530273,1001,0.0,0.0
2025-06-19 04:25:00+00:00,22.299999237060547,22.299999237060547,22.299999237060547,22.299999237060547,1000,0.0,0.0
2025-06-19 04:40:00+00:00,22.299999237060547,22.299999237060547,22.299999237060547,22.299999237060547,5000,0.0,0.0
2025-06-19 04:45:00+00:00,22.299999237060547,22.299999237060547,22.299999237060547,22.299999237060547,1001,0.0,0.0
2025-06-19 04:50:00+00:00,22.399999618530273,22.399999618530273,22.399999618530273,22.399999618530273,1100,0.0,0.0
2025-06-19 05:00:00+00:00,22.399999618530273,22.399999618530273,22.399999618530273,22.399999618530273,1000,0.0,0.0
2025-06-19 05:05:00+00:00,22.399999618530273,22.399999618530273,22.399999618530273,22.399999618530273,2000,0.0,0.0
2025-06-19 05:15:00+00:00,22.350000381469727,22.350000381469727,22.350000381469727,22.350000381469727,2000,0.0,0.0
2025-06-19 05:20:00+00:00,22.25,22.25,22.25,22.25,1202,0.0,0.0
2025-06-20 01:00:00+00:00,22.399999618530273,22.399999618530273,22.299999237060547,22.299999237060547,0,0.0,0.0
2025-06-20 01:05:00+00:00,22.350000381469727,22.600000381469727,22.350000381469727,22.549999237060547,20000,0.0,0.0
2025-06-20 01:10:00+00:00,22.549999237060547,22.549999237060547,22.5,22.5,3000,0.0,0.0
2025-06-20 01:15:00+00:00,22.5,22.5,22.450000762939453,22.450000762939453,2000,0.0,0.0
2025-06-20 01:20:00+00:00,22.549999237060547,22.549999237060547,22.399999618530273,22.399999618530273,3000,0.0,0.0
2025-06-20 01:25:00+00:00,22.299999237060547,22.299999237060547,22.299999237060547,22.299999237060547,3000,0.0,0.0
2025-06-20 01:30:00+00:00,22.25,22.25,22.100000381469727,22.100000381469727,18000,0.0,0.0
2025-06-20 01:35:00+00:00,22.100000381469727,22.100000381469727,22.0,22.0,6000,0.0,0.0
2025-06-20 01:40:00+00:00,22.049999237060547,22.049999237060547,22.049999237060547,22.049999237060547,3000,0.0,0.0
2025-06-20 01:45:00+00:00,22.0,22.200000762939453,22.0,22.200000762939453,30150,0.0,0.0
2025-06-20 01:50:00+00:00,22.200000762939453,22.25,22.200000762939453,22.25,8002,0.0,0.0
2025-06-20 02:15:00+00:00,22.100000381469727,22.100000381469727,22.049999237060547,22.049999237060547,11000,0.0,0.0
2025-06-20 02:20:00+00:00,22.049999237060547,22.25,22.0,22.100000381469727,14067,0.0,0.0
2025-06-20 02:25:00+00:00,22.25,22.399999618530273,22.25,22.399999618530273,12000,0.0,0.0
2025-06-20 02:30:00+00:00,22.399999618530273,22.5,22.399999618530273,22.5,5201,0.0,0.0
2025-06-20 02:40:00+00:00,22.450000762939453,22.450000762939453,22.399999618530273,22.399999618530273,11015,0.0,0.0
2025-06-20 02:55:00+00:00,22.399999618530273,22.399999618530273,22.299999237060547,22.299999237060547,3000,0.0,0.0
2025-06-20 03:20:00+00:00,22.299999237060547,22.299999237060547,22.299999237060547,22.299999237060547,1000,0.0,0.0
2025-06-20 03:40:00+00:00,22.200000762939453,22.200000762939453,22.200000762939453,22.200000762939453,2104,0.0,0.0
2025-06-20 03:45:00+00:00,22.200000762939453,22.200000762939453,22.200000762939453,22.200000762939453,3000,0.0,0.0
2025-06-20 03:50:00+00:00,22.299999237060547,22.299999237060547,22.299999237060547,22.299999237060547,1002,0.0,0.0
2025-06-20 04:05:00+00:00,22.25,22.25,22.25,22.25,1000,0.0,0.0
2025-06-20 04:50:00+00:00,22.25,22.25,22.25,22.25,1300,0.0,0.0
2025-06-20 04:55:00+00:00,22.25,22.25,22.25,22.25,1001,0.0,0.0
2025-06-20 05:10:00+00:00,22.25,22.299999237060547,22.25,22.25,3000,0.0,0.0
2025-06-20 05:15:00+00:00,22.25,22.299999237060547,22.200000762939453,22.200000762939453,9200,0.0,0.0
2025-06-20 05:20:00+00:00,22.149999618530273,22.399999618530273,22.100000381469727,22.399999618530273,25202,0.0,0.0
2025-06-23 01:00:00+00:00,22.100000381469727,22.100000381469727,21.799999237060547,21.799999237060547,0,0.0,0.0
2025-06-23 01:10:00+00:00,21.899999618530273,22.049999237060547,21.850000381469727,21.850000381469727,8031,0.0,0.0
2025-06-23 01:15:00+00:00,21.850000381469727,21.850000381469727,21.850000381469727,21.850000381469727,11000,0.0,0.0
2025-06-23 01:20:00+00:00,21.899999618530273,21.899999618530273,21.75,21.75,8000,0.0,0.0
2025-06-23 01:30:00+00:00,21.899999618530273,21.899999618530273,21.700000762939453,21.700000762939453,8010,0.0,0.0
2025-06-23 01:35:00+00:00,21.700000762939453,21.700000762939453,21.649999618530273,21.649999618530273,2000,0.0,0.0
2025-06-23 01:40:00+00:00,21.75,21.75,21.75,21.75,1000,0.0,0.0
2025-06-23 01:45:00+00:00,21.75,21.75,21.75,21.75,1001,0.0,0.0
2025-06-23 01:50:00+00:00,21.75,21.850000381469727,21.700000762939453,21.700000762939453,4000,0.0,0.0
2025-06-23 01:55:00+00:00,21.700000762939453,21.700000762939453,21.700000762939453,21.700000762939453,2051,0.0,0.0
2025-06-23 02:15:00+00:00,21.700000762939453,21.700000762939453,21.700000762939453,21.700000762939453,2000,0.0,0.0
2025-06-23 02:20:00+00:00,21.75,21.899999618530273,21.75,21.899999618530273,2050,0.0,0.0
2025-06-23 02:35:00+00:00,21.799999237060547,21.799999237060547,21.799999237060547,21.799999237060547,5000,0.0,0.0
2025-06-23 02:40:00+00:00,21.850000381469727,21.850000381469727,21.850000381469727,21.850000381469727,1010,0.0,0.0
2025-06-23 02:55:00+00:00,21.700000762939453,21.700000762939453,21.700000762939453,21.700000762939453,1499,0.0,0.0
2025-06-23 03:20:00+00:00,21.700000762939453,21.700000762939453,21.700000762939453,21.700000762939453,1000,0.0,0.0
2025-06-23 03:30:00+00:00,21.799999237060547,21.799999237060547,21.799999237060547,21.799999237060547,1000,0.0,0.0
2025-06-23 03:35:00+00:00,21.75,21.799999237060547,21.75,21.799999237060547,6000,0.0,0.0
2025-06-23 03:40:00+00:00,21.799999237060547,21.799999237060547,21.799999237060547,21.799999237060547,1000,0.0,0.0
2025-06-23 03:55:00+00:00,21.799999237060547,21.799999237060547,21.799999237060547,21.799999237060547,5000,0.0,0.0
2025-06-23 04:00:00+00:00,21.799999237060547,21.799999237060547,21.799999237060547,21.799999237060547,1101,0.0,0.0
2025-06-23 04:25:00+00:00,21.700000762939453,21.700000762939453,21.700000762939453,21.700000762939453,1000,0.0,0.0
2025-06-23 04:30:00+00:00,21.700000762939453,21.700000762939453,21.700000762939453,21.700000762939453,1001,0.0,0.0
2025-06-23 04:35:00+00:00,21.75,21.75,21.700000762939453,21.700000762939453,8005,0.0,0.0
2025-06-23 04:40:00+00:00,21.700000762939453,21.799999237060547,21.700000762939453,21.799999237060547,10000,0.0,0.0
2025-06-23 04:50:00+00:00,21.850000381469727,21.850000381469727,21.850000381469727,21.850000381469727,2011,0.0,0.0
2025-06-23 04:55:00+00:00,21.75,21.75,21.75,21.75,1000,0.0,0.0
2025-06-23 05:00:00+00:00,21.850000381469727,21.850000381469727,21.850000381469727,21.850000381469727,1000,0.0,0.0
2025-06-23 05:05:00+00:00,21.799999237060547,21.799999237060547,21.799999237060547,21.799999237060547,3053,0.0,0.0
2025-06-23 05:20:00+00:00,21.75,21.75,21.350000381469727,21.75,116359,0.0,0.0
2025-06-24 01:00:00+00:00,21.75,21.850000381469727,21.75,21.850000381469727,0,0.0,0.0
2025-06-24 01:05:00+00:00,21.899999618530273,22.0,21.899999618530273,22.0,11002,0.0,0.0
2025-06-24 01:10:00+00:00,22.0,22.0,22.0,22.0,1000,0.0,0.0
2025-06-24 01:15:00+00:00,22.0,22.0,22.0,22.0,1155,0.0,0.0
2025-06-24 01:25:00+00:00,22.0,22.0,22.0,22.0,1000,0.0,0.0
2025-06-24 01:30:00+00:00,21.950000762939453,22.0,21.950000762939453,22.0,6000,0.0,0.0
2025-06-24 01:40:00+00:00,22.049999237060547,22.100000381469727,22.0,22.100000381469727,9100,0.0,0.0
2025-06-24 01:45:00+00:00,22.100000381469727,22.100000381469727,22.100000381469727,22.100000381469727,1000,0.0,0.0
2025-06-24 01:50:00+00:00,22.100000381469727,22.100000381469727,22.100000381469727,22.100000381469727,1605,0.0,0.0
2025-06-24 01:55:00+00:00,22.100000381469727,22.100000381469727,22.100000381469727,22.100000381469727,1300,0.0,0.0
2025-06-24 02:00:00+00:00,22.049999237060547,22.049999237060547,22.049999237060547,22.049999237060547,1000,0.0,0.0
2025-06-24 02:05:00+00:00,22.049999237060547,22.049999237060547,22.049999237060547,22.049999237060547,1000,0.0,0.0
2025-06-24 02:10:00+00:00,22.0,22.049999237060547,22.0,22.0,7000,0.0,0.0
2025-06-24 02:15:00+00:00,22.049999237060547,22.049999237060547,22.049999237060547,22.049999237060547,4000,0.0,0.0
2025-06-24 02:20:00+00:00,22.049999237060547,22.049999237060547,22.049999237060547,22.049999237060547,1000,0.0,0.0
2025-06-24 02:30:00+00:00,22.049999237060547,22.049999237060547,22.049999237060547,22.049999237060547,1015,0.0,0.0
2025-06-24 02:45:00+00:00,21.899999618530273,21.899999618530273,21.850000381469727,21.850000381469727,10042,0.0,0.0
2025-06-24 02:50:00+00:00,21.850000381469727,21.850000381469727,21.850000381469727,21.850000381469727,3000,0.0,0.0
2025-06-24 02:55:00+00:00,21.899999618530273,21.899999618530273,21.899999618530273,21.899999618530273,1000,0.0,0.0
2025-06-24 03:00:00+00:00,21.950000762939453,21.950000762939453,21.850000381469727,21.950000762939453,11269,0.0,0.0
2025-06-24 03:15:00+00:00,21.899999618530273,21.899999618530273,21.899999618530273,21.899999618530273,7000,0.0,0.0
2025-06-24 03:20:00+00:00,22.0,22.0,22.0,22.0,3000,0.0,0.0
2025-06-24 03:30:00+00:00,22.0,22.0,22.0,22.0,2000,0.0,0.0
2025-06-24 03:35:00+00:00,22.0,22.0,22.0,22.0,1000,0.0,0.0
2025-06-24 03:40:00+00:00,21.850000381469727,21.850000381469727,21.850000381469727,21.850000381469727,1000,0.0,0.0
2025-06-24 03:45:00+00:00,21.899999618530273,21.899999618530273,21.899999618530273,21.899999618530273,9000,0.0,0.0
2025-06-24 03:50:00+00:00,22.0,22.0,22.0,22.0,2000,0.0,0.0
2025-06-24 04:20:00+00:00,21.899999618530273,21.899999618530273,21.850000381469727,21.850000381469727,8000,0.0,0.0
2025-06-24 04:30:00+00:00,21.850000381469727,21.850000381469727,21.850000381469727,21.850000381469727,1000,0.0,0.0
2025-06-24 04:35:00+00:00,21.899999618530273,21.899999618530273,21.899999618530273,21.899999618530273,2001,0.0,0.0
2025-06-24 04:40:00+00:00,21.950000762939453,21.950000762939453,21.950000762939453,21.950000762939453,1000,0.0,0.0
2025-06-24 04:45:00+00:00,21.850000381469727,21.850000381469727,21.850000381469727,21.850000381469727,1000,0.0,0.0
2025-06-24 04:55:00+00:00,21.850000381469727,21.850000381469727,21.850000381469727,21.850000381469727,2000,0.0,0.0
2025-06-24 05:00:00+00:00,21.899999618530273,21.899999618530273,21.899999618530273,21.899999618530273,2287,0.0,0.0
2025-06-24 05:05:00+00:00,21.850000381469727,21.899999618530273,21.850000381469727,21.899999618530273,3014,0.0,0.0
2025-06-24 05:20:00+00:00,21.950000762939453,21.950000762939453,21.950000762939453,21.950000762939453,1601,0.0,0.0
2025-06-25 01:00:00+00:00,22.049999237060547,22.049999237060547,22.049999237060547,22.049999237060547,0,0.0,0.0
2025-06-25 01:05:00+00:00,22.049999237060547,22.049999237060547,22.049999237060547,22.049999237060547,3000,0.0,0.0
2025-06-25 01:15:00+00:00,22.049999237060547,22.049999237060547,22.049999237060547,22.049999237060547,3008,0.0,0.0
2025-06-25 01:25:00+00:00,22.049999237060547,22.049999237060547,22.049999237060547,22.049999237060547,1000,0.0,0.0
2025-06-25 01:30:00+00:00,22.0,22.0,22.0,22.0,2000,0.0,0.0
2025-06-25 01:50:00+00:00,22.0,22.0,22.0,22.0,1000,0.0,0.0
2025-06-25 01:55:00+00:00,21.950000762939453,22.0,21.950000762939453,22.0,2000,0.0,0.0
2025-06-25 02:00:00+00:00,22.049999237060547,22.049999237060547,22.049999237060547,22.049999237060547,1000,0.0,0.0
2025-06-25 02:05:00+00:00,22.0,22.0,22.0,22.0,1001,0.0,0.0
2025-06-25 02:15:00+00:00,22.049999237060547,22.049999237060547,22.049999237060547,22.049999237060547,2010,0.0,0.0
2025-06-25 02:25:00+00:00,22.049999237060547,22.100000381469727,22.049999237060547,22.100000381469727,2000,0.0,0.0
2025-06-25 02:30:00+00:00,22.100000381469727,22.100000381469727,22.049999237060547,22.049999237060547,2100,0.0,0.0
2025-06-25 02:40:00+00:00,22.049999237060547,22.049999237060547,22.049999237060547,22.049999237060547,1020,0.0,0.0
2025-06-25 02:55:00+00:00,22.049999237060547,22.049999237060547,22.049999237060547,22.049999237060547,1010,0.0,0.0
2025-06-25 03:05:00+00:00,22.100000381469727,22.100000381469727,22.100000381469727,22.100000381469727,2000,0.0,0.0
2025-06-25 03:10:00+00:00,22.100000381469727,22.149999618530273,22.100000381469727,22.149999618530273,2000,0.0,0.0
2025-06-25 03:35:00+00:00,22.100000381469727,22.200000762939453,22.100000381469727,22.200000762939453,37992,0.0,0.0
2025-06-25 03:40:00+00:00,22.25,22.299999237060547,22.25,22.299999237060547,5010,0.0,0.0
2025-06-25 03:45:00+00:00,22.200000762939453,22.200000762939453,22.200000762939453,22.200000762939453,1000,0.0,0.0
2025-06-25 03:50:00+00:00,22.200000762939453,22.200000762939453,22.200000762939453,22.200000762939453,1000,0.0,0.0
2025-06-25 04:00:00+00:00,22.25,22.299999237060547,22.25,22.299999237060547,2008,0.0,0.0
2025-06-25 04:50:00+00:00,22.149999618530273,22.149999618530273,22.149999618530273,22.149999618530273,1000,0.0,0.0
2025-06-25 04:55:00+00:00,22.149999618530273,22.149999618530273,22.100000381469727,22.100000381469727,2000,0.0,0.0
2025-06-25 05:05:00+00:00,22.200000762939453,22.200000762939453,22.200000762939453,22.200000762939453,1000,0.0,0.0
2025-06-25 05:10:00+00:00,22.200000762939453,22.200000762939453,22.200000762939453,22.200000762939453,1001,0.0,0.0
2025-06-25 05:20:00+00:00,22.200000762939453,22.200000762939453,22.200000762939453,22.200000762939453,5282,0.0,0.0
2025-06-26 01:00:00+00:00,22.200000762939453,22.200000762939453,22.200000762939453,22.200000762939453,0,0.0,0.0
2025-06-26 01:05:00+00:00,22.299999237060547,22.299999237060547,22.25,22.25,6000,0.0,0.0
2025-06-26 01:10:00+00:00,22.350000381469727,22.350000381469727,22.350000381469727,22.350000381469727,3000,0.0,0.0
2025-06-26 01:15:00+00:00,22.350000381469727,22.399999618530273,22.350000381469727,22.399999618530273,5000,0.0,0.0
2025-06-26 01:20:00+00:00,22.399999618530273,22.399999618530273,22.299999237060547,22.299999237060547,6000,0.0,0.0
2025-06-26 01:25:00+00:00,22.450000762939453,22.450000762939453,22.399999618530273,22.399999618530273,2020,0.0,0.0
2025-06-26 01:30:00+00:00,22.450000762939453,22.450000762939453,22.450000762939453,22.450000762939453,1000,0.0,0.0
2025-06-26 01:40:00+00:00,22.399999618530273,22.399999618530273,22.399999618530273,22.399999618530273,1000,0.0,0.0
2025-06-26 01:45:00+00:00,22.299999237060547,22.299999237060547,22.299999237060547,22.299999237060547,3000,0.0,0.0
2025-06-26 01:50:00+00:00,22.399999618530273,22.399999618530273,22.399999618530273,22.399999618530273,1100,0.0,0.0
2025-06-26 02:00:00+00:00,22.299999237060547,22.299999237060547,22.299999237060547,22.299999237060547,1000,0.0,0.0
2025-06-26 02:10:00+00:00,22.399999618530273,22.399999618530273,22.399999618530273,22.399999618530273,1000,0.0,0.0
2025-06-26 02:15:00+00:00,22.450000762939453,22.450000762939453,22.450000762939453,22.450000762939453,1000,0.0,0.0
2025-06-26 02:20:00+00:00,22.450000762939453,22.450000762939453,22.399999618530273,22.399999618530273,9000,0.0,0.0
2025-06-26 02:25:00+00:00,22.5,22.5,22.5,22.5,1000,0.0,0.0
2025-06-26 02:30:00+00:00,22.5,22.5,22.5,22.5,2000,0.0,0.0
2025-06-26 02:40:00+00:00,22.399999618530273,22.450000762939453,22.399999618530273,22.450000762939453,3060,0.0,0.0
2025-06-26 02:50:00+00:00,22.450000762939453,22.450000762939453,22.450000762939453,22.450000762939453,2001,0.0,0.0
2025-06-26 03:10:00+00:00,22.450000762939453,22.450000762939453,22.399999618530273,22.450000762939453,3029,0.0,0.0
2025-06-26 03:25:00+00:00,22.450000762939453,22.450000762939453,22.450000762939453,22.450000762939453,2245,0.0,0.0
2025-06-26 03:30:00+00:00,22.399999618530273,22.399999618530273,22.399999618530273,22.399999618530273,4000,0.0,0.0
2025-06-26 03:40:00+00:00,22.450000762939453,22.450000762939453,22.450000762939453,22.450000762939453,1000,0.0,0.0
2025-06-26 03:45:00+00:00,22.450000762939453,22.450000762939453,22.450000762939453,22.450000762939453,3000,0.0,0.0
2025-06-26 03:50:00+00:00,22.450000762939453,22.450000762939453,22.450000762939453,22.450000762939453,1000,0.0,0.0
2025-06-26 04:15:00+00:00,22.450000762939453,22.450000762939453,22.450000762939453,22.450000762939453,1000,0.0,0.0
2025-06-26 04:25:00+00:00,22.350000381469727,22.350000381469727,22.350000381469727,22.350000381469727,4201,0.0,0.0
2025-06-26 04:30:00+00:00,22.399999618530273,22.399999618530273,22.399999618530273,22.399999618530273,2000,0.0,0.0
2025-06-26 04:50:00+00:00,22.450000762939453,22.450000762939453,22.450000762939453,22.450000762939453,1071,0.0,0.0
2025-06-26 05:15:00+00:00,22.350000381469727,22.350000381469727,22.25,22.25,8000,0.0,0.0
2025-06-26 05:20:00+00:00,22.399999618530273,22.450000762939453,22.399999618530273,22.450000762939453,3404,0.0,0.0
2025-06-27 01:00:00+00:00,22.399999618530273,22.450000762939453,22.399999618530273,22.450000762939453,0,0.0,0.0
2025-06-27 01:05:00+00:00,22.450000762939453,22.450000762939453,22.450000762939453,22.450000762939453,1005,0.0,0.0
2025-06-27 01:10:00+00:00,22.5,22.549999237060547,22.450000762939453,22.549999237060547,18000,0.0,0.0
2025-06-27 01:15:00+00:00,22.450000762939453,22.450000762939453,22.450000762939453,22.450000762939453,1001,0.0,0.0
2025-06-27 01:20:00+00:00,22.600000381469727,22.600000381469727,22.399999618530273,22.399999618530273,7010,0.0,0.0
2025-06-27 01:30:00+00:00,22.399999618530273,22.399999618530273,22.399999618530273,22.399999618530273,1000,0.0,0.0
2025-06-27 01:35:00+00:00,22.5,22.5,22.5,22.5,2000,0.0,0.0
2025-06-27 01:50:00+00:00,22.399999618530273,22.399999618530273,22.399999618530273,22.399999618530273,1000,0.0,0.0
2025-06-27 02:00:00+00:00,22.450000762939453,22.450000762939453,22.450000762939453,22.450000762939453,1000,0.0,0.0
2025-06-27 02:05:00+00:00,22.450000762939453,22.450000762939453,22.450000762939453,22.450000762939453,2000,0.0,0.0
2025-06-27 02:10:00+00:00,22.450000762939453,22.450000762939453,22.450000762939453,22.450000762939453,1000,0.0,0.0
2025-06-27 02:15:00+00:00,22.450000762939453,22.450000762939453,22.450000762939453,22.450000762939453,1000,0.0,0.0
2025-06-27 02:20:00+00:00,22.399999618530273,22.399999618530273,22.399999618530273,22.399999618530273,2000,0.0,0.0
2025-06-27 02:30:00+00:00,22.5,22.5,22.5,22.5,1001,0.0,0.0
2025-06-27 02:35:00+00:00,22.350000381469727,22.350000381469727,22.350000381469727,22.350000381469727,1002,0.0,0.0
2025-06-27 03:00:00+00:00,22.399999618530273,22.5,22.399999618530273,22.5,11114,0.0,0.0
2025-06-27 03:05:00+00:00,22.5,22.5,22.5,22.5,14400,0.0,0.0
2025-06-27 03:10:00+00:00,22.549999237060547,22.549999237060547,22.5,22.5,5000,0.0,0.0
2025-06-27 03:15:00+00:00,22.549999237060547,22.549999237060547,22.549999237060547,22.549999237060547,1000,0.0,0.0
2025-06-27 03:20:00+00:00,22.399999618530273,22.549999237060547,22.399999618530273,22.549999237060547,2001,0.0,0.0
2025-06-27 03:25:00+00:00,22.399999618530273,22.399999618530273,22.399999618530273,22.399999618530273,2000,0.0,0.0
2025-06-27 03:30:00+00:00,22.399999618530273,22.399999618530273,22.399999618530273,22.399999618530273,2002,0.0,0.0
2025-06-27 03:50:00+00:00,22.399999618530273,22.399999618530273,22.399999618530273,22.399999618530273,2057,0.0,0.0
2025-06-27 04:00:00+00:00,22.5,22.5,22.5,22.5,2001,0.0,0.0
2025-06-27 04:20:00+00:00,22.5,22.5,22.5,22.5,1000,0.0,0.0
2025-06-27 04:25:00+00:00,22.399999618530273,22.399999618530273,22.399999618530273,22.399999618530273,10000,0.0,0.0
2025-06-27 04:30:00+00:00,22.5,22.549999237060547,22.5,22.549999237060547,4000,0.0,0.0
2025-06-27 04:35:00+00:00,22.450000762939453,22.450000762939453,22.450000762939453,22.450000762939453,2000,0.0,0.0
2025-06-27 04:40:00+00:00,22.600000381469727,22.600000381469727,22.600000381469727,22.600000381469727,3015,0.0,0.0
2025-06-27 04:50:00+00:00,22.549999237060547,22.549999237060547,22.5,22.5,5000,0.0,0.0
2025-06-27 05:00:00+00:00,22.600000381469727,22.600000381469727,22.5,22.5,12000,0.0,0.0
2025-06-27 05:10:00+00:00,22.600000381469727,22.600000381469727,22.549999237060547,22.549999237060547,4489,0.0,0.0
2025-06-27 05:20:00+00:00,22.549999237060547,22.600000381469727,22.549999237060547,22.600000381469727,3601,0.0,0.0
2025-05-02 01:00:00+00:00,24.149999618530273,24.149999618530273,24.0,24.0,0,0.0,0.0
2025-05-02 01:05:00+00:00,24.0,24.049999237060547,24.0,24.049999237060547,3015,0.0,0.0
2025-05-02 01:10:00+00:00,24.049999237060547,24.049999237060547,24.049999237060547,24.049999237060547,8000,0.0,0.0
2025-05-02 01:15:00+00:00,24.049999237060547,24.049999237060547,24.0,24.0,12002,0.0,0.0
2025-05-02 01:20:00+00:00,23.950000762939453,23.950000762939453,23.950000762939453,23.950000762939453,10002,0.0,0.0
2025-05-02 01:25:00+00:00,23.950000762939453,23.950000762939453,23.950000762939453,23.950000762939453,1135,0.0,0.0
2025-05-02 01:55:00+00:00,24.0,24.0,24.0,24.0,17001,0.0,0.0
2025-05-02 02:00:00+00:00,24.0,24.0,24.0,24.0,7004,0.0,0.0
2025-05-02 02:05:00+00:00,24.0,24.0,24.0,24.0,1000,0.0,0.0
2025-05-02 02:10:00+00:00,23.950000762939453,23.950000762939453,23.950000762939453,23.950000762939453,1001,0.0,0.0
2025-05-02 02:20:00+00:00,24.0,24.0,23.950000762939453,23.950000762939453,25051,0.0,0.0
2025-05-02 02:25:00+00:00,23.950000762939453,23.950000762939453,23.950000762939453,23.950000762939453,4059,0.0,0.0
2025-05-02 02:30:00+00:00,23.950000762939453,23.950000762939453,23.950000762939453,23.950000762939453,1486,0.0,0.0
2025-05-02 02:35:00+00:00,24.0,24.0,24.0,24.0,1001,0.0,0.0
2025-05-02 02:40:00+00:00,23.950000762939453,23.950000762939453,23.950000762939453,23.950000762939453,1000,0.0,0.0
2025-05-02 02:45:00+00:00,23.950000762939453,23.950000762939453,23.950000762939453,23.950000762939453,8000,0.0,0.0
2025-05-02 02:55:00+00:00,23.899999618530273,23.899999618530273,23.899999618530273,23.899999618530273,17017,0.0,0.0
2025-05-02 03:00:00+00:00,23.899999618530273,23.899999618530273,23.899999618530273,23.899999618530273,1002,0.0,0.0
2025-05-02 03:05:00+00:00,23.899999618530273,23.899999618530273,23.899999618530273,23.899999618530273,1000,0.0,0.0
2025-05-02 03:10:00+00:00,23.899999618530273,23.899999618530273,23.899999618530273,23.899999618530273,2000,0.0,0.0
2025-05-02 03:15:00+00:00,23.899999618530273,23.899999618530273,23.899999618530273,23.899999618530273,2000,0.0,0.0
2025-05-02 03:25:00+00:00,23.950000762939453,23.950000762939453,23.950000762939453,23.950000762939453,1001,0.0,0.0
2025-05-02 03:45:00+00:00,23.950000762939453,23.950000762939453,23.950000762939453,23.950000762939453,2010,0.0,0.0
2025-05-02 03:50:00+00:00,23.950000762939453,23.950000762939453,23.950000762939453,23.950000762939453,1000,0.0,0.0
2025-05-02 04:10:00+00:00,23.950000762939453,23.950000762939453,23.950000762939453,23.950000762939453,1049,0.0,0.0
2025-05-02 04:25:00+00:00,23.950000762939453,23.950000762939453,23.950000762939453,23.950000762939453,10050,0.0,0.0
2025-05-02 04:30:00+00:00,23.950000762939453,23.950000762939453,23.950000762939453,23.950000762939453,2000,0.0,0.0
2025-05-02 04:35:00+00:00,23.950000762939453,23.950000762939453,23.950000762939453,23.950000762939453,5050,0.0,0.0
2025-05-02 04:50:00+00:00,23.899999618530273,23.899999618530273,23.899999618530273,23.899999618530273,2044,0.0,0.0
2025-05-02 04:55:00+00:00,23.899999618530273,23.899999618530273,23.899999618530273,23.899999618530273,4217,0.0,0.0
2025-05-02 05:10:00+00:00,23.950000762939453,23.950000762939453,23.950000762939453,23.950000762939453,1000,0.0,0.0
2025-05-02 05:15:00+00:00,23.899999618530273,23.899999618530273,23.899999618530273,23.899999618530273,2000,0.0,0.0
2025-05-02 05:20:00+00:00,23.899999618530273,23.899999618530273,23.850000381469727,23.850000381469727,18201,0.0,0.0
2025-05-05 01:00:00+00:00,23.850000381469727,23.850000381469727,23.700000762939453,23.700000762939453,0,0.0,0.0
2025-05-05 01:05:00+00:00,23.649999618530273,23.649999618530273,23.600000381469727,23.600000381469727,11059,0.0,0.0
2025-05-05 01:10:00+00:00,23.600000381469727,23.600000381469727,23.549999237060547,23.600000381469727,15246,0.0,0.0
2025-05-05 01:15:00+00:00,23.600000381469727,23.600000381469727,23.549999237060547,23.600000381469727,11019,0.0,0.0
2025-05-05 01:20:00+00:00,23.549999237060547,23.549999237060547,23.399999618530273,23.399999618530273,17126,0.0,0.0
2025-05-05 01:25:00+00:00,23.450000762939453,23.600000381469727,23.450000762939453,23.600000381469727,4000,0.0,0.0
2025-05-05 01:30:00+00:00,23.399999618530273,23.399999618530273,23.200000762939453,23.200000762939453,36099,0.0,0.0
2025-05-05 01:35:00+00:00,23.200000762939453,23.25,23.200000762939453,23.200000762939453,20119,0.0,0.0
2025-05-05 01:40:00+00:00,23.200000762939453,23.200000762939453,23.149999618530273,23.149999618530273,6000,0.0,0.0
2025-05-05 01:45:00+00:00,23.149999618530273,23.149999618530273,23.100000381469727,23.100000381469727,9000,0.0,0.0
2025-05-05 01:50:00+00:00,23.100000381469727,23.100000381469727,23.100000381469727,23.100000381469727,2011,0.0,0.0
2025-05-05 01:55:00+00:00,23.100000381469727,23.100000381469727,23.100000381469727,23.100000381469727,1000,0.0,0.0
2025-05-05 02:00:00+00:00,23.049999237060547,23.100000381469727,23.049999237060547,23.049999237060547,12000,0.0,0.0
2025-05-05 02:05:00+00:00,23.100000381469727,23.100000381469727,23.0,23.049999237060547,27301,0.0,0.0
2025-05-05 02:10:00+00:00,23.0,23.049999237060547,23.0,23.049999237060547,4000,0.0,0.0
2025-05-05 02:15:00+00:00,23.0,23.0,22.799999237060547,22.799999237060547,15090,0.0,0.0
2025-05-05 02:25:00+00:00,22.899999618530273,22.899999618530273,22.899999618530273,22.899999618530273,2000,0.0,0.0
2025-05-05 02:30:00+00:00,22.899999618530273,22.899999618530273,22.850000381469727,22.850000381469727,6209,0.0,0.0
2025-05-05 02:35:00+00:00,22.899999618530273,22.899999618530273,22.899999618530273,22.899999618530273,2001,0.0,0.0
2025-05-05 02:40:00+00:00,22.899999618530273,22.899999618530273,22.850000381469727,22.899999618530273,7000,0.0,0.0
2025-05-05 02:45:00+00:00,22.899999618530273,22.899999618530273,22.899999618530273,22.899999618530273,1000,0.0,0.0
2025-05-05 02:50:00+00:00,22.850000381469727,22.850000381469727,22.850000381469727,22.850000381469727,8003,0.0,0.0
2025-05-05 03:00:00+00:00,22.850000381469727,22.850000381469727,22.850000381469727,22.850000381469727,1440,0.0,0.0
2025-05-05 03:10:00+00:00,22.850000381469727,22.850000381469727,22.850000381469727,22.850000381469727,1000,0.0,0.0
2025-05-05 03:15:00+00:00,22.850000381469727,22.899999618530273,22.850000381469727,22.899999618530273,6000,0.0,0.0
2025-05-05 03:20:00+00:00,22.899999618530273,22.899999618530273,22.899999618530273,22.899999618530273,2000,0.0,0.0
2025-05-05 03:25:00+00:00,23.0,23.0,23.0,23.0,1000,0.0,0.0
2025-05-05 03:30:00+00:00,23.0,23.0,22.950000762939453,22.950000762939453,2000,0.0,0.0
2025-05-05 03:35:00+00:00,23.0,23.0,23.0,23.0,2000,0.0,0.0
2025-05-05 03:40:00+00:00,23.0,23.0,23.0,23.0,1050,0.0,0.0
2025-05-05 03:45:00+00:00,23.0,23.0,23.0,23.0,1007,0.0,0.0
2025-05-05 03:55:00+00:00,23.0,23.0,23.0,23.0,1000,0.0,0.0
2025-05-05 04:05:00+00:00,23.100000381469727,23.100000381469727,23.0,23.100000381469727,3000,0.0,0.0
2025-05-05 04:10:00+00:00,23.0,23.0,23.0,23.0,1000,0.0,0.0
2025-05-05 04:15:00+00:00,23.0,23.0,23.0,23.0,1001,0.0,0.0
2025-05-05 04:30:00+00:00,23.049999237060547,23.149999618530273,23.049999237060547,23.149999618530273,5000,0.0,0.0
2025-05-05 04:40:00+00:00,23.149999618530273,23.149999618530273,23.149999618530273,23.149999618530273,1000,0.0,0.0
2025-05-05 04:50:00+00:00,23.100000381469727,23.100000381469727,23.100000381469727,23.100000381469727,3000,0.0,0.0
2025-05-05 04:55:00+00:00,23.100000381469727,23.100000381469727,23.100000381469727,23.100000381469727,2000,0.0,0.0
2025-05-05 05:00:00+00:00,23.0,23.0,23.0,23.0,9000,0.0,0.0
2025-05-05 05:05:00+00:00,23.0,23.0,22.950000762939453,23.0,28000,0.0,0.0
2025-05-05 05:10:00+00:00,23.0,23.0,23.0,23.0,10000,0.0,0.0
2025-05-05 05:15:00+00:00,23.0,23.0,23.0,23.0,3831,0.0,0.0
2025-05-06 01:00:00+00:00,23.049999237060547,23.200000762939453,23.049999237060547,23.100000381469727,0,0.0,0.0
2025-05-06 01:05:00+00:00,23.100000381469727,23.100000381469727,23.049999237060547,23.049999237060547,6021,0.0,0.0
2025-05-06 01:10:00+00:00,23.049999237060547,23.200000762939453,23.049999237060547,23.200000762939453,19000,0.0,0.0
2025-05-06 01:15:00+00:00,23.200000762939453,23.25,22.950000762939453,22.950000762939453,50000,0.0,0.0
2025-05-06 01:20:00+00:00,22.950000762939453,23.100000381469727,22.950000762939453,23.100000381469727,9057,0.0,0.0
2025-05-06 01:30:00+00:00,23.049999237060547,23.049999237060547,22.950000762939453,22.950000762939453,5002,0.0,0.0
2025-05-06 01:35:00+00:00,22.950000762939453,22.950000762939453,22.950000762939453,22.950000762939453,20119,0.0,0.0
2025-05-06 01:40:00+00:00,22.899999618530273,22.899999618530273,22.850000381469727,22.850000381469727,6001,0.0,0.0
2025-05-06 01:45:00+00:00,22.850000381469727,22.850000381469727,22.850000381469727,22.850000381469727,4001,0.0,0.0
2025-05-06 01:50:00+00:00,22.850000381469727,22.850000381469727,22.799999237060547,22.799999237060547,42172,0.0,0.0
2025-05-06 01:55:00+00:00,22.850000381469727,22.850000381469727,22.649999618530273,22.649999618530273,61101,0.0,0.0
2025-05-06 02:00:00+00:00,22.700000762939453,22.899999618530273,22.700000762939453,22.899999618530273,39000,0.0,0.0
2025-05-06 02:05:00+00:00,22.899999618530273,22.899999618530273,22.899999618530273,22.899999618530273,10000,0.0,0.0
2025-05-06 02:10:00+00:00,22.850000381469727,22.899999618530273,22.75,22.899999618530273,59000,0.0,0.0
2025-05-06 02:15:00+00:00,22.899999618530273,22.899999618530273,22.850000381469727,22.850000381469727,17000,0.0,0.0
2025-05-06 02:25:00+00:00,22.850000381469727,22.950000762939453,22.850000381469727,22.950000762939453,20001,0.0,0.0
2025-05-06 02:30:00+00:00,22.950000762939453,22.950000762939453,22.950000762939453,22.950000762939453,2000,0.0,0.0
2025-05-06 02:35:00+00:00,22.850000381469727,22.850000381469727,22.799999237060547,22.799999237060547,19000,0.0,0.0
2025-05-06 02:40:00+00:00,22.799999237060547,22.899999618530273,22.799999237060547,22.899999618530273,20000,0.0,0.0
2025-05-06 02:50:00+00:00,22.850000381469727,22.850000381469727,22.799999237060547,22.799999237060547,3000,0.0,0.0
2025-05-06 02:55:00+00:00,22.850000381469727,22.850000381469727,22.850000381469727,22.850000381469727,24000,0.0,0.0
2025-05-06 03:00:00+00:00,22.899999618530273,22.950000762939453,22.899999618530273,22.950000762939453,23000,0.0,0.0
2025-05-06 03:10:00+00:00,22.899999618530273,22.899999618530273,22.899999618530273,22.899999618530273,6070,0.0,0.0
2025-05-06 03:20:00+00:00,22.850000381469727,22.850000381469727,22.850000381469727,22.850000381469727,10162,0.0,0.0
2025-05-06 03:25:00+00:00,22.850000381469727,22.850000381469727,22.799999237060547,22.799999237060547,2000,0.0,0.0
2025-05-06 03:30:00+00:00,22.899999618530273,22.899999618530273,22.899999618530273,22.899999618530273,5002,0.0,0.0
2025-05-06 03:35:00+00:00,22.899999618530273,22.950000762939453,22.899999618530273,22.950000762939453,29000,0.0,0.0
2025-05-06 03:40:00+00:00,23.0,23.0,22.950000762939453,22.950000762939453,13000,0.0,0.0
2025-05-06 03:50:00+00:00,22.899999618530273,22.899999618530273,22.899999618530273,22.899999618530273,2000,0.0,0.0
2025-05-06 03:55:00+00:00,22.899999618530273,22.899999618530273,22.899999618530273,22.899999618530273,9000,0.0,0.0
2025-05-06 04:00:00+00:00,22.950000762939453,22.950000762939453,22.950000762939453,22.950000762939453,11000,0.0,0.0
2025-05-06 04:05:00+00:00,22.899999618530273,22.899999618530273,22.899999618530273,22.899999618530273,1000,0.0,0.0
2025-05-06 04:10:00+00:00,22.899999618530273,22.899999618530273,22.899999618530273,22.899999618530273,6000,0.0,0.0
2025-05-06 04:15:00+00:00,22.899999618530273,22.899999618530273,22.899999618530273,22.899999618530273,1000,0.0,0.0
2025-05-06 04:20:00+00:00,22.850000381469727,22.850000381469727,22.850000381469727,22.850000381469727,1000,0.0,0.0
2025-05-06 04:30:00+00:00,22.850000381469727,22.850000381469727,22.799999237060547,22.799999237060547,26548,0.0,0.0
2025-05-06 04:35:00+00:00,22.850000381469727,22.850000381469727,22.799999237060547,22.799999237060547,2000,0.0,0.0
2025-05-06 04:40:00+00:00,22.799999237060547,22.799999237060547,22.799999237060547,22.799999237060547,22000,0.0,0.0
2025-05-06 04:45:00+00:00,22.799999237060547,22.799999237060547,22.799999237060547,22.799999237060547,12361,0.0,0.0
2025-05-06 04:50:00+00:00,22.75,22.799999237060547,22.75,22.799999237060547,20000,0.0,0.0
2025-05-06 04:55:00+00:00,22.799999237060547,22.799999237060547,22.75,22.75,3000,0.0,0.0
2025-05-06 05:00:00+00:00,22.75,22.799999237060547,22.75,22.799999237060547,5000,0.0,0.0
2025-05-06 05:05:00+00:00,22.799999237060547,22.850000381469727,22.799999237060547,22.850000381469727,20000,0.0,0.0
2025-05-06 05:10:00+00:00,22.850000381469727,22.850000381469727,22.799999237060547,22.799999237060547,3000,0.0,0.0
2025-05-06 05:15:00+00:00,22.799999237060547,22.799999237060547,22.799999237060547,22.799999237060547,5000,0.0,0.0
2025-05-06 05:20:00+00:00,22.799999237060547,22.799999237060547,22.799999237060547,22.799999237060547,12820,0.0,0.0
2025-05-07 01:00:00+00:00,22.899999618530273,23.0,22.899999618530273,23.0,0,0.0,0.0
2025-05-07 01:05:00+00:00,23.0,23.049999237060547,22.899999618530273,22.950000762939453,28031,0.0,0.0
2025-05-07 01:10:00+00:00,22.950000762939453,23.200000762939453,22.950000762939453,23.049999237060547,42000,0.0,0.0
2025-05-07 01:15:00+00:00,23.100000381469727,23.100000381469727,23.049999237060547,23.100000381469727,12000,0.0,0.0
2025-05-07 01:20:00+00:00,23.100000381469727,23.100000381469727,23.100000381469727,23.100000381469727,6000,0.0,0.0
2025-05-07 01:25:00+00:00,23.049999237060547,23.049999237060547,22.899999618530273,22.899999618530273,41071,0.0,0.0
2025-05-07 01:30:00+00:00,22.950000762939453,22.950000762939453,22.850000381469727,22.850000381469727,3000,0.0,0.0
2025-05-07 01:35:00+00:00,22.850000381469727,22.850000381469727,22.850000381469727,22.850000381469727,1000,0.0,0.0
2025-05-07 01:40:00+00:00,22.850000381469727,22.850000381469727,22.850000381469727,22.850000381469727,1001,0.0,0.0
2025-05-07 01:50:00+00:00,22.850000381469727,22.950000762939453,22.850000381469727,22.950000762939453,3000,0.0,0.0
2025-05-07 01:55:00+00:00,22.850000381469727,22.850000381469727,22.850000381469727,22.850000381469727,1001,0.0,0.0
2025-05-07 02:00:00+00:00,23.0,23.200000762939453,23.0,23.149999618530273,37241,0.0,0.0
2025-05-07 02:10:00+00:00,23.149999618530273,23.149999618530273,23.149999618530273,23.149999618530273,7000,0.0,0.0
2025-05-07 02:15:00+00:00,23.049999237060547,23.100000381469727,23.0,23.100000381469727,16071,0.0,0.0
2025-05-07 02:25:00+00:00,23.0,23.0,23.0,23.0,1000,0.0,0.0
2025-05-07 02:30:00+00:00,23.100000381469727,23.200000762939453,23.100000381469727,23.200000762939453,10000,0.0,0.0
2025-05-07 02:35:00+00:00,23.200000762939453,23.200000762939453,23.200000762939453,23.200000762939453,6000,0.0,0.0
2025-05-07 02:40:00+00:00,23.200000762939453,23.200000762939453,23.200000762939453,23.200000762939453,1000,0.0,0.0
2025-05-07 02:45:00+00:00,23.200000762939453,23.200000762939453,23.200000762939453,23.200000762939453,1000,0.0,0.0
2025-05-07 02:50:00+00:00,23.200000762939453,23.200000762939453,23.149999618530273,23.149999618530273,17000,0.0,0.0
2025-05-07 02:55:00+00:00,23.149999618530273,23.149999618530273,23.049999237060547,23.049999237060547,12535,0.0,0.0
2025-05-07 03:00:00+00:00,23.049999237060547,23.25,23.0,23.049999237060547,66000,0.0,0.0
2025-05-07 03:10:00+00:00,23.0,23.0,23.0,23.0,1000,0.0,0.0
2025-05-07 03:25:00+00:00,23.0,23.100000381469727,23.0,23.100000381469727,6000,0.0,0.0
2025-05-07 03:30:00+00:00,23.049999237060547,23.049999237060547,23.0,23.0,24000,0.0,0.0
2025-05-07 03:40:00+00:00,22.950000762939453,22.950000762939453,22.950000762939453,22.950000762939453,10018,0.0,0.0
2025-05-07 03:45:00+00:00,22.950000762939453,22.950000762939453,22.950000762939453,22.950000762939453,1020,0.0,0.0
2025-05-07 03:50:00+00:00,22.950000762939453,23.0,22.950000762939453,23.0,2000,0.0,0.0
2025-05-07 03:55:00+00:00,22.950000762939453,22.950000762939453,22.950000762939453,22.950000762939453,1000,0.0,0.0
2025-05-07 04:00:00+00:00,23.0,23.100000381469727,23.0,23.049999237060547,5000,0.0,0.0
2025-05-07 04:05:00+00:00,23.049999237060547,23.049999237060547,23.049999237060547,23.049999237060547,5000,0.0,0.0
2025-05-07 04:10:00+00:00,22.899999618530273,22.899999618530273,22.899999618530273,22.899999618530273,1000,0.0,0.0
2025-05-07 04:25:00+00:00,22.899999618530273,23.0,22.899999618530273,23.0,2000,0.0,0.0
2025-05-07 04:35:00+00:00,22.950000762939453,22.950000762939453,22.950000762939453,22.950000762939453,1000,0.0,0.0
2025-05-07 04:40:00+00:00,22.950000762939453,22.950000762939453,22.950000762939453,22.950000762939453,1000,0.0,0.0
2025-05-07 04:55:00+00:00,22.950000762939453,22.950000762939453,22.950000762939453,22.950000762939453,2000,0.0,0.0
2025-05-07 05:00:00+00:00,22.950000762939453,23.0,22.950000762939453,22.950000762939453,4000,0.0,0.0
2025-05-07 05:05:00+00:00,23.0,23.0,22.950000762939453,22.950000762939453,3000,0.0,0.0
2025-05-07 05:10:00+00:00,22.950000762939453,22.950000762939453,22.950000762939453,22.950000762939453,2013,0.0,0.0
2025-05-07 05:15:00+00:00,22.950000762939453,23.0,22.950000762939453,22.950000762939453,9210,0.0,0.0
2025-05-07 05:20:00+00:00,23.0,23.0,22.899999618530273,22.950000762939453,9781,0.0,0.0
2025-05-08 01:00:00+00:00,23.0,23.149999618530273,23.0,23.100000381469727,0,0.0,0.0
2025-05-08 01:10:00+00:00,23.100000381469727,23.200000762939453,23.100000381469727,23.200000762939453,34052,0.0,0.0
2025-05-08 01:15:00+00:00,23.200000762939453,23.200000762939453,23.200000762939453,23.200000762939453,55342,0.0,0.0
2025-05-08 01:30:00+00:00,23.100000381469727,23.100000381469727,23.100000381469727,23.100000381469727,0,0.0,0.0
2025-05-08 01:45:00+00:00,23.100000381469727,23.149999618530273,23.049999237060547,23.149999618530273,18001,0.0,0.0
2025-05-08 02:15:00+00:00,23.149999618530273,23.149999618530273,23.149999618530273,23.149999618530273,1000,0.0,0.0
2025-05-08 02:20:00+00:00,23.100000381469727,23.100000381469727,23.100000381469727,23.100000381469727,1000,0.0,0.0
2025-05-08 02:25:00+00:00,23.149999618530273,23.149999618530273,23.149999618530273,23.149999618530273,4000,0.0,0.0
2025-05-08 02:30:00+00:00,23.100000381469727,23.100000381469727,23.100000381469727,23.100000381469727,1000,0.0,0.0
2025-05-08 02:35:00+00:00,23.100000381469727,23.100000381469727,23.100000381469727,23.100000381469727,2050,0.0,0.0
2025-05-08 02:55:00+00:00,23.049999237060547,23.049999237060547,23.049999237060547,23.049999237060547,12000,0.0,0.0
2025-05-08 03:10:00+00:00,23.049999237060547,23.049999237060547,23.049999237060547,23.049999237060547,6247,0.0,0.0
2025-05-08 03:25:00+00:00,23.049999237060547,23.049999237060547,23.049999237060547,23.049999237060547,2010,0.0,0.0
2025-05-08 03:40:00+00:00,23.0,23.049999237060547,23.0,23.049999237060547,7001,0.0,0.0
2025-05-08 03:45:00+00:00,23.049999237060547,23.049999237060547,23.049999237060547,23.049999237060547,2000,0.0,0.0
2025-05-08 03:50:00+00:00,23.049999237060547,23.049999237060547,23.049999237060547,23.049999237060547,1000,0.0,0.0
2025-05-08 04:00:00+00:00,23.049999237060547,23.049999237060547,23.049999237060547,23.049999237060547,1020,0.0,0.0
2025-05-08 04:05:00+00:00,23.049999237060547,23.049999237060547,23.049999237060547,23.049999237060547,3000,0.0,0.0
2025-05-08 04:10:00+00:00,23.049999237060547,23.049999237060547,23.0,23.049999237060547,4000,0.0,0.0
2025-05-08 04:15:00+00:00,23.049999237060547,23.049999237060547,23.049999237060547,23.049999237060547,10000,0.0,0.0
2025-05-08 04:20:00+00:00,23.100000381469727,23.100000381469727,23.100000381469727,23.100000381469727,1000,0.0,0.0
2025-05-08 04:30:00+00:00,23.100000381469727,23.100000381469727,23.100000381469727,23.100000381469727,1000,0.0,0.0
2025-05-08 04:35:00+00:00,23.049999237060547,23.049999237060547,23.0,23.0,45204,0.0,0.0
2025-05-08 04:40:00+00:00,23.0,23.0,23.0,23.0,1000,0.0,0.0
2025-05-08 04:45:00+00:00,23.100000381469727,23.100000381469727,23.100000381469727,23.100000381469727,1000,0.0,0.0
2025-05-08 05:00:00+00:00,23.049999237060547,23.049999237060547,23.049999237060547,23.049999237060547,2000,0.0,0.0
2025-05-08 05:10:00+00:00,23.0,23.0,23.0,23.0,7020,0.0,0.0
2025-05-08 05:15:00+00:00,23.0,23.049999237060547,23.0,23.049999237060547,17000,0.0,0.0
2025-05-08 05:20:00+00:00,23.0,23.049999237060547,23.0,23.049999237060547,2000,0.0,0.0
2025-05-09 01:00:00+00:00,23.100000381469727,23.25,23.100000381469727,23.25,0,0.0,0.0
2025-05-09 01:05:00+00:00,23.100000381469727,23.100000381469727,23.100000381469727,23.100000381469727,1002,0.0,0.0
2025-05-09 01:10:00+00:00,23.100000381469727,23.100000381469727,23.100000381469727,23.100000381469727,1000,0.0,0.0
2025-05-09 01:15:00+00:00,23.100000381469727,23.100000381469727,23.049999237060547,23.049999237060547,12001,0.0,0.0
2025-05-09 01:20:00+00:00,23.049999237060547,23.049999237060547,22.950000762939453,22.950000762939453,8200,0.0,0.0
2025-05-09 01:25:00+00:00,23.049999237060547,23.049999237060547,23.049999237060547,23.049999237060547,3000,0.0,0.0
2025-05-09 01:30:00+00:00,23.049999237060547,23.049999237060547,23.049999237060547,23.049999237060547,5001,0.0,0.0
2025-05-09 01:40:00+00:00,23.100000381469727,23.100000381469727,23.100000381469727,23.100000381469727,3000,0.0,0.0
2025-05-09 01:45:00+00:00,23.049999237060547,23.049999237060547,23.049999237060547,23.049999237060547,10020,0.0,0.0
2025-05-09 01:50:00+00:00,23.049999237060547,23.049999237060547,23.0,23.0,7020,0.0,0.0
2025-05-09 01:55:00+00:00,23.0,23.0,23.0,23.0,1000,0.0,0.0
2025-05-09 02:00:00+00:00,23.100000381469727,23.100000381469727,23.100000381469727,23.100000381469727,7062,0.0,0.0
2025-05-09 02:05:00+00:00,23.149999618530273,23.25,23.149999618530273,23.25,3210,0.0,0.0
2025-05-09 02:15:00+00:00,23.200000762939453,23.200000762939453,23.200000762939453,23.200000762939453,1999,0.0,0.0
2025-05-09 02:20:00+00:00,23.200000762939453,23.350000381469727,23.100000381469727,23.100000381469727,24000,0.0,0.0
2025-05-09 02:30:00+00:00,23.100000381469727,23.100000381469727,23.100000381469727,23.100000381469727,1000,0.0,0.0
2025-05-09 02:40:00+00:00,23.100000381469727,23.100000381469727,23.100000381469727,23.100000381469727,1000,0.0,0.0
2025-05-09 03:05:00+00:00,23.100000381469727,23.100000381469727,23.100000381469727,23.100000381469727,2000,0.0,0.0
2025-05-09 03:15:00+00:00,23.100000381469727,23.100000381469727,23.049999237060547,23.049999237060547,2045,0.0,0.0
2025-05-09 03:20:00+00:00,23.049999237060547,23.049999237060547,23.049999237060547,23.049999237060547,1007,0.0,0.0
2025-05-09 03:35:00+00:00,23.100000381469727,23.100000381469727,23.100000381469727,23.100000381469727,1000,0.0,0.0
2025-05-09 03:45:00+00:00,23.049999237060547,23.049999237060547,23.049999237060547,23.049999237060547,2101,0.0,0.0
2025-05-09 03:50:00+00:00,23.049999237060547,23.049999237060547,23.049999237060547,23.049999237060547,10001,0.0,0.0
2025-05-09 04:00:00+00:00,23.100000381469727,23.100000381469727,23.100000381469727,23.100000381469727,2000,0.0,0.0
2025-05-09 04:15:00+00:00,23.100000381469727,23.100000381469727,23.100000381469727,23.100000381469727,2500,0.0,0.0
2025-05-09 04:30:00+00:00,23.100000381469727,23.100000381469727,23.100000381469727,23.100000381469727,3000,0.0,0.0
2025-05-09 04:40:00+00:00,23.100000381469727,23.100000381469727,23.100000381469727,23.100000381469727,2000,0.0,0.0
2025-05-09 04:45:00+00:00,23.100000381469727,23.100000381469727,23.100000381469727,23.100000381469727,2000,0.0,0.0
2025-05-09 04:50:00+00:00,23.149999618530273,23.149999618530273,23.149999618530273,23.149999618530273,5000,0.0,0.0
2025-05-09 04:55:00+00:00,23.149999618530273,23.149999618530273,23.149999618530273,23.149999618530273,1020,0.0,0.0
2025-05-09 05:00:00+00:00,23.149999618530273,23.149999618530273,23.149999618530273,23.149999618530273,2000,0.0,0.0
2025-05-09 05:05:00+00:00,23.149999618530273,23.149999618530273,23.149999618530273,23.149999618530273,3000,0.0,0.0
2025-05-09 05:10:00+00:00,23.100000381469727,23.100000381469727,23.100000381469727,23.100000381469727,4208,0.0,0.0
2025-05-12 01:00:00+00:00,23.200000762939453,23.299999237060547,23.200000762939453,23.299999237060547,0,0.0,0.0
2025-05-12 01:10:00+00:00,23.25,23.25,23.200000762939453,23.200000762939453,18030,0.0,0.0
2025-05-12 01:15:00+00:00,23.200000762939453,23.200000762939453,23.200000762939453,23.200000762939453,10151,0.0,0.0
2025-05-12 01:20:00+00:00,23.25,23.25,23.25,23.25,1257,0.0,0.0
2025-05-12 01:35:00+00:00,23.25,23.399999618530273,23.25,23.399999618530273,26000,0.0,0.0
2025-05-12 01:40:00+00:00,23.399999618530273,23.399999618530273,23.399999618530273,23.399999618530273,4001,0.0,0.0
2025-05-12 01:45:00+00:00,23.399999618530273,23.399999618530273,23.399999618530273,23.399999618530273,12000,0.0,0.0
2025-05-12 01:50:00+00:00,23.399999618530273,23.399999618530273,23.399999618530273,23.399999618530273,1029,0.0,0.0
2025-05-12 01:55:00+00:00,23.450000762939453,23.450000762939453,23.450000762939453,23.450000762939453,2000,0.0,0.0
2025-05-12 02:05:00+00:00,23.450000762939453,23.450000762939453,23.450000762939453,23.450000762939453,11050,0.0,0.0
2025-05-12 02:15:00+00:00,23.450000762939453,23.450000762939453,23.450000762939453,23.450000762939453,2031,0.0,0.0
2025-05-12 02:30:00+00:00,23.450000762939453,23.450000762939453,23.450000762939453,23.450000762939453,3102,0.0,0.0
2025-05-12 02:35:00+00:00,23.450000762939453,23.450000762939453,23.450000762939453,23.450000762939453,1302,0.0,0.0
2025-05-12 02:40:00+00:00,23.450000762939453,23.450000762939453,23.450000762939453,23.450000762939453,4131,0.0,0.0
2025-05-12 02:45:00+00:00,23.450000762939453,23.450000762939453,23.450000762939453,23.450000762939453,1000,0.0,0.0
2025-05-12 03:00:00+00:00,23.450000762939453,23.450000762939453,23.450000762939453,23.450000762939453,2280,0.0,0.0
2025-05-12 03:05:00+00:00,23.450000762939453,23.450000762939453,23.450000762939453,23.450000762939453,3001,0.0,0.0
2025-05-12 03:15:00+00:00,23.450000762939453,23.450000762939453,23.450000762939453,23.450000762939453,2001,0.0,0.0
2025-05-12 03:20:00+00:00,23.450000762939453,23.450000762939453,23.450000762939453,23.450000762939453,1001,0.0,0.0
2025-05-12 03:30:00+00:00,23.450000762939453,23.450000762939453,23.450000762939453,23.450000762939453,1102,0.0,0.0
2025-05-12 03:40:00+00:00,23.399999618530273,23.399999618530273,23.399999618530273,23.399999618530273,1001,0.0,0.0
2025-05-12 03:55:00+00:00,23.399999618530273,23.399999618530273,23.299999237060547,23.299999237060547,30001,0.0,0.0
2025-05-12 04:10:00+00:00,23.399999618530273,23.399999618530273,23.399999618530273,23.399999618530273,3095,0.0,0.0
2025-05-12 04:30:00+00:00,23.399999618530273,23.450000762939453,23.399999618530273,23.450000762939453,6053,0.0,0.0
2025-05-12 04:40:00+00:00,23.5,23.5,23.5,23.5,4001,0.0,0.0
2025-05-12 04:45:00+00:00,23.5,23.5,23.399999618530273,23.399999618530273,4248,0.0,0.0
2025-05-12 04:55:00+00:00,23.5,23.549999237060547,23.5,23.549999237060547,6051,0.0,0.0
2025-05-12 05:00:00+00:00,23.450000762939453,23.450000762939453,23.450000762939453,23.450000762939453,1000,0.0,0.0
2025-05-12 05:10:00+00:00,23.5,23.5,23.5,23.5,1000,0.0,0.0
2025-05-12 05:15:00+00:00,23.5,23.549999237060547,23.450000762939453,23.549999237060547,4221,0.0,0.0
2025-05-12 05:20:00+00:00,23.549999237060547,23.549999237060547,23.549999237060547,23.549999237060547,1031,0.0,0.0
2025-05-13 01:00:00+00:00,23.600000381469727,23.850000381469727,23.600000381469727,23.850000381469727,17000,0.0,0.0
2025-05-13 01:05:00+00:00,23.899999618530273,24.0,23.799999237060547,23.799999237060547,13134,0.0,0.0
2025-05-13 01:10:00+00:00,23.899999618530273,23.899999618530273,23.75,23.75,4000,0.0,0.0
2025-05-13 01:15:00+00:00,23.799999237060547,23.799999237060547,23.799999237060547,23.799999237060547,3000,0.0,0.0
2025-05-13 01:20:00+00:00,23.799999237060547,23.950000762939453,23.75,23.75,339014,0.0,0.0
2025-05-13 01:25:00+00:00,23.850000381469727,23.850000381469727,23.799999237060547,23.799999237060547,26000,0.0,0.0
2025-05-13 01:30:00+00:00,23.850000381469727,23.850000381469727,23.799999237060547,23.850000381469727,13000,0.0,0.0
2025-05-13 01:35:00+00:00,23.850000381469727,23.899999618530273,23.850000381469727,23.899999618530273,5000,0.0,0.0
2025-05-13 01:45:00+00:00,23.899999618530273,23.899999618530273,23.850000381469727,23.850000381469727,5002,0.0,0.0
2025-05-13 01:55:00+00:00,23.799999237060547,23.799999237060547,23.799999237060547,23.799999237060547,6000,0.0,0.0
2025-05-13 02:00:00+00:00,23.799999237060547,23.799999237060547,23.799999237060547,23.799999237060547,3000,0.0,0.0
2025-05-13 02:05:00+00:00,23.850000381469727,23.850000381469727,23.75,23.75,6204,0.0,0.0
2025-05-13 02:10:00+00:00,23.700000762939453,23.700000762939453,23.700000762939453,23.700000762939453,1000,0.0,0.0
2025-05-13 02:15:00+00:00,23.700000762939453,23.700000762939453,23.700000762939453,23.700000762939453,3000,0.0,0.0
2025-05-13 02:20:00+00:00,23.700000762939453,23.700000762939453,23.700000762939453,23.700000762939453,11000,0.0,0.0
2025-05-13 02:30:00+00:00,23.700000762939453,23.700000762939453,23.700000762939453,23.700000762939453,1250,0.0,0.0
2025-05-13 02:40:00+00:00,23.700000762939453,23.700000762939453,23.700000762939453,23.700000762939453,2001,0.0,0.0
2025-05-13 02:50:00+00:00,23.700000762939453,23.700000762939453,23.700000762939453,23.700000762939453,1000,0.0,0.0
2025-05-13 03:00:00+00:00,23.649999618530273,23.649999618530273,23.649999618530273,23.649999618530273,9010,0.0,0.0
2025-05-13 03:05:00+00:00,23.649999618530273,23.649999618530273,23.649999618530273,23.649999618530273,1000,0.0,0.0
2025-05-13 03:10:00+00:00,23.600000381469727,23.600000381469727,23.600000381469727,23.600000381469727,14000,0.0,0.0
2025-05-13 03:15:00+00:00,23.549999237060547,23.549999237060547,23.549999237060547,23.549999237060547,23214,0.0,0.0
2025-05-13 03:20:00+00:00,23.5,23.549999237060547,23.5,23.549999237060547,5501,0.0,0.0
2025-05-13 03:25:00+00:00,23.5,23.5,23.5,23.5,1000,0.0,0.0
2025-05-13 03:55:00+00:00,23.5,23.5,23.5,23.5,6016,0.0,0.0
2025-05-13 04:00:00+00:00,23.5,23.5,23.5,23.5,15404,0.0,0.0
2025-05-13 04:05:00+00:00,23.450000762939453,23.450000762939453,23.450000762939453,23.450000762939453,5000,0.0,0.0
2025-05-13 04:10:00+00:00,23.5,23.5,23.5,23.5,1001,0.0,0.0
2025-05-13 04:15:00+00:00,23.450000762939453,23.450000762939453,23.450000762939453,23.450000762939453,4009,0.0,0.0
2025-05-13 04:25:00+00:00,23.399999618530273,23.399999618530273,23.399999618530273,23.399999618530273,1002,0.0,0.0
2025-05-13 04:30:00+00:00,23.5,23.5,23.200000762939453,23.200000762939453,26352,0.0,0.0
2025-05-13 04:35:00+00:00,23.299999237060547,23.350000381469727,23.100000381469727,23.350000381469727,41378,0.0,0.0
2025-05-13 04:40:00+00:00,23.299999237060547,23.299999237060547,23.299999237060547,23.299999237060547,1004,0.0,0.0
2025-05-13 04:50:00+00:00,23.299999237060547,23.299999237060547,23.299999237060547,23.299999237060547,2107,0.0,0.0
2025-05-13 04:55:00+00:00,23.299999237060547,23.299999237060547,23.25,23.25,9200,0.0,0.0
2025-05-13 05:00:00+00:00,23.25,23.25,23.25,23.25,3000,0.0,0.0
2025-05-13 05:05:00+00:00,23.299999237060547,23.299999237060547,23.299999237060547,23.299999237060547,3000,0.0,0.0
2025-05-13 05:10:00+00:00,23.299999237060547,23.299999237060547,23.299999237060547,23.299999237060547,4000,0.0,0.0
2025-05-13 05:15:00+00:00,23.299999237060547,23.350000381469727,23.299999237060547,23.350000381469727,7000,0.0,0.0
2025-05-13 05:20:00+00:00,23.25,23.399999618530273,23.25,23.399999618530273,5208,0.0,0.0
2025-05-14 01:00:00+00:00,23.5,23.600000381469727,23.5,23.549999237060547,9000,0.0,0.0
2025-05-14 01:05:00+00:00,23.549999237060547,23.549999237060547,23.549999237060547,23.549999237060547,6138,0.0,0.0
2025-05-14 01:15:00+00:00,23.549999237060547,23.600000381469727,23.549999237060547,23.600000381469727,12000,0.0,0.0
2025-05-14 01:20:00+00:00,23.600000381469727,23.600000381469727,23.600000381469727,23.600000381469727,2000,0.0,0.0
2025-05-14 01:25:00+00:00,23.600000381469727,23.600000381469727,23.600000381469727,23.600000381469727,2000,0.0,0.0
2025-05-14 01:30:00+00:00,23.600000381469727,23.600000381469727,23.600000381469727,23.600000381469727,1294,0.0,0.0
2025-05-14 01:35:00+00:00,23.600000381469727,23.600000381469727,23.600000381469727,23.600000381469727,1000,0.0,0.0
2025-05-14 01:40:00+00:00,23.600000381469727,23.600000381469727,23.600000381469727,23.600000381469727,10000,0.0,0.0
2025-05-14 01:45:00+00:00,23.600000381469727,23.600000381469727,23.549999237060547,23.549999237060547,10000,0.0,0.0
2025-05-14 01:50:00+00:00,23.600000381469727,23.600000381469727,23.600000381469727,23.600000381469727,1007,0.0,0.0
2025-05-14 02:00:00+00:00,23.549999237060547,23.549999237060547,23.549999237060547,23.549999237060547,2012,0.0,0.0
2025-05-14 02:10:00+00:00,23.600000381469727,23.600000381469727,23.600000381469727,23.600000381469727,2000,0.0,0.0
2025-05-14 02:15:00+00:00,23.549999237060547,23.549999237060547,23.549999237060547,23.549999237060547,11001,0.0,0.0
2025-05-14 02:25:00+00:00,23.549999237060547,23.549999237060547,23.549999237060547,23.549999237060547,15000,0.0,0.0
2025-05-14 02:35:00+00:00,23.5,23.5,23.5,23.5,6000,0.0,0.0
2025-05-14 02:40:00+00:00,23.5,23.549999237060547,23.5,23.549999237060547,44000,0.0,0.0
2025-05-14 02:45:00+00:00,23.549999237060547,23.549999237060547,23.549999237060547,23.549999237060547,7001,0.0,0.0
2025-05-14 03:05:00+00:00,23.600000381469727,23.649999618530273,23.600000381469727,23.649999618530273,13000,0.0,0.0
2025-05-14 03:15:00+00:00,23.649999618530273,23.649999618530273,23.649999618530273,23.649999618530273,4000,0.0,0.0
2025-05-14 03:20:00+00:00,23.649999618530273,23.649999618530273,23.649999618530273,23.649999618530273,3002,0.0,0.0
2025-05-14 03:25:00+00:00,23.700000762939453,23.700000762939453,23.700000762939453,23.700000762939453,1000,0.0,0.0
2025-05-14 03:35:00+00:00,23.649999618530273,23.649999618530273,23.649999618530273,23.649999618530273,2000,0.0,0.0
2025-05-14 03:45:00+00:00,23.649999618530273,23.649999618530273,23.600000381469727,23.600000381469727,2000,0.0,0.0
2025-05-14 03:50:00+00:00,23.649999618530273,23.649999618530273,23.649999618530273,23.649999618530273,2000,0.0,0.0
2025-05-14 04:00:00+00:00,23.600000381469727,23.600000381469727,23.600000381469727,23.600000381469727,1000,0.0,0.0
2025-05-14 04:05:00+00:00,23.649999618530273,23.700000762939453,23.600000381469727,23.600000381469727,6000,0.0,0.0
2025-05-14 04:10:00+00:00,23.600000381469727,23.649999618530273,23.600000381469727,23.649999618530273,3000,0.0,0.0
2025-05-14 04:20:00+00:00,23.649999618530273,23.649999618530273,23.649999618530273,23.649999618530273,1020,0.0,0.0
2025-05-14 04:25:00+00:00,23.649999618530273,23.649999618530273,23.649999618530273,23.649999618530273,7026,0.0,0.0
2025-05-14 04:30:00+00:00,23.649999618530273,23.75,23.649999618530273,23.75,12020,0.0,0.0
2025-05-14 04:35:00+00:00,23.75,23.75,23.75,23.75,2037,0.0,0.0
2025-05-14 04:40:00+00:00,23.75,23.75,23.75,23.75,10013,0.0,0.0
2025-05-14 04:45:00+00:00,23.700000762939453,23.700000762939453,23.700000762939453,23.700000762939453,3112,0.0,0.0
2025-05-14 04:55:00+00:00,23.75,23.75,23.75,23.75,6061,0.0,0.0
2025-05-14 05:00:00+00:00,23.75,23.75,23.75,23.75,4248,0.0,0.0
2025-05-14 05:05:00+00:00,23.75,23.799999237060547,23.700000762939453,23.799999237060547,18177,0.0,0.0
2025-05-14 05:10:00+00:00,23.799999237060547,23.799999237060547,23.75,23.799999237060547,6054,0.0,0.0
2025-05-14 05:20:00+00:00,23.799999237060547,23.799999237060547,23.799999237060547,23.799999237060547,6403,0.0,0.0
2025-05-15 01:00:00+00:00,23.850000381469727,23.850000381469727,23.75,23.850000381469727,0,0.0,0.0
2025-05-15 01:05:00+00:00,23.850000381469727,23.950000762939453,23.850000381469727,23.899999618530273,19000,0.0,0.0
2025-05-15 01:10:00+00:00,23.950000762939453,24.0,23.950000762939453,24.0,5219,0.0,0.0
2025-05-15 01:15:00+00:00,24.0,24.0,23.899999618530273,23.899999618530273,3018,0.0,0.0
2025-05-15 01:20:00+00:00,23.950000762939453,23.950000762939453,23.850000381469727,23.850000381469727,10000,0.0,0.0
2025-05-15 01:25:00+00:00,23.850000381469727,23.850000381469727,23.700000762939453,23.700000762939453,28107,0.0,0.0
2025-05-15 01:30:00+00:00,23.799999237060547,23.850000381469727,23.799999237060547,23.850000381469727,2000,0.0,0.0
2025-05-15 01:35:00+00:00,23.700000762939453,23.700000762939453,23.700000762939453,23.700000762939453,1000,0.0,0.0
2025-05-15 01:40:00+00:00,23.799999237060547,23.799999237060547,23.799999237060547,23.799999237060547,1000,0.0,0.0
2025-05-15 01:50:00+00:00,23.75,23.75,23.75,23.75,2102,0.0,0.0
2025-05-15 02:00:00+00:00,23.700000762939453,23.700000762939453,23.649999618530273,23.649999618530273,6000,0.0,0.0
2025-05-15 02:05:00+00:00,23.700000762939453,23.700000762939453,23.700000762939453,23.700000762939453,1000,0.0,0.0
2025-05-15 02:10:00+00:00,23.700000762939453,23.700000762939453,23.700000762939453,23.700000762939453,1000,0.0,0.0
2025-05-15 02:15:00+00:00,23.700000762939453,23.700000762939453,23.700000762939453,23.700000762939453,4000,0.0,0.0
2025-05-15 02:20:00+00:00,23.75,23.75,23.75,23.75,1001,0.0,0.0
2025-05-15 02:55:00+00:00,23.75,23.75,23.649999618530273,23.700000762939453,20243,0.0,0.0
2025-05-15 03:00:00+00:00,23.700000762939453,23.700000762939453,23.649999618530273,23.649999618530273,3021,0.0,0.0
2025-05-15 03:05:00+00:00,23.649999618530273,23.649999618530273,23.649999618530273,23.649999618530273,6000,0.0,0.0
2025-05-15 03:20:00+00:00,23.649999618530273,23.649999618530273,23.649999618530273,23.649999618530273,1000,0.0,0.0
2025-05-15 03:35:00+00:00,23.649999618530273,23.649999618530273,23.600000381469727,23.600000381469727,9000,0.0,0.0
2025-05-15 03:40:00+00:00,23.600000381469727,23.600000381469727,23.549999237060547,23.549999237060547,6000,0.0,0.0
2025-05-15 03:50:00+00:00,23.600000381469727,23.600000381469727,23.600000381469727,23.600000381469727,2000,0.0,0.0
2025-05-15 04:00:00+00:00,23.649999618530273,23.649999618530273,23.649999618530273,23.649999618530273,1000,0.0,0.0
2025-05-15 04:05:00+00:00,23.600000381469727,23.600000381469727,23.600000381469727,23.600000381469727,1000,0.0,0.0
2025-05-15 04:10:00+00:00,23.600000381469727,23.600000381469727,23.600000381469727,23.600000381469727,1000,0.0,0.0
2025-05-15 04:15:00+00:00,23.600000381469727,23.600000381469727,23.600000381469727,23.600000381469727,5055,0.0,0.0
2025-05-15 04:20:00+00:00,23.549999237060547,23.549999237060547,23.549999237060547,23.549999237060547,3000,0.0,0.0
2025-05-15 04:25:00+00:00,23.549999237060547,23.549999237060547,23.549999237060547,23.549999237060547,1000,0.0,0.0
2025-05-15 04:30:00+00:00,23.549999237060547,23.649999618530273,23.549999237060547,23.649999618530273,5067,0.0,0.0
2025-05-15 04:40:00+00:00,23.549999237060547,23.549999237060547,23.549999237060547,23.549999237060547,1000,0.0,0.0
2025-05-15 04:45:00+00:00,23.549999237060547,23.549999237060547,23.549999237060547,23.549999237060547,6000,0.0,0.0
2025-05-15 04:50:00+00:00,23.600000381469727,23.600000381469727,23.600000381469727,23.600000381469727,1031,0.0,0.0
2025-05-15 05:10:00+00:00,23.600000381469727,23.600000381469727,23.600000381469727,23.600000381469727,6000,0.0,0.0
2025-05-15 05:15:00+00:00,23.600000381469727,23.600000381469727,23.600000381469727,23.600000381469727,2000,0.0,0.0
2025-05-15 05:20:00+00:00,23.600000381469727,23.600000381469727,23.600000381469727,23.600000381469727,1417,0.0,0.0
2025-05-16 01:00:00+00:00,23.75,23.75,23.600000381469727,23.600000381469727,0,0.0,0.0
2025-05-16 01:15:00+00:00,23.600000381469727,23.600000381469727,23.600000381469727,23.600000381469727,1097,0.0,0.0
2025-05-16 01:20:00+00:00,23.600000381469727,23.600000381469727,23.600000381469727,23.600000381469727,1000,0.0,0.0
2025-05-16 01:25:00+00:00,23.600000381469727,23.600000381469727,23.600000381469727,23.600000381469727,1001,0.0,0.0
2025-05-16 01:55:00+00:00,23.600000381469727,23.600000381469727,23.600000381469727,23.600000381469727,1000,0.0,0.0
2025-05-16 02:00:00+00:00,23.600000381469727,23.600000381469727,23.600000381469727,23.600000381469727,2144,0.0,0.0
2025-05-16 02:10:00+00:00,23.600000381469727,23.600000381469727,23.600000381469727,23.600000381469727,5026,0.0,0.0
2025-05-16 02:20:00+00:00,23.600000381469727,23.600000381469727,23.600000381469727,23.600000381469727,5000,0.0,0.0
2025-05-16 02:25:00+00:00,23.600000381469727,23.600000381469727,23.549999237060547,23.549999237060547,6040,0.0,0.0
2025-05-16 02:30:00+00:00,23.649999618530273,23.649999618530273,23.649999618530273,23.649999618530273,1095,0.0,0.0
2025-05-16 02:45:00+00:00,23.600000381469727,23.600000381469727,23.600000381469727,23.600000381469727,3001,0.0,0.0
2025-05-16 03:20:00+00:00,23.600000381469727,23.649999618530273,23.600000381469727,23.649999618530273,2000,0.0,0.0
2025-05-16 03:30:00+00:00,23.600000381469727,23.649999618530273,23.600000381469727,23.649999618530273,5000,0.0,0.0
2025-05-16 03:35:00+00:00,23.649999618530273,23.649999618530273,23.600000381469727,23.600000381469727,15009,0.0,0.0
2025-05-16 03:40:00+00:00,23.649999618530273,23.649999618530273,23.600000381469727,23.600000381469727,4000,0.0,0.0
2025-05-16 03:45:00+00:00,23.649999618530273,23.649999618530273,23.649999618530273,23.649999618530273,3000,0.0,0.0
2025-05-16 03:50:00+00:00,23.649999618530273,23.649999618530273,23.600000381469727,23.600000381469727,4035,0.0,0.0
2025-05-16 03:55:00+00:00,23.600000381469727,23.600000381469727,23.600000381469727,23.600000381469727,2000,0.0,0.0
2025-05-16 04:00:00+00:00,23.649999618530273,23.649999618530273,23.649999618530273,23.649999618530273,1001,0.0,0.0
2025-05-16 04:35:00+00:00,23.600000381469727,23.600000381469727,23.600000381469727,23.600000381469727,3000,0.0,0.0
2025-05-16 04:40:00+00:00,23.600000381469727,23.600000381469727,23.600000381469727,23.600000381469727,1000,0.0,0.0
2025-05-16 04:45:00+00:00,23.600000381469727,23.600000381469727,23.600000381469727,23.600000381469727,4001,0.0,0.0
2025-05-16 04:50:00+00:00,23.649999618530273,23.649999618530273,23.649999618530273,23.649999618530273,1056,0.0,0.0
2025-05-16 05:10:00+00:00,23.649999618530273,23.649999618530273,23.600000381469727,23.600000381469727,3000,0.0,0.0
2025-05-16 05:15:00+00:00,23.600000381469727,23.600000381469727,23.600000381469727,23.600000381469727,1200,0.0,0.0
2025-05-16 05:20:00+00:00,23.600000381469727,23.600000381469727,23.549999237060547,23.549999237060547,3367,0.0,0.0
2025-05-19 01:00:00+00:00,23.600000381469727,23.600000381469727,23.399999618530273,23.399999618530273,0,0.0,0.0
2025-05-19 01:05:00+00:00,23.399999618530273,23.399999618530273,23.399999618530273,23.399999618530273,12015,0.0,0.0
2025-05-19 01:10:00+00:00,23.5,23.5,23.350000381469727,23.350000381469727,3085,0.0,0.0
2025-05-19 01:15:00+00:00,23.350000381469727,23.350000381469727,23.350000381469727,23.350000381469727,1000,0.0,0.0
2025-05-19 01:20:00+00:00,23.299999237060547,23.350000381469727,23.25,23.350000381469727,9013,0.0,0.0
2025-05-19 01:30:00+00:00,23.450000762939453,23.450000762939453,23.450000762939453,23.450000762939453,2000,0.0,0.0
2025-05-19 01:35:00+00:00,23.299999237060547,23.299999237060547,23.299999237060547,23.299999237060547,2000,0.0,0.0
2025-05-19 01:40:00+00:00,23.299999237060547,23.299999237060547,23.299999237060547,23.299999237060547,1200,0.0,0.0
2025-05-19 02:15:00+00:00,23.299999237060547,23.299999237060547,23.299999237060547,23.299999237060547,4299,0.0,0.0
2025-05-19 02:20:00+00:00,23.350000381469727,23.350000381469727,23.350000381469727,23.350000381469727,1000,0.0,0.0
2025-05-19 02:25:00+00:00,23.299999237060547,23.299999237060547,23.299999237060547,23.299999237060547,9000,0.0,0.0
2025-05-19 02:30:00+00:00,23.299999237060547,23.299999237060547,23.299999237060547,23.299999237060547,4286,0.0,0.0
2025-05-19 02:40:00+00:00,23.299999237060547,23.299999237060547,23.299999237060547,23.299999237060547,1001,0.0,0.0
2025-05-19 02:50:00+00:00,23.299999237060547,23.299999237060547,23.299999237060547,23.299999237060547,1000,0.0,0.0
2025-05-19 03:05:00+00:00,23.25,23.25,23.200000762939453,23.200000762939453,11000,0.0,0.0
2025-05-19 03:10:00+00:00,23.350000381469727,23.350000381469727,23.350000381469727,23.350000381469727,2000,0.0,0.0
2025-05-19 03:20:00+00:00,23.200000762939453,23.200000762939453,23.149999618530273,23.149999618530273,10010,0.0,0.0
2025-05-19 03:25:00+00:00,23.200000762939453,23.200000762939453,23.200000762939453,23.200000762939453,2070,0.0,0.0
2025-05-19 03:30:00+00:00,23.200000762939453,23.200000762939453,23.149999618530273,23.149999618530273,4346,0.0,0.0
2025-05-19 03:35:00+00:00,23.100000381469727,23.100000381469727,23.100000381469727,23.100000381469727,1000,0.0,0.0
2025-05-19 03:40:00+00:00,23.200000762939453,23.200000762939453,23.200000762939453,23.200000762939453,2000,0.0,0.0
2025-05-19 03:45:00+00:00,23.100000381469727,23.100000381469727,23.100000381469727,23.100000381469727,4350,0.0,0.0
2025-05-19 03:50:00+00:00,23.100000381469727,23.100000381469727,23.100000381469727,23.100000381469727,1000,0.0,0.0
2025-05-19 03:55:00+00:00,23.049999237060547,23.049999237060547,23.049999237060547,23.049999237060547,1000,0.0,0.0
2025-05-19 04:00:00+00:00,23.200000762939453,23.200000762939453,23.200000762939453,23.200000762939453,1000,0.0,0.0
2025-05-19 04:05:00+00:00,23.100000381469727,23.100000381469727,23.049999237060547,23.049999237060547,7000,0.0,0.0
2025-05-19 04:10:00+00:00,23.100000381469727,23.100000381469727,23.049999237060547,23.049999237060547,2000,0.0,0.0
2025-05-19 04:20:00+00:00,23.049999237060547,23.049999237060547,23.049999237060547,23.049999237060547,2000,0.0,0.0
2025-05-19 04:25:00+00:00,23.049999237060547,23.049999237060547,23.049999237060547,23.049999237060547,5000,0.0,0.0
2025-05-19 04:30:00+00:00,23.100000381469727,23.100000381469727,23.100000381469727,23.100000381469727,1102,0.0,0.0
2025-05-19 04:35:00+00:00,23.049999237060547,23.049999237060547,23.049999237060547,23.049999237060547,2000,0.0,0.0
2025-05-19 04:45:00+00:00,23.100000381469727,23.100000381469727,23.049999237060547,23.049999237060547,3100,0.0,0.0
2025-05-19 04:50:00+00:00,23.100000381469727,23.100000381469727,23.049999237060547,23.100000381469727,33000,0.0,0.0
2025-05-19 04:55:00+00:00,23.100000381469727,23.200000762939453,23.100000381469727,23.200000762939453,7000,0.0,0.0
2025-05-19 05:10:00+00:00,23.200000762939453,23.200000762939453,23.200000762939453,23.200000762939453,1001,0.0,0.0
2025-05-19 05:20:00+00:00,23.200000762939453,23.25,23.200000762939453,23.25,2000,0.0,0.0
2025-05-20 01:00:00+00:00,23.25,23.25,23.25,23.25,0,0.0,0.0
2025-05-20 01:30:00+00:00,23.149999618530273,23.149999618530273,23.149999618530273,23.149999618530273,5000,0.0,0.0
2025-05-20 01:40:00+00:00,23.100000381469727,23.100000381469727,23.100000381469727,23.100000381469727,3156,0.0,0.0
2025-05-20 02:20:00+00:00,23.149999618530273,23.149999618530273,23.149999618530273,23.149999618530273,2000,0.0,0.0
2025-05-20 02:25:00+00:00,23.049999237060547,23.100000381469727,23.049999237060547,23.100000381469727,3000,0.0,0.0
2025-05-20 02:30:00+00:00,23.100000381469727,23.100000381469727,23.100000381469727,23.100000381469727,2000,0.0,0.0
2025-05-20 02:35:00+00:00,23.100000381469727,23.100000381469727,23.100000381469727,23.100000381469727,1002,0.0,0.0
2025-05-20 02:45:00+00:00,23.100000381469727,23.100000381469727,23.100000381469727,23.100000381469727,1000,0.0,0.0
2025-05-20 02:50:00+00:00,23.100000381469727,23.100000381469727,23.100000381469727,23.100000381469727,1000,0.0,0.0
2025-05-20 02:55:00+00:00,23.049999237060547,23.149999618530273,23.049999237060547,23.149999618530273,5500,0.0,0.0
2025-05-20 03:05:00+00:00,23.200000762939453,23.200000762939453,23.200000762939453,23.200000762939453,1000,0.0,0.0
2025-05-20 03:10:00+00:00,23.200000762939453,23.25,23.200000762939453,23.25,25000,0.0,0.0
2025-05-20 03:15:00+00:00,23.200000762939453,23.200000762939453,23.200000762939453,23.200000762939453,1000,0.0,0.0
2025-05-20 03:20:00+00:00,23.200000762939453,23.200000762939453,23.200000762939453,23.200000762939453,3000,0.0,0.0
2025-05-20 03:25:00+00:00,23.149999618530273,23.149999618530273,23.100000381469727,23.100000381469727,6000,0.0,0.0
2025-05-20 03:30:00+00:00,23.149999618530273,23.200000762939453,23.149999618530273,23.149999618530273,3017,0.0,0.0
2025-05-20 04:20:00+00:00,23.049999237060547,23.049999237060547,23.049999237060547,23.049999237060547,2095,0.0,0.0
2025-05-20 04:25:00+00:00,23.049999237060547,23.049999237060547,23.0,23.0,20100,0.0,0.0
2025-05-20 04:30:00+00:00,23.100000381469727,23.149999618530273,23.100000381469727,23.149999618530273,4000,0.0,0.0
2025-05-20 04:35:00+00:00,23.149999618530273,23.200000762939453,23.100000381469727,23.100000381469727,22000,0.0,0.0
2025-05-20 04:40:00+00:00,23.200000762939453,23.200000762939453,23.200000762939453,23.200000762939453,3000,0.0,0.0
2025-05-20 04:50:00+00:00,23.25,23.25,23.25,23.25,1015,0.0,0.0
2025-05-20 05:00:00+00:00,23.25,23.25,23.200000762939453,23.200000762939453,4100,0.0,0.0
2025-05-20 05:05:00+00:00,23.200000762939453,23.200000762939453,23.200000762939453,23.200000762939453,1000,0.0,0.0
2025-05-20 05:10:00+00:00,23.25,23.25,23.100000381469727,23.100000381469727,7000,0.0,0.0
2025-05-20 05:15:00+00:00,23.100000381469727,23.100000381469727,23.100000381469727,23.100000381469727,4000,0.0,0.0
2025-05-20 05:20:00+00:00,23.100000381469727,23.100000381469727,23.100000381469727,23.100000381469727,1532,0.0,0.0
2025-05-21 01:00:00+00:00,23.25,23.25,23.25,23.25,0,0.0,0.0
2025-05-21 01:05:00+00:00,23.299999237060547,23.350000381469727,23.299999237060547,23.350000381469727,2406,0.0,0.0
2025-05-21 01:15:00+00:00,23.399999618530273,23.450000762939453,23.399999618530273,23.450000762939453,7001,0.0,0.0
2025-05-21 01:25:00+00:00,23.450000762939453,23.450000762939453,23.450000762939453,23.450000762939453,4000,0.0,0.0
2025-05-21 01:30:00+00:00,23.5,23.5,23.5,23.5,1000,0.0,0.0
2025-05-21 01:35:00+00:00,23.450000762939453,23.450000762939453,23.450000762939453,23.450000762939453,1021,0.0,0.0
2025-05-21 01:40:00+00:00,23.5,23.5,23.5,23.5,3000,0.0,0.0
2025-05-21 01:45:00+00:00,23.5,23.5,23.5,23.5,1000,0.0,0.0
2025-05-21 01:50:00+00:00,23.5,23.5,23.5,23.5,1000,0.0,0.0
2025-05-21 01:55:00+00:00,23.450000762939453,23.450000762939453,23.450000762939453,23.450000762939453,1001,0.0,0.0
2025-05-21 02:00:00+00:00,23.450000762939453,23.450000762939453,23.450000762939453,23.450000762939453,2000,0.0,0.0
2025-05-21 02:05:00+00:00,23.299999237060547,23.299999237060547,23.299999237060547,23.299999237060547,2204,0.0,0.0
2025-05-21 02:15:00+00:00,23.299999237060547,23.299999237060547,23.299999237060547,23.299999237060547,1000,0.0,0.0
2025-05-21 02:20:00+00:00,23.299999237060547,23.299999237060547,23.299999237060547,23.299999237060547,20027,0.0,0.0
2025-05-21 02:30:00+00:00,23.450000762939453,23.450000762939453,23.450000762939453,23.450000762939453,4000,0.0,0.0
2025-05-21 02:55:00+00:00,23.450000762939453,23.450000762939453,23.450000762939453,23.450000762939453,1000,0.0,0.0
2025-05-21 03:00:00+00:00,23.450000762939453,23.450000762939453,23.450000762939453,23.450000762939453,3000,0.0,0.0
2025-05-21 03:05:00+00:00,23.450000762939453,23.450000762939453,23.450000762939453,23.450000762939453,1000,0.0,0.0
2025-05-21 03:10:00+00:00,23.5,23.5,23.5,23.5,1000,0.0,0.0
2025-05-21 03:15:00+00:00,23.5,23.5,23.5,23.5,1000,0.0,0.0
2025-05-21 03:20:00+00:00,23.5,23.5,23.5,23.5,1000,0.0,0.0
2025-05-21 03:25:00+00:00,23.5,23.5,23.5,23.5,1000,0.0,0.0
2025-05-21 03:30:00+00:00,23.5,23.5,23.5,23.5,16000,0.0,0.0
2025-05-21 03:35:00+00:00,23.5,23.5,23.5,23.5,2000,0.0,0.0
2025-05-21 03:40:00+00:00,23.549999237060547,23.549999237060547,23.549999237060547,23.549999237060547,5000,0.0,0.0
2025-05-21 03:45:00+00:00,23.5,23.5,23.5,23.5,2000,0.0,0.0
2025-05-21 03:50:00+00:00,23.600000381469727,23.600000381469727,23.600000381469727,23.600000381469727,1000,0.0,0.0
2025-05-21 04:05:00+00:00,23.549999237060547,23.549999237060547,23.549999237060547,23.549999237060547,1000,0.0,0.0
2025-05-21 04:10:00+00:00,23.600000381469727,23.600000381469727,23.600000381469727,23.600000381469727,1002,0.0,0.0
2025-05-21 04:15:00+00:00,23.600000381469727,23.600000381469727,23.549999237060547,23.549999237060547,12050,0.0,0.0
2025-05-21 04:20:00+00:00,23.600000381469727,23.649999618530273,23.600000381469727,23.649999618530273,17000,0.0,0.0
2025-05-21 04:30:00+00:00,23.700000762939453,23.700000762939453,23.649999618530273,23.649999618530273,4100,0.0,0.0
2025-05-21 04:40:00+00:00,23.700000762939453,23.700000762939453,23.700000762939453,23.700000762939453,2000,0.0,0.0
2025-05-21 05:00:00+00:00,23.649999618530273,23.649999618530273,23.649999618530273,23.649999618530273,3000,0.0,0.0
2025-05-21 05:05:00+00:00,23.600000381469727,23.600000381469727,23.600000381469727,23.600000381469727,1000,0.0,0.0
2025-05-21 05:10:00+00:00,23.649999618530273,23.75,23.649999618530273,23.75,33110,0.0,0.0
2025-05-21 05:15:00+00:00,23.799999237060547,23.799999237060547,23.799999237060547,23.799999237060547,18000,0.0,0.0
2025-05-21 05:20:00+00:00,23.75,23.799999237060547,23.75,23.75,4000,0.0,0.0
2025-05-22 01:00:00+00:00,23.75,23.75,23.75,23.75,0,0.0,0.0
2025-05-22 01:05:00+00:00,23.5,23.75,23.5,23.75,2030,0.0,0.0
2025-05-22 01:10:00+00:00,23.5,23.5,23.5,23.5,2000,0.0,0.0
2025-05-22 01:15:00+00:00,23.549999237060547,23.549999237060547,23.5,23.5,4000,0.0,0.0
2025-05-22 01:20:00+00:00,23.5,23.5,23.5,23.5,4000,0.0,0.0
2025-05-22 01:30:00+00:00,23.5,23.5,23.5,23.5,1209,0.0,0.0
2025-05-22 01:40:00+00:00,23.5,23.5,23.5,23.5,2251,0.0,0.0
2025-05-22 01:50:00+00:00,23.450000762939453,23.450000762939453,23.450000762939453,23.450000762939453,2390,0.0,0.0
2025-05-22 02:00:00+00:00,23.399999618530273,23.399999618530273,23.299999237060547,23.299999237060547,3000,0.0,0.0
2025-05-22 02:10:00+00:00,23.399999618530273,23.399999618530273,23.399999618530273,23.399999618530273,1000,0.0,0.0
2025-05-22 02:15:00+00:00,23.399999618530273,23.450000762939453,23.399999618530273,23.450000762939453,12000,0.0,0.0
2025-05-22 02:20:00+00:00,23.5,23.5,23.5,23.5,5000,0.0,0.0
2025-05-22 02:30:00+00:00,23.5,23.5,23.5,23.5,2000,0.0,0.0
2025-05-22 02:40:00+00:00,23.600000381469727,23.649999618530273,23.600000381469727,23.649999618530273,4011,0.0,0.0
2025-05-22 02:55:00+00:00,23.549999237060547,23.549999237060547,23.549999237060547,23.549999237060547,5000,0.0,0.0
2025-05-22 03:00:00+00:00,23.649999618530273,23.649999618530273,23.649999618530273,23.649999618530273,1000,0.0,0.0
2025-05-22 03:15:00+00:00,23.600000381469727,23.600000381469727,23.600000381469727,23.600000381469727,5000,0.0,0.0
2025-05-22 03:25:00+00:00,23.649999618530273,23.649999618530273,23.649999618530273,23.649999618530273,1000,0.0,0.0
2025-05-22 03:35:00+00:00,23.649999618530273,23.649999618530273,23.649999618530273,23.649999618530273,1009,0.0,0.0
2025-05-22 04:20:00+00:00,23.649999618530273,23.649999618530273,23.649999618530273,23.649999618530273,1000,0.0,0.0
2025-05-22 04:30:00+00:00,23.549999237060547,23.549999237060547,23.549999237060547,23.549999237060547,1000,0.0,0.0
2025-05-22 04:40:00+00:00,23.649999618530273,23.649999618530273,23.549999237060547,23.549999237060547,4050,0.0,0.0
2025-05-22 04:50:00+00:00,23.549999237060547,23.549999237060547,23.399999618530273,23.450000762939453,11083,0.0,0.0
2025-05-22 05:00:00+00:00,23.600000381469727,23.649999618530273,23.600000381469727,23.649999618530273,2002,0.0,0.0
2025-05-22 05:20:00+00:00,23.5,23.5,23.5,23.5,2017,0.0,0.0
2025-05-23 01:00:00+00:00,23.450000762939453,23.549999237060547,23.450000762939453,23.549999237060547,0,0.0,0.0
2025-05-23 01:05:00+00:00,23.5,23.549999237060547,23.5,23.549999237060547,2009,0.0,0.0
2025-05-23 01:10:00+00:00,23.5,23.5,23.5,23.5,2000,0.0,0.0
2025-05-23 01:20:00+00:00,23.5,23.5,23.5,23.5,3018,0.0,0.0
2025-05-23 01:35:00+00:00,23.450000762939453,23.450000762939453,23.450000762939453,23.450000762939453,4002,0.0,0.0
2025-05-23 01:40:00+00:00,23.5,23.5,23.5,23.5,1070,0.0,0.0
2025-05-23 02:05:00+00:00,23.450000762939453,23.450000762939453,23.450000762939453,23.450000762939453,1000,0.0,0.0
2025-05-23 02:10:00+00:00,23.450000762939453,23.450000762939453,23.450000762939453,23.450000762939453,2000,0.0,0.0
2025-05-23 02:25:00+00:00,23.450000762939453,23.450000762939453,23.450000762939453,23.450000762939453,1001,0.0,0.0
2025-05-23 02:35:00+00:00,23.450000762939453,23.450000762939453,23.450000762939453,23.450000762939453,1000,0.0,0.0
2025-05-23 02:40:00+00:00,23.399999618530273,23.399999618530273,23.399999618530273,23.399999618530273,7004,0.0,0.0
2025-05-23 02:50:00+00:00,23.5,23.5,23.5,23.5,2716,0.0,0.0
2025-05-23 04:30:00+00:00,23.399999618530273,23.399999618530273,23.399999618530273,23.399999618530273,4000,0.0,0.0
2025-05-23 04:40:00+00:00,23.450000762939453,23.450000762939453,23.450000762939453,23.450000762939453,1051,0.0,0.0
2025-05-23 04:55:00+00:00,23.350000381469727,23.350000381469727,23.350000381469727,23.350000381469727,6101,0.0,0.0
2025-05-23 05:00:00+00:00,23.350000381469727,23.450000762939453,23.350000381469727,23.450000762939453,3221,0.0,0.0
2025-05-23 05:10:00+00:00,23.399999618530273,23.399999618530273,23.399999618530273,23.399999618530273,1000,0.0,0.0
2025-05-23 05:15:00+00:00,23.350000381469727,23.399999618530273,23.350000381469727,23.399999618530273,2000,0.0,0.0
2025-05-23 05:20:00+00:00,23.450000762939453,23.450000762939453,23.450000762939453,23.450000762939453,3207,0.0,0.0
2025-05-26 01:00:00+00:00,23.549999237060547,23.549999237060547,23.299999237060547,23.299999237060547,0,0.0,0.0
2025-05-26 01:05:00+00:00,23.350000381469727,23.350000381469727,23.350000381469727,23.350000381469727,3042,0.0,0.0
2025-05-26 01:10:00+00:00,23.350000381469727,23.350000381469727,23.350000381469727,23.350000381469727,1000,0.0,0.0
2025-05-26 01:20:00+00:00,23.399999618530273,23.399999618530273,23.399999618530273,23.399999618530273,1000,0.0,0.0
2025-05-26 01:25:00+00:00,23.350000381469727,23.350000381469727,23.350000381469727,23.350000381469727,2000,0.0,0.0
2025-05-26 01:30:00+00:00,23.350000381469727,23.350000381469727,23.299999237060547,23.350000381469727,55000,0.0,0.0
2025-05-26 01:35:00+00:00,23.350000381469727,23.399999618530273,23.350000381469727,23.399999618530273,5000,0.0,0.0
2025-05-26 01:40:00+00:00,23.350000381469727,23.549999237060547,23.350000381469727,23.399999618530273,9467,0.0,0.0
2025-05-26 01:45:00+00:00,23.5,23.5,23.5,23.5,2000,0.0,0.0
2025-05-26 01:50:00+00:00,23.450000762939453,23.600000381469727,23.450000762939453,23.450000762939453,8000,0.0,0.0
2025-05-26 01:55:00+00:00,23.450000762939453,23.450000762939453,23.450000762939453,23.450000762939453,4000,0.0,0.0
2025-05-26 02:00:00+00:00,23.450000762939453,23.549999237060547,23.450000762939453,23.549999237060547,2000,0.0,0.0
2025-05-26 02:10:00+00:00,23.399999618530273,23.399999618530273,23.399999618530273,23.399999618530273,11038,0.0,0.0
2025-05-26 02:15:00+00:00,23.399999618530273,23.399999618530273,23.399999618530273,23.399999618530273,9000,0.0,0.0
2025-05-26 02:20:00+00:00,23.450000762939453,23.450000762939453,23.450000762939453,23.450000762939453,3000,0.0,0.0
2025-05-26 02:25:00+00:00,23.450000762939453,23.450000762939453,23.450000762939453,23.450000762939453,3000,0.0,0.0
2025-05-26 02:30:00+00:00,23.450000762939453,23.450000762939453,23.450000762939453,23.450000762939453,2000,0.0,0.0
2025-05-26 02:35:00+00:00,23.450000762939453,23.450000762939453,23.450000762939453,23.450000762939453,5000,0.0,0.0
2025-05-26 02:40:00+00:00,23.5,23.5,23.5,23.5,4000,0.0,0.0
2025-05-26 02:50:00+00:00,23.549999237060547,23.549999237060547,23.549999237060547,23.549999237060547,1000,0.0,0.0
2025-05-26 03:10:00+00:00,23.5,23.5,23.5,23.5,1050,0.0,0.0
2025-05-26 03:20:00+00:00,23.5,23.5,23.5,23.5,1000,0.0,0.0
2025-05-26 03:30:00+00:00,23.5,23.5,23.5,23.5,1000,0.0,0.0
2025-05-26 03:40:00+00:00,23.450000762939453,23.450000762939453,23.450000762939453,23.450000762939453,4000,0.0,0.0
2025-05-26 03:50:00+00:00,23.5,23.5,23.5,23.5,1045,0.0,0.0
2025-05-26 03:55:00+00:00,23.450000762939453,23.450000762939453,23.450000762939453,23.450000762939453,2015,0.0,0.0
2025-05-26 04:10:00+00:00,23.450000762939453,23.450000762939453,23.450000762939453,23.450000762939453,3000,0.0,0.0
2025-05-26 04:20:00+00:00,23.5,23.5,23.5,23.5,2050,0.0,0.0
2025-05-26 04:35:00+00:00,23.5,23.5,23.5,23.5,2001,0.0,0.0
2025-05-26 04:40:00+00:00,23.450000762939453,23.450000762939453,23.399999618530273,23.399999618530273,25000,0.0,0.0
2025-05-26 04:45:00+00:00,23.399999618530273,23.399999618530273,23.399999618530273,23.399999618530273,11000,0.0,0.0
2025-05-26 04:50:00+00:00,23.450000762939453,23.5,23.450000762939453,23.450000762939453,7000,0.0,0.0
2025-05-26 05:00:00+00:00,23.450000762939453,23.450000762939453,23.450000762939453,23.450000762939453,1000,0.0,0.0
2025-05-26 05:10:00+00:00,23.399999618530273,23.399999618530273,23.399999618530273,23.399999618530273,3234,0.0,0.0
2025-05-26 05:15:00+00:00,23.399999618530273,23.399999618530273,23.399999618530273,23.399999618530273,4000,0.0,0.0
2025-05-26 05:20:00+00:00,23.399999618530273,23.399999618530273,23.399999618530273,23.399999618530273,5462,0.0,0.0
2025-05-27 01:00:00+00:00,23.5,23.5,23.5,23.5,0,0.0,0.0
2025-05-27 01:05:00+00:00,23.350000381469727,23.350000381469727,23.350000381469727,23.350000381469727,1003,0.0,0.0
2025-05-27 01:10:00+00:00,23.350000381469727,23.350000381469727,23.350000381469727,23.350000381469727,5000,0.0,0.0
2025-05-27 01:15:00+00:00,23.399999618530273,23.399999618530273,23.399999618530273,23.399999618530273,2000,0.0,0.0
2025-05-27 01:25:00+00:00,23.5,23.5,23.5,23.5,1001,0.0,0.0
2025-05-27 01:35:00+00:00,23.450000762939453,23.450000762939453,23.450000762939453,23.450000762939453,1000,0.0,0.0
2025-05-27 01:45:00+00:00,23.350000381469727,23.350000381469727,23.350000381469727,23.350000381469727,1000,0.0,0.0
2025-05-27 01:50:00+00:00,23.350000381469727,23.350000381469727,23.350000381469727,23.350000381469727,4000,0.0,0.0
2025-05-27 02:00:00+00:00,23.450000762939453,23.450000762939453,23.450000762939453,23.450000762939453,1000,0.0,0.0
2025-05-27 02:05:00+00:00,23.350000381469727,23.350000381469727,23.299999237060547,23.299999237060547,7000,0.0,0.0
2025-05-27 02:10:00+00:00,23.299999237060547,23.399999618530273,23.25,23.399999618530273,5000,0.0,0.0
2025-05-27 02:15:00+00:00,23.350000381469727,23.350000381469727,23.350000381469727,23.350000381469727,2000,0.0,0.0
2025-05-27 02:20:00+00:00,23.350000381469727,23.399999618530273,23.350000381469727,23.399999618530273,2000,0.0,0.0
2025-05-27 02:25:00+00:00,23.350000381469727,23.350000381469727,23.200000762939453,23.200000762939453,13000,0.0,0.0
2025-05-27 02:30:00+00:00,23.350000381469727,23.399999618530273,23.350000381469727,23.399999618530273,2000,0.0,0.0
2025-05-27 02:40:00+00:00,23.350000381469727,23.350000381469727,23.350000381469727,23.350000381469727,1281,0.0,0.0
2025-05-27 03:15:00+00:00,23.25,23.25,23.25,23.25,1050,0.0,0.0
2025-05-27 03:40:00+00:00,23.299999237060547,23.299999237060547,23.299999237060547,23.299999237060547,1005,0.0,0.0
2025-05-27 03:55:00+00:00,23.299999237060547,23.299999237060547,23.299999237060547,23.299999237060547,3000,0.0,0.0
2025-05-27 04:00:00+00:00,23.350000381469727,23.350000381469727,23.299999237060547,23.299999237060547,9000,0.0,0.0
2025-05-27 04:10:00+00:00,23.25,23.25,23.25,23.25,5000,0.0,0.0
2025-05-27 04:20:00+00:00,23.299999237060547,23.299999237060547,23.25,23.25,3022,0.0,0.0
2025-05-27 04:25:00+00:00,23.25,23.25,23.200000762939453,23.200000762939453,6000,0.0,0.0
2025-05-27 04:30:00+00:00,23.200000762939453,23.200000762939453,23.200000762939453,23.200000762939453,1000,0.0,0.0
2025-05-27 04:35:00+00:00,23.200000762939453,23.200000762939453,23.200000762939453,23.200000762939453,1000,0.0,0.0
2025-05-27 04:40:00+00:00,23.200000762939453,23.299999237060547,23.200000762939453,23.299999237060547,4000,0.0,0.0
2025-05-27 04:45:00+00:00,23.299999237060547,23.299999237060547,23.299999237060547,23.299999237060547,1110,0.0,0.0
2025-05-27 05:15:00+00:00,23.200000762939453,23.25,23.200000762939453,23.25,7000,0.0,0.0
2025-05-27 05:20:00+00:00,23.299999237060547,23.299999237060547,23.299999237060547,23.299999237060547,2048,0.0,0.0
2025-05-28 01:00:00+00:00,23.399999618530273,23.399999618530273,23.399999618530273,23.399999618530273,0,0.0,0.0
2025-05-28 01:25:00+00:00,23.399999618530273,23.399999618530273,23.350000381469727,23.350000381469727,4051,0.0,0.0
2025-05-28 01:45:00+00:00,23.299999237060547,23.299999237060547,23.299999237060547,23.299999237060547,1000,0.0,0.0
2025-05-28 01:50:00+00:00,23.350000381469727,23.350000381469727,23.350000381469727,23.350000381469727,2261,0.0,0.0
2025-05-28 02:05:00+00:00,23.350000381469727,23.350000381469727,23.350000381469727,23.350000381469727,1009,0.0,0.0
2025-05-28 02:15:00+00:00,23.350000381469727,23.350000381469727,23.350000381469727,23.350000381469727,2000,0.0,0.0
2025-05-28 02:35:00+00:00,23.350000381469727,23.350000381469727,23.350000381469727,23.350000381469727,1000,0.0,0.0
2025-05-28 02:40:00+00:00,23.350000381469727,23.350000381469727,23.350000381469727,23.350000381469727,2000,0.0,0.0
2025-05-28 02:45:00+00:00,23.350000381469727,23.350000381469727,23.350000381469727,23.350000381469727,10000,0.0,0.0
2025-05-28 02:50:00+00:00,23.399999618530273,23.399999618530273,23.399999618530273,23.399999618530273,1020,0.0,0.0
2025-05-28 03:10:00+00:00,23.399999618530273,23.399999618530273,23.299999237060547,23.299999237060547,4001,0.0,0.0
2025-05-28 03:15:00+00:00,23.350000381469727,23.350000381469727,23.299999237060547,23.299999237060547,7000,0.0,0.0
2025-05-28 03:20:00+00:00,23.399999618530273,23.399999618530273,23.399999618530273,23.399999618530273,1000,0.0,0.0
2025-05-28 03:30:00+00:00,23.399999618530273,23.399999618530273,23.399999618530273,23.399999618530273,1000,0.0,0.0
2025-05-28 03:45:00+00:00,23.350000381469727,23.350000381469727,23.350000381469727,23.350000381469727,4008,0.0,0.0
2025-05-28 03:50:00+00:00,23.399999618530273,23.399999618530273,23.399999618530273,23.399999618530273,1001,0.0,0.0
2025-05-28 04:05:00+00:00,23.399999618530273,23.399999618530273,23.399999618530273,23.399999618530273,1210,0.0,0.0
2025-05-28 04:35:00+00:00,23.25,23.25,23.200000762939453,23.200000762939453,8361,0.0,0.0
2025-05-28 04:40:00+00:00,23.149999618530273,23.149999618530273,23.149999618530273,23.149999618530273,1000,0.0,0.0
2025-05-28 04:45:00+00:00,23.25,23.299999237060547,23.25,23.299999237060547,2000,0.0,0.0
2025-05-28 04:50:00+00:00,23.299999237060547,23.299999237060547,23.149999618530273,23.149999618530273,3001,0.0,0.0
2025-05-28 04:55:00+00:00,23.25,23.25,23.25,23.25,1001,0.0,0.0
2025-05-28 05:00:00+00:00,23.299999237060547,23.299999237060547,23.200000762939453,23.25,3000,0.0,0.0
2025-05-28 05:05:00+00:00,23.299999237060547,23.299999237060547,23.299999237060547,23.299999237060547,2283,0.0,0.0
2025-05-29 01:00:00+00:00,23.399999618530273,23.399999618530273,23.399999618530273,23.399999618530273,0,0.0,0.0
2025-05-29 01:05:00+00:00,23.350000381469727,23.350000381469727,23.350000381469727,23.350000381469727,1002,0.0,0.0
2025-05-29 01:10:00+00:00,23.350000381469727,23.350000381469727,23.350000381469727,23.350000381469727,1001,0.0,0.0
2025-05-29 01:20:00+00:00,23.25,23.25,23.25,23.25,1000,0.0,0.0
2025-05-29 01:25:00+00:00,23.200000762939453,23.200000762939453,23.149999618530273,23.149999618530273,4009,0.0,0.0
2025-05-29 01:30:00+00:00,23.100000381469727,23.100000381469727,23.100000381469727,23.100000381469727,2000,0.0,0.0
2025-05-29 01:35:00+00:00,23.100000381469727,23.100000381469727,23.100000381469727,23.100000381469727,3000,0.0,0.0
2025-05-29 01:40:00+00:00,23.200000762939453,23.200000762939453,23.200000762939453,23.200000762939453,1000,0.0,0.0
2025-05-29 01:50:00+00:00,23.200000762939453,23.200000762939453,23.200000762939453,23.200000762939453,1000,0.0,0.0
2025-05-29 01:55:00+00:00,23.25,23.25,23.25,23.25,1000,0.0,0.0
2025-05-29 02:10:00+00:00,23.25,23.25,23.25,23.25,1001,0.0,0.0
2025-05-29 02:35:00+00:00,23.100000381469727,23.100000381469727,23.100000381469727,23.100000381469727,6050,0.0,0.0
2025-05-29 02:40:00+00:00,23.100000381469727,23.100000381469727,23.049999237060547,23.049999237060547,16050,0.0,0.0
2025-05-29 02:45:00+00:00,23.0,23.049999237060547,23.0,23.0,12010,0.0,0.0
2025-05-29 02:50:00+00:00,23.100000381469727,23.100000381469727,23.100000381469727,23.100000381469727,4000,0.0,0.0
2025-05-29 03:00:00+00:00,23.149999618530273,23.149999618530273,23.149999618530273,23.149999618530273,1000,0.0,0.0
2025-05-29 03:15:00+00:00,23.0,23.0,23.0,23.0,27000,0.0,0.0
2025-05-29 03:25:00+00:00,23.0,23.149999618530273,23.0,23.149999618530273,1000,0.0,0.0
2025-05-29 03:30:00+00:00,23.149999618530273,23.25,23.149999618530273,23.25,5102,0.0,0.0
2025-05-29 03:40:00+00:00,23.25,23.25,23.25,23.25,1002,0.0,0.0
2025-05-29 03:55:00+00:00,23.100000381469727,23.100000381469727,23.100000381469727,23.100000381469727,1000,0.0,0.0
2025-05-29 04:00:00+00:00,23.200000762939453,23.299999237060547,23.149999618530273,23.149999618530273,7001,0.0,0.0
2025-05-29 04:05:00+00:00,23.200000762939453,23.25,23.200000762939453,23.25,2001,0.0,0.0
2025-05-29 04:10:00+00:00,23.299999237060547,23.299999237060547,23.299999237060547,23.299999237060547,2101,0.0,0.0
2025-05-29 04:25:00+00:00,23.200000762939453,23.200000762939453,23.149999618530273,23.200000762939453,8006,0.0,0.0
2025-05-29 04:30:00+00:00,23.25,23.25,23.25,23.25,1000,0.0,0.0
2025-05-29 04:45:00+00:00,23.100000381469727,23.200000762939453,23.100000381469727,23.200000762939453,2000,0.0,0.0
2025-05-29 04:55:00+00:00,23.149999618530273,23.25,23.149999618530273,23.25,3000,0.0,0.0
2025-05-29 05:00:00+00:00,23.299999237060547,23.299999237060547,23.299999237060547,23.299999237060547,1000,0.0,0.0
2025-05-29 05:05:00+00:00,23.200000762939453,23.200000762939453,23.200000762939453,23.200000762939453,3000,0.0,0.0
2025-05-29 05:10:00+00:00,23.25,23.299999237060547,23.25,23.299999237060547,2000,0.0,0.0
2025-05-29 05:15:00+00:00,23.200000762939453,23.25,23.200000762939453,23.200000762939453,3000,0.0,0.0
2025-05-29 05:20:00+00:00,23.25,23.25,23.25,23.25,1000,0.0,0.0
2025-06-02 01:00:00+00:00,23.200000762939453,23.200000762939453,23.0,23.0,0,0.0,0.0
2025-06-02 01:15:00+00:00,23.0,23.0,22.799999237060547,22.799999237060547,9102,0.0,0.0
2025-06-02 01:20:00+00:00,22.799999237060547,22.799999237060547,22.799999237060547,22.799999237060547,3045,0.0,0.0
2025-06-02 01:25:00+00:00,22.799999237060547,22.799999237060547,22.75,22.75,5165,0.0,0.0
2025-06-02 01:35:00+00:00,22.75,22.75,22.75,22.75,1000,0.0,0.0
2025-06-02 01:40:00+00:00,22.75,22.75,22.700000762939453,22.700000762939453,2000,0.0,0.0
2025-06-02 01:45:00+00:00,22.700000762939453,22.700000762939453,22.700000762939453,22.700000762939453,9001,0.0,0.0
2025-06-02 01:55:00+00:00,22.700000762939453,22.700000762939453,22.649999618530273,22.649999618530273,2000,0.0,0.0
2025-06-02 02:00:00+00:00,22.700000762939453,22.700000762939453,22.700000762939453,22.700000762939453,1000,0.0,0.0
2025-06-02 02:05:00+00:00,22.75,22.75,22.75,22.75,1234,0.0,0.0
2025-06-02 02:10:00+00:00,22.75,22.75,22.75,22.75,1000,0.0,0.0
2025-06-02 02:15:00+00:00,22.700000762939453,22.700000762939453,22.700000762939453,22.700000762939453,1000,0.0,0.0
2025-06-02 02:20:00+00:00,22.75,22.75,22.700000762939453,22.700000762939453,4000,0.0,0.0
2025-06-02 02:25:00+00:00,22.75,22.75,22.75,22.75,5000,0.0,0.0
2025-06-02 02:30:00+00:00,22.799999237060547,22.850000381469727,22.75,22.75,4000,0.0,0.0
2025-06-02 02:35:00+00:00,22.700000762939453,22.700000762939453,22.700000762939453,22.700000762939453,3000,0.0,0.0
2025-06-02 02:40:00+00:00,22.799999237060547,22.850000381469727,22.799999237060547,22.850000381469727,2000,0.0,0.0
2025-06-02 02:50:00+00:00,22.75,22.75,22.700000762939453,22.700000762939453,5061,0.0,0.0
2025-06-02 02:55:00+00:00,22.700000762939453,22.700000762939453,22.700000762939453,22.700000762939453,1000,0.0,0.0
2025-06-02 03:00:00+00:00,22.75,22.75,22.700000762939453,22.700000762939453,7000,0.0,0.0
2025-06-02 03:10:00+00:00,22.75,22.75,22.75,22.75,1020,0.0,0.0
2025-06-02 03:15:00+00:00,22.649999618530273,22.700000762939453,22.649999618530273,22.700000762939453,0,0.0,0.0
2025-06-02 03:20:00+00:00,22.700000762939453,22.75,22.700000762939453,22.75,84682,0.0,0.0
2025-06-02 03:25:00+00:00,22.649999618530273,22.649999618530273,22.649999618530273,22.649999618530273,11000,0.0,0.0
2025-06-02 03:30:00+00:00,22.649999618530273,22.649999618530273,22.649999618530273,22.649999618530273,3000,0.0,0.0
2025-06-02 03:45:00+00:00,22.649999618530273,22.700000762939453,22.649999618530273,22.700000762939453,3000,0.0,0.0
2025-06-02 04:10:00+00:00,22.700000762939453,22.700000762939453,22.700000762939453,22.700000762939453,2101,0.0,0.0
2025-06-02 04:30:00+00:00,22.700000762939453,22.700000762939453,22.700000762939453,22.700000762939453,4000,0.0,0.0
2025-06-02 04:40:00+00:00,22.700000762939453,22.75,22.700000762939453,22.75,2050,0.0,0.0
2025-06-02 04:45:00+00:00,22.799999237060547,22.799999237060547,22.799999237060547,22.799999237060547,1000,0.0,0.0
2025-06-02 04:50:00+00:00,22.75,22.75,22.75,22.75,1100,0.0,0.0
2025-06-02 05:00:00+00:00,22.75,22.75,22.75,22.75,1006,0.0,0.0
2025-06-02 05:15:00+00:00,22.75,22.75,22.75,22.75,2000,0.0,0.0
2025-06-02 05:20:00+00:00,22.799999237060547,22.850000381469727,22.75,22.850000381469727,8394,0.0,0.0
2025-06-03 01:00:00+00:00,22.799999237060547,22.799999237060547,22.799999237060547,22.799999237060547,0,0.0,0.0
2025-06-03 01:05:00+00:00,22.799999237060547,22.799999237060547,22.799999237060547,22.799999237060547,5001,0.0,0.0
2025-06-03 01:10:00+00:00,22.799999237060547,22.850000381469727,22.799999237060547,22.850000381469727,9000,0.0,0.0
2025-06-03 01:20:00+00:00,22.899999618530273,22.899999618530273,22.899999618530273,22.899999618530273,3000,0.0,0.0
2025-06-03 01:25:00+00:00,22.799999237060547,22.799999237060547,22.799999237060547,22.799999237060547,1000,0.0,0.0
2025-06-03 01:30:00+00:00,22.75,22.850000381469727,22.75,22.850000381469727,2155,0.0,0.0
2025-06-03 01:35:00+00:00,22.850000381469727,22.850000381469727,22.850000381469727,22.850000381469727,4000,0.0,0.0
2025-06-03 01:50:00+00:00,22.899999618530273,22.950000762939453,22.899999618530273,22.950000762939453,3000,0.0,0.0
2025-06-03 01:55:00+00:00,22.950000762939453,22.950000762939453,22.950000762939453,22.950000762939453,2000,0.0,0.0
2025-06-03 02:00:00+00:00,22.950000762939453,22.950000762939453,22.850000381469727,22.850000381469727,7001,0.0,0.0
2025-06-03 02:10:00+00:00,22.899999618530273,22.899999618530273,22.75,22.75,4001,0.0,0.0
2025-06-03 02:20:00+00:00,22.899999618530273,22.899999618530273,22.899999618530273,22.899999618530273,1020,0.0,0.0
2025-06-03 02:30:00+00:00,22.799999237060547,22.799999237060547,22.799999237060547,22.799999237060547,2000,0.0,0.0
2025-06-03 03:10:00+00:00,22.799999237060547,22.799999237060547,22.799999237060547,22.799999237060547,1000,0.0,0.0
2025-06-03 03:15:00+00:00,22.75,22.75,22.75,22.75,1000,0.0,0.0
2025-06-03 03:25:00+00:00,22.799999237060547,22.799999237060547,22.799999237060547,22.799999237060547,7000,0.0,0.0
2025-06-03 03:35:00+00:00,22.799999237060547,22.799999237060547,22.799999237060547,22.799999237060547,2000,0.0,0.0
2025-06-03 03:40:00+00:00,22.899999618530273,22.899999618530273,22.899999618530273,22.899999618530273,1000,0.0,0.0
2025-06-03 03:50:00+00:00,22.899999618530273,22.899999618530273,22.899999618530273,22.899999618530273,1000,0.0,0.0
2025-06-03 04:00:00+00:00,22.799999237060547,22.799999237060547,22.799999237060547,22.799999237060547,1000,0.0,0.0
2025-06-03 04:05:00+00:00,22.799999237060547,22.799999237060547,22.799999237060547,22.799999237060547,1000,0.0,0.0
2025-06-03 04:15:00+00:00,22.799999237060547,22.799999237060547,22.799999237060547,22.799999237060547,1000,0.0,0.0
2025-06-03 04:20:00+00:00,22.899999618530273,22.899999618530273,22.799999237060547,22.799999237060547,2000,0.0,0.0
2025-06-03 04:25:00+00:00,22.799999237060547,22.799999237060547,22.799999237060547,22.799999237060547,1000,0.0,0.0
2025-06-03 04:35:00+00:00,22.799999237060547,22.799999237060547,22.799999237060547,22.799999237060547,5000,0.0,0.0
2025-06-03 04:40:00+00:00,22.850000381469727,22.850000381469727,22.799999237060547,22.799999237060547,2000,0.0,0.0
2025-06-03 04:45:00+00:00,22.799999237060547,22.799999237060547,22.799999237060547,22.799999237060547,1000,0.0,0.0
2025-06-03 04:50:00+00:00,22.799999237060547,22.799999237060547,22.799999237060547,22.799999237060547,5000,0.0,0.0
2025-06-03 05:00:00+00:00,22.850000381469727,22.850000381469727,22.799999237060547,22.799999237060547,3000,0.0,0.0
2025-06-03 05:05:00+00:00,22.850000381469727,22.850000381469727,22.850000381469727,22.850000381469727,1000,0.0,0.0
2025-06-03 05:10:00+00:00,22.850000381469727,22.850000381469727,22.850000381469727,22.850000381469727,1002,0.0,0.0
2025-06-03 05:15:00+00:00,22.799999237060547,22.799999237060547,22.799999237060547,22.799999237060547,1001,0.0,0.0
2025-06-03 05:20:00+00:00,22.850000381469727,22.850000381469727,22.799999237060547,22.799999237060547,3241,0.0,0.0
2025-06-04 01:00:00+00:00,22.950000762939453,23.100000381469727,22.950000762939453,23.100000381469727,4000,0.0,0.0
2025-06-04 01:05:00+00:00,23.149999618530273,23.149999618530273,23.149999618530273,23.149999618530273,1003,0.0,0.0
2025-06-04 01:10:00+00:00,23.100000381469727,23.149999618530273,23.100000381469727,23.149999618530273,2000,0.0,0.0
2025-06-04 01:40:00+00:00,23.100000381469727,23.100000381469727,23.049999237060547,23.049999237060547,10000,0.0,0.0
2025-06-04 01:50:00+00:00,23.049999237060547,23.049999237060547,23.049999237060547,23.049999237060547,0,0.0,0.0
2025-06-04 02:00:00+00:00,23.100000381469727,23.100000381469727,23.100000381469727,23.100000381469727,20023,0.0,0.0
2025-06-04 02:10:00+00:00,23.100000381469727,23.100000381469727,23.100000381469727,23.100000381469727,1080,0.0,0.0
2025-06-04 02:15:00+00:00,23.100000381469727,23.149999618530273,23.100000381469727,23.149999618530273,9001,0.0,0.0
2025-06-04 02:20:00+00:00,23.149999618530273,23.149999618530273,23.149999618530273,23.149999618530273,2004,0.0,0.0
2025-06-04 02:30:00+00:00,23.149999618530273,23.200000762939453,23.149999618530273,23.149999618530273,9179,0.0,0.0
2025-06-04 02:35:00+00:00,23.149999618530273,23.149999618530273,23.149999618530273,23.149999618530273,1000,0.0,0.0
2025-06-04 02:40:00+00:00,23.200000762939453,23.200000762939453,23.200000762939453,23.200000762939453,2000,0.0,0.0
2025-06-04 03:00:00+00:00,23.149999618530273,23.149999618530273,23.149999618530273,23.149999618530273,1109,0.0,0.0
2025-06-04 03:05:00+00:00,23.200000762939453,23.200000762939453,23.200000762939453,23.200000762939453,1000,0.0,0.0
2025-06-04 03:10:00+00:00,23.200000762939453,23.200000762939453,23.200000762939453,23.200000762939453,3000,0.0,0.0
2025-06-04 03:20:00+00:00,23.200000762939453,23.200000762939453,23.200000762939453,23.200000762939453,26135,0.0,0.0
2025-06-04 03:25:00+00:00,23.25,23.25,23.25,23.25,4020,0.0,0.0
2025-06-04 03:30:00+00:00,23.200000762939453,23.25,23.200000762939453,23.25,4000,0.0,0.0
2025-06-04 03:40:00+00:00,23.200000762939453,23.200000762939453,23.200000762939453,23.200000762939453,1000,0.0,0.0
2025-06-04 03:50:00+00:00,23.100000381469727,23.100000381469727,23.100000381469727,23.100000381469727,3000,0.0,0.0
2025-06-04 04:00:00+00:00,23.100000381469727,23.100000381469727,22.950000762939453,22.950000762939453,29015,0.0,0.0
2025-06-04 04:05:00+00:00,23.0,23.0,23.0,23.0,1357,0.0,0.0
2025-06-04 04:10:00+00:00,23.049999237060547,23.200000762939453,23.049999237060547,23.200000762939453,4000,0.0,0.0
2025-06-04 04:20:00+00:00,23.200000762939453,23.200000762939453,23.200000762939453,23.200000762939453,3000,0.0,0.0
2025-06-04 04:30:00+00:00,23.200000762939453,23.200000762939453,23.200000762939453,23.200000762939453,3000,0.0,0.0
2025-06-04 04:35:00+00:00,23.200000762939453,23.200000762939453,23.200000762939453,23.200000762939453,1000,0.0,0.0
2025-06-04 04:40:00+00:00,23.200000762939453,23.200000762939453,23.200000762939453,23.200000762939453,3065,0.0,0.0
2025-06-04 05:05:00+00:00,23.200000762939453,23.200000762939453,23.200000762939453,23.200000762939453,1180,0.0,0.0
2025-06-04 05:10:00+00:00,23.200000762939453,23.200000762939453,23.200000762939453,23.200000762939453,1000,0.0,0.0
2025-06-04 05:15:00+00:00,23.100000381469727,23.100000381469727,23.100000381469727,23.100000381469727,4000,0.0,0.0
2025-06-04 05:20:00+00:00,23.049999237060547,23.049999237060547,23.049999237060547,23.049999237060547,1213,0.0,0.0
2025-06-05 01:00:00+00:00,23.100000381469727,23.100000381469727,23.100000381469727,23.100000381469727,2000,0.0,0.0
2025-06-05 01:05:00+00:00,23.100000381469727,23.100000381469727,23.100000381469727,23.100000381469727,1013,0.0,0.0
2025-06-05 01:15:00+00:00,23.100000381469727,23.100000381469727,23.100000381469727,23.100000381469727,1128,0.0,0.0
2025-06-05 01:20:00+00:00,23.100000381469727,23.100000381469727,23.100000381469727,23.100000381469727,5000,0.0,0.0
2025-06-05 01:30:00+00:00,23.100000381469727,23.100000381469727,23.100000381469727,23.100000381469727,1000,0.0,0.0
2025-06-05 01:35:00+00:00,23.049999237060547,23.049999237060547,23.049999237060547,23.049999237060547,17000,0.0,0.0
2025-06-05 01:45:00+00:00,23.100000381469727,23.149999618530273,23.100000381469727,23.149999618530273,8000,0.0,0.0
2025-06-05 01:50:00+00:00,23.100000381469727,23.25,23.100000381469727,23.25,5000,0.0,0.0
2025-06-05 02:00:00+00:00,23.25,23.25,23.25,23.25,1000,0.0,0.0
2025-06-05 02:05:00+00:00,23.200000762939453,23.200000762939453,23.149999618530273,23.149999618530273,2201,0.0,0.0
2025-06-05 02:15:00+00:00,23.100000381469727,23.100000381469727,23.0,23.0,37000,0.0,0.0
2025-06-05 02:20:00+00:00,23.0,23.149999618530273,23.0,23.149999618530273,4000,0.0,0.0
2025-06-05 02:30:00+00:00,23.200000762939453,23.200000762939453,23.200000762939453,23.200000762939453,3000,0.0,0.0
2025-06-05 02:40:00+00:00,23.200000762939453,23.200000762939453,23.200000762939453,23.200000762939453,1100,0.0,0.0
2025-06-05 03:10:00+00:00,23.200000762939453,23.200000762939453,23.200000762939453,23.200000762939453,1015,0.0,0.0
2025-06-05 04:05:00+00:00,23.100000381469727,23.100000381469727,23.100000381469727,23.100000381469727,6000,0.0,0.0
2025-06-05 04:10:00+00:00,23.200000762939453,23.200000762939453,23.200000762939453,23.200000762939453,1006,0.0,0.0
2025-06-05 04:25:00+00:00,23.100000381469727,23.100000381469727,23.100000381469727,23.100000381469727,1030,0.0,0.0
2025-06-05 04:35:00+00:00,23.049999237060547,23.049999237060547,23.049999237060547,23.049999237060547,3362,0.0,0.0
2025-06-05 04:40:00+00:00,23.149999618530273,23.149999618530273,23.049999237060547,23.049999237060547,4001,0.0,0.0
2025-06-05 04:45:00+00:00,23.100000381469727,23.100000381469727,23.100000381469727,23.100000381469727,1001,0.0,0.0
2025-06-05 05:10:00+00:00,23.0,23.0,23.0,23.0,1000,0.0,0.0
2025-06-05 05:15:00+00:00,23.049999237060547,23.049999237060547,23.049999237060547,23.049999237060547,8000,0.0,0.0
2025-06-05 05:20:00+00:00,23.0,23.0,23.0,23.0,1802,0.0,0.0
2025-06-06 01:00:00+00:00,23.100000381469727,23.100000381469727,23.100000381469727,23.100000381469727,1000,0.0,0.0
2025-06-06 01:05:00+00:00,23.049999237060547,23.049999237060547,23.0,23.0,6013,0.0,0.0
2025-06-06 01:10:00+00:00,23.100000381469727,23.350000381469727,23.100000381469727,23.100000381469727,18000,0.0,0.0
2025-06-06 01:20:00+00:00,23.350000381469727,23.350000381469727,23.350000381469727,23.350000381469727,2020,0.0,0.0
2025-06-06 01:30:00+00:00,23.350000381469727,23.350000381469727,23.350000381469727,23.350000381469727,1000,0.0,0.0
2025-06-06 01:35:00+00:00,23.149999618530273,23.149999618530273,23.100000381469727,23.100000381469727,2038,0.0,0.0
2025-06-06 01:40:00+00:00,23.149999618530273,23.149999618530273,23.149999618530273,23.149999618530273,2000,0.0,0.0
2025-06-06 01:50:00+00:00,23.100000381469727,23.100000381469727,23.100000381469727,23.100000381469727,3000,0.0,0.0
2025-06-06 02:00:00+00:00,23.299999237060547,23.350000381469727,23.299999237060547,23.350000381469727,14000,0.0,0.0
2025-06-06 02:05:00+00:00,23.299999237060547,23.299999237060547,23.299999237060547,23.299999237060547,3000,0.0,0.0
2025-06-06 02:10:00+00:00,23.299999237060547,23.299999237060547,23.299999237060547,23.299999237060547,2000,0.0,0.0
2025-06-06 02:20:00+00:00,23.299999237060547,23.299999237060547,23.299999237060547,23.299999237060547,1000,0.0,0.0
2025-06-06 02:35:00+00:00,23.100000381469727,23.100000381469727,23.100000381469727,23.100000381469727,1002,0.0,0.0
2025-06-06 03:00:00+00:00,23.299999237060547,23.299999237060547,23.299999237060547,23.299999237060547,17000,0.0,0.0
2025-06-06 03:20:00+00:00,23.299999237060547,23.299999237060547,23.299999237060547,23.299999237060547,0,0.0,0.0
2025-06-06 03:25:00+00:00,23.200000762939453,23.200000762939453,23.200000762939453,23.200000762939453,76073,0.0,0.0
2025-06-06 03:30:00+00:00,23.25,23.25,23.200000762939453,23.200000762939453,2001,0.0,0.0
2025-06-06 04:00:00+00:00,23.25,23.350000381469727,23.25,23.350000381469727,13104,0.0,0.0
2025-06-06 04:05:00+00:00,23.299999237060547,23.299999237060547,23.299999237060547,23.299999237060547,1000,0.0,0.0
2025-06-06 04:10:00+00:00,23.350000381469727,23.350000381469727,23.350000381469727,23.350000381469727,3015,0.0,0.0
2025-06-06 04:15:00+00:00,23.350000381469727,23.350000381469727,23.350000381469727,23.350000381469727,1001,0.0,0.0
2025-06-06 04:35:00+00:00,23.299999237060547,23.350000381469727,23.299999237060547,23.350000381469727,4001,0.0,0.0
2025-06-06 04:50:00+00:00,23.299999237060547,23.299999237060547,23.25,23.25,3030,0.0,0.0
2025-06-06 05:05:00+00:00,23.25,23.25,23.25,23.25,2000,0.0,0.0
2025-06-06 05:15:00+00:00,23.25,23.25,23.200000762939453,23.200000762939453,4000,0.0,0.0
2025-06-06 05:20:00+00:00,23.25,23.25,23.25,23.25,14202,0.0,0.0
2025-06-09 01:00:00+00:00,23.299999237060547,23.299999237060547,23.25,23.25,0,0.0,0.0
2025-06-09 01:10:00+00:00,23.149999618530273,23.299999237060547,23.0,23.299999237060547,44166,0.0,0.0
2025-06-09 01:15:00+00:00,23.049999237060547,23.149999618530273,23.049999237060547,23.149999618530273,6000,0.0,0.0
2025-06-09 01:20:00+00:00,23.149999618530273,23.200000762939453,23.149999618530273,23.200000762939453,6000,0.0,0.0
2025-06-09 01:25:00+00:00,23.100000381469727,23.100000381469727,23.100000381469727,23.100000381469727,1000,0.0,0.0
2025-06-09 01:30:00+00:00,23.100000381469727,23.200000762939453,23.0,23.0,15000,0.0,0.0
2025-06-09 01:35:00+00:00,23.0,23.0,23.0,23.0,14279,0.0,0.0
2025-06-09 01:40:00+00:00,23.100000381469727,23.25,22.950000762939453,22.950000762939453,16010,0.0,0.0
2025-06-09 01:50:00+00:00,23.0,23.049999237060547,22.950000762939453,23.049999237060547,9000,0.0,0.0
2025-06-09 01:55:00+00:00,22.950000762939453,23.0,22.899999618530273,23.0,16096,0.0,0.0
2025-06-09 02:00:00+00:00,23.0,23.149999618530273,22.950000762939453,22.950000762939453,23353,0.0,0.0
2025-06-09 02:05:00+00:00,22.899999618530273,22.950000762939453,22.850000381469727,22.850000381469727,8000,0.0,0.0
2025-06-09 02:10:00+00:00,22.850000381469727,22.850000381469727,22.850000381469727,22.850000381469727,1000,0.0,0.0
2025-06-09 02:20:00+00:00,22.850000381469727,22.950000762939453,22.850000381469727,22.950000762939453,11000,0.0,0.0
2025-06-09 02:25:00+00:00,22.850000381469727,22.850000381469727,22.850000381469727,22.850000381469727,1000,0.0,0.0
2025-06-09 02:30:00+00:00,22.950000762939453,22.950000762939453,22.950000762939453,22.950000762939453,2001,0.0,0.0
2025-06-09 02:35:00+00:00,22.899999618530273,22.899999618530273,22.850000381469727,22.850000381469727,2000,0.0,0.0
2025-06-09 02:40:00+00:00,22.799999237060547,22.799999237060547,22.799999237060547,22.799999237060547,1000,0.0,0.0
2025-06-09 02:45:00+00:00,22.850000381469727,22.850000381469727,22.850000381469727,22.850000381469727,1000,0.0,0.0
2025-06-09 02:50:00+00:00,22.950000762939453,22.950000762939453,22.799999237060547,22.799999237060547,6000,0.0,0.0
2025-06-09 02:55:00+00:00,22.850000381469727,22.850000381469727,22.850000381469727,22.850000381469727,2000,0.0,0.0
2025-06-09 03:00:00+00:00,22.950000762939453,23.100000381469727,22.950000762939453,23.049999237060547,17000,0.0,0.0
2025-06-09 03:10:00+00:00,23.049999237060547,23.049999237060547,23.0,23.049999237060547,6001,0.0,0.0
2025-06-09 03:20:00+00:00,23.0,23.0,23.0,23.0,1001,0.0,0.0
2025-06-09 03:35:00+00:00,22.899999618530273,22.899999618530273,22.899999618530273,22.899999618530273,4045,0.0,0.0
2025-06-09 04:00:00+00:00,22.899999618530273,23.049999237060547,22.899999618530273,23.049999237060547,11500,0.0,0.0
2025-06-09 04:15:00+00:00,22.850000381469727,22.850000381469727,22.850000381469727,22.850000381469727,1001,0.0,0.0
2025-06-09 04:25:00+00:00,22.850000381469727,22.850000381469727,22.850000381469727,22.850000381469727,1002,0.0,0.0
2025-06-09 04:40:00+00:00,23.0,23.0,23.0,23.0,1040,0.0,0.0
2025-06-09 04:50:00+00:00,23.0,23.0,22.899999618530273,22.899999618530273,3000,0.0,0.0
2025-06-09 04:55:00+00:00,22.899999618530273,22.899999618530273,22.899999618530273,22.899999618530273,1000,0.0,0.0
2025-06-09 05:00:00+00:00,22.899999618530273,22.899999618530273,22.899999618530273,22.899999618530273,1148,0.0,0.0
2025-06-09 05:15:00+00:00,22.899999618530273,22.899999618530273,22.899999618530273,22.899999618530273,1000,0.0,0.0
2025-06-09 05:20:00+00:00,22.899999618530273,22.899999618530273,22.850000381469727,22.850000381469727,2403,0.0,0.0
2025-06-10 01:00:00+00:00,23.0,23.0,23.0,23.0,1755,0.0,0.0
2025-06-10 01:20:00+00:00,23.0,23.049999237060547,23.0,23.049999237060547,13001,0.0,0.0
2025-06-10 01:30:00+00:00,23.100000381469727,23.149999618530273,23.100000381469727,23.100000381469727,7000,0.0,0.0
2025-06-10 01:40:00+00:00,23.100000381469727,23.100000381469727,23.100000381469727,23.100000381469727,6000,0.0,0.0
2025-06-10 01:45:00+00:00,23.100000381469727,23.100000381469727,23.100000381469727,23.100000381469727,3000,0.0,0.0
2025-06-10 01:50:00+00:00,23.149999618530273,23.149999618530273,23.149999618530273,23.149999618530273,5000,0.0,0.0
2025-06-10 01:55:00+00:00,23.149999618530273,23.149999618530273,23.149999618530273,23.149999618530273,12000,0.0,0.0
2025-06-10 02:00:00+00:00,23.200000762939453,23.200000762939453,23.100000381469727,23.100000381469727,6000,0.0,0.0
2025-06-10 02:05:00+00:00,23.149999618530273,23.25,23.149999618530273,23.200000762939453,12519,0.0,0.0
2025-06-10 02:10:00+00:00,23.149999618530273,23.25,23.149999618530273,23.25,4000,0.0,0.0
2025-06-10 02:15:00+00:00,23.200000762939453,23.200000762939453,23.200000762939453,23.200000762939453,2000,0.0,0.0
2025-06-10 02:20:00+00:00,23.200000762939453,23.200000762939453,23.200000762939453,23.200000762939453,1000,0.0,0.0
2025-06-10 02:25:00+00:00,23.200000762939453,23.200000762939453,23.200000762939453,23.200000762939453,3001,0.0,0.0
2025-06-10 02:30:00+00:00,23.25,23.25,23.25,23.25,2050,0.0,0.0
2025-06-10 02:40:00+00:00,23.25,23.25,23.25,23.25,1000,0.0,0.0
2025-06-10 02:45:00+00:00,23.25,23.25,23.25,23.25,1025,0.0,0.0
2025-06-10 02:50:00+00:00,23.25,23.25,23.25,23.25,1000,0.0,0.0
2025-06-10 03:05:00+00:00,23.200000762939453,23.200000762939453,23.200000762939453,23.200000762939453,5000,0.0,0.0
2025-06-10 03:25:00+00:00,23.100000381469727,23.100000381469727,23.100000381469727,23.100000381469727,20038,0.0,0.0
2025-06-10 03:35:00+00:00,23.200000762939453,23.200000762939453,23.200000762939453,23.200000762939453,8000,0.0,0.0
2025-06-10 03:40:00+00:00,23.25,23.25,23.25,23.25,2461,0.0,0.0
2025-06-10 03:55:00+00:00,23.149999618530273,23.149999618530273,23.149999618530273,23.149999618530273,5000,0.0,0.0
2025-06-10 04:00:00+00:00,23.200000762939453,23.200000762939453,23.100000381469727,23.100000381469727,3000,0.0,0.0
2025-06-10 04:30:00+00:00,23.100000381469727,23.100000381469727,23.100000381469727,23.100000381469727,2039,0.0,0.0
2025-06-10 04:40:00+00:00,23.200000762939453,23.200000762939453,23.200000762939453,23.200000762939453,17009,0.0,0.0
2025-06-10 05:05:00+00:00,23.100000381469727,23.149999618530273,23.100000381469727,23.149999618530273,7000,0.0,0.0
2025-06-10 05:10:00+00:00,23.149999618530273,23.149999618530273,23.149999618530273,23.149999618530273,1000,0.0,0.0
2025-06-10 05:20:00+00:00,23.200000762939453,23.200000762939453,23.200000762939453,23.200000762939453,9010,0.0,0.0
2025-06-11 01:00:00+00:00,23.100000381469727,23.100000381469727,23.049999237060547,23.049999237060547,4014,0.0,0.0
2025-06-11 01:10:00+00:00,23.0,23.0,23.0,23.0,1000,0.0,0.0
2025-06-11 01:15:00+00:00,23.049999237060547,23.049999237060547,23.049999237060547,23.049999237060547,3000,0.0,0.0
2025-06-11 01:25:00+00:00,23.049999237060547,23.049999237060547,23.049999237060547,23.049999237060547,6020,0.0,0.0
2025-06-11 01:30:00+00:00,23.100000381469727,23.100000381469727,23.100000381469727,23.100000381469727,1003,0.0,0.0
2025-06-11 01:40:00+00:00,23.100000381469727,23.100000381469727,23.100000381469727,23.100000381469727,3000,0.0,0.0
2025-06-11 01:45:00+00:00,23.049999237060547,23.049999237060547,23.049999237060547,23.049999237060547,4000,0.0,0.0
2025-06-11 01:50:00+00:00,23.0,23.0,23.0,23.0,1000,0.0,0.0
2025-06-11 02:00:00+00:00,23.100000381469727,23.100000381469727,23.100000381469727,23.100000381469727,2000,0.0,0.0
2025-06-11 02:05:00+00:00,23.0,23.0,22.950000762939453,22.950000762939453,20000,0.0,0.0
2025-06-11 02:10:00+00:00,23.049999237060547,23.100000381469727,23.049999237060547,23.100000381469727,3022,0.0,0.0
2025-06-11 02:20:00+00:00,23.100000381469727,23.100000381469727,23.100000381469727,23.100000381469727,1020,0.0,0.0
2025-06-11 02:40:00+00:00,23.100000381469727,23.100000381469727,23.100000381469727,23.100000381469727,1146,0.0,0.0
2025-06-11 02:55:00+00:00,23.0,23.0,23.0,23.0,2000,0.0,0.0
2025-06-11 03:00:00+00:00,23.0,23.0,22.899999618530273,22.899999618530273,34000,0.0,0.0
2025-06-11 03:05:00+00:00,22.899999618530273,22.899999618530273,22.899999618530273,22.899999618530273,1000,0.0,0.0
2025-06-11 03:10:00+00:00,23.0,23.0,23.0,23.0,6020,0.0,0.0
2025-06-11 03:15:00+00:00,22.850000381469727,22.850000381469727,22.850000381469727,22.850000381469727,1000,0.0,0.0
2025-06-11 03:20:00+00:00,22.899999618530273,22.899999618530273,22.899999618530273,22.899999618530273,3000,0.0,0.0
2025-06-11 03:25:00+00:00,22.899999618530273,22.950000762939453,22.899999618530273,22.950000762939453,0,0.0,0.0
2025-06-11 03:30:00+00:00,22.950000762939453,23.0,22.950000762939453,23.0,107245,0.0,0.0
2025-06-11 03:40:00+00:00,23.0,23.0,23.0,23.0,1008,0.0,0.0
2025-06-11 03:45:00+00:00,22.899999618530273,22.899999618530273,22.899999618530273,22.899999618530273,2000,0.0,0.0
2025-06-11 03:55:00+00:00,23.0,23.0,23.0,23.0,17000,0.0,0.0
2025-06-11 04:00:00+00:00,23.0,23.049999237060547,23.0,23.049999237060547,3000,0.0,0.0
2025-06-11 04:20:00+00:00,23.049999237060547,23.049999237060547,23.049999237060547,23.049999237060547,4000,0.0,0.0
2025-06-11 04:30:00+00:00,23.100000381469727,23.100000381469727,23.100000381469727,23.100000381469727,1000,0.0,0.0
2025-06-11 04:40:00+00:00,23.049999237060547,23.049999237060547,23.049999237060547,23.049999237060547,1000,0.0,0.0
2025-06-11 04:55:00+00:00,23.049999237060547,23.049999237060547,23.049999237060547,23.049999237060547,1000,0.0,0.0
2025-06-11 05:00:00+00:00,23.0,23.0,23.0,23.0,5000,0.0,0.0
2025-06-11 05:10:00+00:00,23.0,23.0,22.950000762939453,23.0,5200,0.0,0.0
2025-06-11 05:20:00+00:00,22.950000762939453,22.950000762939453,22.950000762939453,22.950000762939453,4202,0.0,0.0
2025-06-12 01:00:00+00:00,23.100000381469727,23.100000381469727,22.950000762939453,22.950000762939453,4013,0.0,0.0
2025-06-12 01:10:00+00:00,22.950000762939453,22.950000762939453,22.950000762939453,22.950000762939453,6000,0.0,0.0
2025-06-12 01:20:00+00:00,23.0,23.0,23.0,23.0,5000,0.0,0.0
2025-06-12 01:30:00+00:00,23.0,23.0,23.0,23.0,2001,0.0,0.0
2025-06-12 01:45:00+00:00,22.950000762939453,22.950000762939453,22.950000762939453,22.950000762939453,1120,0.0,0.0
2025-06-12 01:55:00+00:00,22.950000762939453,22.950000762939453,22.950000762939453,22.950000762939453,3000,0.0,0.0
2025-06-12 02:00:00+00:00,22.950000762939453,22.950000762939453,22.899999618530273,22.899999618530273,4000,0.0,0.0
2025-06-12 02:05:00+00:00,22.899999618530273,22.899999618530273,22.899999618530273,22.899999618530273,2001,0.0,0.0
2025-06-12 02:10:00+00:00,22.950000762939453,22.950000762939453,22.950000762939453,22.950000762939453,1000,0.0,0.0
2025-06-12 02:20:00+00:00,22.950000762939453,22.950000762939453,22.950000762939453,22.950000762939453,2011,0.0,0.0
2025-06-12 02:35:00+00:00,22.950000762939453,22.950000762939453,22.950000762939453,22.950000762939453,1300,0.0,0.0
2025-06-12 02:50:00+00:00,22.950000762939453,22.950000762939453,22.950000762939453,22.950000762939453,1036,0.0,0.0
2025-06-12 03:10:00+00:00,23.0,23.049999237060547,23.0,23.049999237060547,13050,0.0,0.0
2025-06-12 03:25:00+00:00,22.950000762939453,23.049999237060547,22.950000762939453,23.049999237060547,5000,0.0,0.0
2025-06-12 03:30:00+00:00,23.049999237060547,23.049999237060547,23.049999237060547,23.049999237060547,1000,0.0,0.0
2025-06-12 03:40:00+00:00,23.049999237060547,23.049999237060547,23.049999237060547,23.049999237060547,1000,0.0,0.0
2025-06-12 03:45:00+00:00,22.950000762939453,22.950000762939453,22.899999618530273,22.899999618530273,15000,0.0,0.0
2025-06-12 03:50:00+00:00,23.0,23.0,23.0,23.0,3001,0.0,0.0
2025-06-12 04:25:00+00:00,22.899999618530273,22.899999618530273,22.899999618530273,22.899999618530273,1000,0.0,0.0
2025-06-12 04:45:00+00:00,22.899999618530273,22.899999618530273,22.899999618530273,22.899999618530273,1000,0.0,0.0
2025-06-12 05:00:00+00:00,22.950000762939453,22.950000762939453,22.950000762939453,22.950000762939453,1000,0.0,0.0
2025-06-12 05:05:00+00:00,22.899999618530273,22.899999618530273,22.899999618530273,22.899999618530273,1000,0.0,0.0
2025-06-12 05:10:00+00:00,22.950000762939453,22.950000762939453,22.950000762939453,22.950000762939453,1000,0.0,0.0
2025-06-12 05:20:00+00:00,22.950000762939453,22.950000762939453,22.950000762939453,22.950000762939453,1204,0.0,0.0
2025-06-13 01:00:00+00:00,22.799999237060547,22.799999237060547,22.799999237060547,22.799999237060547,6000,0.0,0.0
2025-06-13 01:05:00+00:00,22.700000762939453,22.799999237060547,22.649999618530273,22.799999237060547,26015,0.0,0.0
2025-06-13 01:10:00+00:00,22.850000381469727,22.850000381469727,22.700000762939453,22.700000762939453,4000,0.0,0.0
2025-06-13 01:20:00+00:00,22.850000381469727,22.850000381469727,22.649999618530273,22.649999618530273,15000,0.0,0.0
2025-06-13 01:25:00+00:00,22.649999618530273,22.649999618530273,22.600000381469727,22.600000381469727,9012,0.0,0.0
2025-06-13 01:30:00+00:00,22.75,22.75,22.649999618530273,22.649999618530273,3008,0.0,0.0
2025-06-13 01:35:00+00:00,22.649999618530273,22.649999618530273,22.649999618530273,22.649999618530273,1001,0.0,0.0
2025-06-13 01:40:00+00:00,22.799999237060547,22.799999237060547,22.799999237060547,22.799999237060547,2000,0.0,0.0
2025-06-13 01:45:00+00:00,22.799999237060547,22.799999237060547,22.799999237060547,22.799999237060547,1000,0.0,0.0
2025-06-13 01:50:00+00:00,22.799999237060547,22.799999237060547,22.799999237060547,22.799999237060547,1000,0.0,0.0
2025-06-13 01:55:00+00:00,22.799999237060547,22.799999237060547,22.799999237060547,22.799999237060547,9000,0.0,0.0
2025-06-13 02:00:00+00:00,22.799999237060547,22.799999237060547,22.799999237060547,22.799999237060547,5000,0.0,0.0
2025-06-13 02:20:00+00:00,22.899999618530273,22.899999618530273,22.799999237060547,22.799999237060547,5000,0.0,0.0
2025-06-13 02:30:00+00:00,22.75,22.75,22.649999618530273,22.649999618530273,17001,0.0,0.0
2025-06-13 02:35:00+00:00,22.649999618530273,22.649999618530273,22.649999618530273,22.649999618530273,9000,0.0,0.0
2025-06-13 02:40:00+00:00,22.600000381469727,22.600000381469727,22.600000381469727,22.600000381469727,5103,0.0,0.0
2025-06-13 02:50:00+00:00,22.600000381469727,22.600000381469727,22.600000381469727,22.600000381469727,1000,0.0,0.0
2025-06-13 02:55:00+00:00,22.700000762939453,22.700000762939453,22.649999618530273,22.649999618530273,9000,0.0,0.0
2025-06-13 03:00:00+00:00,22.75,22.75,22.75,22.75,2000,0.0,0.0
2025-06-13 03:05:00+00:00,22.649999618530273,22.649999618530273,22.649999618530273,22.649999618530273,5000,0.0,0.0
2025-06-13 03:10:00+00:00,22.600000381469727,22.600000381469727,22.600000381469727,22.600000381469727,2000,0.0,0.0
2025-06-13 03:20:00+00:00,22.75,22.799999237060547,22.649999618530273,22.649999618530273,5010,0.0,0.0
2025-06-13 03:30:00+00:00,22.799999237060547,22.799999237060547,22.799999237060547,22.799999237060547,1000,0.0,0.0
2025-06-13 03:35:00+00:00,22.649999618530273,22.649999618530273,22.649999618530273,22.649999618530273,2012,0.0,0.0
2025-06-13 04:00:00+00:00,22.649999618530273,22.649999618530273,22.600000381469727,22.600000381469727,19807,0.0,0.0
2025-06-13 04:05:00+00:00,22.600000381469727,22.600000381469727,22.600000381469727,22.600000381469727,8000,0.0,0.0
2025-06-13 04:10:00+00:00,22.700000762939453,22.75,22.700000762939453,22.75,4000,0.0,0.0
2025-06-13 04:20:00+00:00,22.700000762939453,22.700000762939453,22.700000762939453,22.700000762939453,2000,0.0,0.0
2025-06-13 04:30:00+00:00,22.600000381469727,22.600000381469727,22.600000381469727,22.600000381469727,2001,0.0,0.0
2025-06-13 04:40:00+00:00,22.700000762939453,22.700000762939453,22.700000762939453,22.700000762939453,1084,0.0,0.0
2025-06-13 04:50:00+00:00,22.600000381469727,22.600000381469727,22.600000381469727,22.600000381469727,15032,0.0,0.0
2025-06-13 04:55:00+00:00,22.600000381469727,22.600000381469727,22.549999237060547,22.600000381469727,15000,0.0,0.0
2025-06-13 05:00:00+00:00,22.700000762939453,22.700000762939453,22.700000762939453,22.700000762939453,3000,0.0,0.0
2025-06-13 05:05:00+00:00,22.700000762939453,22.700000762939453,22.700000762939453,22.700000762939453,2000,0.0,0.0
2025-06-13 05:15:00+00:00,22.600000381469727,22.600000381469727,22.600000381469727,22.600000381469727,3186,0.0,0.0
2025-06-13 05:20:00+00:00,22.600000381469727,22.600000381469727,22.600000381469727,22.600000381469727,1403,0.0,0.0
2025-06-16 01:00:00+00:00,22.600000381469727,22.600000381469727,22.100000381469727,22.100000381469727,40000,0.0,0.0
2025-06-16 01:05:00+00:00,22.200000762939453,22.25,22.200000762939453,22.25,12195,0.0,0.0
2025-06-16 01:10:00+00:00,22.399999618530273,22.399999618530273,22.399999618530273,22.399999618530273,5164,0.0,0.0
2025-06-16 01:15:00+00:00,22.399999618530273,22.399999618530273,22.399999618530273,22.399999618530273,1001,0.0,0.0
2025-06-16 01:20:00+00:00,22.5,22.5,22.399999618530273,22.399999618530273,4000,0.0,0.0
2025-06-16 01:30:00+00:00,22.5,22.549999237060547,22.5,22.549999237060547,2000,0.0,0.0
2025-06-16 01:45:00+00:00,22.399999618530273,22.399999618530273,22.399999618530273,22.399999618530273,1300,0.0,0.0
2025-06-16 02:05:00+00:00,22.399999618530273,22.399999618530273,22.399999618530273,22.399999618530273,2000,0.0,0.0
2025-06-16 02:10:00+00:00,22.5,22.5,22.5,22.5,1000,0.0,0.0
2025-06-16 02:45:00+00:00,22.399999618530273,22.399999618530273,22.399999618530273,22.399999618530273,3002,0.0,0.0
2025-06-16 03:15:00+00:00,22.399999618530273,22.450000762939453,22.399999618530273,22.450000762939453,5000,0.0,0.0
2025-06-16 03:20:00+00:00,22.5,22.5,22.5,22.5,1000,0.0,0.0
2025-06-16 03:35:00+00:00,22.399999618530273,22.399999618530273,22.200000762939453,22.200000762939453,30001,0.0,0.0
2025-06-16 03:40:00+00:00,22.450000762939453,22.450000762939453,22.450000762939453,22.450000762939453,1000,0.0,0.0
2025-06-16 03:50:00+00:00,22.450000762939453,22.5,22.450000762939453,22.5,5000,0.0,0.0
2025-06-16 04:00:00+00:00,22.549999237060547,22.549999237060547,22.549999237060547,22.549999237060547,1001,0.0,0.0
2025-06-16 04:15:00+00:00,22.5,22.5,22.5,22.5,2000,0.0,0.0
2025-06-16 04:20:00+00:00,22.450000762939453,22.549999237060547,22.450000762939453,22.549999237060547,13002,0.0,0.0
2025-06-16 05:05:00+00:00,22.549999237060547,22.549999237060547,22.549999237060547,22.549999237060547,1000,0.0,0.0
2025-06-16 05:10:00+00:00,22.549999237060547,22.549999237060547,22.549999237060547,22.549999237060547,1901,0.0,0.0
2025-06-17 01:00:00+00:00,22.399999618530273,22.450000762939453,22.399999618530273,22.450000762939453,6000,0.0,0.0
2025-06-17 01:05:00+00:00,22.399999618530273,22.5,22.399999618530273,22.5,12021,0.0,0.0
2025-06-17 01:10:00+00:00,22.549999237060547,22.549999237060547,22.549999237060547,22.549999237060547,1001,0.0,0.0
2025-06-17 01:35:00+00:00,22.5,22.5,22.5,22.5,1002,0.0,0.0
2025-06-17 01:40:00+00:00,22.5,22.5,22.5,22.5,1002,0.0,0.0
2025-06-17 01:45:00+00:00,22.5,22.5,22.5,22.5,1331,0.0,0.0
2025-06-17 01:55:00+00:00,22.450000762939453,22.5,22.450000762939453,22.5,7000,0.0,0.0
2025-06-17 02:00:00+00:00,22.5,22.5,22.450000762939453,22.450000762939453,6001,0.0,0.0
2025-06-17 02:10:00+00:00,22.450000762939453,22.450000762939453,22.350000381469727,22.350000381469727,19121,0.0,0.0
2025-06-17 02:15:00+00:00,22.350000381469727,22.350000381469727,22.350000381469727,22.350000381469727,1000,0.0,0.0
2025-06-17 02:20:00+00:00,22.350000381469727,22.399999618530273,22.350000381469727,22.399999618530273,3000,0.0,0.0
2025-06-17 02:25:00+00:00,22.399999618530273,22.399999618530273,22.399999618530273,22.399999618530273,1000,0.0,0.0
2025-06-17 02:35:00+00:00,22.350000381469727,22.350000381469727,22.350000381469727,22.350000381469727,3000,0.0,0.0
2025-06-17 02:40:00+00:00,22.399999618530273,22.399999618530273,22.399999618530273,22.399999618530273,1000,0.0,0.0
2025-06-17 02:45:00+00:00,22.299999237060547,22.299999237060547,22.299999237060547,22.299999237060547,10000,0.0,0.0
2025-06-17 02:50:00+00:00,22.399999618530273,22.399999618530273,22.399999618530273,22.399999618530273,2000,0.0,0.0
2025-06-17 02:55:00+00:00,22.25,22.25,22.25,22.25,14000,0.0,0.0
2025-06-17 03:00:00+00:00,22.25,22.350000381469727,22.25,22.350000381469727,12000,0.0,0.0
2025-06-17 03:10:00+00:00,22.350000381469727,22.350000381469727,22.350000381469727,22.350000381469727,2005,0.0,0.0
2025-06-17 03:25:00+00:00,22.299999237060547,22.299999237060547,22.299999237060547,22.299999237060547,1006,0.0,0.0
2025-06-17 03:35:00+00:00,22.350000381469727,22.350000381469727,22.350000381469727,22.350000381469727,1000,0.0,0.0
2025-06-17 03:40:00+00:00,22.350000381469727,22.350000381469727,22.350000381469727,22.350000381469727,5000,0.0,0.0
2025-06-17 03:50:00+00:00,22.399999618530273,22.399999618530273,22.399999618530273,22.399999618530273,1100,0.0,0.0
2025-06-17 04:20:00+00:00,22.350000381469727,22.350000381469727,22.350000381469727,22.350000381469727,1000,0.0,0.0
2025-06-17 04:25:00+00:00,22.299999237060547,22.299999237060547,22.299999237060547,22.299999237060547,1000,0.0,0.0
2025-06-17 04:30:00+00:00,22.299999237060547,22.350000381469727,22.299999237060547,22.350000381469727,2012,0.0,0.0
2025-06-17 04:40:00+00:00,22.299999237060547,22.299999237060547,22.299999237060547,22.299999237060547,2000,0.0,0.0
2025-06-17 04:50:00+00:00,22.25,22.25,22.25,22.25,20000,0.0,0.0
2025-06-17 05:00:00+00:00,22.299999237060547,22.299999237060547,22.299999237060547,22.299999237060547,1001,0.0,0.0
2025-06-17 05:05:00+00:00,22.299999237060547,22.299999237060547,22.299999237060547,22.299999237060547,1000,0.0,0.0
2025-06-17 05:10:00+00:00,22.350000381469727,22.350000381469727,22.350000381469727,22.350000381469727,3001,0.0,0.0
2025-06-17 05:15:00+00:00,22.299999237060547,22.350000381469727,22.299999237060547,22.350000381469727,6027,0.0,0.0
2025-06-18 01:00:00+00:00,22.399999618530273,22.399999618530273,22.399999618530273,22.399999618530273,1000,0.0,0.0
2025-06-18 01:05:00+00:00,22.25,22.25,22.25,22.25,3597,0.0,0.0
2025-06-18 01:15:00+00:00,22.25,22.25,22.25,22.25,2000,0.0,0.0
2025-06-18 01:35:00+00:00,22.25,22.25,22.25,22.25,2000,0.0,0.0
2025-06-18 01:40:00+00:00,22.299999237060547,22.299999237060547,22.299999237060547,22.299999237060547,1001,0.0,0.0
2025-06-18 02:10:00+00:00,22.299999237060547,22.350000381469727,22.299999237060547,22.350000381469727,5000,0.0,0.0
2025-06-18 02:30:00+00:00,22.350000381469727,22.350000381469727,22.350000381469727,22.350000381469727,1100,0.0,0.0
2025-06-18 02:35:00+00:00,22.399999618530273,22.450000762939453,22.399999618530273,22.450000762939453,11000,0.0,0.0
2025-06-18 02:40:00+00:00,22.450000762939453,22.450000762939453,22.450000762939453,22.450000762939453,2000,0.0,0.0
2025-06-18 02:45:00+00:00,22.450000762939453,22.450000762939453,22.399999618530273,22.399999618530273,7000,0.0,0.0
2025-06-18 02:50:00+00:00,22.5,22.5,22.5,22.5,10000,0.0,0.0
2025-06-18 02:55:00+00:00,22.5,22.600000381469727,22.5,22.600000381469727,5500,0.0,0.0
2025-06-18 03:15:00+00:00,22.600000381469727,22.600000381469727,22.600000381469727,22.600000381469727,2000,0.0,0.0
2025-06-18 03:30:00+00:00,22.600000381469727,22.649999618530273,22.600000381469727,22.649999618530273,4000,0.0,0.0
2025-06-18 03:45:00+00:00,22.600000381469727,22.600000381469727,22.600000381469727,22.600000381469727,1000,0.0,0.0
2025-06-18 04:00:00+00:00,22.549999237060547,22.549999237060547,22.549999237060547,22.549999237060547,1000,0.0,0.0
2025-06-18 04:05:00+00:00,22.5,22.5,22.450000762939453,22.450000762939453,12000,0.0,0.0
2025-06-18 04:10:00+00:00,22.5,22.549999237060547,22.5,22.549999237060547,2000,0.0,0.0
2025-06-18 04:30:00+00:00,22.399999618530273,22.5,22.399999618530273,22.5,3000,0.0,0.0
2025-06-18 05:00:00+00:00,22.350000381469727,22.350000381469727,22.299999237060547,22.299999237060547,3006,0.0,0.0
2025-06-18 05:05:00+00:00,22.299999237060547,22.299999237060547,22.299999237060547,22.299999237060547,2000,0.0,0.0
2025-06-18 05:10:00+00:00,22.350000381469727,22.450000762939453,22.299999237060547,22.299999237060547,5000,0.0,0.0
2025-06-18 05:15:00+00:00,22.299999237060547,22.299999237060547,22.25,22.25,2000,0.0,0.0
2025-06-18 05:20:00+00:00,22.350000381469727,22.450000762939453,22.350000381469727,22.450000762939453,2403,0.0,0.0
2025-06-19 01:00:00+00:00,22.450000762939453,22.450000762939453,22.450000762939453,22.450000762939453,0,0.0,0.0
2025-06-19 01:05:00+00:00,22.450000762939453,22.450000762939453,22.450000762939453,22.450000762939453,4000,0.0,0.0
2025-06-19 01:10:00+00:00,22.399999618530273,22.399999618530273,22.399999618530273,22.399999618530273,0,0.0,0.0
2025-06-19 01:15:00+00:00,22.399999618530273,22.399999618530273,22.350000381469727,22.399999618530273,12155,0.0,0.0
2025-06-19 01:25:00+00:00,22.350000381469727,22.350000381469727,22.350000381469727,22.350000381469727,1050,0.0,0.0
2025-06-19 01:30:00+00:00,22.299999237060547,22.299999237060547,22.299999237060547,22.299999237060547,3001,0.0,0.0
2025-06-19 01:35:00+00:00,22.299999237060547,22.299999237060547,22.299999237060547,22.299999237060547,2000,0.0,0.0
2025-06-19 01:40:00+00:00,22.25,22.299999237060547,22.25,22.299999237060547,8000,0.0,0.0
2025-06-19 01:45:00+00:00,22.25,22.25,22.200000762939453,22.200000762939453,34000,0.0,0.0
2025-06-19 01:50:00+00:00,22.350000381469727,22.5,22.350000381469727,22.5,6000,0.0,0.0
2025-06-19 01:55:00+00:00,22.25,22.350000381469727,22.25,22.350000381469727,6002,0.0,0.0
2025-06-19 02:00:00+00:00,22.399999618530273,22.399999618530273,22.399999618530273,22.399999618530273,3000,0.0,0.0
2025-06-19 02:10:00+00:00,22.450000762939453,22.450000762939453,22.450000762939453,22.450000762939453,1000,0.0,0.0
2025-06-19 02:15:00+00:00,22.299999237060547,22.299999237060547,22.299999237060547,22.299999237060547,1000,0.0,0.0
2025-06-19 02:20:00+00:00,22.299999237060547,22.299999237060547,22.299999237060547,22.299999237060547,1005,0.0,0.0
2025-06-19 02:30:00+00:00,22.299999237060547,22.399999618530273,22.299999237060547,22.399999618530273,3000,0.0,0.0
2025-06-19 02:35:00+00:00,22.25,22.25,22.25,22.25,5000,0.0,0.0
2025-06-19 02:50:00+00:00,22.299999237060547,22.299999237060547,22.299999237060547,22.299999237060547,1000,0.0,0.0
2025-06-19 03:00:00+00:00,22.299999237060547,22.299999237060547,22.299999237060547,22.299999237060547,1000,0.0,0.0
2025-06-19 03:05:00+00:00,22.25,22.350000381469727,22.25,22.350000381469727,12000,0.0,0.0
2025-06-19 03:10:00+00:00,22.399999618530273,22.399999618530273,22.399999618530273,22.399999618530273,2000,0.0,0.0
2025-06-19 03:20:00+00:00,22.200000762939453,22.350000381469727,22.200000762939453,22.350000381469727,3050,0.0,0.0
2025-06-19 03:35:00+00:00,22.299999237060547,22.299999237060547,22.299999237060547,22.299999237060547,5000,0.0,0.0
2025-06-19 03:40:00+00:00,22.350000381469727,22.350000381469727,22.350000381469727,22.350000381469727,1000,0.0,0.0
2025-06-19 03:45:00+00:00,22.399999618530273,22.399999618530273,22.399999618530273,22.399999618530273,1001,0.0,0.0
2025-06-19 04:25:00+00:00,22.299999237060547,22.299999237060547,22.299999237060547,22.299999237060547,1000,0.0,0.0
2025-06-19 04:40:00+00:00,22.299999237060547,22.299999237060547,22.299999237060547,22.299999237060547,5000,0.0,0.0
2025-06-19 04:45:00+00:00,22.299999237060547,22.299999237060547,22.299999237060547,22.299999237060547,1001,0.0,0.0
2025-06-19 04:50:00+00:00,22.399999618530273,22.399999618530273,22.399999618530273,22.399999618530273,1100,0.0,0.0
2025-06-19 05:00:00+00:00,22.399999618530273,22.399999618530273,22.399999618530273,22.399999618530273,1000,0.0,0.0
2025-06-19 05:05:00+00:00,22.399999618530273,22.399999618530273,22.399999618530273,22.399999618530273,2000,0.0,0.0
2025-06-19 05:15:00+00:00,22.350000381469727,22.350000381469727,22.350000381469727,22.350000381469727,2000,0.0,0.0
2025-06-19 05:20:00+00:00,22.25,22.25,22.25,22.25,1202,0.0,0.0
2025-06-20 01:00:00+00:00,22.399999618530273,22.399999618530273,22.299999237060547,22.299999237060547,4000,0.0,0.0
2025-06-20 01:05:00+00:00,22.350000381469727,22.600000381469727,22.350000381469727,22.549999237060547,20000,0.0,0.0
2025-06-20 01:10:00+00:00,22.549999237060547,22.549999237060547,22.5,22.5,3000,0.0,0.0
2025-06-20 01:15:00+00:00,22.5,22.5,22.450000762939453,22.450000762939453,2000,0.0,0.0
2025-06-20 01:20:00+00:00,22.549999237060547,22.549999237060547,22.399999618530273,22.399999618530273,3000,0.0,0.0
2025-06-20 01:25:00+00:00,22.299999237060547,22.299999237060547,22.299999237060547,22.299999237060547,3000,0.0,0.0
2025-06-20 01:30:00+00:00,22.25,22.25,22.100000381469727,22.100000381469727,18000,0.0,0.0
2025-06-20 01:35:00+00:00,22.100000381469727,22.100000381469727,22.0,22.0,6000,0.0,0.0
2025-06-20 01:40:00+00:00,22.049999237060547,22.049999237060547,22.049999237060547,22.049999237060547,3000,0.0,0.0
2025-06-20 01:45:00+00:00,22.0,22.200000762939453,22.0,22.200000762939453,30150,0.0,0.0
2025-06-20 01:50:00+00:00,22.200000762939453,22.25,22.200000762939453,22.25,8002,0.0,0.0
2025-06-20 02:15:00+00:00,22.100000381469727,22.100000381469727,22.049999237060547,22.049999237060547,11000,0.0,0.0
2025-06-20 02:20:00+00:00,22.049999237060547,22.25,22.0,22.100000381469727,14067,0.0,0.0
2025-06-20 02:25:00+00:00,22.25,22.399999618530273,22.25,22.399999618530273,12000,0.0,0.0
2025-06-20 02:30:00+00:00,22.399999618530273,22.5,22.399999618530273,22.5,5201,0.0,0.0
2025-06-20 02:40:00+00:00,22.450000762939453,22.450000762939453,22.399999618530273,22.399999618530273,11015,0.0,0.0
2025-06-20 02:55:00+00:00,22.399999618530273,22.399999618530273,22.299999237060547,22.299999237060547,3000,0.0,0.0
2025-06-20 03:20:00+00:00,22.299999237060547,22.299999237060547,22.299999237060547,22.299999237060547,1000,0.0,0.0
2025-06-20 03:40:00+00:00,22.200000762939453,22.200000762939453,22.200000762939453,22.200000762939453,2104,0.0,0.0
2025-06-20 03:45:00+00:00,22.200000762939453,22.200000762939453,22.200000762939453,22.200000762939453,3000,0.0,0.0
2025-06-20 03:50:00+00:00,22.299999237060547,22.299999237060547,22.299999237060547,22.299999237060547,1002,0.0,0.0
2025-06-20 04:05:00+00:00,22.25,22.25,22.25,22.25,1000,0.0,0.0
2025-06-20 04:50:00+00:00,22.25,22.25,22.25,22.25,1300,0.0,0.0
2025-06-20 04:55:00+00:00,22.25,22.25,22.25,22.25,1001,0.0,0.0
2025-06-20 05:10:00+00:00,22.25,22.299999237060547,22.25,22.25,3000,0.0,0.0
2025-06-20 05:15:00+00:00,22.25,22.299999237060547,22.200000762939453,22.200000762939453,9200,0.0,0.0
2025-06-20 05:20:00+00:00,22.149999618530273,22.399999618530273,22.100000381469727,22.399999618530273,25202,0.0,0.0
2025-06-23 01:00:00+00:00,22.100000381469727,22.100000381469727,21.799999237060547,21.799999237060547,13000,0.0,0.0
2025-06-23 01:10:00+00:00,21.899999618530273,22.049999237060547,21.850000381469727,21.850000381469727,17031,0.0,0.0
2025-06-23 01:15:00+00:00,21.850000381469727,21.850000381469727,21.850000381469727,21.850000381469727,2000,0.0,0.0
2025-06-23 01:20:00+00:00,21.899999618530273,21.899999618530273,21.75,21.75,8000,0.0,0.0
2025-06-23 01:30:00+00:00,21.899999618530273,21.899999618530273,21.700000762939453,21.700000762939453,8010,0.0,0.0
2025-06-23 01:35:00+00:00,21.700000762939453,21.700000762939453,21.649999618530273,21.649999618530273,2000,0.0,0.0
2025-06-23 01:40:00+00:00,21.75,21.75,21.75,21.75,1000,0.0,0.0
2025-06-23 01:45:00+00:00,21.75,21.75,21.75,21.75,1001,0.0,0.0
2025-06-23 01:50:00+00:00,21.75,21.850000381469727,21.700000762939453,21.700000762939453,4000,0.0,0.0
2025-06-23 01:55:00+00:00,21.700000762939453,21.700000762939453,21.700000762939453,21.700000762939453,2051,0.0,0.0
2025-06-23 02:15:00+00:00,21.700000762939453,21.700000762939453,21.700000762939453,21.700000762939453,2000,0.0,0.0
2025-06-23 02:20:00+00:00,21.75,21.899999618530273,21.75,21.899999618530273,2050,0.0,0.0
2025-06-23 02:35:00+00:00,21.799999237060547,21.799999237060547,21.799999237060547,21.799999237060547,5000,0.0,0.0
2025-06-23 02:40:00+00:00,21.850000381469727,21.850000381469727,21.850000381469727,21.850000381469727,1010,0.0,0.0
2025-06-23 02:55:00+00:00,21.700000762939453,21.700000762939453,21.700000762939453,21.700000762939453,1499,0.0,0.0
2025-06-23 03:20:00+00:00,21.700000762939453,21.700000762939453,21.700000762939453,21.700000762939453,1000,0.0,0.0
2025-06-23 03:30:00+00:00,21.799999237060547,21.799999237060547,21.799999237060547,21.799999237060547,1000,0.0,0.0
2025-06-23 03:35:00+00:00,21.75,21.799999237060547,21.75,21.799999237060547,6000,0.0,0.0
2025-06-23 03:40:00+00:00,21.799999237060547,21.799999237060547,21.799999237060547,21.799999237060547,1000,0.0,0.0
2025-06-23 03:55:00+00:00,21.799999237060547,21.799999237060547,21.799999237060547,21.799999237060547,5000,0.0,0.0
2025-06-23 04:00:00+00:00,21.799999237060547,21.799999237060547,21.799999237060547,21.799999237060547,1101,0.0,0.0
2025-06-23 04:25:00+00:00,21.700000762939453,21.700000762939453,21.700000762939453,21.700000762939453,1000,0.0,0.0
2025-06-23 04:30:00+00:00,21.700000762939453,21.700000762939453,21.700000762939453,21.700000762939453,1001,0.0,0.0
2025-06-23 04:35:00+00:00,21.75,21.75,21.700000762939453,21.700000762939453,8005,0.0,0.0
2025-06-23 04:40:00+00:00,21.700000762939453,21.799999237060547,21.700000762939453,21.799999237060547,10000,0.0,0.0
2025-06-23 04:50:00+00:00,21.850000381469727,21.850000381469727,21.850000381469727,21.850000381469727,2011,0.0,0.0
2025-06-23 04:55:00+00:00,21.75,21.75,21.75,21.75,1000,0.0,0.0
2025-06-23 05:00:00+00:00,21.850000381469727,21.850000381469727,21.850000381469727,21.850000381469727,1000,0.0,0.0
2025-06-23 05:05:00+00:00,21.799999237060547,21.799999237060547,21.799999237060547,21.799999237060547,3053,0.0,0.0
2025-06-23 05:20:00+00:00,21.75,21.75,21.350000381469727,21.75,116359,0.0,0.0
2025-06-24 01:00:00+00:00,21.75,21.850000381469727,21.75,21.850000381469727,0,0.0,0.0
2025-06-24 01:05:00+00:00,21.899999618530273,22.0,21.899999618530273,22.0,11002,0.0,0.0
2025-06-24 01:10:00+00:00,22.0,22.0,22.0,22.0,1000,0.0,0.0
2025-06-24 01:15:00+00:00,22.0,22.0,22.0,22.0,1155,0.0,0.0
2025-06-24 01:25:00+00:00,22.0,22.0,22.0,22.0,1000,0.0,0.0
2025-06-24 01:30:00+00:00,21.950000762939453,22.0,21.950000762939453,22.0,6000,0.0,0.0
2025-06-24 01:40:00+00:00,22.049999237060547,22.100000381469727,22.0,22.100000381469727,9100,0.0,0.0
2025-06-24 01:45:00+00:00,22.100000381469727,22.100000381469727,22.100000381469727,22.100000381469727,1000,0.0,0.0
2025-06-24 01:50:00+00:00,22.100000381469727,22.100000381469727,22.100000381469727,22.100000381469727,1605,0.0,0.0
2025-06-24 01:55:00+00:00,22.100000381469727,22.100000381469727,22.100000381469727,22.100000381469727,1300,0.0,0.0
2025-06-24 02:00:00+00:00,22.049999237060547,22.049999237060547,22.049999237060547,22.049999237060547,1000,0.0,0.0
2025-06-24 02:05:00+00:00,22.049999237060547,22.049999237060547,22.049999237060547,22.049999237060547,1000,0.0,0.0
2025-06-24 02:10:00+00:00,22.0,22.049999237060547,22.0,22.0,7000,0.0,0.0
2025-06-24 02:15:00+00:00,22.049999237060547,22.049999237060547,22.049999237060547,22.049999237060547,4000,0.0,0.0
2025-06-24 02:20:00+00:00,22.049999237060547,22.049999237060547,22.049999237060547,22.049999237060547,1000,0.0,0.0
2025-06-24 02:30:00+00:00,22.049999237060547,22.049999237060547,22.049999237060547,22.049999237060547,1015,0.0,0.0
2025-06-24 02:45:00+00:00,21.899999618530273,21.899999618530273,21.850000381469727,21.850000381469727,10042,0.0,0.0
2025-06-24 02:50:00+00:00,21.850000381469727,21.850000381469727,21.850000381469727,21.850000381469727,3000,0.0,0.0
2025-06-24 02:55:00+00:00,21.899999618530273,21.899999618530273,21.899999618530273,21.899999618530273,1000,0.0,0.0
2025-06-24 03:00:00+00:00,21.950000762939453,21.950000762939453,21.850000381469727,21.950000762939453,11269,0.0,0.0
2025-06-24 03:15:00+00:00,21.899999618530273,21.899999618530273,21.899999618530273,21.899999618530273,7000,0.0,0.0
2025-06-24 03:20:00+00:00,22.0,22.0,22.0,22.0,3000,0.0,0.0
2025-06-24 03:30:00+00:00,22.0,22.0,22.0,22.0,2000,0.0,0.0
2025-06-24 03:35:00+00:00,22.0,22.0,22.0,22.0,1000,0.0,0.0
2025-06-24 03:40:00+00:00,21.850000381469727,21.850000381469727,21.850000381469727,21.850000381469727,1000,0.0,0.0
2025-06-24 03:45:00+00:00,21.899999618530273,21.899999618530273,21.899999618530273,21.899999618530273,9000,0.0,0.0
2025-06-24 03:50:00+00:00,22.0,22.0,22.0,22.0,2000,0.0,0.0
2025-06-24 04:20:00+00:00,21.899999618530273,21.899999618530273,21.850000381469727,21.850000381469727,8000,0.0,0.0
2025-06-24 04:30:00+00:00,21.850000381469727,21.850000381469727,21.850000381469727,21.850000381469727,1000,0.0,0.0
2025-06-24 04:35:00+00:00,21.899999618530273,21.899999618530273,21.899999618530273,21.899999618530273,2001,0.0,0.0
2025-06-24 04:40:00+00:00,21.950000762939453,21.950000762939453,21.950000762939453,21.950000762939453,1000,0.0,0.0
2025-06-24 04:45:00+00:00,21.850000381469727,21.850000381469727,21.850000381469727,21.850000381469727,1000,0.0,0.0
2025-06-24 04:55:00+00:00,21.850000381469727,21.850000381469727,21.850000381469727,21.850000381469727,2000,0.0,0.0
2025-06-24 05:00:00+00:00,21.899999618530273,21.899999618530273,21.899999618530273,21.899999618530273,2287,0.0,0.0
2025-06-24 05:05:00+00:00,21.850000381469727,21.899999618530273,21.850000381469727,21.899999618530273,3014,0.0,0.0
2025-06-24 05:20:00+00:00,21.950000762939453,21.950000762939453,21.950000762939453,21.950000762939453,1601,0.0,0.0
2025-06-25 01:00:00+00:00,22.049999237060547,22.049999237060547,22.049999237060547,22.049999237060547,3000,0.0,0.0
2025-06-25 01:05:00+00:00,22.049999237060547,22.049999237060547,22.049999237060547,22.049999237060547,3000,0.0,0.0
2025-06-25 01:15:00+00:00,22.049999237060547,22.049999237060547,22.049999237060547,22.049999237060547,3008,0.0,0.0
2025-06-25 01:25:00+00:00,22.049999237060547,22.049999237060547,22.049999237060547,22.049999237060547,1000,0.0,0.0
2025-06-25 01:30:00+00:00,22.0,22.0,22.0,22.0,2000,0.0,0.0
2025-06-25 01:50:00+00:00,22.0,22.0,22.0,22.0,1000,0.0,0.0
2025-06-25 01:55:00+00:00,21.950000762939453,22.0,21.950000762939453,22.0,2000,0.0,0.0
2025-06-25 02:00:00+00:00,22.049999237060547,22.049999237060547,22.049999237060547,22.049999237060547,1000,0.0,0.0
2025-06-25 02:05:00+00:00,22.0,22.0,22.0,22.0,1001,0.0,0.0
2025-06-25 02:15:00+00:00,22.049999237060547,22.049999237060547,22.049999237060547,22.049999237060547,2010,0.0,0.0
2025-06-25 02:25:00+00:00,22.049999237060547,22.100000381469727,22.049999237060547,22.100000381469727,2000,0.0,0.0
2025-06-25 02:30:00+00:00,22.100000381469727,22.100000381469727,22.049999237060547,22.049999237060547,2100,0.0,0.0
2025-06-25 02:40:00+00:00,22.049999237060547,22.049999237060547,22.049999237060547,22.049999237060547,1020,0.0,0.0
2025-06-25 02:55:00+00:00,22.049999237060547,22.049999237060547,22.049999237060547,22.049999237060547,1010,0.0,0.0
2025-06-25 03:05:00+00:00,22.100000381469727,22.100000381469727,22.100000381469727,22.100000381469727,2000,0.0,0.0
2025-06-25 03:10:00+00:00,22.100000381469727,22.149999618530273,22.100000381469727,22.149999618530273,2000,0.0,0.0
2025-06-25 03:35:00+00:00,22.100000381469727,22.200000762939453,22.100000381469727,22.200000762939453,37992,0.0,0.0
2025-06-25 03:40:00+00:00,22.25,22.299999237060547,22.25,22.299999237060547,5010,0.0,0.0
2025-06-25 03:45:00+00:00,22.200000762939453,22.200000762939453,22.200000762939453,22.200000762939453,1000,0.0,0.0
2025-06-25 03:50:00+00:00,22.200000762939453,22.200000762939453,22.200000762939453,22.200000762939453,1000,0.0,0.0
2025-06-25 04:00:00+00:00,22.25,22.299999237060547,22.25,22.299999237060547,2008,0.0,0.0
2025-06-25 04:50:00+00:00,22.149999618530273,22.149999618530273,22.149999618530273,22.149999618530273,1000,0.0,0.0
2025-06-25 04:55:00+00:00,22.149999618530273,22.149999618530273,22.100000381469727,22.100000381469727,2000,0.0,0.0
2025-06-25 05:05:00+00:00,22.200000762939453,22.200000762939453,22.200000762939453,22.200000762939453,1000,0.0,0.0
2025-06-25 05:10:00+00:00,22.200000762939453,22.200000762939453,22.200000762939453,22.200000762939453,1001,0.0,0.0
2025-06-25 05:20:00+00:00,22.200000762939453,22.200000762939453,22.200000762939453,22.200000762939453,5282,0.0,0.0
2025-06-26 01:00:00+00:00,22.200000762939453,22.200000762939453,22.200000762939453,22.200000762939453,1000,0.0,0.0
2025-06-26 01:05:00+00:00,22.299999237060547,22.299999237060547,22.25,22.25,6000,0.0,0.0
2025-06-26 01:10:00+00:00,22.350000381469727,22.350000381469727,22.350000381469727,22.350000381469727,3000,0.0,0.0
2025-06-26 01:15:00+00:00,22.350000381469727,22.399999618530273,22.350000381469727,22.399999618530273,5000,0.0,0.0
2025-06-26 01:20:00+00:00,22.399999618530273,22.399999618530273,22.299999237060547,22.299999237060547,6000,0.0,0.0
2025-06-26 01:25:00+00:00,22.450000762939453,22.450000762939453,22.399999618530273,22.399999618530273,2020,0.0,0.0
2025-06-26 01:30:00+00:00,22.450000762939453,22.450000762939453,22.450000762939453,22.450000762939453,1000,0.0,0.0
2025-06-26 01:40:00+00:00,22.399999618530273,22.399999618530273,22.399999618530273,22.399999618530273,1000,0.0,0.0
2025-06-26 01:45:00+00:00,22.299999237060547,22.299999237060547,22.299999237060547,22.299999237060547,3000,0.0,0.0
2025-06-26 01:50:00+00:00,22.399999618530273,22.399999618530273,22.399999618530273,22.399999618530273,1100,0.0,0.0
2025-06-26 02:00:00+00:00,22.299999237060547,22.299999237060547,22.299999237060547,22.299999237060547,1000,0.0,0.0
2025-06-26 02:10:00+00:00,22.399999618530273,22.399999618530273,22.399999618530273,22.399999618530273,1000,0.0,0.0
2025-06-26 02:15:00+00:00,22.450000762939453,22.450000762939453,22.450000762939453,22.450000762939453,1000,0.0,0.0
2025-06-26 02:20:00+00:00,22.450000762939453,22.450000762939453,22.399999618530273,22.399999618530273,9000,0.0,0.0
2025-06-26 02:25:00+00:00,22.5,22.5,22.5,22.5,1000,0.0,0.0
2025-06-26 02:30:00+00:00,22.5,22.5,22.5,22.5,2000,0.0,0.0
2025-06-26 02:40:00+00:00,22.399999618530273,22.450000762939453,22.399999618530273,22.450000762939453,3060,0.0,0.0
2025-06-26 02:50:00+00:00,22.450000762939453,22.450000762939453,22.450000762939453,22.450000762939453,2001,0.0,0.0
2025-06-26 03:10:00+00:00,22.450000762939453,22.450000762939453,22.399999618530273,22.450000762939453,3029,0.0,0.0
2025-06-26 03:25:00+00:00,22.450000762939453,22.450000762939453,22.450000762939453,22.450000762939453,2245,0.0,0.0
2025-06-26 03:30:00+00:00,22.399999618530273,22.399999618530273,22.399999618530273,22.399999618530273,4000,0.0,0.0
2025-06-26 03:40:00+00:00,22.450000762939453,22.450000762939453,22.450000762939453,22.450000762939453,1000,0.0,0.0
2025-06-26 03:45:00+00:00,22.450000762939453,22.450000762939453,22.450000762939453,22.450000762939453,3000,0.0,0.0
2025-06-26 03:50:00+00:00,22.450000762939453,22.450000762939453,22.450000762939453,22.450000762939453,1000,0.0,0.0
2025-06-26 04:15:00+00:00,22.450000762939453,22.450000762939453,22.450000762939453,22.450000762939453,1000,0.0,0.0
2025-06-26 04:25:00+00:00,22.350000381469727,22.350000381469727,22.350000381469727,22.350000381469727,4201,0.0,0.0
2025-06-26 04:30:00+00:00,22.399999618530273,22.399999618530273,22.399999618530273,22.399999618530273,2000,0.0,0.0
2025-06-26 04:50:00+00:00,22.450000762939453,22.450000762939453,22.450000762939453,22.450000762939453,1071,0.0,0.0
2025-06-26 05:15:00+00:00,22.350000381469727,22.350000381469727,22.25,22.25,8000,0.0,0.0
2025-06-26 05:20:00+00:00,22.399999618530273,22.450000762939453,22.399999618530273,22.450000762939453,3404,0.0,0.0
2025-06-27 01:00:00+00:00,22.399999618530273,22.450000762939453,22.399999618530273,22.450000762939453,9000,0.0,0.0
2025-06-27 01:05:00+00:00,22.450000762939453,22.450000762939453,22.450000762939453,22.450000762939453,1005,0.0,0.0
2025-06-27 01:10:00+00:00,22.5,22.549999237060547,22.450000762939453,22.549999237060547,18000,0.0,0.0
2025-06-27 01:15:00+00:00,22.450000762939453,22.450000762939453,22.450000762939453,22.450000762939453,1001,0.0,0.0
2025-06-27 01:20:00+00:00,22.600000381469727,22.600000381469727,22.399999618530273,22.399999618530273,7010,0.0,0.0
2025-06-27 01:30:00+00:00,22.399999618530273,22.399999618530273,22.399999618530273,22.399999618530273,1000,0.0,0.0
2025-06-27 01:35:00+00:00,22.5,22.5,22.5,22.5,2000,0.0,0.0
2025-06-27 01:50:00+00:00,22.399999618530273,22.399999618530273,22.399999618530273,22.399999618530273,1000,0.0,0.0
2025-06-27 02:00:00+00:00,22.450000762939453,22.450000762939453,22.450000762939453,22.450000762939453,1000,0.0,0.0
2025-06-27 02:05:00+00:00,22.450000762939453,22.450000762939453,22.450000762939453,22.450000762939453,2000,0.0,0.0
2025-06-27 02:10:00+00:00,22.450000762939453,22.450000762939453,22.450000762939453,22.450000762939453,1000,0.0,0.0
2025-06-27 02:15:00+00:00,22.450000762939453,22.450000762939453,22.450000762939453,22.450000762939453,1000,0.0,0.0
2025-06-27 02:20:00+00:00,22.399999618530273,22.399999618530273,22.399999618530273,22.399999618530273,2000,0.0,0.0
2025-06-27 02:30:00+00:00,22.5,22.5,22.5,22.5,1001,0.0,0.0
2025-06-27 02:35:00+00:00,22.350000381469727,22.350000381469727,22.350000381469727,22.350000381469727,1002,0.0,0.0
2025-06-27 03:00:00+00:00,22.399999618530273,22.5,22.399999618530273,22.5,11114,0.0,0.0
2025-06-27 03:05:00+00:00,22.5,22.5,22.5,22.5,14400,0.0,0.0
2025-06-27 03:10:00+00:00,22.549999237060547,22.549999237060547,22.5,22.5,5000,0.0,0.0
2025-06-27 03:15:00+00:00,22.549999237060547,22.549999237060547,22.549999237060547,22.549999237060547,1000,0.0,0.0
2025-06-27 03:20:00+00:00,22.399999618530273,22.549999237060547,22.399999618530273,22.549999237060547,2001,0.0,0.0
2025-06-27 03:25:00+00:00,22.399999618530273,22.399999618530273,22.399999618530273,22.399999618530273,2000,0.0,0.0
2025-06-27 03:30:00+00:00,22.399999618530273,22.399999618530273,22.399999618530273,22.399999618530273,2002,0.0,0.0
2025-06-27 03:50:00+00:00,22.399999618530273,22.399999618530273,22.399999618530273,22.399999618530273,2057,0.0,0.0
2025-06-27 04:00:00+00:00,22.5,22.5,22.5,22.5,2001,0.0,0.0
2025-06-27 04:20:00+00:00,22.5,22.5,22.5,22.5,1000,0.0,0.0
2025-06-27 04:25:00+00:00,22.399999618530273,22.399999618530273,22.399999618530273,22.399999618530273,10000,0.0,0.0
2025-06-27 04:30:00+00:00,22.5,22.549999237060547,22.5,22.549999237060547,4000,0.0,0.0
2025-06-27 04:35:00+00:00,22.450000762939453,22.450000762939453,22.450000762939453,22.450000762939453,2000,0.0,0.0
2025-06-27 04:40:00+00:00,22.600000381469727,22.600000381469727,22.600000381469727,22.600000381469727,3015,0.0,0.0
2025-06-27 04:50:00+00:00,22.549999237060547,22.549999237060547,22.5,22.5,5000,0.0,0.0
2025-06-27 05:00:00+00:00,22.600000381469727,22.600000381469727,22.5,22.5,12000,0.0,0.0
2025-06-27 05:10:00+00:00,22.600000381469727,22.600000381469727,22.549999237060547,22.549999237060547,4489,0.0,0.0
2025-06-27 05:20:00+00:00,22.549999237060547,22.600000381469727,22.549999237060547,22.600000381469727,3601,0.0,0.0
2025-05-02 01:00:00+00:00,24.149999618530273,24.149999618530273,24.0,24.0,0,0.0,0.0
2025-05-02 01:05:00+00:00,24.0,24.049999237060547,24.0,24.049999237060547,3015,0.0,0.0
2025-05-02 01:10:00+00:00,24.049999237060547,24.049999237060547,24.049999237060547,24.049999237060547,8000,0.0,0.0
2025-05-02 01:15:00+00:00,24.049999237060547,24.049999237060547,24.0,24.0,12002,0.0,0.0
2025-05-02 01:20:00+00:00,23.950000762939453,23.950000762939453,23.950000762939453,23.950000762939453,10002,0.0,0.0
2025-05-02 01:25:00+00:00,23.950000762939453,23.950000762939453,23.950000762939453,23.950000762939453,1135,0.0,0.0
2025-05-02 01:55:00+00:00,24.0,24.0,24.0,24.0,17001,0.0,0.0
2025-05-02 02:00:00+00:00,24.0,24.0,24.0,24.0,7004,0.0,0.0
2025-05-02 02:05:00+00:00,24.0,24.0,24.0,24.0,1000,0.0,0.0
2025-05-02 02:10:00+00:00,23.950000762939453,23.950000762939453,23.950000762939453,23.950000762939453,1001,0.0,0.0
2025-05-02 02:20:00+00:00,24.0,24.0,23.950000762939453,23.950000762939453,25051,0.0,0.0
2025-05-02 02:25:00+00:00,23.950000762939453,23.950000762939453,23.950000762939453,23.950000762939453,4059,0.0,0.0
2025-05-02 02:30:00+00:00,23.950000762939453,23.950000762939453,23.950000762939453,23.950000762939453,1486,0.0,0.0
2025-05-02 02:35:00+00:00,24.0,24.0,24.0,24.0,1001,0.0,0.0
2025-05-02 02:40:00+00:00,23.950000762939453,23.950000762939453,23.950000762939453,23.950000762939453,1000,0.0,0.0
2025-05-02 02:45:00+00:00,23.950000762939453,23.950000762939453,23.950000762939453,23.950000762939453,8000,0.0,0.0
2025-05-02 02:55:00+00:00,23.899999618530273,23.899999618530273,23.899999618530273,23.899999618530273,17017,0.0,0.0
2025-05-02 03:00:00+00:00,23.899999618530273,23.899999618530273,23.899999618530273,23.899999618530273,1002,0.0,0.0
2025-05-02 03:05:00+00:00,23.899999618530273,23.899999618530273,23.899999618530273,23.899999618530273,1000,0.0,0.0
2025-05-02 03:10:00+00:00,23.899999618530273,23.899999618530273,23.899999618530273,23.899999618530273,2000,0.0,0.0
2025-05-02 03:15:00+00:00,23.899999618530273,23.899999618530273,23.899999618530273,23.899999618530273,2000,0.0,0.0
2025-05-02 03:25:00+00:00,23.950000762939453,23.950000762939453,23.950000762939453,23.950000762939453,1001,0.0,0.0
2025-05-02 03:45:00+00:00,23.950000762939453,23.950000762939453,23.950000762939453,23.950000762939453,2010,0.0,0.0
2025-05-02 03:50:00+00:00,23.950000762939453,23.950000762939453,23.950000762939453,23.950000762939453,1000,0.0,0.0
2025-05-02 04:10:00+00:00,23.950000762939453,23.950000762939453,23.950000762939453,23.950000762939453,1049,0.0,0.0
2025-05-02 04:25:00+00:00,23.950000762939453,23.950000762939453,23.950000762939453,23.950000762939453,10050,0.0,0.0
2025-05-02 04:30:00+00:00,23.950000762939453,23.950000762939453,23.950000762939453,23.950000762939453,2000,0.0,0.0
2025-05-02 04:35:00+00:00,23.950000762939453,23.950000762939453,23.950000762939453,23.950000762939453,5050,0.0,0.0
2025-05-02 04:50:00+00:00,23.899999618530273,23.899999618530273,23.899999618530273,23.899999618530273,2044,0.0,0.0
2025-05-02 04:55:00+00:00,23.899999618530273,23.899999618530273,23.899999618530273,23.899999618530273,4217,0.0,0.0
2025-05-02 05:10:00+00:00,23.950000762939453,23.950000762939453,23.950000762939453,23.950000762939453,1000,0.0,0.0
2025-05-02 05:15:00+00:00,23.899999618530273,23.899999618530273,23.899999618530273,23.899999618530273,2000,0.0,0.0
2025-05-02 05:20:00+00:00,23.899999618530273,23.899999618530273,23.850000381469727,23.850000381469727,18201,0.0,0.0
2025-05-05 01:00:00+00:00,23.850000381469727,23.850000381469727,23.700000762939453,23.700000762939453,0,0.0,0.0
2025-05-05 01:05:00+00:00,23.649999618530273,23.649999618530273,23.600000381469727,23.600000381469727,11059,0.0,0.0
2025-05-05 01:10:00+00:00,23.600000381469727,23.600000381469727,23.549999237060547,23.600000381469727,15246,0.0,0.0
2025-05-05 01:15:00+00:00,23.600000381469727,23.600000381469727,23.549999237060547,23.600000381469727,11019,0.0,0.0
2025-05-05 01:20:00+00:00,23.549999237060547,23.549999237060547,23.399999618530273,23.399999618530273,17126,0.0,0.0
2025-05-05 01:25:00+00:00,23.450000762939453,23.600000381469727,23.450000762939453,23.600000381469727,4000,0.0,0.0
2025-05-05 01:30:00+00:00,23.399999618530273,23.399999618530273,23.200000762939453,23.200000762939453,36099,0.0,0.0
2025-05-05 01:35:00+00:00,23.200000762939453,23.25,23.200000762939453,23.200000762939453,20119,0.0,0.0
2025-05-05 01:40:00+00:00,23.200000762939453,23.200000762939453,23.149999618530273,23.149999618530273,6000,0.0,0.0
2025-05-05 01:45:00+00:00,23.149999618530273,23.149999618530273,23.100000381469727,23.100000381469727,9000,0.0,0.0
2025-05-05 01:50:00+00:00,23.100000381469727,23.100000381469727,23.100000381469727,23.100000381469727,2011,0.0,0.0
2025-05-05 01:55:00+00:00,23.100000381469727,23.100000381469727,23.100000381469727,23.100000381469727,1000,0.0,0.0
2025-05-05 02:00:00+00:00,23.049999237060547,23.100000381469727,23.049999237060547,23.049999237060547,12000,0.0,0.0
2025-05-05 02:05:00+00:00,23.100000381469727,23.100000381469727,23.0,23.049999237060547,27301,0.0,0.0
2025-05-05 02:10:00+00:00,23.0,23.049999237060547,23.0,23.049999237060547,4000,0.0,0.0
2025-05-05 02:15:00+00:00,23.0,23.0,22.799999237060547,22.799999237060547,15090,0.0,0.0
2025-05-05 02:25:00+00:00,22.899999618530273,22.899999618530273,22.899999618530273,22.899999618530273,2000,0.0,0.0
2025-05-05 02:30:00+00:00,22.899999618530273,22.899999618530273,22.850000381469727,22.850000381469727,6209,0.0,0.0
2025-05-05 02:35:00+00:00,22.899999618530273,22.899999618530273,22.899999618530273,22.899999618530273,2001,0.0,0.0
2025-05-05 02:40:00+00:00,22.899999618530273,22.899999618530273,22.850000381469727,22.899999618530273,3000,0.0,0.0
2025-05-05 02:45:00+00:00,22.899999618530273,22.899999618530273,22.899999618530273,22.899999618530273,5000,0.0,0.0
2025-05-05 02:50:00+00:00,22.850000381469727,22.850000381469727,22.850000381469727,22.850000381469727,8003,0.0,0.0
2025-05-05 03:00:00+00:00,22.850000381469727,22.850000381469727,22.850000381469727,22.850000381469727,1440,0.0,0.0
2025-05-05 03:10:00+00:00,22.850000381469727,22.850000381469727,22.850000381469727,22.850000381469727,1000,0.0,0.0
2025-05-05 03:15:00+00:00,22.850000381469727,22.899999618530273,22.850000381469727,22.899999618530273,6000,0.0,0.0
2025-05-05 03:20:00+00:00,22.899999618530273,22.899999618530273,22.899999618530273,22.899999618530273,2000,0.0,0.0
2025-05-05 03:25:00+00:00,23.0,23.0,23.0,23.0,1000,0.0,0.0
2025-05-05 03:30:00+00:00,23.0,23.0,22.950000762939453,22.950000762939453,2000,0.0,0.0
2025-05-05 03:35:00+00:00,23.0,23.0,23.0,23.0,2000,0.0,0.0
2025-05-05 03:40:00+00:00,23.0,23.0,23.0,23.0,1050,0.0,0.0
2025-05-05 03:45:00+00:00,23.0,23.0,23.0,23.0,1007,0.0,0.0
2025-05-05 03:55:00+00:00,23.0,23.0,23.0,23.0,1000,0.0,0.0
2025-05-05 04:05:00+00:00,23.100000381469727,23.100000381469727,23.0,23.100000381469727,3000,0.0,0.0
2025-05-05 04:10:00+00:00,23.0,23.0,23.0,23.0,1000,0.0,0.0
2025-05-05 04:15:00+00:00,23.0,23.0,23.0,23.0,1001,0.0,0.0
2025-05-05 04:30:00+00:00,23.049999237060547,23.149999618530273,23.049999237060547,23.149999618530273,5000,0.0,0.0
2025-05-05 04:40:00+00:00,23.149999618530273,23.149999618530273,23.149999618530273,23.149999618530273,1000,0.0,0.0
2025-05-05 04:50:00+00:00,23.100000381469727,23.100000381469727,23.100000381469727,23.100000381469727,3000,0.0,0.0
2025-05-05 04:55:00+00:00,23.100000381469727,23.100000381469727,23.100000381469727,23.100000381469727,2000,0.0,0.0
2025-05-05 05:00:00+00:00,23.0,23.0,23.0,23.0,9000,0.0,0.0
2025-05-05 05:05:00+00:00,23.0,23.0,22.950000762939453,23.0,28000,0.0,0.0
2025-05-05 05:10:00+00:00,23.0,23.0,23.0,23.0,10000,0.0,0.0
2025-05-05 05:15:00+00:00,23.0,23.0,23.0,23.0,3831,0.0,0.0
2025-05-06 01:00:00+00:00,23.049999237060547,23.200000762939453,23.049999237060547,23.100000381469727,0,0.0,0.0
2025-05-06 01:05:00+00:00,23.100000381469727,23.100000381469727,23.049999237060547,23.049999237060547,6021,0.0,0.0
2025-05-06 01:10:00+00:00,23.049999237060547,23.200000762939453,23.049999237060547,23.200000762939453,19000,0.0,0.0
2025-05-06 01:15:00+00:00,23.200000762939453,23.25,22.950000762939453,22.950000762939453,50000,0.0,0.0
2025-05-06 01:20:00+00:00,22.950000762939453,23.100000381469727,22.950000762939453,23.100000381469727,9057,0.0,0.0
2025-05-06 01:30:00+00:00,23.049999237060547,23.049999237060547,22.950000762939453,22.950000762939453,5002,0.0,0.0
2025-05-06 01:35:00+00:00,22.950000762939453,22.950000762939453,22.950000762939453,22.950000762939453,20119,0.0,0.0
2025-05-06 01:40:00+00:00,22.899999618530273,22.899999618530273,22.850000381469727,22.850000381469727,6001,0.0,0.0
2025-05-06 01:45:00+00:00,22.850000381469727,22.850000381469727,22.850000381469727,22.850000381469727,4001,0.0,0.0
2025-05-06 01:50:00+00:00,22.850000381469727,22.850000381469727,22.799999237060547,22.799999237060547,42172,0.0,0.0
2025-05-06 01:55:00+00:00,22.850000381469727,22.850000381469727,22.649999618530273,22.649999618530273,61101,0.0,0.0
2025-05-06 02:00:00+00:00,22.700000762939453,22.899999618530273,22.700000762939453,22.899999618530273,39000,0.0,0.0
2025-05-06 02:05:00+00:00,22.899999618530273,22.899999618530273,22.899999618530273,22.899999618530273,10000,0.0,0.0
2025-05-06 02:10:00+00:00,22.850000381469727,22.899999618530273,22.75,22.899999618530273,59000,0.0,0.0
2025-05-06 02:15:00+00:00,22.899999618530273,22.899999618530273,22.850000381469727,22.850000381469727,17000,0.0,0.0
2025-05-06 02:25:00+00:00,22.850000381469727,22.950000762939453,22.850000381469727,22.950000762939453,20001,0.0,0.0
2025-05-06 02:30:00+00:00,22.950000762939453,22.950000762939453,22.950000762939453,22.950000762939453,2000,0.0,0.0
2025-05-06 02:35:00+00:00,22.850000381469727,22.850000381469727,22.799999237060547,22.799999237060547,19000,0.0,0.0
2025-05-06 02:40:00+00:00,22.799999237060547,22.899999618530273,22.799999237060547,22.899999618530273,20000,0.0,0.0
2025-05-06 02:50:00+00:00,22.850000381469727,22.850000381469727,22.799999237060547,22.799999237060547,3000,0.0,0.0
2025-05-06 02:55:00+00:00,22.850000381469727,22.850000381469727,22.850000381469727,22.850000381469727,24000,0.0,0.0
2025-05-06 03:00:00+00:00,22.899999618530273,22.950000762939453,22.899999618530273,22.950000762939453,23000,0.0,0.0
2025-05-06 03:10:00+00:00,22.899999618530273,22.899999618530273,22.899999618530273,22.899999618530273,6070,0.0,0.0
2025-05-06 03:20:00+00:00,22.850000381469727,22.850000381469727,22.850000381469727,22.850000381469727,10162,0.0,0.0
2025-05-06 03:25:00+00:00,22.850000381469727,22.850000381469727,22.799999237060547,22.799999237060547,2000,0.0,0.0
2025-05-06 03:30:00+00:00,22.899999618530273,22.899999618530273,22.899999618530273,22.899999618530273,5002,0.0,0.0
2025-05-06 03:35:00+00:00,22.899999618530273,22.950000762939453,22.899999618530273,22.950000762939453,29000,0.0,0.0
2025-05-06 03:40:00+00:00,23.0,23.0,22.950000762939453,22.950000762939453,13000,0.0,0.0
2025-05-06 03:50:00+00:00,22.899999618530273,22.899999618530273,22.899999618530273,22.899999618530273,2000,0.0,0.0
2025-05-06 03:55:00+00:00,22.899999618530273,22.899999618530273,22.899999618530273,22.899999618530273,9000,0.0,0.0
2025-05-06 04:00:00+00:00,22.950000762939453,22.950000762939453,22.950000762939453,22.950000762939453,11000,0.0,0.0
2025-05-06 04:05:00+00:00,22.899999618530273,22.899999618530273,22.899999618530273,22.899999618530273,1000,0.0,0.0
2025-05-06 04:10:00+00:00,22.899999618530273,22.899999618530273,22.899999618530273,22.899999618530273,6000,0.0,0.0
2025-05-06 04:15:00+00:00,22.899999618530273,22.899999618530273,22.899999618530273,22.899999618530273,1000,0.0,0.0
2025-05-06 04:20:00+00:00,22.850000381469727,22.850000381469727,22.850000381469727,22.850000381469727,1000,0.0,0.0
2025-05-06 04:30:00+00:00,22.850000381469727,22.850000381469727,22.799999237060547,22.799999237060547,26548,0.0,0.0
2025-05-06 04:35:00+00:00,22.850000381469727,22.850000381469727,22.799999237060547,22.799999237060547,2000,0.0,0.0
2025-05-06 04:40:00+00:00,22.799999237060547,22.799999237060547,22.799999237060547,22.799999237060547,22000,0.0,0.0
2025-05-06 04:45:00+00:00,22.799999237060547,22.799999237060547,22.799999237060547,22.799999237060547,12361,0.0,0.0
2025-05-06 04:50:00+00:00,22.75,22.799999237060547,22.75,22.799999237060547,20000,0.0,0.0
2025-05-06 04:55:00+00:00,22.799999237060547,22.799999237060547,22.75,22.75,3000,0.0,0.0
2025-05-06 05:00:00+00:00,22.75,22.799999237060547,22.75,22.799999237060547,5000,0.0,0.0
2025-05-06 05:05:00+00:00,22.799999237060547,22.850000381469727,22.799999237060547,22.850000381469727,20000,0.0,0.0
2025-05-06 05:10:00+00:00,22.850000381469727,22.850000381469727,22.799999237060547,22.799999237060547,3000,0.0,0.0
2025-05-06 05:15:00+00:00,22.799999237060547,22.799999237060547,22.799999237060547,22.799999237060547,5000,0.0,0.0
2025-05-06 05:20:00+00:00,22.799999237060547,22.799999237060547,22.799999237060547,22.799999237060547,12820,0.0,0.0
2025-05-07 01:00:00+00:00,22.899999618530273,23.0,22.899999618530273,23.0,0,0.0,0.0
2025-05-07 01:05:00+00:00,23.0,23.049999237060547,22.899999618530273,22.950000762939453,28031,0.0,0.0
2025-05-07 01:10:00+00:00,22.950000762939453,23.200000762939453,22.950000762939453,23.049999237060547,42000,0.0,0.0
2025-05-07 01:15:00+00:00,23.100000381469727,23.100000381469727,23.049999237060547,23.100000381469727,12000,0.0,0.0
2025-05-07 01:20:00+00:00,23.100000381469727,23.100000381469727,23.100000381469727,23.100000381469727,6000,0.0,0.0
2025-05-07 01:25:00+00:00,23.049999237060547,23.049999237060547,22.899999618530273,22.899999618530273,41071,0.0,0.0
2025-05-07 01:30:00+00:00,22.950000762939453,22.950000762939453,22.850000381469727,22.850000381469727,3000,0.0,0.0
2025-05-07 01:35:00+00:00,22.850000381469727,22.850000381469727,22.850000381469727,22.850000381469727,1000,0.0,0.0
2025-05-07 01:40:00+00:00,22.850000381469727,22.850000381469727,22.850000381469727,22.850000381469727,1001,0.0,0.0
2025-05-07 01:50:00+00:00,22.850000381469727,22.950000762939453,22.850000381469727,22.950000762939453,3000,0.0,0.0
2025-05-07 01:55:00+00:00,22.850000381469727,22.850000381469727,22.850000381469727,22.850000381469727,1001,0.0,0.0
2025-05-07 02:00:00+00:00,23.0,23.200000762939453,23.0,23.149999618530273,37241,0.0,0.0
2025-05-07 02:10:00+00:00,23.149999618530273,23.149999618530273,23.149999618530273,23.149999618530273,7000,0.0,0.0
2025-05-07 02:15:00+00:00,23.049999237060547,23.100000381469727,23.0,23.100000381469727,16071,0.0,0.0
2025-05-07 02:25:00+00:00,23.0,23.0,23.0,23.0,1000,0.0,0.0
2025-05-07 02:30:00+00:00,23.100000381469727,23.200000762939453,23.100000381469727,23.200000762939453,10000,0.0,0.0
2025-05-07 02:35:00+00:00,23.200000762939453,23.200000762939453,23.200000762939453,23.200000762939453,6000,0.0,0.0
2025-05-07 02:40:00+00:00,23.200000762939453,23.200000762939453,23.200000762939453,23.200000762939453,1000,0.0,0.0
2025-05-07 02:45:00+00:00,23.200000762939453,23.200000762939453,23.200000762939453,23.200000762939453,1000,0.0,0.0
2025-05-07 02:50:00+00:00,23.200000762939453,23.200000762939453,23.149999618530273,23.149999618530273,17000,0.0,0.0
2025-05-07 02:55:00+00:00,23.149999618530273,23.149999618530273,23.049999237060547,23.049999237060547,12535,0.0,0.0
2025-05-07 03:00:00+00:00,23.049999237060547,23.25,23.0,23.049999237060547,66000,0.0,0.0
2025-05-07 03:10:00+00:00,23.0,23.0,23.0,23.0,1000,0.0,0.0
2025-05-07 03:25:00+00:00,23.0,23.100000381469727,23.0,23.100000381469727,6000,0.0,0.0
2025-05-07 03:30:00+00:00,23.049999237060547,23.049999237060547,23.0,23.0,24000,0.0,0.0
2025-05-07 03:40:00+00:00,22.950000762939453,22.950000762939453,22.950000762939453,22.950000762939453,10018,0.0,0.0
2025-05-07 03:45:00+00:00,22.950000762939453,22.950000762939453,22.950000762939453,22.950000762939453,1020,0.0,0.0
2025-05-07 03:50:00+00:00,22.950000762939453,23.0,22.950000762939453,23.0,2000,0.0,0.0
2025-05-07 03:55:00+00:00,22.950000762939453,22.950000762939453,22.950000762939453,22.950000762939453,1000,0.0,0.0
2025-05-07 04:00:00+00:00,23.0,23.100000381469727,23.0,23.049999237060547,5000,0.0,0.0
2025-05-07 04:05:00+00:00,23.049999237060547,23.049999237060547,23.049999237060547,23.049999237060547,5000,0.0,0.0
2025-05-07 04:10:00+00:00,22.899999618530273,22.899999618530273,22.899999618530273,22.899999618530273,1000,0.0,0.0
2025-05-07 04:25:00+00:00,22.899999618530273,23.0,22.899999618530273,23.0,2000,0.0,0.0
2025-05-07 04:35:00+00:00,22.950000762939453,22.950000762939453,22.950000762939453,22.950000762939453,1000,0.0,0.0
2025-05-07 04:40:00+00:00,22.950000762939453,22.950000762939453,22.950000762939453,22.950000762939453,1000,0.0,0.0
2025-05-07 04:55:00+00:00,22.950000762939453,22.950000762939453,22.950000762939453,22.950000762939453,2000,0.0,0.0
2025-05-07 05:00:00+00:00,22.950000762939453,23.0,22.950000762939453,22.950000762939453,4000,0.0,0.0
2025-05-07 05:05:00+00:00,23.0,23.0,22.950000762939453,22.950000762939453,3000,0.0,0.0
2025-05-07 05:10:00+00:00,22.950000762939453,22.950000762939453,22.950000762939453,22.950000762939453,2013,0.0,0.0
2025-05-07 05:15:00+00:00,22.950000762939453,23.0,22.950000762939453,22.950000762939453,9210,0.0,0.0
2025-05-07 05:20:00+00:00,23.0,23.0,22.899999618530273,22.950000762939453,9781,0.0,0.0
2025-05-08 01:00:00+00:00,23.0,23.149999618530273,23.0,23.100000381469727,0,0.0,0.0
2025-05-08 01:10:00+00:00,23.100000381469727,23.200000762939453,23.100000381469727,23.200000762939453,34052,0.0,0.0
2025-05-08 01:15:00+00:00,23.200000762939453,23.200000762939453,23.200000762939453,23.200000762939453,55342,0.0,0.0
2025-05-08 02:30:00+00:00,23.100000381469727,23.100000381469727,23.100000381469727,23.100000381469727,0,0.0,0.0
2025-05-08 02:35:00+00:00,23.100000381469727,23.100000381469727,23.100000381469727,23.100000381469727,100290,0.0,0.0
2025-05-08 02:55:00+00:00,23.049999237060547,23.049999237060547,23.049999237060547,23.049999237060547,12000,0.0,0.0
2025-05-08 03:10:00+00:00,23.049999237060547,23.049999237060547,23.049999237060547,23.049999237060547,6247,0.0,0.0
2025-05-08 03:40:00+00:00,23.0,23.049999237060547,23.0,23.049999237060547,9011,0.0,0.0
2025-05-08 03:45:00+00:00,23.049999237060547,23.049999237060547,23.049999237060547,23.049999237060547,2000,0.0,0.0
2025-05-08 03:50:00+00:00,23.049999237060547,23.049999237060547,23.049999237060547,23.049999237060547,1000,0.0,0.0
2025-05-08 04:00:00+00:00,23.049999237060547,23.049999237060547,23.049999237060547,23.049999237060547,1020,0.0,0.0
2025-05-08 04:05:00+00:00,23.049999237060547,23.049999237060547,23.049999237060547,23.049999237060547,3000,0.0,0.0
2025-05-08 04:10:00+00:00,23.049999237060547,23.049999237060547,23.0,23.049999237060547,4000,0.0,0.0
2025-05-08 04:15:00+00:00,23.049999237060547,23.049999237060547,23.049999237060547,23.049999237060547,10000,0.0,0.0
2025-05-08 04:20:00+00:00,23.100000381469727,23.100000381469727,23.100000381469727,23.100000381469727,1000,0.0,0.0
2025-05-08 04:30:00+00:00,23.100000381469727,23.100000381469727,23.100000381469727,23.100000381469727,1000,0.0,0.0
2025-05-08 04:35:00+00:00,23.049999237060547,23.049999237060547,23.0,23.0,45204,0.0,0.0
2025-05-08 04:40:00+00:00,23.0,23.0,23.0,23.0,1000,0.0,0.0
2025-05-08 04:45:00+00:00,23.100000381469727,23.100000381469727,23.100000381469727,23.100000381469727,1000,0.0,0.0
2025-05-08 05:00:00+00:00,23.049999237060547,23.049999237060547,23.049999237060547,23.049999237060547,2000,0.0,0.0
2025-05-08 05:10:00+00:00,23.0,23.0,23.0,23.0,7020,0.0,0.0
2025-05-08 05:15:00+00:00,23.0,23.049999237060547,23.0,23.049999237060547,17000,0.0,0.0
2025-05-08 05:20:00+00:00,23.0,23.049999237060547,23.0,23.049999237060547,2000,0.0,0.0
2025-05-09 01:00:00+00:00,23.100000381469727,23.25,23.100000381469727,23.25,0,0.0,0.0
2025-05-09 01:05:00+00:00,23.100000381469727,23.100000381469727,23.100000381469727,23.100000381469727,1002,0.0,0.0
2025-05-09 01:10:00+00:00,23.100000381469727,23.100000381469727,23.100000381469727,23.100000381469727,1000,0.0,0.0
2025-05-09 01:15:00+00:00,23.100000381469727,23.100000381469727,23.049999237060547,23.049999237060547,12001,0.0,0.0
2025-05-09 01:20:00+00:00,23.049999237060547,23.049999237060547,22.950000762939453,22.950000762939453,8200,0.0,0.0
2025-05-09 01:25:00+00:00,23.049999237060547,23.049999237060547,23.049999237060547,23.049999237060547,3000,0.0,0.0
2025-05-09 01:30:00+00:00,23.049999237060547,23.049999237060547,23.049999237060547,23.049999237060547,5001,0.0,0.0
2025-05-09 01:40:00+00:00,23.100000381469727,23.100000381469727,23.100000381469727,23.100000381469727,3000,0.0,0.0
2025-05-09 01:45:00+00:00,23.049999237060547,23.049999237060547,23.049999237060547,23.049999237060547,10020,0.0,0.0
2025-05-09 01:50:00+00:00,23.049999237060547,23.049999237060547,23.0,23.0,7020,0.0,0.0
2025-05-09 01:55:00+00:00,23.0,23.0,23.0,23.0,1000,0.0,0.0
2025-05-09 02:00:00+00:00,23.100000381469727,23.100000381469727,23.100000381469727,23.100000381469727,7062,0.0,0.0
2025-05-09 02:05:00+00:00,23.149999618530273,23.25,23.149999618530273,23.25,3210,0.0,0.0
2025-05-09 02:15:00+00:00,23.200000762939453,23.200000762939453,23.200000762939453,23.200000762939453,1999,0.0,0.0
2025-05-09 02:20:00+00:00,23.200000762939453,23.350000381469727,23.100000381469727,23.100000381469727,24000,0.0,0.0
2025-05-09 02:30:00+00:00,23.100000381469727,23.100000381469727,23.100000381469727,23.100000381469727,1000,0.0,0.0
2025-05-09 02:40:00+00:00,23.100000381469727,23.100000381469727,23.100000381469727,23.100000381469727,1000,0.0,0.0
2025-05-09 03:05:00+00:00,23.100000381469727,23.100000381469727,23.100000381469727,23.100000381469727,2000,0.0,0.0
2025-05-09 03:15:00+00:00,23.100000381469727,23.100000381469727,23.049999237060547,23.049999237060547,0,0.0,0.0
2025-05-09 03:20:00+00:00,23.049999237060547,23.049999237060547,23.049999237060547,23.049999237060547,100567,0.0,0.0
2025-05-09 03:35:00+00:00,23.100000381469727,23.100000381469727,23.100000381469727,23.100000381469727,1000,0.0,0.0
2025-05-09 03:45:00+00:00,23.049999237060547,23.049999237060547,23.049999237060547,23.049999237060547,2101,0.0,0.0
2025-05-09 03:50:00+00:00,23.049999237060547,23.049999237060547,23.049999237060547,23.049999237060547,10001,0.0,0.0
2025-05-09 04:00:00+00:00,23.100000381469727,23.100000381469727,23.100000381469727,23.100000381469727,2000,0.0,0.0
2025-05-09 04:15:00+00:00,23.100000381469727,23.100000381469727,23.100000381469727,23.100000381469727,2500,0.0,0.0
2025-05-09 04:30:00+00:00,23.100000381469727,23.100000381469727,23.100000381469727,23.100000381469727,3000,0.0,0.0
2025-05-09 04:40:00+00:00,23.100000381469727,23.100000381469727,23.100000381469727,23.100000381469727,2000,0.0,0.0
2025-05-09 04:45:00+00:00,23.100000381469727,23.100000381469727,23.100000381469727,23.100000381469727,2000,0.0,0.0
2025-05-09 04:50:00+00:00,23.149999618530273,23.149999618530273,23.149999618530273,23.149999618530273,5000,0.0,0.0
2025-05-09 04:55:00+00:00,23.149999618530273,23.149999618530273,23.149999618530273,23.149999618530273,1020,0.0,0.0
2025-05-09 05:00:00+00:00,23.149999618530273,23.149999618530273,23.149999618530273,23.149999618530273,2000,0.0,0.0
2025-05-09 05:05:00+00:00,23.149999618530273,23.149999618530273,23.149999618530273,23.149999618530273,3000,0.0,0.0
2025-05-09 05:10:00+00:00,23.100000381469727,23.100000381469727,23.100000381469727,23.100000381469727,4208,0.0,0.0
2025-05-12 01:00:00+00:00,23.200000762939453,23.299999237060547,23.200000762939453,23.299999237060547,0,0.0,0.0
2025-05-12 01:10:00+00:00,23.25,23.25,23.200000762939453,23.200000762939453,18030,0.0,0.0
2025-05-12 01:15:00+00:00,23.200000762939453,23.200000762939453,23.200000762939453,23.200000762939453,10151,0.0,0.0
2025-05-12 01:20:00+00:00,23.25,23.25,23.25,23.25,1257,0.0,0.0
2025-05-12 01:35:00+00:00,23.25,23.399999618530273,23.25,23.399999618530273,26000,0.0,0.0
2025-05-12 01:40:00+00:00,23.399999618530273,23.399999618530273,23.399999618530273,23.399999618530273,4001,0.0,0.0
2025-05-12 01:45:00+00:00,23.399999618530273,23.399999618530273,23.399999618530273,23.399999618530273,12000,0.0,0.0
2025-05-12 01:50:00+00:00,23.399999618530273,23.399999618530273,23.399999618530273,23.399999618530273,1029,0.0,0.0
2025-05-12 01:55:00+00:00,23.450000762939453,23.450000762939453,23.450000762939453,23.450000762939453,2000,0.0,0.0
2025-05-12 02:05:00+00:00,23.450000762939453,23.450000762939453,23.450000762939453,23.450000762939453,11050,0.0,0.0
2025-05-12 02:15:00+00:00,23.450000762939453,23.450000762939453,23.450000762939453,23.450000762939453,2031,0.0,0.0
2025-05-12 02:30:00+00:00,23.450000762939453,23.450000762939453,23.450000762939453,23.450000762939453,3102,0.0,0.0
2025-05-12 02:35:00+00:00,23.450000762939453,23.450000762939453,23.450000762939453,23.450000762939453,1302,0.0,0.0
2025-05-12 02:40:00+00:00,23.450000762939453,23.450000762939453,23.450000762939453,23.450000762939453,4131,0.0,0.0
2025-05-12 02:45:00+00:00,23.450000762939453,23.450000762939453,23.450000762939453,23.450000762939453,1000,0.0,0.0
2025-05-12 03:00:00+00:00,23.450000762939453,23.450000762939453,23.450000762939453,23.450000762939453,2280,0.0,0.0
2025-05-12 03:05:00+00:00,23.450000762939453,23.450000762939453,23.450000762939453,23.450000762939453,3001,0.0,0.0
2025-05-12 03:15:00+00:00,23.450000762939453,23.450000762939453,23.450000762939453,23.450000762939453,2001,0.0,0.0
2025-05-12 03:20:00+00:00,23.450000762939453,23.450000762939453,23.450000762939453,23.450000762939453,1001,0.0,0.0
2025-05-12 03:30:00+00:00,23.450000762939453,23.450000762939453,23.450000762939453,23.450000762939453,1102,0.0,0.0
2025-05-12 03:40:00+00:00,23.399999618530273,23.399999618530273,23.399999618530273,23.399999618530273,1001,0.0,0.0
2025-05-12 03:55:00+00:00,23.399999618530273,23.399999618530273,23.299999237060547,23.299999237060547,30001,0.0,0.0
2025-05-12 04:10:00+00:00,23.399999618530273,23.399999618530273,23.399999618530273,23.399999618530273,3095,0.0,0.0
2025-05-12 04:30:00+00:00,23.399999618530273,23.450000762939453,23.399999618530273,23.450000762939453,6053,0.0,0.0
2025-05-12 04:40:00+00:00,23.5,23.5,23.5,23.5,4001,0.0,0.0
2025-05-12 04:45:00+00:00,23.5,23.5,23.399999618530273,23.399999618530273,4248,0.0,0.0
2025-05-12 04:55:00+00:00,23.5,23.549999237060547,23.5,23.549999237060547,6051,0.0,0.0
2025-05-12 05:00:00+00:00,23.450000762939453,23.450000762939453,23.450000762939453,23.450000762939453,1000,0.0,0.0
2025-05-12 05:10:00+00:00,23.5,23.5,23.5,23.5,1000,0.0,0.0
2025-05-12 05:15:00+00:00,23.5,23.549999237060547,23.450000762939453,23.549999237060547,4221,0.0,0.0
2025-05-12 05:20:00+00:00,23.549999237060547,23.549999237060547,23.549999237060547,23.549999237060547,1031,0.0,0.0
2025-05-13 01:00:00+00:00,23.600000381469727,23.850000381469727,23.600000381469727,23.850000381469727,0,0.0,0.0
2025-05-13 01:05:00+00:00,23.899999618530273,24.0,23.799999237060547,23.799999237060547,13134,0.0,0.0
2025-05-13 01:10:00+00:00,23.899999618530273,23.899999618530273,23.75,23.75,4000,0.0,0.0
2025-05-13 01:15:00+00:00,23.799999237060547,23.799999237060547,23.799999237060547,23.799999237060547,3000,0.0,0.0
2025-05-13 01:20:00+00:00,23.799999237060547,23.950000762939453,23.75,23.75,339014,0.0,0.0
2025-05-13 01:25:00+00:00,23.850000381469727,23.850000381469727,23.799999237060547,23.799999237060547,26000,0.0,0.0
2025-05-13 01:30:00+00:00,23.850000381469727,23.850000381469727,23.799999237060547,23.850000381469727,13000,0.0,0.0
2025-05-13 01:35:00+00:00,23.850000381469727,23.899999618530273,23.850000381469727,23.899999618530273,5000,0.0,0.0
2025-05-13 01:45:00+00:00,23.899999618530273,23.899999618530273,23.850000381469727,23.850000381469727,5002,0.0,0.0
2025-05-13 01:55:00+00:00,23.799999237060547,23.799999237060547,23.799999237060547,23.799999237060547,6000,0.0,0.0
2025-05-13 02:00:00+00:00,23.799999237060547,23.799999237060547,23.799999237060547,23.799999237060547,3000,0.0,0.0
2025-05-13 02:05:00+00:00,23.850000381469727,23.850000381469727,23.75,23.75,6204,0.0,0.0
2025-05-13 02:10:00+00:00,23.700000762939453,23.700000762939453,23.700000762939453,23.700000762939453,1000,0.0,0.0
2025-05-13 02:15:00+00:00,23.700000762939453,23.700000762939453,23.700000762939453,23.700000762939453,3000,0.0,0.0
2025-05-13 02:20:00+00:00,23.700000762939453,23.700000762939453,23.700000762939453,23.700000762939453,11000,0.0,0.0
2025-05-13 02:30:00+00:00,23.700000762939453,23.700000762939453,23.700000762939453,23.700000762939453,1250,0.0,0.0
2025-05-13 02:40:00+00:00,23.700000762939453,23.700000762939453,23.700000762939453,23.700000762939453,2001,0.0,0.0
2025-05-13 02:50:00+00:00,23.700000762939453,23.700000762939453,23.700000762939453,23.700000762939453,1000,0.0,0.0
2025-05-13 03:00:00+00:00,23.649999618530273,23.649999618530273,23.649999618530273,23.649999618530273,9010,0.0,0.0
2025-05-13 03:05:00+00:00,23.649999618530273,23.649999618530273,23.649999618530273,23.649999618530273,1000,0.0,0.0
2025-05-13 03:10:00+00:00,23.600000381469727,23.600000381469727,23.600000381469727,23.600000381469727,14000,0.0,0.0
2025-05-13 03:15:00+00:00,23.549999237060547,23.549999237060547,23.549999237060547,23.549999237060547,5212,0.0,0.0
2025-05-13 03:20:00+00:00,23.5,23.549999237060547,23.5,23.549999237060547,23503,0.0,0.0
2025-05-13 03:25:00+00:00,23.5,23.5,23.5,23.5,1000,0.0,0.0
2025-05-13 03:55:00+00:00,23.5,23.5,23.5,23.5,6016,0.0,0.0
2025-05-13 04:00:00+00:00,23.5,23.5,23.5,23.5,15404,0.0,0.0
2025-05-13 04:05:00+00:00,23.450000762939453,23.450000762939453,23.450000762939453,23.450000762939453,5000,0.0,0.0
2025-05-13 04:10:00+00:00,23.5,23.5,23.5,23.5,1001,0.0,0.0
2025-05-13 04:15:00+00:00,23.450000762939453,23.450000762939453,23.450000762939453,23.450000762939453,4009,0.0,0.0
2025-05-13 04:25:00+00:00,23.399999618530273,23.399999618530273,23.399999618530273,23.399999618530273,1002,0.0,0.0
2025-05-13 04:30:00+00:00,23.5,23.5,23.200000762939453,23.200000762939453,26352,0.0,0.0
2025-05-13 04:35:00+00:00,23.299999237060547,23.350000381469727,23.100000381469727,23.350000381469727,41378,0.0,0.0
2025-05-13 04:40:00+00:00,23.299999237060547,23.299999237060547,23.299999237060547,23.299999237060547,1004,0.0,0.0
2025-05-13 04:50:00+00:00,23.299999237060547,23.299999237060547,23.299999237060547,23.299999237060547,2107,0.0,0.0
2025-05-13 04:55:00+00:00,23.299999237060547,23.299999237060547,23.25,23.25,9200,0.0,0.0
2025-05-13 05:00:00+00:00,23.25,23.25,23.25,23.25,3000,0.0,0.0
2025-05-13 05:05:00+00:00,23.299999237060547,23.299999237060547,23.299999237060547,23.299999237060547,3000,0.0,0.0
2025-05-13 05:10:00+00:00,23.299999237060547,23.299999237060547,23.299999237060547,23.299999237060547,4000,0.0,0.0
2025-05-13 05:15:00+00:00,23.299999237060547,23.350000381469727,23.299999237060547,23.350000381469727,7000,0.0,0.0
2025-05-13 05:20:00+00:00,23.25,23.399999618530273,23.25,23.399999618530273,5208,0.0,0.0
2025-05-14 01:00:00+00:00,23.5,23.600000381469727,23.5,23.549999237060547,0,0.0,0.0
2025-05-14 01:05:00+00:00,23.549999237060547,23.549999237060547,23.549999237060547,23.549999237060547,6138,0.0,0.0
2025-05-14 01:15:00+00:00,23.549999237060547,23.600000381469727,23.549999237060547,23.600000381469727,12000,0.0,0.0
2025-05-14 01:20:00+00:00,23.600000381469727,23.600000381469727,23.600000381469727,23.600000381469727,2000,0.0,0.0
2025-05-14 01:25:00+00:00,23.600000381469727,23.600000381469727,23.600000381469727,23.600000381469727,2000,0.0,0.0
2025-05-14 01:30:00+00:00,23.600000381469727,23.600000381469727,23.600000381469727,23.600000381469727,1294,0.0,0.0
2025-05-14 01:35:00+00:00,23.600000381469727,23.600000381469727,23.600000381469727,23.600000381469727,1000,0.0,0.0
2025-05-14 01:40:00+00:00,23.600000381469727,23.600000381469727,23.600000381469727,23.600000381469727,10000,0.0,0.0
2025-05-14 01:45:00+00:00,23.600000381469727,23.600000381469727,23.549999237060547,23.549999237060547,10000,0.0,0.0
2025-05-14 01:50:00+00:00,23.600000381469727,23.600000381469727,23.600000381469727,23.600000381469727,1007,0.0,0.0
2025-05-14 02:00:00+00:00,23.549999237060547,23.549999237060547,23.549999237060547,23.549999237060547,2012,0.0,0.0
2025-05-14 02:10:00+00:00,23.600000381469727,23.600000381469727,23.600000381469727,23.600000381469727,2000,0.0,0.0
2025-05-14 02:15:00+00:00,23.549999237060547,23.549999237060547,23.549999237060547,23.549999237060547,11001,0.0,0.0
2025-05-14 02:25:00+00:00,23.549999237060547,23.549999237060547,23.549999237060547,23.549999237060547,15000,0.0,0.0
2025-05-14 02:35:00+00:00,23.5,23.5,23.5,23.5,6000,0.0,0.0
2025-05-14 02:40:00+00:00,23.5,23.549999237060547,23.5,23.549999237060547,44000,0.0,0.0
2025-05-14 02:45:00+00:00,23.549999237060547,23.549999237060547,23.549999237060547,23.549999237060547,7001,0.0,0.0
2025-05-14 03:05:00+00:00,23.600000381469727,23.649999618530273,23.600000381469727,23.649999618530273,13000,0.0,0.0
2025-05-14 03:15:00+00:00,23.649999618530273,23.649999618530273,23.649999618530273,23.649999618530273,4000,0.0,0.0
2025-05-14 03:20:00+00:00,23.649999618530273,23.649999618530273,23.649999618530273,23.649999618530273,3002,0.0,0.0
2025-05-14 03:25:00+00:00,23.700000762939453,23.700000762939453,23.700000762939453,23.700000762939453,1000,0.0,0.0
2025-05-14 03:35:00+00:00,23.649999618530273,23.649999618530273,23.649999618530273,23.649999618530273,2000,0.0,0.0
2025-05-14 03:45:00+00:00,23.649999618530273,23.649999618530273,23.600000381469727,23.600000381469727,2000,0.0,0.0
2025-05-14 03:50:00+00:00,23.649999618530273,23.649999618530273,23.649999618530273,23.649999618530273,2000,0.0,0.0
2025-05-14 04:00:00+00:00,23.600000381469727,23.600000381469727,23.600000381469727,23.600000381469727,1000,0.0,0.0
2025-05-14 04:05:00+00:00,23.649999618530273,23.700000762939453,23.600000381469727,23.600000381469727,6000,0.0,0.0
2025-05-14 04:10:00+00:00,23.600000381469727,23.649999618530273,23.600000381469727,23.649999618530273,3000,0.0,0.0
2025-05-14 04:20:00+00:00,23.649999618530273,23.649999618530273,23.649999618530273,23.649999618530273,1020,0.0,0.0
2025-05-14 04:25:00+00:00,23.649999618530273,23.649999618530273,23.649999618530273,23.649999618530273,7026,0.0,0.0
2025-05-14 04:30:00+00:00,23.649999618530273,23.75,23.649999618530273,23.75,12020,0.0,0.0
2025-05-14 04:35:00+00:00,23.75,23.75,23.75,23.75,2037,0.0,0.0
2025-05-14 04:40:00+00:00,23.75,23.75,23.75,23.75,10013,0.0,0.0
2025-05-14 04:45:00+00:00,23.700000762939453,23.700000762939453,23.700000762939453,23.700000762939453,3112,0.0,0.0
2025-05-14 04:55:00+00:00,23.75,23.75,23.75,23.75,6061,0.0,0.0
2025-05-14 05:00:00+00:00,23.75,23.75,23.75,23.75,4248,0.0,0.0
2025-05-14 05:05:00+00:00,23.75,23.799999237060547,23.700000762939453,23.799999237060547,18177,0.0,0.0
2025-05-14 05:10:00+00:00,23.799999237060547,23.799999237060547,23.75,23.799999237060547,6054,0.0,0.0
2025-05-14 05:20:00+00:00,23.799999237060547,23.799999237060547,23.799999237060547,23.799999237060547,6403,0.0,0.0
2025-05-15 01:00:00+00:00,23.850000381469727,23.850000381469727,23.75,23.850000381469727,0,0.0,0.0
2025-05-15 01:05:00+00:00,23.850000381469727,23.950000762939453,23.850000381469727,23.899999618530273,19000,0.0,0.0
2025-05-15 01:10:00+00:00,23.950000762939453,24.0,23.950000762939453,24.0,5219,0.0,0.0
2025-05-15 01:15:00+00:00,24.0,24.0,23.899999618530273,23.899999618530273,3018,0.0,0.0
2025-05-15 01:20:00+00:00,23.950000762939453,23.950000762939453,23.850000381469727,23.850000381469727,10000,0.0,0.0
2025-05-15 01:25:00+00:00,23.850000381469727,23.850000381469727,23.700000762939453,23.700000762939453,28107,0.0,0.0
2025-05-15 01:30:00+00:00,23.799999237060547,23.850000381469727,23.799999237060547,23.850000381469727,2000,0.0,0.0
2025-05-15 01:35:00+00:00,23.700000762939453,23.700000762939453,23.700000762939453,23.700000762939453,1000,0.0,0.0
2025-05-15 01:40:00+00:00,23.799999237060547,23.799999237060547,23.799999237060547,23.799999237060547,1000,0.0,0.0
2025-05-15 01:50:00+00:00,23.75,23.75,23.75,23.75,2102,0.0,0.0
2025-05-15 02:00:00+00:00,23.700000762939453,23.700000762939453,23.649999618530273,23.649999618530273,6000,0.0,0.0
2025-05-15 02:05:00+00:00,23.700000762939453,23.700000762939453,23.700000762939453,23.700000762939453,1000,0.0,0.0
2025-05-15 02:10:00+00:00,23.700000762939453,23.700000762939453,23.700000762939453,23.700000762939453,1000,0.0,0.0
2025-05-15 02:15:00+00:00,23.700000762939453,23.700000762939453,23.700000762939453,23.700000762939453,4000,0.0,0.0
2025-05-15 02:20:00+00:00,23.75,23.75,23.75,23.75,1001,0.0,0.0
2025-05-15 02:55:00+00:00,23.75,23.75,23.649999618530273,23.700000762939453,20243,0.0,0.0
2025-05-15 03:00:00+00:00,23.700000762939453,23.700000762939453,23.649999618530273,23.649999618530273,3021,0.0,0.0
2025-05-15 03:05:00+00:00,23.649999618530273,23.649999618530273,23.649999618530273,23.649999618530273,6000,0.0,0.0
2025-05-15 03:20:00+00:00,23.649999618530273,23.649999618530273,23.649999618530273,23.649999618530273,1000,0.0,0.0
2025-05-15 03:35:00+00:00,23.649999618530273,23.649999618530273,23.600000381469727,23.600000381469727,9000,0.0,0.0
2025-05-15 03:40:00+00:00,23.600000381469727,23.600000381469727,23.549999237060547,23.549999237060547,6000,0.0,0.0
2025-05-15 03:50:00+00:00,23.600000381469727,23.600000381469727,23.600000381469727,23.600000381469727,2000,0.0,0.0
2025-05-15 04:00:00+00:00,23.649999618530273,23.649999618530273,23.649999618530273,23.649999618530273,1000,0.0,0.0
2025-05-15 04:05:00+00:00,23.600000381469727,23.600000381469727,23.600000381469727,23.600000381469727,1000,0.0,0.0
2025-05-15 04:10:00+00:00,23.600000381469727,23.600000381469727,23.600000381469727,23.600000381469727,1000,0.0,0.0
2025-05-15 04:15:00+00:00,23.600000381469727,23.600000381469727,23.600000381469727,23.600000381469727,5055,0.0,0.0
2025-05-15 04:20:00+00:00,23.549999237060547,23.549999237060547,23.549999237060547,23.549999237060547,3000,0.0,0.0
2025-05-15 04:25:00+00:00,23.549999237060547,23.549999237060547,23.549999237060547,23.549999237060547,1000,0.0,0.0
2025-05-15 04:30:00+00:00,23.549999237060547,23.649999618530273,23.549999237060547,23.649999618530273,5067,0.0,0.0
2025-05-15 04:40:00+00:00,23.549999237060547,23.549999237060547,23.549999237060547,23.549999237060547,1000,0.0,0.0
2025-05-15 04:45:00+00:00,23.549999237060547,23.549999237060547,23.549999237060547,23.549999237060547,6000,0.0,0.0
2025-05-15 04:50:00+00:00,23.600000381469727,23.600000381469727,23.600000381469727,23.600000381469727,1031,0.0,0.0
2025-05-15 05:10:00+00:00,23.600000381469727,23.600000381469727,23.600000381469727,23.600000381469727,6000,0.0,0.0
2025-05-15 05:15:00+00:00,23.600000381469727,23.600000381469727,23.600000381469727,23.600000381469727,2000,0.0,0.0
2025-05-15 05:20:00+00:00,23.600000381469727,23.600000381469727,23.600000381469727,23.600000381469727,1417,0.0,0.0
2025-05-16 01:00:00+00:00,23.75,23.75,23.600000381469727,23.600000381469727,0,0.0,0.0
2025-05-16 01:15:00+00:00,23.600000381469727,23.600000381469727,23.600000381469727,23.600000381469727,1097,0.0,0.0
2025-05-16 01:20:00+00:00,23.600000381469727,23.600000381469727,23.600000381469727,23.600000381469727,1000,0.0,0.0
2025-05-16 01:25:00+00:00,23.600000381469727,23.600000381469727,23.600000381469727,23.600000381469727,1001,0.0,0.0
2025-05-16 01:55:00+00:00,23.600000381469727,23.600000381469727,23.600000381469727,23.600000381469727,1000,0.0,0.0
2025-05-16 02:00:00+00:00,23.600000381469727,23.600000381469727,23.600000381469727,23.600000381469727,2144,0.0,0.0
2025-05-16 02:10:00+00:00,23.600000381469727,23.600000381469727,23.600000381469727,23.600000381469727,5026,0.0,0.0
2025-05-16 02:20:00+00:00,23.600000381469727,23.600000381469727,23.600000381469727,23.600000381469727,5000,0.0,0.0
2025-05-16 02:25:00+00:00,23.600000381469727,23.600000381469727,23.549999237060547,23.549999237060547,6040,0.0,0.0
2025-05-16 02:30:00+00:00,23.649999618530273,23.649999618530273,23.649999618530273,23.649999618530273,1095,0.0,0.0
2025-05-16 02:45:00+00:00,23.600000381469727,23.600000381469727,23.600000381469727,23.600000381469727,3001,0.0,0.0
2025-05-16 03:20:00+00:00,23.600000381469727,23.649999618530273,23.600000381469727,23.649999618530273,2000,0.0,0.0
2025-05-16 03:30:00+00:00,23.600000381469727,23.649999618530273,23.600000381469727,23.649999618530273,5000,0.0,0.0
2025-05-16 03:35:00+00:00,23.649999618530273,23.649999618530273,23.600000381469727,23.600000381469727,15009,0.0,0.0
2025-05-16 03:40:00+00:00,23.649999618530273,23.649999618530273,23.600000381469727,23.600000381469727,4000,0.0,0.0
2025-05-16 03:45:00+00:00,23.649999618530273,23.649999618530273,23.649999618530273,23.649999618530273,3000,0.0,0.0
2025-05-16 03:50:00+00:00,23.649999618530273,23.649999618530273,23.600000381469727,23.600000381469727,4035,0.0,0.0
2025-05-16 03:55:00+00:00,23.600000381469727,23.600000381469727,23.600000381469727,23.600000381469727,2000,0.0,0.0
2025-05-16 04:00:00+00:00,23.649999618530273,23.649999618530273,23.649999618530273,23.649999618530273,1001,0.0,0.0
2025-05-16 04:35:00+00:00,23.600000381469727,23.600000381469727,23.600000381469727,23.600000381469727,3000,0.0,0.0
2025-05-16 04:40:00+00:00,23.600000381469727,23.600000381469727,23.600000381469727,23.600000381469727,1000,0.0,0.0
2025-05-16 04:45:00+00:00,23.600000381469727,23.600000381469727,23.600000381469727,23.600000381469727,4001,0.0,0.0
2025-05-16 04:50:00+00:00,23.649999618530273,23.649999618530273,23.649999618530273,23.649999618530273,1056,0.0,0.0
2025-05-16 05:10:00+00:00,23.649999618530273,23.649999618530273,23.600000381469727,23.600000381469727,3000,0.0,0.0
2025-05-16 05:15:00+00:00,23.600000381469727,23.600000381469727,23.600000381469727,23.600000381469727,1200,0.0,0.0
2025-05-16 05:20:00+00:00,23.600000381469727,23.600000381469727,23.549999237060547,23.549999237060547,3367,0.0,0.0
2025-05-19 01:00:00+00:00,23.600000381469727,23.600000381469727,23.399999618530273,23.399999618530273,0,0.0,0.0
2025-05-19 01:05:00+00:00,23.399999618530273,23.399999618530273,23.399999618530273,23.399999618530273,12015,0.0,0.0
2025-05-19 01:10:00+00:00,23.5,23.5,23.350000381469727,23.350000381469727,3085,0.0,0.0
2025-05-19 01:15:00+00:00,23.350000381469727,23.350000381469727,23.350000381469727,23.350000381469727,1000,0.0,0.0
2025-05-19 01:20:00+00:00,23.299999237060547,23.350000381469727,23.25,23.350000381469727,9013,0.0,0.0
2025-05-19 01:30:00+00:00,23.450000762939453,23.450000762939453,23.450000762939453,23.450000762939453,2000,0.0,0.0
2025-05-19 01:35:00+00:00,23.299999237060547,23.299999237060547,23.299999237060547,23.299999237060547,2000,0.0,0.0
2025-05-19 01:40:00+00:00,23.299999237060547,23.299999237060547,23.299999237060547,23.299999237060547,1200,0.0,0.0
2025-05-19 02:15:00+00:00,23.299999237060547,23.299999237060547,23.299999237060547,23.299999237060547,4299,0.0,0.0
2025-05-19 02:20:00+00:00,23.350000381469727,23.350000381469727,23.350000381469727,23.350000381469727,1000,0.0,0.0
2025-05-19 02:25:00+00:00,23.299999237060547,23.299999237060547,23.299999237060547,23.299999237060547,9000,0.0,0.0
2025-05-19 02:30:00+00:00,23.299999237060547,23.299999237060547,23.299999237060547,23.299999237060547,4286,0.0,0.0
2025-05-19 02:40:00+00:00,23.299999237060547,23.299999237060547,23.299999237060547,23.299999237060547,1001,0.0,0.0
2025-05-19 02:50:00+00:00,23.299999237060547,23.299999237060547,23.299999237060547,23.299999237060547,1000,0.0,0.0
2025-05-19 03:05:00+00:00,23.25,23.25,23.200000762939453,23.200000762939453,11000,0.0,0.0
2025-05-19 03:10:00+00:00,23.350000381469727,23.350000381469727,23.350000381469727,23.350000381469727,2000,0.0,0.0
2025-05-19 03:20:00+00:00,23.200000762939453,23.200000762939453,23.149999618530273,23.149999618530273,10010,0.0,0.0
2025-05-19 03:25:00+00:00,23.200000762939453,23.200000762939453,23.200000762939453,23.200000762939453,2070,0.0,0.0
2025-05-19 03:30:00+00:00,23.200000762939453,23.200000762939453,23.149999618530273,23.149999618530273,4346,0.0,0.0
2025-05-19 03:35:00+00:00,23.100000381469727,23.100000381469727,23.100000381469727,23.100000381469727,1000,0.0,0.0
2025-05-19 03:40:00+00:00,23.200000762939453,23.200000762939453,23.200000762939453,23.200000762939453,2000,0.0,0.0
2025-05-19 03:45:00+00:00,23.100000381469727,23.100000381469727,23.100000381469727,23.100000381469727,4350,0.0,0.0
2025-05-19 03:50:00+00:00,23.100000381469727,23.100000381469727,23.100000381469727,23.100000381469727,1000,0.0,0.0
2025-05-19 03:55:00+00:00,23.049999237060547,23.049999237060547,23.049999237060547,23.049999237060547,1000,0.0,0.0
2025-05-19 04:00:00+00:00,23.200000762939453,23.200000762939453,23.200000762939453,23.200000762939453,1000,0.0,0.0
2025-05-19 04:05:00+00:00,23.100000381469727,23.100000381469727,23.049999237060547,23.049999237060547,7000,0.0,0.0
2025-05-19 04:10:00+00:00,23.100000381469727,23.100000381469727,23.049999237060547,23.049999237060547,2000,0.0,0.0
2025-05-19 04:20:00+00:00,23.049999237060547,23.049999237060547,23.049999237060547,23.049999237060547,2000,0.0,0.0
2025-05-19 04:25:00+00:00,23.049999237060547,23.049999237060547,23.049999237060547,23.049999237060547,5000,0.0,0.0
2025-05-19 04:30:00+00:00,23.100000381469727,23.100000381469727,23.100000381469727,23.100000381469727,1102,0.0,0.0
2025-05-19 04:35:00+00:00,23.049999237060547,23.049999237060547,23.049999237060547,23.049999237060547,2000,0.0,0.0
2025-05-19 04:45:00+00:00,23.100000381469727,23.100000381469727,23.049999237060547,23.049999237060547,3100,0.0,0.0
2025-05-19 04:50:00+00:00,23.100000381469727,23.100000381469727,23.049999237060547,23.100000381469727,33000,0.0,0.0
2025-05-19 04:55:00+00:00,23.100000381469727,23.200000762939453,23.100000381469727,23.200000762939453,7000,0.0,0.0
2025-05-19 05:10:00+00:00,23.200000762939453,23.200000762939453,23.200000762939453,23.200000762939453,1001,0.0,0.0
2025-05-19 05:20:00+00:00,23.200000762939453,23.25,23.200000762939453,23.25,2000,0.0,0.0
2025-05-20 01:00:00+00:00,23.25,23.25,23.25,23.25,0,0.0,0.0
2025-05-20 01:30:00+00:00,23.149999618530273,23.149999618530273,23.149999618530273,23.149999618530273,5000,0.0,0.0
2025-05-20 01:40:00+00:00,23.100000381469727,23.100000381469727,23.100000381469727,23.100000381469727,3156,0.0,0.0
2025-05-20 02:20:00+00:00,23.149999618530273,23.149999618530273,23.149999618530273,23.149999618530273,2000,0.0,0.0
2025-05-20 02:25:00+00:00,23.049999237060547,23.100000381469727,23.049999237060547,23.100000381469727,3000,0.0,0.0
2025-05-20 02:30:00+00:00,23.100000381469727,23.100000381469727,23.100000381469727,23.100000381469727,2000,0.0,0.0
2025-05-20 02:35:00+00:00,23.100000381469727,23.100000381469727,23.100000381469727,23.100000381469727,1002,0.0,0.0
2025-05-20 02:45:00+00:00,23.100000381469727,23.100000381469727,23.100000381469727,23.100000381469727,1000,0.0,0.0
2025-05-20 02:50:00+00:00,23.100000381469727,23.100000381469727,23.100000381469727,23.100000381469727,1000,0.0,0.0
2025-05-20 02:55:00+00:00,23.049999237060547,23.149999618530273,23.049999237060547,23.149999618530273,5500,0.0,0.0
2025-05-20 03:05:00+00:00,23.200000762939453,23.200000762939453,23.200000762939453,23.200000762939453,1000,0.0,0.0
2025-05-20 03:10:00+00:00,23.200000762939453,23.25,23.200000762939453,23.25,25000,0.0,0.0
2025-05-20 03:15:00+00:00,23.200000762939453,23.200000762939453,23.200000762939453,23.200000762939453,1000,0.0,0.0
2025-05-20 03:20:00+00:00,23.200000762939453,23.200000762939453,23.200000762939453,23.200000762939453,3000,0.0,0.0
2025-05-20 03:25:00+00:00,23.149999618530273,23.149999618530273,23.100000381469727,23.100000381469727,6000,0.0,0.0
2025-05-20 03:30:00+00:00,23.149999618530273,23.200000762939453,23.149999618530273,23.149999618530273,3017,0.0,0.0
2025-05-20 04:20:00+00:00,23.049999237060547,23.049999237060547,23.049999237060547,23.049999237060547,2095,0.0,0.0
2025-05-20 04:25:00+00:00,23.049999237060547,23.049999237060547,23.0,23.0,20100,0.0,0.0
2025-05-20 04:30:00+00:00,23.100000381469727,23.149999618530273,23.100000381469727,23.149999618530273,4000,0.0,0.0
2025-05-20 04:35:00+00:00,23.149999618530273,23.200000762939453,23.100000381469727,23.100000381469727,22000,0.0,0.0
2025-05-20 04:40:00+00:00,23.200000762939453,23.200000762939453,23.200000762939453,23.200000762939453,3000,0.0,0.0
2025-05-20 04:50:00+00:00,23.25,23.25,23.25,23.25,1015,0.0,0.0
2025-05-20 05:00:00+00:00,23.25,23.25,23.200000762939453,23.200000762939453,4100,0.0,0.0
2025-05-20 05:05:00+00:00,23.200000762939453,23.200000762939453,23.200000762939453,23.200000762939453,1000,0.0,0.0
2025-05-20 05:10:00+00:00,23.25,23.25,23.100000381469727,23.100000381469727,7000,0.0,0.0
2025-05-20 05:15:00+00:00,23.100000381469727,23.100000381469727,23.100000381469727,23.100000381469727,4000,0.0,0.0
2025-05-20 05:20:00+00:00,23.100000381469727,23.100000381469727,23.100000381469727,23.100000381469727,1532,0.0,0.0
2025-05-21 01:00:00+00:00,23.25,23.25,23.25,23.25,0,0.0,0.0
2025-05-21 01:05:00+00:00,23.299999237060547,23.350000381469727,23.299999237060547,23.350000381469727,2406,0.0,0.0
2025-05-21 01:15:00+00:00,23.399999618530273,23.450000762939453,23.399999618530273,23.450000762939453,7001,0.0,0.0
2025-05-21 01:25:00+00:00,23.450000762939453,23.450000762939453,23.450000762939453,23.450000762939453,4000,0.0,0.0
2025-05-21 01:30:00+00:00,23.5,23.5,23.5,23.5,1000,0.0,0.0
2025-05-21 01:35:00+00:00,23.450000762939453,23.450000762939453,23.450000762939453,23.450000762939453,1021,0.0,0.0
2025-05-21 01:40:00+00:00,23.5,23.5,23.5,23.5,3000,0.0,0.0
2025-05-21 01:45:00+00:00,23.5,23.5,23.5,23.5,1000,0.0,0.0
2025-05-21 01:50:00+00:00,23.5,23.5,23.5,23.5,1000,0.0,0.0
2025-05-21 01:55:00+00:00,23.450000762939453,23.450000762939453,23.450000762939453,23.450000762939453,1001,0.0,0.0
2025-05-21 02:00:00+00:00,23.450000762939453,23.450000762939453,23.450000762939453,23.450000762939453,2000,0.0,0.0
2025-05-21 02:05:00+00:00,23.299999237060547,23.299999237060547,23.299999237060547,23.299999237060547,2204,0.0,0.0
2025-05-21 02:15:00+00:00,23.299999237060547,23.299999237060547,23.299999237060547,23.299999237060547,1000,0.0,0.0
2025-05-21 02:20:00+00:00,23.299999237060547,23.299999237060547,23.299999237060547,23.299999237060547,20027,0.0,0.0
2025-05-21 02:30:00+00:00,23.450000762939453,23.450000762939453,23.450000762939453,23.450000762939453,4000,0.0,0.0
2025-05-21 02:55:00+00:00,23.450000762939453,23.450000762939453,23.450000762939453,23.450000762939453,1000,0.0,0.0
2025-05-21 03:00:00+00:00,23.450000762939453,23.450000762939453,23.450000762939453,23.450000762939453,3000,0.0,0.0
2025-05-21 03:05:00+00:00,23.450000762939453,23.450000762939453,23.450000762939453,23.450000762939453,1000,0.0,0.0
2025-05-21 03:10:00+00:00,23.5,23.5,23.5,23.5,1000,0.0,0.0
2025-05-21 03:15:00+00:00,23.5,23.5,23.5,23.5,1000,0.0,0.0
2025-05-21 03:20:00+00:00,23.5,23.5,23.5,23.5,1000,0.0,0.0
2025-05-21 03:25:00+00:00,23.5,23.5,23.5,23.5,1000,0.0,0.0
2025-05-21 03:30:00+00:00,23.5,23.5,23.5,23.5,16000,0.0,0.0
2025-05-21 03:35:00+00:00,23.5,23.5,23.5,23.5,2000,0.0,0.0
2025-05-21 03:40:00+00:00,23.549999237060547,23.549999237060547,23.549999237060547,23.549999237060547,5000,0.0,0.0
2025-05-21 03:45:00+00:00,23.5,23.5,23.5,23.5,2000,0.0,0.0
2025-05-21 03:50:00+00:00,23.600000381469727,23.600000381469727,23.600000381469727,23.600000381469727,1000,0.0,0.0
2025-05-21 04:05:00+00:00,23.549999237060547,23.549999237060547,23.549999237060547,23.549999237060547,1000,0.0,0.0
2025-05-21 04:10:00+00:00,23.600000381469727,23.600000381469727,23.600000381469727,23.600000381469727,1002,0.0,0.0
2025-05-21 04:15:00+00:00,23.600000381469727,23.600000381469727,23.549999237060547,23.549999237060547,12050,0.0,0.0
2025-05-21 04:20:00+00:00,23.600000381469727,23.649999618530273,23.600000381469727,23.649999618530273,17000,0.0,0.0
2025-05-21 04:30:00+00:00,23.700000762939453,23.700000762939453,23.649999618530273,23.649999618530273,4100,0.0,0.0
2025-05-21 04:40:00+00:00,23.700000762939453,23.700000762939453,23.700000762939453,23.700000762939453,2000,0.0,0.0
2025-05-21 05:00:00+00:00,23.649999618530273,23.649999618530273,23.649999618530273,23.649999618530273,3000,0.0,0.0
2025-05-21 05:05:00+00:00,23.600000381469727,23.600000381469727,23.600000381469727,23.600000381469727,1000,0.0,0.0
2025-05-21 05:10:00+00:00,23.649999618530273,23.75,23.649999618530273,23.75,33110,0.0,0.0
2025-05-21 05:15:00+00:00,23.799999237060547,23.799999237060547,23.799999237060547,23.799999237060547,18000,0.0,0.0
2025-05-21 05:20:00+00:00,23.75,23.799999237060547,23.75,23.75,4000,0.0,0.0
2025-05-22 01:00:00+00:00,23.75,23.75,23.75,23.75,0,0.0,0.0
2025-05-22 01:05:00+00:00,23.5,23.75,23.5,23.75,2030,0.0,0.0
2025-05-22 01:10:00+00:00,23.5,23.5,23.5,23.5,2000,0.0,0.0
2025-05-22 01:15:00+00:00,23.549999237060547,23.549999237060547,23.5,23.5,4000,0.0,0.0
2025-05-22 01:20:00+00:00,23.5,23.5,23.5,23.5,4000,0.0,0.0
2025-05-22 01:30:00+00:00,23.5,23.5,23.5,23.5,1209,0.0,0.0
2025-05-22 01:40:00+00:00,23.5,23.5,23.5,23.5,2251,0.0,0.0
2025-05-22 01:50:00+00:00,23.450000762939453,23.450000762939453,23.450000762939453,23.450000762939453,2390,0.0,0.0
2025-05-22 02:00:00+00:00,23.399999618530273,23.399999618530273,23.299999237060547,23.299999237060547,3000,0.0,0.0
2025-05-22 02:10:00+00:00,23.399999618530273,23.399999618530273,23.399999618530273,23.399999618530273,1000,0.0,0.0
2025-05-22 02:15:00+00:00,23.399999618530273,23.450000762939453,23.399999618530273,23.450000762939453,12000,0.0,0.0
2025-05-22 02:20:00+00:00,23.5,23.5,23.5,23.5,5000,0.0,0.0
2025-05-22 02:30:00+00:00,23.5,23.5,23.5,23.5,2000,0.0,0.0
2025-05-22 02:40:00+00:00,23.600000381469727,23.649999618530273,23.600000381469727,23.649999618530273,4011,0.0,0.0
2025-05-22 02:55:00+00:00,23.549999237060547,23.549999237060547,23.549999237060547,23.549999237060547,5000,0.0,0.0
2025-05-22 03:00:00+00:00,23.649999618530273,23.649999618530273,23.649999618530273,23.649999618530273,1000,0.0,0.0
2025-05-22 03:15:00+00:00,23.600000381469727,23.600000381469727,23.600000381469727,23.600000381469727,5000,0.0,0.0
2025-05-22 03:25:00+00:00,23.649999618530273,23.649999618530273,23.649999618530273,23.649999618530273,1000,0.0,0.0
2025-05-22 03:35:00+00:00,23.649999618530273,23.649999618530273,23.649999618530273,23.649999618530273,1009,0.0,0.0
2025-05-22 04:20:00+00:00,23.649999618530273,23.649999618530273,23.649999618530273,23.649999618530273,1000,0.0,0.0
2025-05-22 04:30:00+00:00,23.549999237060547,23.549999237060547,23.549999237060547,23.549999237060547,0,0.0,0.0
2025-05-22 04:40:00+00:00,23.649999618530273,23.649999618530273,23.549999237060547,23.549999237060547,70950,0.0,0.0
2025-05-22 04:50:00+00:00,23.549999237060547,23.549999237060547,23.399999618530273,23.450000762939453,11083,0.0,0.0
2025-05-22 05:00:00+00:00,23.600000381469727,23.649999618530273,23.600000381469727,23.649999618530273,2002,0.0,0.0
2025-05-22 05:20:00+00:00,23.5,23.5,23.5,23.5,2017,0.0,0.0
2025-05-23 01:00:00+00:00,23.450000762939453,23.549999237060547,23.450000762939453,23.549999237060547,0,0.0,0.0
2025-05-23 01:05:00+00:00,23.5,23.549999237060547,23.5,23.549999237060547,2009,0.0,0.0
2025-05-23 01:10:00+00:00,23.5,23.5,23.5,23.5,2000,0.0,0.0
2025-05-23 01:20:00+00:00,23.5,23.5,23.5,23.5,3018,0.0,0.0
2025-05-23 01:35:00+00:00,23.450000762939453,23.450000762939453,23.450000762939453,23.450000762939453,4002,0.0,0.0
2025-05-23 01:40:00+00:00,23.5,23.5,23.5,23.5,1070,0.0,0.0
2025-05-23 02:05:00+00:00,23.450000762939453,23.450000762939453,23.450000762939453,23.450000762939453,1000,0.0,0.0
2025-05-23 02:10:00+00:00,23.450000762939453,23.450000762939453,23.450000762939453,23.450000762939453,2000,0.0,0.0
2025-05-23 02:25:00+00:00,23.450000762939453,23.450000762939453,23.450000762939453,23.450000762939453,1001,0.0,0.0
2025-05-23 02:35:00+00:00,23.450000762939453,23.450000762939453,23.450000762939453,23.450000762939453,1000,0.0,0.0
2025-05-23 02:40:00+00:00,23.399999618530273,23.399999618530273,23.399999618530273,23.399999618530273,7004,0.0,0.0
2025-05-23 02:50:00+00:00,23.5,23.5,23.5,23.5,2716,0.0,0.0
2025-05-23 04:30:00+00:00,23.399999618530273,23.399999618530273,23.399999618530273,23.399999618530273,4000,0.0,0.0
2025-05-23 04:40:00+00:00,23.450000762939453,23.450000762939453,23.450000762939453,23.450000762939453,1051,0.0,0.0
2025-05-23 04:55:00+00:00,23.350000381469727,23.350000381469727,23.350000381469727,23.350000381469727,6101,0.0,0.0
2025-05-23 05:00:00+00:00,23.350000381469727,23.450000762939453,23.350000381469727,23.450000762939453,3221,0.0,0.0
2025-05-23 05:10:00+00:00,23.399999618530273,23.399999618530273,23.399999618530273,23.399999618530273,1000,0.0,0.0
2025-05-23 05:15:00+00:00,23.350000381469727,23.399999618530273,23.350000381469727,23.399999618530273,2000,0.0,0.0
2025-05-23 05:20:00+00:00,23.450000762939453,23.450000762939453,23.450000762939453,23.450000762939453,3207,0.0,0.0
2025-05-26 01:00:00+00:00,23.549999237060547,23.549999237060547,23.299999237060547,23.299999237060547,0,0.0,0.0
2025-05-26 01:05:00+00:00,23.350000381469727,23.350000381469727,23.350000381469727,23.350000381469727,3042,0.0,0.0
2025-05-26 01:10:00+00:00,23.350000381469727,23.350000381469727,23.350000381469727,23.350000381469727,1000,0.0,0.0
2025-05-26 01:20:00+00:00,23.399999618530273,23.399999618530273,23.399999618530273,23.399999618530273,1000,0.0,0.0
2025-05-26 01:25:00+00:00,23.350000381469727,23.350000381469727,23.350000381469727,23.350000381469727,2000,0.0,0.0
2025-05-26 01:30:00+00:00,23.350000381469727,23.350000381469727,23.299999237060547,23.350000381469727,55000,0.0,0.0
2025-05-26 01:35:00+00:00,23.350000381469727,23.399999618530273,23.350000381469727,23.399999618530273,5000,0.0,0.0
2025-05-26 01:40:00+00:00,23.350000381469727,23.549999237060547,23.350000381469727,23.399999618530273,9467,0.0,0.0
2025-05-26 01:45:00+00:00,23.5,23.5,23.5,23.5,2000,0.0,0.0
2025-05-26 01:50:00+00:00,23.450000762939453,23.600000381469727,23.450000762939453,23.450000762939453,8000,0.0,0.0
2025-05-26 01:55:00+00:00,23.450000762939453,23.450000762939453,23.450000762939453,23.450000762939453,4000,0.0,0.0
2025-05-26 02:00:00+00:00,23.450000762939453,23.549999237060547,23.450000762939453,23.549999237060547,2000,0.0,0.0
2025-05-26 02:10:00+00:00,23.399999618530273,23.399999618530273,23.399999618530273,23.399999618530273,11038,0.0,0.0
2025-05-26 02:15:00+00:00,23.399999618530273,23.399999618530273,23.399999618530273,23.399999618530273,9000,0.0,0.0
2025-05-26 02:20:00+00:00,23.450000762939453,23.450000762939453,23.450000762939453,23.450000762939453,3000,0.0,0.0
2025-05-26 02:25:00+00:00,23.450000762939453,23.450000762939453,23.450000762939453,23.450000762939453,3000,0.0,0.0
2025-05-26 02:30:00+00:00,23.450000762939453,23.450000762939453,23.450000762939453,23.450000762939453,2000,0.0,0.0
2025-05-26 02:35:00+00:00,23.450000762939453,23.450000762939453,23.450000762939453,23.450000762939453,5000,0.0,0.0
2025-05-26 02:40:00+00:00,23.5,23.5,23.5,23.5,4000,0.0,0.0
2025-05-26 02:50:00+00:00,23.549999237060547,23.549999237060547,23.549999237060547,23.549999237060547,1000,0.0,0.0
2025-05-26 03:10:00+00:00,23.5,23.5,23.5,23.5,1050,0.0,0.0
2025-05-26 03:20:00+00:00,23.5,23.5,23.5,23.5,1000,0.0,0.0
2025-05-26 03:30:00+00:00,23.5,23.5,23.5,23.5,1000,0.0,0.0
2025-05-26 03:40:00+00:00,23.450000762939453,23.450000762939453,23.450000762939453,23.450000762939453,4000,0.0,0.0
2025-05-26 03:50:00+00:00,23.5,23.5,23.5,23.5,1045,0.0,0.0
2025-05-26 03:55:00+00:00,23.450000762939453,23.450000762939453,23.450000762939453,23.450000762939453,2015,0.0,0.0
2025-05-26 04:10:00+00:00,23.450000762939453,23.450000762939453,23.450000762939453,23.450000762939453,3000,0.0,0.0
2025-05-26 04:20:00+00:00,23.5,23.5,23.5,23.5,2050,0.0,0.0
2025-05-26 04:35:00+00:00,23.5,23.5,23.5,23.5,2001,0.0,0.0
2025-05-26 04:40:00+00:00,23.450000762939453,23.450000762939453,23.399999618530273,23.399999618530273,25000,0.0,0.0
2025-05-26 04:45:00+00:00,23.399999618530273,23.399999618530273,23.399999618530273,23.399999618530273,11000,0.0,0.0
2025-05-26 04:50:00+00:00,23.450000762939453,23.5,23.450000762939453,23.450000762939453,7000,0.0,0.0
2025-05-26 05:00:00+00:00,23.450000762939453,23.450000762939453,23.450000762939453,23.450000762939453,1000,0.0,0.0
2025-05-26 05:10:00+00:00,23.399999618530273,23.399999618530273,23.399999618530273,23.399999618530273,3234,0.0,0.0
2025-05-26 05:15:00+00:00,23.399999618530273,23.399999618530273,23.399999618530273,23.399999618530273,4000,0.0,0.0
2025-05-26 05:20:00+00:00,23.399999618530273,23.399999618530273,23.399999618530273,23.399999618530273,5462,0.0,0.0
2025-05-27 01:00:00+00:00,23.5,23.5,23.5,23.5,0,0.0,0.0
2025-05-27 01:05:00+00:00,23.350000381469727,23.350000381469727,23.350000381469727,23.350000381469727,1003,0.0,0.0
2025-05-27 01:10:00+00:00,23.350000381469727,23.350000381469727,23.350000381469727,23.350000381469727,5000,0.0,0.0
2025-05-27 01:15:00+00:00,23.399999618530273,23.399999618530273,23.399999618530273,23.399999618530273,2000,0.0,0.0
2025-05-27 01:25:00+00:00,23.5,23.5,23.5,23.5,1001,0.0,0.0
2025-05-27 01:35:00+00:00,23.450000762939453,23.450000762939453,23.450000762939453,23.450000762939453,1000,0.0,0.0
2025-05-27 01:45:00+00:00,23.350000381469727,23.350000381469727,23.350000381469727,23.350000381469727,1000,0.0,0.0
2025-05-27 01:50:00+00:00,23.350000381469727,23.350000381469727,23.350000381469727,23.350000381469727,4000,0.0,0.0
2025-05-27 02:00:00+00:00,23.450000762939453,23.450000762939453,23.450000762939453,23.450000762939453,1000,0.0,0.0
2025-05-27 02:05:00+00:00,23.350000381469727,23.350000381469727,23.299999237060547,23.299999237060547,7000,0.0,0.0
2025-05-27 02:10:00+00:00,23.299999237060547,23.399999618530273,23.25,23.399999618530273,5000,0.0,0.0
2025-05-27 02:15:00+00:00,23.350000381469727,23.350000381469727,23.350000381469727,23.350000381469727,2000,0.0,0.0
2025-05-27 02:20:00+00:00,23.350000381469727,23.399999618530273,23.350000381469727,23.399999618530273,2000,0.0,0.0
2025-05-27 02:25:00+00:00,23.350000381469727,23.350000381469727,23.200000762939453,23.200000762939453,13000,0.0,0.0
2025-05-27 02:30:00+00:00,23.350000381469727,23.399999618530273,23.350000381469727,23.399999618530273,2000,0.0,0.0
2025-05-27 02:40:00+00:00,23.350000381469727,23.350000381469727,23.350000381469727,23.350000381469727,1281,0.0,0.0
2025-05-27 03:15:00+00:00,23.25,23.25,23.25,23.25,1050,0.0,0.0
2025-05-27 03:40:00+00:00,23.299999237060547,23.299999237060547,23.299999237060547,23.299999237060547,1005,0.0,0.0
2025-05-27 03:55:00+00:00,23.299999237060547,23.299999237060547,23.299999237060547,23.299999237060547,3000,0.0,0.0
2025-05-27 04:00:00+00:00,23.350000381469727,23.350000381469727,23.299999237060547,23.299999237060547,9000,0.0,0.0
2025-05-27 04:10:00+00:00,23.25,23.25,23.25,23.25,5000,0.0,0.0
2025-05-27 04:20:00+00:00,23.299999237060547,23.299999237060547,23.25,23.25,3022,0.0,0.0
2025-05-27 04:25:00+00:00,23.25,23.25,23.200000762939453,23.200000762939453,6000,0.0,0.0
2025-05-27 04:30:00+00:00,23.200000762939453,23.200000762939453,23.200000762939453,23.200000762939453,1000,0.0,0.0
2025-05-27 04:35:00+00:00,23.200000762939453,23.200000762939453,23.200000762939453,23.200000762939453,1000,0.0,0.0
2025-05-27 04:40:00+00:00,23.200000762939453,23.299999237060547,23.200000762939453,23.299999237060547,4000,0.0,0.0
2025-05-27 04:45:00+00:00,23.299999237060547,23.299999237060547,23.299999237060547,23.299999237060547,1110,0.0,0.0
2025-05-27 05:15:00+00:00,23.200000762939453,23.25,23.200000762939453,23.25,7000,0.0,0.0
2025-05-27 05:20:00+00:00,23.299999237060547,23.299999237060547,23.299999237060547,23.299999237060547,2048,0.0,0.0
2025-05-28 01:00:00+00:00,23.399999618530273,23.399999618530273,23.399999618530273,23.399999618530273,0,0.0,0.0
2025-05-28 01:25:00+00:00,23.399999618530273,23.399999618530273,23.350000381469727,23.350000381469727,4051,0.0,0.0
2025-05-28 01:45:00+00:00,23.299999237060547,23.299999237060547,23.299999237060547,23.299999237060547,1000,0.0,0.0
2025-05-28 01:50:00+00:00,23.350000381469727,23.350000381469727,23.350000381469727,23.350000381469727,2261,0.0,0.0
2025-05-28 02:05:00+00:00,23.350000381469727,23.350000381469727,23.350000381469727,23.350000381469727,1009,0.0,0.0
2025-05-28 02:15:00+00:00,23.350000381469727,23.350000381469727,23.350000381469727,23.350000381469727,2000,0.0,0.0
2025-05-28 02:35:00+00:00,23.350000381469727,23.350000381469727,23.350000381469727,23.350000381469727,1000,0.0,0.0
2025-05-28 02:40:00+00:00,23.350000381469727,23.350000381469727,23.350000381469727,23.350000381469727,2000,0.0,0.0
2025-05-28 02:45:00+00:00,23.350000381469727,23.350000381469727,23.350000381469727,23.350000381469727,10000,0.0,0.0
2025-05-28 02:50:00+00:00,23.399999618530273,23.399999618530273,23.399999618530273,23.399999618530273,1020,0.0,0.0
2025-05-28 03:10:00+00:00,23.399999618530273,23.399999618530273,23.299999237060547,23.299999237060547,4001,0.0,0.0
2025-05-28 03:15:00+00:00,23.350000381469727,23.350000381469727,23.299999237060547,23.299999237060547,7000,0.0,0.0
2025-05-28 03:20:00+00:00,23.399999618530273,23.399999618530273,23.399999618530273,23.399999618530273,1000,0.0,0.0
2025-05-28 03:30:00+00:00,23.399999618530273,23.399999618530273,23.399999618530273,23.399999618530273,1000,0.0,0.0
2025-05-28 03:45:00+00:00,23.350000381469727,23.350000381469727,23.350000381469727,23.350000381469727,4008,0.0,0.0
2025-05-28 03:50:00+00:00,23.399999618530273,23.399999618530273,23.399999618530273,23.399999618530273,1001,0.0,0.0
2025-05-28 04:05:00+00:00,23.399999618530273,23.399999618530273,23.399999618530273,23.399999618530273,1210,0.0,0.0
2025-05-28 04:35:00+00:00,23.25,23.25,23.200000762939453,23.200000762939453,8361,0.0,0.0
2025-05-28 04:40:00+00:00,23.149999618530273,23.149999618530273,23.149999618530273,23.149999618530273,1000,0.0,0.0
2025-05-28 04:45:00+00:00,23.25,23.299999237060547,23.25,23.299999237060547,2000,0.0,0.0
2025-05-28 04:50:00+00:00,23.299999237060547,23.299999237060547,23.149999618530273,23.149999618530273,3001,0.0,0.0
2025-05-28 04:55:00+00:00,23.25,23.25,23.25,23.25,1001,0.0,0.0
2025-05-28 05:00:00+00:00,23.299999237060547,23.299999237060547,23.200000762939453,23.25,3000,0.0,0.0
2025-05-28 05:05:00+00:00,23.299999237060547,23.299999237060547,23.299999237060547,23.299999237060547,2283,0.0,0.0
2025-05-29 01:00:00+00:00,23.399999618530273,23.399999618530273,23.399999618530273,23.399999618530273,0,0.0,0.0
2025-05-29 01:05:00+00:00,23.350000381469727,23.350000381469727,23.350000381469727,23.350000381469727,1002,0.0,0.0
2025-05-29 01:10:00+00:00,23.350000381469727,23.350000381469727,23.350000381469727,23.350000381469727,1001,0.0,0.0
2025-05-29 01:20:00+00:00,23.25,23.25,23.25,23.25,1000,0.0,0.0
2025-05-29 01:25:00+00:00,23.200000762939453,23.200000762939453,23.149999618530273,23.149999618530273,4009,0.0,0.0
2025-05-29 01:30:00+00:00,23.100000381469727,23.100000381469727,23.100000381469727,23.100000381469727,2000,0.0,0.0
2025-05-29 01:35:00+00:00,23.100000381469727,23.100000381469727,23.100000381469727,23.100000381469727,3000,0.0,0.0
2025-05-29 01:40:00+00:00,23.200000762939453,23.200000762939453,23.200000762939453,23.200000762939453,1000,0.0,0.0
2025-05-29 01:50:00+00:00,23.200000762939453,23.200000762939453,23.200000762939453,23.200000762939453,1000,0.0,0.0
2025-05-29 01:55:00+00:00,23.25,23.25,23.25,23.25,1000,0.0,0.0
2025-05-29 02:10:00+00:00,23.25,23.25,23.25,23.25,1001,0.0,0.0
2025-05-29 02:35:00+00:00,23.100000381469727,23.100000381469727,23.100000381469727,23.100000381469727,6050,0.0,0.0
2025-05-29 02:40:00+00:00,23.100000381469727,23.100000381469727,23.049999237060547,23.049999237060547,16050,0.0,0.0
2025-05-29 02:45:00+00:00,23.0,23.049999237060547,23.0,23.0,12010,0.0,0.0
2025-05-29 02:50:00+00:00,23.100000381469727,23.100000381469727,23.100000381469727,23.100000381469727,4000,0.0,0.0
2025-05-29 03:00:00+00:00,23.149999618530273,23.149999618530273,23.149999618530273,23.149999618530273,1000,0.0,0.0
2025-05-29 03:15:00+00:00,23.0,23.0,23.0,23.0,27000,0.0,0.0
2025-05-29 03:25:00+00:00,23.0,23.149999618530273,23.0,23.149999618530273,1000,0.0,0.0
2025-05-29 03:30:00+00:00,23.149999618530273,23.25,23.149999618530273,23.25,5102,0.0,0.0
2025-05-29 03:40:00+00:00,23.25,23.25,23.25,23.25,1002,0.0,0.0
2025-05-29 03:55:00+00:00,23.100000381469727,23.100000381469727,23.100000381469727,23.100000381469727,1000,0.0,0.0
2025-05-29 04:00:00+00:00,23.200000762939453,23.299999237060547,23.149999618530273,23.149999618530273,7001,0.0,0.0
2025-05-29 04:05:00+00:00,23.200000762939453,23.25,23.200000762939453,23.25,2001,0.0,0.0
2025-05-29 04:10:00+00:00,23.299999237060547,23.299999237060547,23.299999237060547,23.299999237060547,2101,0.0,0.0
2025-05-29 04:25:00+00:00,23.200000762939453,23.200000762939453,23.149999618530273,23.200000762939453,8006,0.0,0.0
2025-05-29 04:30:00+00:00,23.25,23.25,23.25,23.25,1000,0.0,0.0
2025-05-29 04:45:00+00:00,23.100000381469727,23.200000762939453,23.100000381469727,23.200000762939453,2000,0.0,0.0
2025-05-29 04:55:00+00:00,23.149999618530273,23.25,23.149999618530273,23.25,3000,0.0,0.0
2025-05-29 05:00:00+00:00,23.299999237060547,23.299999237060547,23.299999237060547,23.299999237060547,1000,0.0,0.0
2025-05-29 05:05:00+00:00,23.200000762939453,23.200000762939453,23.200000762939453,23.200000762939453,3000,0.0,0.0
2025-05-29 05:10:00+00:00,23.25,23.299999237060547,23.25,23.299999237060547,2000,0.0,0.0
2025-05-29 05:15:00+00:00,23.200000762939453,23.25,23.200000762939453,23.200000762939453,3000,0.0,0.0
2025-05-29 05:20:00+00:00,23.25,23.25,23.25,23.25,1000,0.0,0.0
2025-06-02 01:00:00+00:00,23.200000762939453,23.200000762939453,23.0,23.0,0,0.0,0.0
2025-06-02 01:15:00+00:00,23.0,23.0,22.799999237060547,22.799999237060547,9102,0.0,0.0
2025-06-02 01:20:00+00:00,22.799999237060547,22.799999237060547,22.799999237060547,22.799999237060547,3045,0.0,0.0
2025-06-02 01:25:00+00:00,22.799999237060547,22.799999237060547,22.75,22.75,5165,0.0,0.0
2025-06-02 01:35:00+00:00,22.75,22.75,22.75,22.75,1000,0.0,0.0
2025-06-02 01:40:00+00:00,22.75,22.75,22.700000762939453,22.700000762939453,2000,0.0,0.0
2025-06-02 01:45:00+00:00,22.700000762939453,22.700000762939453,22.700000762939453,22.700000762939453,9001,0.0,0.0
2025-06-02 01:55:00+00:00,22.700000762939453,22.700000762939453,22.649999618530273,22.649999618530273,2000,0.0,0.0
2025-06-02 02:00:00+00:00,22.700000762939453,22.700000762939453,22.700000762939453,22.700000762939453,1000,0.0,0.0
2025-06-02 02:05:00+00:00,22.75,22.75,22.75,22.75,1234,0.0,0.0
2025-06-02 02:10:00+00:00,22.75,22.75,22.75,22.75,1000,0.0,0.0
2025-06-02 02:15:00+00:00,22.700000762939453,22.700000762939453,22.700000762939453,22.700000762939453,1000,0.0,0.0
2025-06-02 02:20:00+00:00,22.75,22.75,22.700000762939453,22.700000762939453,4000,0.0,0.0
2025-06-02 02:25:00+00:00,22.75,22.75,22.75,22.75,5000,0.0,0.0
2025-06-02 02:30:00+00:00,22.799999237060547,22.850000381469727,22.75,22.75,4000,0.0,0.0
2025-06-02 02:35:00+00:00,22.700000762939453,22.700000762939453,22.700000762939453,22.700000762939453,3000,0.0,0.0
2025-06-02 02:40:00+00:00,22.799999237060547,22.850000381469727,22.799999237060547,22.850000381469727,2000,0.0,0.0
2025-06-02 02:50:00+00:00,22.75,22.75,22.700000762939453,22.700000762939453,5061,0.0,0.0
2025-06-02 02:55:00+00:00,22.700000762939453,22.700000762939453,22.700000762939453,22.700000762939453,1000,0.0,0.0
2025-06-02 03:00:00+00:00,22.75,22.75,22.700000762939453,22.700000762939453,7000,0.0,0.0
2025-06-02 03:10:00+00:00,22.75,22.75,22.75,22.75,1020,0.0,0.0
2025-06-02 03:15:00+00:00,22.649999618530273,22.700000762939453,22.649999618530273,22.700000762939453,0,0.0,0.0
2025-06-02 03:20:00+00:00,22.700000762939453,22.75,22.700000762939453,22.75,84682,0.0,0.0
2025-06-02 03:25:00+00:00,22.649999618530273,22.649999618530273,22.649999618530273,22.649999618530273,11000,0.0,0.0
2025-06-02 03:30:00+00:00,22.649999618530273,22.649999618530273,22.649999618530273,22.649999618530273,3000,0.0,0.0
2025-06-02 03:45:00+00:00,22.649999618530273,22.700000762939453,22.649999618530273,22.700000762939453,3000,0.0,0.0
2025-06-02 04:10:00+00:00,22.700000762939453,22.700000762939453,22.700000762939453,22.700000762939453,2101,0.0,0.0
2025-06-02 04:30:00+00:00,22.700000762939453,22.700000762939453,22.700000762939453,22.700000762939453,4000,0.0,0.0
2025-06-02 04:40:00+00:00,22.700000762939453,22.75,22.700000762939453,22.75,2050,0.0,0.0
2025-06-02 04:45:00+00:00,22.799999237060547,22.799999237060547,22.799999237060547,22.799999237060547,1000,0.0,0.0
2025-06-02 04:50:00+00:00,22.75,22.75,22.75,22.75,1100,0.0,0.0
2025-06-02 05:00:00+00:00,22.75,22.75,22.75,22.75,1006,0.0,0.0
2025-06-02 05:15:00+00:00,22.75,22.75,22.75,22.75,2000,0.0,0.0
2025-06-02 05:20:00+00:00,22.799999237060547,22.850000381469727,22.75,22.850000381469727,8394,0.0,0.0
2025-06-03 01:00:00+00:00,22.799999237060547,22.799999237060547,22.799999237060547,22.799999237060547,0,0.0,0.0
2025-06-03 01:05:00+00:00,22.799999237060547,22.799999237060547,22.799999237060547,22.799999237060547,5001,0.0,0.0
2025-06-03 01:10:00+00:00,22.799999237060547,22.850000381469727,22.799999237060547,22.850000381469727,9000,0.0,0.0
2025-06-03 01:20:00+00:00,22.899999618530273,22.899999618530273,22.899999618530273,22.899999618530273,3000,0.0,0.0
2025-06-03 01:25:00+00:00,22.799999237060547,22.799999237060547,22.799999237060547,22.799999237060547,1000,0.0,0.0
2025-06-03 01:30:00+00:00,22.75,22.850000381469727,22.75,22.850000381469727,2155,0.0,0.0
2025-06-03 01:35:00+00:00,22.850000381469727,22.850000381469727,22.850000381469727,22.850000381469727,4000,0.0,0.0
2025-06-03 01:50:00+00:00,22.899999618530273,22.950000762939453,22.899999618530273,22.950000762939453,3000,0.0,0.0
2025-06-03 01:55:00+00:00,22.950000762939453,22.950000762939453,22.950000762939453,22.950000762939453,2000,0.0,0.0
2025-06-03 02:00:00+00:00,22.950000762939453,22.950000762939453,22.850000381469727,22.850000381469727,7001,0.0,0.0
2025-06-03 02:10:00+00:00,22.899999618530273,22.899999618530273,22.75,22.75,4001,0.0,0.0
2025-06-03 02:20:00+00:00,22.899999618530273,22.899999618530273,22.899999618530273,22.899999618530273,1020,0.0,0.0
2025-06-03 02:30:00+00:00,22.799999237060547,22.799999237060547,22.799999237060547,22.799999237060547,2000,0.0,0.0
2025-06-03 03:10:00+00:00,22.799999237060547,22.799999237060547,22.799999237060547,22.799999237060547,1000,0.0,0.0
2025-06-03 03:15:00+00:00,22.75,22.75,22.75,22.75,1000,0.0,0.0
2025-06-03 03:25:00+00:00,22.799999237060547,22.799999237060547,22.799999237060547,22.799999237060547,7000,0.0,0.0
2025-06-03 03:35:00+00:00,22.799999237060547,22.799999237060547,22.799999237060547,22.799999237060547,2000,0.0,0.0
2025-06-03 03:40:00+00:00,22.899999618530273,22.899999618530273,22.899999618530273,22.899999618530273,1000,0.0,0.0
2025-06-03 03:50:00+00:00,22.899999618530273,22.899999618530273,22.899999618530273,22.899999618530273,1000,0.0,0.0
2025-06-03 04:00:00+00:00,22.799999237060547,22.799999237060547,22.799999237060547,22.799999237060547,1000,0.0,0.0
2025-06-03 04:05:00+00:00,22.799999237060547,22.799999237060547,22.799999237060547,22.799999237060547,1000,0.0,0.0
2025-06-03 04:15:00+00:00,22.799999237060547,22.799999237060547,22.799999237060547,22.799999237060547,1000,0.0,0.0
2025-06-03 04:20:00+00:00,22.899999618530273,22.899999618530273,22.799999237060547,22.799999237060547,2000,0.0,0.0
2025-06-03 04:25:00+00:00,22.799999237060547,22.799999237060547,22.799999237060547,22.799999237060547,1000,0.0,0.0
2025-06-03 04:35:00+00:00,22.799999237060547,22.799999237060547,22.799999237060547,22.799999237060547,5000,0.0,0.0
2025-06-03 04:40:00+00:00,22.850000381469727,22.850000381469727,22.799999237060547,22.799999237060547,2000,0.0,0.0
2025-06-03 04:45:00+00:00,22.799999237060547,22.799999237060547,22.799999237060547,22.799999237060547,1000,0.0,0.0
2025-06-03 04:50:00+00:00,22.799999237060547,22.799999237060547,22.799999237060547,22.799999237060547,5000,0.0,0.0
2025-06-03 05:00:00+00:00,22.850000381469727,22.850000381469727,22.799999237060547,22.799999237060547,3000,0.0,0.0
2025-06-03 05:05:00+00:00,22.850000381469727,22.850000381469727,22.850000381469727,22.850000381469727,1000,0.0,0.0
2025-06-03 05:10:00+00:00,22.850000381469727,22.850000381469727,22.850000381469727,22.850000381469727,1002,0.0,0.0
2025-06-03 05:15:00+00:00,22.799999237060547,22.799999237060547,22.799999237060547,22.799999237060547,1001,0.0,0.0
2025-06-03 05:20:00+00:00,22.850000381469727,22.850000381469727,22.799999237060547,22.799999237060547,3241,0.0,0.0
2025-06-04 01:00:00+00:00,22.950000762939453,23.100000381469727,22.950000762939453,23.100000381469727,0,0.0,0.0
2025-06-04 01:05:00+00:00,23.149999618530273,23.149999618530273,23.149999618530273,23.149999618530273,1003,0.0,0.0
2025-06-04 01:10:00+00:00,23.100000381469727,23.149999618530273,23.100000381469727,23.149999618530273,2000,0.0,0.0
2025-06-04 01:40:00+00:00,23.100000381469727,23.100000381469727,23.049999237060547,23.049999237060547,10000,0.0,0.0
2025-06-04 01:50:00+00:00,23.049999237060547,23.049999237060547,23.049999237060547,23.049999237060547,0,0.0,0.0
2025-06-04 02:00:00+00:00,23.100000381469727,23.100000381469727,23.100000381469727,23.100000381469727,20023,0.0,0.0
2025-06-04 02:10:00+00:00,23.100000381469727,23.100000381469727,23.100000381469727,23.100000381469727,1080,0.0,0.0
2025-06-04 02:15:00+00:00,23.100000381469727,23.149999618530273,23.100000381469727,23.149999618530273,9001,0.0,0.0
2025-06-04 02:20:00+00:00,23.149999618530273,23.149999618530273,23.149999618530273,23.149999618530273,2004,0.0,0.0
2025-06-04 02:30:00+00:00,23.149999618530273,23.200000762939453,23.149999618530273,23.149999618530273,9179,0.0,0.0
2025-06-04 02:35:00+00:00,23.149999618530273,23.149999618530273,23.149999618530273,23.149999618530273,1000,0.0,0.0
2025-06-04 02:40:00+00:00,23.200000762939453,23.200000762939453,23.200000762939453,23.200000762939453,2000,0.0,0.0
2025-06-04 03:00:00+00:00,23.149999618530273,23.149999618530273,23.149999618530273,23.149999618530273,1109,0.0,0.0
2025-06-04 03:05:00+00:00,23.200000762939453,23.200000762939453,23.200000762939453,23.200000762939453,1000,0.0,0.0
2025-06-04 03:10:00+00:00,23.200000762939453,23.200000762939453,23.200000762939453,23.200000762939453,3000,0.0,0.0
2025-06-04 03:20:00+00:00,23.200000762939453,23.200000762939453,23.200000762939453,23.200000762939453,26135,0.0,0.0
2025-06-04 03:25:00+00:00,23.25,23.25,23.25,23.25,4020,0.0,0.0
2025-06-04 03:30:00+00:00,23.200000762939453,23.25,23.200000762939453,23.25,4000,0.0,0.0
2025-06-04 03:40:00+00:00,23.200000762939453,23.200000762939453,23.200000762939453,23.200000762939453,1000,0.0,0.0
2025-06-04 03:50:00+00:00,23.100000381469727,23.100000381469727,23.100000381469727,23.100000381469727,3000,0.0,0.0
2025-06-04 04:00:00+00:00,23.100000381469727,23.100000381469727,22.950000762939453,22.950000762939453,29015,0.0,0.0
2025-06-04 04:05:00+00:00,23.0,23.0,23.0,23.0,1357,0.0,0.0
2025-06-04 04:10:00+00:00,23.049999237060547,23.200000762939453,23.049999237060547,23.200000762939453,4000,0.0,0.0
2025-06-04 04:20:00+00:00,23.200000762939453,23.200000762939453,23.200000762939453,23.200000762939453,3000,0.0,0.0
2025-06-04 04:30:00+00:00,23.200000762939453,23.200000762939453,23.200000762939453,23.200000762939453,3000,0.0,0.0
2025-06-04 04:35:00+00:00,23.200000762939453,23.200000762939453,23.200000762939453,23.200000762939453,1000,0.0,0.0
2025-06-04 04:40:00+00:00,23.200000762939453,23.200000762939453,23.200000762939453,23.200000762939453,3065,0.0,0.0
2025-06-04 05:05:00+00:00,23.200000762939453,23.200000762939453,23.200000762939453,23.200000762939453,1180,0.0,0.0
2025-06-04 05:10:00+00:00,23.200000762939453,23.200000762939453,23.200000762939453,23.200000762939453,1000,0.0,0.0
2025-06-04 05:15:00+00:00,23.100000381469727,23.100000381469727,23.100000381469727,23.100000381469727,4000,0.0,0.0
2025-06-04 05:20:00+00:00,23.049999237060547,23.049999237060547,23.049999237060547,23.049999237060547,1213,0.0,0.0
2025-06-05 01:00:00+00:00,23.100000381469727,23.100000381469727,23.100000381469727,23.100000381469727,0,0.0,0.0
2025-06-05 01:05:00+00:00,23.100000381469727,23.100000381469727,23.100000381469727,23.100000381469727,1013,0.0,0.0
2025-06-05 01:15:00+00:00,23.100000381469727,23.100000381469727,23.100000381469727,23.100000381469727,1128,0.0,0.0
2025-06-05 01:20:00+00:00,23.100000381469727,23.100000381469727,23.100000381469727,23.100000381469727,5000,0.0,0.0
2025-06-05 01:30:00+00:00,23.100000381469727,23.100000381469727,23.100000381469727,23.100000381469727,1000,0.0,0.0
2025-06-05 01:35:00+00:00,23.049999237060547,23.049999237060547,23.049999237060547,23.049999237060547,17000,0.0,0.0
2025-06-05 01:45:00+00:00,23.100000381469727,23.149999618530273,23.100000381469727,23.149999618530273,8000,0.0,0.0
2025-06-05 01:50:00+00:00,23.100000381469727,23.25,23.100000381469727,23.25,5000,0.0,0.0
2025-06-05 02:00:00+00:00,23.25,23.25,23.25,23.25,1000,0.0,0.0
2025-06-05 02:05:00+00:00,23.200000762939453,23.200000762939453,23.149999618530273,23.149999618530273,2201,0.0,0.0
2025-06-05 02:15:00+00:00,23.100000381469727,23.100000381469727,23.0,23.0,37000,0.0,0.0
2025-06-05 02:20:00+00:00,23.0,23.149999618530273,23.0,23.149999618530273,4000,0.0,0.0
2025-06-05 02:30:00+00:00,23.200000762939453,23.200000762939453,23.200000762939453,23.200000762939453,3000,0.0,0.0
2025-06-05 02:40:00+00:00,23.200000762939453,23.200000762939453,23.200000762939453,23.200000762939453,1100,0.0,0.0
2025-06-05 03:10:00+00:00,23.200000762939453,23.200000762939453,23.200000762939453,23.200000762939453,1015,0.0,0.0
2025-06-05 04:05:00+00:00,23.100000381469727,23.100000381469727,23.100000381469727,23.100000381469727,6000,0.0,0.0
2025-06-05 04:10:00+00:00,23.200000762939453,23.200000762939453,23.200000762939453,23.200000762939453,1006,0.0,0.0
2025-06-05 04:25:00+00:00,23.100000381469727,23.100000381469727,23.100000381469727,23.100000381469727,1030,0.0,0.0
2025-06-05 04:35:00+00:00,23.049999237060547,23.049999237060547,23.049999237060547,23.049999237060547,3362,0.0,0.0
2025-06-05 04:40:00+00:00,23.149999618530273,23.149999618530273,23.049999237060547,23.049999237060547,4001,0.0,0.0
2025-06-05 04:45:00+00:00,23.100000381469727,23.100000381469727,23.100000381469727,23.100000381469727,1001,0.0,0.0
2025-06-05 05:10:00+00:00,23.0,23.0,23.0,23.0,1000,0.0,0.0
2025-06-05 05:15:00+00:00,23.049999237060547,23.049999237060547,23.049999237060547,23.049999237060547,8000,0.0,0.0
2025-06-05 05:20:00+00:00,23.0,23.0,23.0,23.0,1802,0.0,0.0
2025-06-06 01:00:00+00:00,23.100000381469727,23.100000381469727,23.100000381469727,23.100000381469727,0,0.0,0.0
2025-06-06 01:05:00+00:00,23.049999237060547,23.049999237060547,23.0,23.0,6013,0.0,0.0
2025-06-06 01:10:00+00:00,23.100000381469727,23.350000381469727,23.100000381469727,23.100000381469727,18000,0.0,0.0
2025-06-06 01:20:00+00:00,23.299999237060547,23.350000381469727,23.299999237060547,23.350000381469727,2020,0.0,0.0
2025-06-06 01:30:00+00:00,23.350000381469727,23.350000381469727,23.350000381469727,23.350000381469727,1000,0.0,0.0
2025-06-06 01:35:00+00:00,23.149999618530273,23.149999618530273,23.100000381469727,23.100000381469727,2038,0.0,0.0
2025-06-06 01:40:00+00:00,23.149999618530273,23.149999618530273,23.149999618530273,23.149999618530273,2000,0.0,0.0
2025-06-06 01:50:00+00:00,23.100000381469727,23.100000381469727,23.100000381469727,23.100000381469727,3000,0.0,0.0
2025-06-06 02:00:00+00:00,23.299999237060547,23.350000381469727,23.299999237060547,23.350000381469727,14000,0.0,0.0
2025-06-06 02:05:00+00:00,23.299999237060547,23.299999237060547,23.299999237060547,23.299999237060547,3000,0.0,0.0
2025-06-06 02:10:00+00:00,23.299999237060547,23.299999237060547,23.299999237060547,23.299999237060547,2000,0.0,0.0
2025-06-06 02:20:00+00:00,23.299999237060547,23.299999237060547,23.299999237060547,23.299999237060547,1000,0.0,0.0
2025-06-06 02:35:00+00:00,23.100000381469727,23.100000381469727,23.100000381469727,23.100000381469727,1002,0.0,0.0
2025-06-06 03:00:00+00:00,23.299999237060547,23.299999237060547,23.299999237060547,23.299999237060547,17000,0.0,0.0
2025-06-06 03:20:00+00:00,23.299999237060547,23.299999237060547,23.299999237060547,23.299999237060547,2000,0.0,0.0
2025-06-06 03:25:00+00:00,23.200000762939453,23.200000762939453,23.200000762939453,23.200000762939453,1000,0.0,0.0
2025-06-06 03:30:00+00:00,23.25,23.25,23.200000762939453,23.200000762939453,2001,0.0,0.0
2025-06-06 04:00:00+00:00,23.25,23.350000381469727,23.25,23.350000381469727,13104,0.0,0.0
2025-06-06 04:05:00+00:00,23.299999237060547,23.299999237060547,23.299999237060547,23.299999237060547,1000,0.0,0.0
2025-06-06 04:10:00+00:00,23.350000381469727,23.350000381469727,23.350000381469727,23.350000381469727,3015,0.0,0.0
2025-06-06 04:15:00+00:00,23.350000381469727,23.350000381469727,23.350000381469727,23.350000381469727,1001,0.0,0.0
2025-06-06 04:35:00+00:00,23.299999237060547,23.350000381469727,23.299999237060547,23.350000381469727,4001,0.0,0.0
2025-06-06 04:50:00+00:00,23.299999237060547,23.299999237060547,23.25,23.25,3030,0.0,0.0
2025-06-06 05:05:00+00:00,23.25,23.25,23.25,23.25,0,0.0,0.0
2025-06-06 05:15:00+00:00,23.25,23.25,23.200000762939453,23.200000762939453,109225,0.0,0.0
2025-06-06 05:20:00+00:00,23.25,23.25,23.25,23.25,14202,0.0,0.0
2025-06-09 01:00:00+00:00,23.299999237060547,23.299999237060547,23.25,23.25,0,0.0,0.0
2025-06-09 01:10:00+00:00,23.200000762939453,23.299999237060547,23.0,23.299999237060547,44000,0.0,0.0
2025-06-09 01:15:00+00:00,23.049999237060547,23.149999618530273,23.049999237060547,23.149999618530273,6000,0.0,0.0
2025-06-09 01:20:00+00:00,23.149999618530273,23.200000762939453,23.149999618530273,23.200000762939453,6000,0.0,0.0
2025-06-09 01:25:00+00:00,23.100000381469727,23.100000381469727,23.100000381469727,23.100000381469727,1000,0.0,0.0
2025-06-09 01:30:00+00:00,23.100000381469727,23.200000762939453,23.0,23.0,15000,0.0,0.0
2025-06-09 01:35:00+00:00,23.0,23.0,23.0,23.0,14279,0.0,0.0
2025-06-09 01:40:00+00:00,23.100000381469727,23.25,22.950000762939453,22.950000762939453,16010,0.0,0.0
2025-06-09 01:50:00+00:00,23.0,23.049999237060547,22.950000762939453,23.049999237060547,9000,0.0,0.0
2025-06-09 01:55:00+00:00,22.950000762939453,23.0,22.899999618530273,23.0,16096,0.0,0.0
2025-06-09 02:00:00+00:00,23.0,23.149999618530273,22.950000762939453,22.950000762939453,23353,0.0,0.0
2025-06-09 02:05:00+00:00,22.899999618530273,22.950000762939453,22.850000381469727,22.850000381469727,8000,0.0,0.0
2025-06-09 02:10:00+00:00,22.850000381469727,22.850000381469727,22.850000381469727,22.850000381469727,1000,0.0,0.0
2025-06-09 02:20:00+00:00,22.850000381469727,22.950000762939453,22.850000381469727,22.950000762939453,11000,0.0,0.0
2025-06-09 02:25:00+00:00,22.850000381469727,22.850000381469727,22.850000381469727,22.850000381469727,1000,0.0,0.0
2025-06-09 02:30:00+00:00,22.950000762939453,22.950000762939453,22.950000762939453,22.950000762939453,2001,0.0,0.0
2025-06-09 02:35:00+00:00,22.899999618530273,22.899999618530273,22.850000381469727,22.850000381469727,2000,0.0,0.0
2025-06-09 02:40:00+00:00,22.799999237060547,22.799999237060547,22.799999237060547,22.799999237060547,1000,0.0,0.0
2025-06-09 02:45:00+00:00,22.850000381469727,22.850000381469727,22.850000381469727,22.850000381469727,1000,0.0,0.0
2025-06-09 02:50:00+00:00,22.950000762939453,22.950000762939453,22.799999237060547,22.799999237060547,6000,0.0,0.0
2025-06-09 02:55:00+00:00,22.850000381469727,22.850000381469727,22.850000381469727,22.850000381469727,2000,0.0,0.0
2025-06-09 03:00:00+00:00,22.950000762939453,23.100000381469727,22.950000762939453,23.049999237060547,17000,0.0,0.0
2025-06-09 03:10:00+00:00,23.049999237060547,23.049999237060547,23.0,23.049999237060547,6001,0.0,0.0
2025-06-09 03:20:00+00:00,23.0,23.0,23.0,23.0,1001,0.0,0.0
2025-06-09 03:35:00+00:00,22.899999618530273,22.899999618530273,22.899999618530273,22.899999618530273,4045,0.0,0.0
2025-06-09 04:00:00+00:00,22.899999618530273,23.049999237060547,22.899999618530273,23.049999237060547,11500,0.0,0.0
2025-06-09 04:15:00+00:00,22.850000381469727,22.850000381469727,22.850000381469727,22.850000381469727,1001,0.0,0.0
2025-06-09 04:25:00+00:00,22.850000381469727,22.850000381469727,22.850000381469727,22.850000381469727,1001,0.0,0.0
2025-06-09 04:40:00+00:00,23.0,23.0,23.0,23.0,1041,0.0,0.0
2025-06-09 04:50:00+00:00,23.0,23.0,22.899999618530273,22.899999618530273,3000,0.0,0.0
2025-06-09 04:55:00+00:00,22.899999618530273,22.899999618530273,22.899999618530273,22.899999618530273,1000,0.0,0.0
2025-06-09 05:00:00+00:00,22.899999618530273,22.899999618530273,22.899999618530273,22.899999618530273,1148,0.0,0.0
2025-06-09 05:15:00+00:00,22.899999618530273,22.899999618530273,22.899999618530273,22.899999618530273,1000,0.0,0.0
2025-06-09 05:20:00+00:00,22.899999618530273,22.899999618530273,22.850000381469727,22.850000381469727,2403,0.0,0.0
2025-06-10 01:00:00+00:00,23.0,23.0,23.0,23.0,0,0.0,0.0
2025-06-10 01:20:00+00:00,23.0,23.049999237060547,23.0,23.049999237060547,13001,0.0,0.0
2025-06-10 01:30:00+00:00,23.100000381469727,23.149999618530273,23.100000381469727,23.100000381469727,7000,0.0,0.0
2025-06-10 01:40:00+00:00,23.100000381469727,23.100000381469727,23.100000381469727,23.100000381469727,6000,0.0,0.0
2025-06-10 01:45:00+00:00,23.100000381469727,23.100000381469727,23.100000381469727,23.100000381469727,3000,0.0,0.0
2025-06-10 01:50:00+00:00,23.149999618530273,23.149999618530273,23.149999618530273,23.149999618530273,5000,0.0,0.0
2025-06-10 01:55:00+00:00,23.149999618530273,23.149999618530273,23.149999618530273,23.149999618530273,12000,0.0,0.0
2025-06-10 02:00:00+00:00,23.200000762939453,23.200000762939453,23.100000381469727,23.100000381469727,6000,0.0,0.0
2025-06-10 02:05:00+00:00,23.149999618530273,23.25,23.149999618530273,23.200000762939453,12519,0.0,0.0
2025-06-10 02:10:00+00:00,23.149999618530273,23.25,23.149999618530273,23.25,4000,0.0,0.0
2025-06-10 02:15:00+00:00,23.200000762939453,23.200000762939453,23.200000762939453,23.200000762939453,2000,0.0,0.0
2025-06-10 02:20:00+00:00,23.200000762939453,23.200000762939453,23.200000762939453,23.200000762939453,1000,0.0,0.0
2025-06-10 02:25:00+00:00,23.200000762939453,23.200000762939453,23.200000762939453,23.200000762939453,3001,0.0,0.0
2025-06-10 02:30:00+00:00,23.25,23.25,23.25,23.25,2050,0.0,0.0
2025-06-10 02:40:00+00:00,23.25,23.25,23.25,23.25,1000,0.0,0.0
2025-06-10 02:45:00+00:00,23.25,23.25,23.25,23.25,1025,0.0,0.0
2025-06-10 02:50:00+00:00,23.25,23.25,23.25,23.25,1000,0.0,0.0
2025-06-10 03:05:00+00:00,23.200000762939453,23.200000762939453,23.200000762939453,23.200000762939453,5000,0.0,0.0
2025-06-10 03:25:00+00:00,23.100000381469727,23.100000381469727,23.100000381469727,23.100000381469727,20038,0.0,0.0
2025-06-10 03:35:00+00:00,23.200000762939453,23.200000762939453,23.200000762939453,23.200000762939453,8000,0.0,0.0
2025-06-10 03:40:00+00:00,23.25,23.25,23.25,23.25,2461,0.0,0.0
2025-06-10 03:55:00+00:00,23.149999618530273,23.149999618530273,23.149999618530273,23.149999618530273,5000,0.0,0.0
2025-06-10 04:00:00+00:00,23.200000762939453,23.200000762939453,23.100000381469727,23.100000381469727,3000,0.0,0.0
2025-06-10 04:30:00+00:00,23.100000381469727,23.100000381469727,23.100000381469727,23.100000381469727,2039,0.0,0.0
2025-06-10 04:40:00+00:00,23.100000381469727,23.200000762939453,23.100000381469727,23.200000762939453,17009,0.0,0.0
2025-06-10 05:05:00+00:00,23.100000381469727,23.149999618530273,23.100000381469727,23.149999618530273,7000,0.0,0.0
2025-06-10 05:10:00+00:00,23.149999618530273,23.149999618530273,23.149999618530273,23.149999618530273,1000,0.0,0.0
2025-06-10 05:20:00+00:00,23.200000762939453,23.200000762939453,23.200000762939453,23.200000762939453,9010,0.0,0.0
2025-06-11 01:00:00+00:00,23.100000381469727,23.100000381469727,23.049999237060547,23.049999237060547,0,0.0,0.0
2025-06-11 01:10:00+00:00,23.0,23.0,23.0,23.0,1000,0.0,0.0
2025-06-11 01:15:00+00:00,23.049999237060547,23.049999237060547,23.049999237060547,23.049999237060547,3000,0.0,0.0
2025-06-11 01:25:00+00:00,23.049999237060547,23.049999237060547,23.049999237060547,23.049999237060547,6020,0.0,0.0
2025-06-11 01:30:00+00:00,23.100000381469727,23.100000381469727,23.100000381469727,23.100000381469727,1003,0.0,0.0
2025-06-11 01:40:00+00:00,23.100000381469727,23.100000381469727,23.100000381469727,23.100000381469727,3000,0.0,0.0
2025-06-11 01:45:00+00:00,23.049999237060547,23.049999237060547,23.049999237060547,23.049999237060547,4000,0.0,0.0
2025-06-11 01:50:00+00:00,23.0,23.0,23.0,23.0,1000,0.0,0.0
2025-06-11 02:00:00+00:00,23.100000381469727,23.100000381469727,23.100000381469727,23.100000381469727,2000,0.0,0.0
2025-06-11 02:05:00+00:00,23.0,23.0,22.950000762939453,22.950000762939453,20000,0.0,0.0
2025-06-11 02:10:00+00:00,23.049999237060547,23.100000381469727,23.049999237060547,23.100000381469727,3022,0.0,0.0
2025-06-11 02:20:00+00:00,23.100000381469727,23.100000381469727,23.100000381469727,23.100000381469727,1020,0.0,0.0
2025-06-11 02:40:00+00:00,23.100000381469727,23.100000381469727,23.100000381469727,23.100000381469727,1146,0.0,0.0
2025-06-11 02:55:00+00:00,23.0,23.0,23.0,23.0,2000,0.0,0.0
2025-06-11 03:00:00+00:00,23.0,23.0,22.899999618530273,22.899999618530273,34000,0.0,0.0
2025-06-11 03:05:00+00:00,22.899999618530273,22.899999618530273,22.899999618530273,22.899999618530273,1000,0.0,0.0
2025-06-11 03:10:00+00:00,23.0,23.0,23.0,23.0,6020,0.0,0.0
2025-06-11 03:15:00+00:00,22.850000381469727,22.850000381469727,22.850000381469727,22.850000381469727,1000,0.0,0.0
2025-06-11 03:20:00+00:00,22.899999618530273,22.899999618530273,22.899999618530273,22.899999618530273,3000,0.0,0.0
2025-06-11 03:25:00+00:00,22.899999618530273,22.950000762939453,22.899999618530273,22.950000762939453,0,0.0,0.0
2025-06-11 03:30:00+00:00,22.950000762939453,23.0,22.950000762939453,23.0,107245,0.0,0.0
2025-06-11 03:40:00+00:00,23.0,23.0,23.0,23.0,1008,0.0,0.0
2025-06-11 03:45:00+00:00,22.899999618530273,22.899999618530273,22.899999618530273,22.899999618530273,2000,0.0,0.0
2025-06-11 03:55:00+00:00,23.0,23.0,23.0,23.0,17000,0.0,0.0
2025-06-11 04:00:00+00:00,23.0,23.049999237060547,23.0,23.049999237060547,3000,0.0,0.0
2025-06-11 04:20:00+00:00,23.049999237060547,23.049999237060547,23.049999237060547,23.049999237060547,4000,0.0,0.0
2025-06-11 04:30:00+00:00,23.100000381469727,23.100000381469727,23.100000381469727,23.100000381469727,1000,0.0,0.0
2025-06-11 04:40:00+00:00,23.049999237060547,23.049999237060547,23.049999237060547,23.049999237060547,1000,0.0,0.0
2025-06-12 01:00:00+00:00,23.100000381469727,23.100000381469727,22.950000762939453,22.950000762939453,4013,0.0,0.0
2025-06-12 01:10:00+00:00,22.950000762939453,22.950000762939453,22.950000762939453,22.950000762939453,6000,0.0,0.0
2025-06-12 01:20:00+00:00,23.0,23.0,23.0,23.0,5000,0.0,0.0
2025-06-12 01:30:00+00:00,23.0,23.0,23.0,23.0,2001,0.0,0.0
2025-06-12 01:45:00+00:00,22.950000762939453,22.950000762939453,22.950000762939453,22.950000762939453,1120,0.0,0.0
2025-06-12 01:55:00+00:00,22.950000762939453,22.950000762939453,22.950000762939453,22.950000762939453,3000,0.0,0.0
2025-06-12 02:00:00+00:00,22.950000762939453,22.950000762939453,22.899999618530273,22.899999618530273,4000,0.0,0.0
2025-06-12 02:05:00+00:00,22.899999618530273,22.899999618530273,22.899999618530273,22.899999618530273,2001,0.0,0.0
2025-06-12 02:10:00+00:00,22.950000762939453,22.950000762939453,22.950000762939453,22.950000762939453,1000,0.0,0.0
2025-06-12 02:20:00+00:00,22.950000762939453,22.950000762939453,22.950000762939453,22.950000762939453,2011,0.0,0.0
2025-06-12 02:35:00+00:00,22.950000762939453,22.950000762939453,22.950000762939453,22.950000762939453,1300,0.0,0.0
2025-06-12 02:50:00+00:00,22.950000762939453,22.950000762939453,22.950000762939453,22.950000762939453,1036,0.0,0.0
2025-06-12 03:10:00+00:00,23.0,23.049999237060547,23.0,23.049999237060547,13050,0.0,0.0
2025-06-12 03:25:00+00:00,22.950000762939453,23.049999237060547,22.950000762939453,23.049999237060547,5000,0.0,0.0
2025-06-12 03:30:00+00:00,23.049999237060547,23.049999237060547,23.049999237060547,23.049999237060547,1000,0.0,0.0
2025-06-12 03:40:00+00:00,23.049999237060547,23.049999237060547,23.049999237060547,23.049999237060547,1000,0.0,0.0
2025-06-12 03:45:00+00:00,22.950000762939453,22.950000762939453,22.899999618530273,22.899999618530273,15000,0.0,0.0
2025-06-12 03:50:00+00:00,23.0,23.0,23.0,23.0,3001,0.0,0.0
2025-06-12 04:25:00+00:00,22.899999618530273,22.899999618530273,22.899999618530273,22.899999618530273,1000,0.0,0.0
2025-06-12 04:45:00+00:00,22.899999618530273,22.899999618530273,22.899999618530273,22.899999618530273,1000,0.0,0.0
2025-06-12 05:00:00+00:00,22.950000762939453,22.950000762939453,22.950000762939453,22.950000762939453,1000,0.0,0.0
2025-06-12 05:05:00+00:00,22.899999618530273,22.899999618530273,22.899999618530273,22.899999618530273,1000,0.0,0.0
2025-06-12 05:10:00+00:00,22.950000762939453,22.950000762939453,22.950000762939453,22.950000762939453,1000,0.0,0.0
2025-06-12 05:20:00+00:00,22.950000762939453,22.950000762939453,22.950000762939453,22.950000762939453,1204,0.0,0.0
2025-06-13 01:00:00+00:00,22.799999237060547,22.799999237060547,22.799999237060547,22.799999237060547,0,0.0,0.0
2025-06-13 01:05:00+00:00,22.700000762939453,22.799999237060547,22.649999618530273,22.799999237060547,26015,0.0,0.0
2025-06-13 01:10:00+00:00,22.850000381469727,22.850000381469727,22.700000762939453,22.700000762939453,4000,0.0,0.0
2025-06-13 01:20:00+00:00,22.850000381469727,22.850000381469727,22.649999618530273,22.649999618530273,15000,0.0,0.0
2025-06-13 01:25:00+00:00,22.649999618530273,22.649999618530273,22.600000381469727,22.600000381469727,9012,0.0,0.0
2025-06-13 01:30:00+00:00,22.75,22.75,22.649999618530273,22.649999618530273,3008,0.0,0.0
2025-06-13 01:35:00+00:00,22.649999618530273,22.649999618530273,22.649999618530273,22.649999618530273,1001,0.0,0.0
2025-06-13 01:40:00+00:00,22.799999237060547,22.799999237060547,22.799999237060547,22.799999237060547,2000,0.0,0.0
2025-06-13 01:45:00+00:00,22.799999237060547,22.799999237060547,22.799999237060547,22.799999237060547,1000,0.0,0.0
2025-06-13 01:50:00+00:00,22.799999237060547,22.799999237060547,22.799999237060547,22.799999237060547,1000,0.0,0.0
2025-06-13 01:55:00+00:00,22.799999237060547,22.799999237060547,22.799999237060547,22.799999237060547,9000,0.0,0.0
2025-06-13 02:00:00+00:00,22.799999237060547,22.799999237060547,22.799999237060547,22.799999237060547,5000,0.0,0.0
2025-06-13 02:20:00+00:00,22.899999618530273,22.899999618530273,22.799999237060547,22.799999237060547,5000,0.0,0.0
2025-06-13 02:30:00+00:00,22.75,22.75,22.649999618530273,22.649999618530273,17001,0.0,0.0
2025-06-13 02:35:00+00:00,22.649999618530273,22.649999618530273,22.649999618530273,22.649999618530273,9000,0.0,0.0
2025-06-13 02:40:00+00:00,22.600000381469727,22.600000381469727,22.600000381469727,22.600000381469727,5103,0.0,0.0
2025-06-13 02:50:00+00:00,22.600000381469727,22.600000381469727,22.600000381469727,22.600000381469727,1000,0.0,0.0
2025-06-13 02:55:00+00:00,22.700000762939453,22.700000762939453,22.649999618530273,22.649999618530273,9000,0.0,0.0
2025-06-13 03:00:00+00:00,22.75,22.75,22.75,22.75,2000,0.0,0.0
2025-06-13 03:05:00+00:00,22.649999618530273,22.649999618530273,22.649999618530273,22.649999618530273,5000,0.0,0.0
2025-06-13 03:10:00+00:00,22.600000381469727,22.600000381469727,22.600000381469727,22.600000381469727,2000,0.0,0.0
2025-06-13 03:20:00+00:00,22.75,22.799999237060547,22.649999618530273,22.649999618530273,5010,0.0,0.0
2025-06-13 03:30:00+00:00,22.799999237060547,22.799999237060547,22.799999237060547,22.799999237060547,1000,0.0,0.0
2025-06-13 03:35:00+00:00,22.649999618530273,22.649999618530273,22.649999618530273,22.649999618530273,2012,0.0,0.0
2025-06-13 04:00:00+00:00,22.649999618530273,22.649999618530273,22.600000381469727,22.600000381469727,19807,0.0,0.0
2025-06-13 04:05:00+00:00,22.600000381469727,22.600000381469727,22.600000381469727,22.600000381469727,8000,0.0,0.0
2025-06-13 04:10:00+00:00,22.700000762939453,22.75,22.700000762939453,22.75,4000,0.0,0.0
2025-06-13 04:20:00+00:00,22.700000762939453,22.700000762939453,22.700000762939453,22.700000762939453,2000,0.0,0.0
2025-06-13 04:30:00+00:00,22.600000381469727,22.600000381469727,22.600000381469727,22.600000381469727,2001,0.0,0.0
2025-06-13 04:40:00+00:00,22.700000762939453,22.700000762939453,22.700000762939453,22.700000762939453,1084,0.0,0.0
2025-06-13 04:50:00+00:00,22.600000381469727,22.600000381469727,22.600000381469727,22.600000381469727,15032,0.0,0.0
2025-06-13 04:55:00+00:00,22.600000381469727,22.600000381469727,22.549999237060547,22.600000381469727,15000,0.0,0.0
2025-06-13 05:00:00+00:00,22.700000762939453,22.700000762939453,22.700000762939453,22.700000762939453,3000,0.0,0.0
2025-06-13 05:05:00+00:00,22.700000762939453,22.700000762939453,22.700000762939453,22.700000762939453,2000,0.0,0.0
2025-06-13 05:15:00+00:00,22.600000381469727,22.600000381469727,22.600000381469727,22.600000381469727,3186,0.0,0.0
2025-06-13 05:20:00+00:00,22.600000381469727,22.600000381469727,22.600000381469727,22.600000381469727,1403,0.0,0.0
2025-06-16 01:00:00+00:00,22.600000381469727,22.600000381469727,22.100000381469727,22.100000381469727,0,0.0,0.0
2025-06-16 01:05:00+00:00,22.200000762939453,22.25,22.200000762939453,22.25,12195,0.0,0.0
2025-06-16 01:10:00+00:00,22.399999618530273,22.399999618530273,22.399999618530273,22.399999618530273,5164,0.0,0.0
2025-06-16 01:15:00+00:00,22.399999618530273,22.399999618530273,22.399999618530273,22.399999618530273,1001,0.0,0.0
2025-06-16 01:20:00+00:00,22.5,22.5,22.399999618530273,22.399999618530273,4000,0.0,0.0
2025-06-16 01:30:00+00:00,22.5,22.549999237060547,22.5,22.549999237060547,2000,0.0,0.0
2025-06-16 01:45:00+00:00,22.399999618530273,22.399999618530273,22.399999618530273,22.399999618530273,1300,0.0,0.0
2025-06-16 02:05:00+00:00,22.399999618530273,22.399999618530273,22.399999618530273,22.399999618530273,2000,0.0,0.0
2025-06-16 02:10:00+00:00,22.5,22.5,22.5,22.5,1000,0.0,0.0
2025-06-16 02:45:00+00:00,22.399999618530273,22.399999618530273,22.399999618530273,22.399999618530273,3002,0.0,0.0
2025-06-16 03:15:00+00:00,22.399999618530273,22.450000762939453,22.399999618530273,22.450000762939453,5000,0.0,0.0
2025-06-16 03:20:00+00:00,22.5,22.5,22.5,22.5,1000,0.0,0.0
2025-06-16 03:35:00+00:00,22.399999618530273,22.399999618530273,22.200000762939453,22.200000762939453,30001,0.0,0.0
2025-06-16 03:40:00+00:00,22.450000762939453,22.450000762939453,22.450000762939453,22.450000762939453,1000,0.0,0.0
2025-06-16 03:50:00+00:00,22.450000762939453,22.5,22.450000762939453,22.5,5000,0.0,0.0
2025-06-16 04:00:00+00:00,22.549999237060547,22.549999237060547,22.549999237060547,22.549999237060547,1001,0.0,0.0
2025-06-16 04:15:00+00:00,22.5,22.5,22.5,22.5,2000,0.0,0.0
2025-06-16 04:20:00+00:00,22.450000762939453,22.549999237060547,22.450000762939453,22.549999237060547,13002,0.0,0.0
2025-06-16 05:05:00+00:00,22.549999237060547,22.549999237060547,22.549999237060547,22.549999237060547,1000,0.0,0.0
2025-06-16 05:10:00+00:00,22.549999237060547,22.549999237060547,22.549999237060547,22.549999237060547,1901,0.0,0.0
2025-06-17 01:00:00+00:00,22.399999618530273,22.450000762939453,22.399999618530273,22.450000762939453,0,0.0,0.0
2025-06-17 01:05:00+00:00,22.399999618530273,22.5,22.399999618530273,22.5,12021,0.0,0.0
2025-06-17 01:10:00+00:00,22.549999237060547,22.549999237060547,22.549999237060547,22.549999237060547,1001,0.0,0.0
2025-06-17 01:35:00+00:00,22.5,22.5,22.5,22.5,1002,0.0,0.0
2025-06-17 01:40:00+00:00,22.5,22.5,22.5,22.5,1002,0.0,0.0
2025-06-17 01:45:00+00:00,22.5,22.5,22.5,22.5,1331,0.0,0.0
2025-06-17 01:55:00+00:00,22.450000762939453,22.5,22.450000762939453,22.5,7000,0.0,0.0
2025-06-17 02:00:00+00:00,22.5,22.5,22.450000762939453,22.450000762939453,6001,0.0,0.0
2025-06-17 02:10:00+00:00,22.450000762939453,22.450000762939453,22.350000381469727,22.350000381469727,19121,0.0,0.0
2025-06-17 02:15:00+00:00,22.350000381469727,22.350000381469727,22.350000381469727,22.350000381469727,1000,0.0,0.0
2025-06-17 02:20:00+00:00,22.350000381469727,22.399999618530273,22.350000381469727,22.399999618530273,3000,0.0,0.0
2025-06-17 02:25:00+00:00,22.399999618530273,22.399999618530273,22.399999618530273,22.399999618530273,1000,0.0,0.0
2025-06-17 02:35:00+00:00,22.350000381469727,22.350000381469727,22.350000381469727,22.350000381469727,3000,0.0,0.0
2025-06-17 02:40:00+00:00,22.399999618530273,22.399999618530273,22.399999618530273,22.399999618530273,1000,0.0,0.0
2025-06-17 02:45:00+00:00,22.299999237060547,22.299999237060547,22.299999237060547,22.299999237060547,10000,0.0,0.0
2025-06-17 02:50:00+00:00,22.399999618530273,22.399999618530273,22.399999618530273,22.399999618530273,2000,0.0,0.0
2025-06-17 02:55:00+00:00,22.25,22.25,22.25,22.25,14000,0.0,0.0
2025-06-17 03:00:00+00:00,22.25,22.350000381469727,22.25,22.350000381469727,12000,0.0,0.0
2025-06-17 03:10:00+00:00,22.350000381469727,22.350000381469727,22.350000381469727,22.350000381469727,2005,0.0,0.0
2025-06-17 03:25:00+00:00,22.299999237060547,22.299999237060547,22.299999237060547,22.299999237060547,1006,0.0,0.0
2025-06-17 03:35:00+00:00,22.350000381469727,22.350000381469727,22.350000381469727,22.350000381469727,1000,0.0,0.0
2025-06-17 03:40:00+00:00,22.350000381469727,22.350000381469727,22.350000381469727,22.350000381469727,5000,0.0,0.0
2025-06-17 03:50:00+00:00,22.399999618530273,22.399999618530273,22.399999618530273,22.399999618530273,1100,0.0,0.0
2025-06-17 04:20:00+00:00,22.350000381469727,22.350000381469727,22.350000381469727,22.350000381469727,1000,0.0,0.0
2025-06-17 04:25:00+00:00,22.299999237060547,22.299999237060547,22.299999237060547,22.299999237060547,1000,0.0,0.0
2025-06-17 04:30:00+00:00,22.299999237060547,22.350000381469727,22.299999237060547,22.350000381469727,2012,0.0,0.0
2025-06-17 04:40:00+00:00,22.299999237060547,22.299999237060547,22.299999237060547,22.299999237060547,2000,0.0,0.0
2025-06-17 04:50:00+00:00,22.25,22.25,22.25,22.25,20000,0.0,0.0
2025-06-17 05:00:00+00:00,22.299999237060547,22.299999237060547,22.299999237060547,22.299999237060547,1001,0.0,0.0
2025-06-17 05:05:00+00:00,22.299999237060547,22.299999237060547,22.299999237060547,22.299999237060547,1000,0.0,0.0
2025-06-17 05:10:00+00:00,22.350000381469727,22.350000381469727,22.350000381469727,22.350000381469727,3001,0.0,0.0
2025-06-17 05:15:00+00:00,22.299999237060547,22.350000381469727,22.299999237060547,22.350000381469727,6027,0.0,0.0
2025-06-18 01:00:00+00:00,22.399999618530273,22.399999618530273,22.399999618530273,22.399999618530273,1000,0.0,0.0
2025-06-18 01:05:00+00:00,22.25,22.25,22.25,22.25,3597,0.0,0.0
2025-06-18 01:15:00+00:00,22.25,22.25,22.25,22.25,2000,0.0,0.0
2025-06-18 01:35:00+00:00,22.25,22.25,22.25,22.25,2000,0.0,0.0
2025-06-18 01:40:00+00:00,22.299999237060547,22.299999237060547,22.299999237060547,22.299999237060547,1001,0.0,0.0
2025-06-18 02:10:00+00:00,22.299999237060547,22.350000381469727,22.299999237060547,22.350000381469727,5000,0.0,0.0
2025-06-18 02:30:00+00:00,22.350000381469727,22.350000381469727,22.350000381469727,22.350000381469727,1100,0.0,0.0
2025-06-18 02:35:00+00:00,22.399999618530273,22.450000762939453,22.399999618530273,22.450000762939453,11000,0.0,0.0
2025-06-18 02:40:00+00:00,22.450000762939453,22.450000762939453,22.450000762939453,22.450000762939453,2000,0.0,0.0
2025-06-18 02:45:00+00:00,22.450000762939453,22.450000762939453,22.399999618530273,22.399999618530273,7000,0.0,0.0
2025-06-18 02:50:00+00:00,22.5,22.5,22.5,22.5,10000,0.0,0.0
2025-06-18 02:55:00+00:00,22.5,22.600000381469727,22.5,22.600000381469727,5500,0.0,0.0
2025-06-18 03:15:00+00:00,22.600000381469727,22.600000381469727,22.600000381469727,22.600000381469727,2000,0.0,0.0
2025-06-18 03:30:00+00:00,22.600000381469727,22.649999618530273,22.600000381469727,22.649999618530273,4000,0.0,0.0
2025-06-18 03:45:00+00:00,22.600000381469727,22.600000381469727,22.600000381469727,22.600000381469727,1000,0.0,0.0
2025-06-18 04:00:00+00:00,22.549999237060547,22.549999237060547,22.549999237060547,22.549999237060547,1000,0.0,0.0
2025-06-18 04:05:00+00:00,22.5,22.5,22.450000762939453,22.450000762939453,12000,0.0,0.0
2025-06-18 04:10:00+00:00,22.5,22.549999237060547,22.5,22.549999237060547,2000,0.0,0.0
2025-06-18 04:30:00+00:00,22.399999618530273,22.5,22.399999618530273,22.5,3000,0.0,0.0
2025-06-18 05:00:00+00:00,22.350000381469727,22.350000381469727,22.299999237060547,22.299999237060547,3006,0.0,0.0
2025-06-18 05:05:00+00:00,22.299999237060547,22.299999237060547,22.299999237060547,22.299999237060547,2000,0.0,0.0
2025-06-18 05:10:00+00:00,22.350000381469727,22.450000762939453,22.299999237060547,22.299999237060547,5000,0.0,0.0
2025-06-18 05:15:00+00:00,22.299999237060547,22.299999237060547,22.25,22.25,2000,0.0,0.0
2025-06-18 05:20:00+00:00,22.350000381469727,22.450000762939453,22.350000381469727,22.450000762939453,2403,0.0,0.0
2025-06-19 01:00:00+00:00,22.450000762939453,22.450000762939453,22.450000762939453,22.450000762939453,0,0.0,0.0
2025-06-19 01:05:00+00:00,22.450000762939453,22.450000762939453,22.450000762939453,22.450000762939453,4000,0.0,0.0
2025-06-19 01:10:00+00:00,22.399999618530273,22.399999618530273,22.399999618530273,22.399999618530273,0,0.0,0.0
2025-06-19 01:15:00+00:00,22.399999618530273,22.399999618530273,22.350000381469727,22.399999618530273,12155,0.0,0.0
2025-06-19 01:25:00+00:00,22.350000381469727,22.350000381469727,22.350000381469727,22.350000381469727,1050,0.0,0.0
2025-06-19 01:30:00+00:00,22.299999237060547,22.299999237060547,22.299999237060547,22.299999237060547,3001,0.0,0.0
2025-06-19 01:35:00+00:00,22.299999237060547,22.299999237060547,22.299999237060547,22.299999237060547,2000,0.0,0.0
2025-06-19 01:40:00+00:00,22.25,22.299999237060547,22.25,22.299999237060547,8000,0.0,0.0
2025-06-19 01:45:00+00:00,22.25,22.25,22.200000762939453,22.200000762939453,34000,0.0,0.0
2025-06-19 01:50:00+00:00,22.350000381469727,22.5,22.350000381469727,22.5,6000,0.0,0.0
2025-06-19 01:55:00+00:00,22.25,22.350000381469727,22.25,22.350000381469727,6002,0.0,0.0
2025-06-19 02:00:00+00:00,22.399999618530273,22.399999618530273,22.399999618530273,22.399999618530273,3000,0.0,0.0
2025-06-19 02:10:00+00:00,22.450000762939453,22.450000762939453,22.450000762939453,22.450000762939453,1000,0.0,0.0
2025-06-19 02:15:00+00:00,22.299999237060547,22.299999237060547,22.299999237060547,22.299999237060547,1000,0.0,0.0
2025-06-19 02:20:00+00:00,22.299999237060547,22.299999237060547,22.299999237060547,22.299999237060547,1005,0.0,0.0
2025-06-19 02:30:00+00:00,22.299999237060547,22.399999618530273,22.299999237060547,22.399999618530273,3000,0.0,0.0
2025-06-19 02:35:00+00:00,22.25,22.25,22.25,22.25,5000,0.0,0.0
2025-06-19 02:50:00+00:00,22.299999237060547,22.299999237060547,22.299999237060547,22.299999237060547,1000,0.0,0.0
2025-06-19 03:00:00+00:00,22.299999237060547,22.299999237060547,22.299999237060547,22.299999237060547,1000,0.0,0.0
2025-06-19 03:05:00+00:00,22.25,22.350000381469727,22.25,22.350000381469727,12000,0.0,0.0
2025-06-19 03:10:00+00:00,22.399999618530273,22.399999618530273,22.399999618530273,22.399999618530273,2000,0.0,0.0
2025-06-19 03:20:00+00:00,22.200000762939453,22.350000381469727,22.200000762939453,22.350000381469727,3050,0.0,0.0
2025-06-19 03:35:00+00:00,22.299999237060547,22.299999237060547,22.299999237060547,22.299999237060547,5000,0.0,0.0
2025-06-19 03:40:00+00:00,22.350000381469727,22.350000381469727,22.350000381469727,22.350000381469727,1000,0.0,0.0
2025-06-19 03:45:00+00:00,22.399999618530273,22.399999618530273,22.399999618530273,22.399999618530273,1001,0.0,0.0
2025-06-19 04:25:00+00:00,22.299999237060547,22.299999237060547,22.299999237060547,22.299999237060547,1000,0.0,0.0
2025-06-19 04:40:00+00:00,22.299999237060547,22.299999237060547,22.299999237060547,22.299999237060547,5000,0.0,0.0
2025-06-19 04:45:00+00:00,22.299999237060547,22.299999237060547,22.299999237060547,22.299999237060547,1001,0.0,0.0
2025-06-19 04:50:00+00:00,22.399999618530273,22.399999618530273,22.399999618530273,22.399999618530273,1100,0.0,0.0
2025-06-19 05:00:00+00:00,22.399999618530273,22.399999618530273,22.399999618530273,22.399999618530273,1000,0.0,0.0
2025-06-19 05:05:00+00:00,22.399999618530273,22.399999618530273,22.399999618530273,22.399999618530273,2000,0.0,0.0
2025-06-19 05:15:00+00:00,22.350000381469727,22.350000381469727,22.350000381469727,22.350000381469727,2000,0.0,0.0
2025-06-19 05:20:00+00:00,22.25,22.25,22.25,22.25,1202,0.0,0.0
2025-06-20 01:00:00+00:00,22.399999618530273,22.399999618530273,22.299999237060547,22.299999237060547,0,0.0,0.0
2025-06-20 01:05:00+00:00,22.350000381469727,22.600000381469727,22.350000381469727,22.549999237060547,20000,0.0,0.0
2025-06-20 01:10:00+00:00,22.549999237060547,22.549999237060547,22.5,22.5,3000,0.0,0.0
2025-06-20 01:15:00+00:00,22.5,22.5,22.450000762939453,22.450000762939453,2000,0.0,0.0
2025-06-20 01:20:00+00:00,22.549999237060547,22.549999237060547,22.399999618530273,22.399999618530273,3000,0.0,0.0
2025-06-20 01:25:00+00:00,22.299999237060547,22.299999237060547,22.299999237060547,22.299999237060547,3000,0.0,0.0
2025-06-20 01:30:00+00:00,22.25,22.25,22.100000381469727,22.100000381469727,18000,0.0,0.0
2025-06-20 01:35:00+00:00,22.100000381469727,22.100000381469727,22.0,22.0,6000,0.0,0.0
2025-06-20 01:40:00+00:00,22.049999237060547,22.049999237060547,22.049999237060547,22.049999237060547,3000,0.0,0.0
2025-06-20 01:45:00+00:00,22.0,22.200000762939453,22.0,22.200000762939453,30150,0.0,0.0
2025-06-20 01:50:00+00:00,22.200000762939453,22.25,22.200000762939453,22.25,8002,0.0,0.0
2025-06-20 02:15:00+00:00,22.100000381469727,22.100000381469727,22.049999237060547,22.049999237060547,11000,0.0,0.0
2025-06-20 02:20:00+00:00,22.049999237060547,22.25,22.0,22.100000381469727,14067,0.0,0.0
2025-06-20 02:25:00+00:00,22.25,22.399999618530273,22.25,22.399999618530273,12000,0.0,0.0
2025-06-20 02:30:00+00:00,22.399999618530273,22.5,22.399999618530273,22.5,5201,0.0,0.0
2025-06-20 02:40:00+00:00,22.450000762939453,22.450000762939453,22.399999618530273,22.399999618530273,11015,0.0,0.0
2025-06-20 02:55:00+00:00,22.399999618530273,22.399999618530273,22.299999237060547,22.299999237060547,3000,0.0,0.0
2025-06-20 03:20:00+00:00,22.299999237060547,22.299999237060547,22.299999237060547,22.299999237060547,1000,0.0,0.0
2025-06-20 03:40:00+00:00,22.200000762939453,22.200000762939453,22.200000762939453,22.200000762939453,2104,0.0,0.0
2025-06-20 03:45:00+00:00,22.200000762939453,22.200000762939453,22.200000762939453,22.200000762939453,3000,0.0,0.0
2025-06-20 03:50:00+00:00,22.299999237060547,22.299999237060547,22.299999237060547,22.299999237060547,1002,0.0,0.0
2025-06-20 04:05:00+00:00,22.25,22.25,22.25,22.25,1000,0.0,0.0
2025-06-20 04:50:00+00:00,22.25,22.25,22.25,22.25,1300,0.0,0.0
2025-06-20 04:55:00+00:00,22.25,22.25,22.25,22.25,1001,0.0,0.0
2025-06-20 05:10:00+00:00,22.25,22.299999237060547,22.25,22.25,3000,0.0,0.0
2025-06-20 05:15:00+00:00,22.25,22.299999237060547,22.200000762939453,22.200000762939453,9200,0.0,0.0
2025-06-20 05:20:00+00:00,22.149999618530273,22.399999618530273,22.100000381469727,22.399999618530273,25202,0.0,0.0
2025-06-23 01:00:00+00:00,22.100000381469727,22.100000381469727,21.799999237060547,21.799999237060547,0,0.0,0.0
2025-06-23 01:10:00+00:00,21.899999618530273,22.049999237060547,21.850000381469727,21.850000381469727,8031,0.0,0.0
2025-06-23 01:15:00+00:00,21.850000381469727,21.850000381469727,21.850000381469727,21.850000381469727,11000,0.0,0.0
2025-06-23 01:20:00+00:00,21.899999618530273,21.899999618530273,21.75,21.75,8000,0.0,0.0
2025-06-23 01:30:00+00:00,21.899999618530273,21.899999618530273,21.700000762939453,21.700000762939453,8010,0.0,0.0
2025-06-23 01:35:00+00:00,21.700000762939453,21.700000762939453,21.649999618530273,21.649999618530273,2000,0.0,0.0
2025-06-23 01:40:00+00:00,21.75,21.75,21.75,21.75,1000,0.0,0.0
2025-06-23 01:45:00+00:00,21.75,21.75,21.75,21.75,1001,0.0,0.0
2025-06-23 01:50:00+00:00,21.75,21.850000381469727,21.700000762939453,21.700000762939453,4000,0.0,0.0
2025-06-23 01:55:00+00:00,21.700000762939453,21.700000762939453,21.700000762939453,21.700000762939453,2051,0.0,0.0
2025-06-23 02:15:00+00:00,21.700000762939453,21.700000762939453,21.700000762939453,21.700000762939453,2000,0.0,0.0
2025-06-23 02:20:00+00:00,21.75,21.899999618530273,21.75,21.899999618530273,2050,0.0,0.0
2025-06-23 02:35:00+00:00,21.799999237060547,21.799999237060547,21.799999237060547,21.799999237060547,5000,0.0,0.0
2025-06-23 02:40:00+00:00,21.850000381469727,21.850000381469727,21.850000381469727,21.850000381469727,1010,0.0,0.0
2025-06-23 02:55:00+00:00,21.700000762939453,21.700000762939453,21.700000762939453,21.700000762939453,1499,0.0,0.0
2025-06-23 03:20:00+00:00,21.700000762939453,21.700000762939453,21.700000762939453,21.700000762939453,1000,0.0,0.0
2025-06-23 03:30:00+00:00,21.799999237060547,21.799999237060547,21.799999237060547,21.799999237060547,1000,0.0,0.0
2025-06-23 03:35:00+00:00,21.75,21.799999237060547,21.75,21.799999237060547,6000,0.0,0.0
2025-06-23 03:40:00+00:00,21.799999237060547,21.799999237060547,21.799999237060547,21.799999237060547,1000,0.0,0.0
2025-06-23 03:55:00+00:00,21.799999237060547,21.799999237060547,21.799999237060547,21.799999237060547,5000,0.0,0.0
2025-06-23 04:00:00+00:00,21.799999237060547,21.799999237060547,21.799999237060547,21.799999237060547,1101,0.0,0.0
2025-06-23 04:25:00+00:00,21.700000762939453,21.700000762939453,21.700000762939453,21.700000762939453,1000,0.0,0.0
2025-06-23 04:30:00+00:00,21.700000762939453,21.700000762939453,21.700000762939453,21.700000762939453,1001,0.0,0.0
2025-06-23 04:35:00+00:00,21.75,21.75,21.700000762939453,21.700000762939453,8005,0.0,0.0
2025-06-23 04:40:00+00:00,21.700000762939453,21.799999237060547,21.700000762939453,21.799999237060547,10000,0.0,0.0
2025-06-23 04:50:00+00:00,21.850000381469727,21.850000381469727,21.850000381469727,21.850000381469727,2011,0.0,0.0
2025-06-23 04:55:00+00:00,21.75,21.75,21.75,21.75,1000,0.0,0.0
2025-06-23 05:00:00+00:00,21.850000381469727,21.850000381469727,21.850000381469727,21.850000381469727,1000,0.0,0.0
2025-06-23 05:05:00+00:00,21.799999237060547,21.799999237060547,21.799999237060547,21.799999237060547,3053,0.0,0.0
2025-06-23 05:20:00+00:00,21.75,21.75,21.350000381469727,21.75,116359,0.0,0.0
2025-06-24 01:00:00+00:00,21.75,21.850000381469727,21.75,21.850000381469727,0,0.0,0.0
2025-06-24 01:05:00+00:00,21.899999618530273,22.0,21.899999618530273,22.0,11002,0.0,0.0
2025-06-24 01:10:00+00:00,22.0,22.0,22.0,22.0,1000,0.0,0.0
2025-06-24 01:15:00+00:00,22.0,22.0,22.0,22.0,1155,0.0,0.0
2025-06-24 01:25:00+00:00,22.0,22.0,22.0,22.0,1000,0.0,0.0
2025-06-24 01:30:00+00:00,21.950000762939453,22.0,21.950000762939453,22.0,6000,0.0,0.0
2025-06-24 01:40:00+00:00,22.049999237060547,22.100000381469727,22.0,22.100000381469727,9100,0.0,0.0
2025-06-24 01:45:00+00:00,22.100000381469727,22.100000381469727,22.100000381469727,22.100000381469727,1000,0.0,0.0
2025-06-24 01:50:00+00:00,22.100000381469727,22.100000381469727,22.100000381469727,22.100000381469727,1605,0.0,0.0
2025-06-24 01:55:00+00:00,22.100000381469727,22.100000381469727,22.100000381469727,22.100000381469727,1300,0.0,0.0
2025-06-24 02:00:00+00:00,22.049999237060547,22.049999237060547,22.049999237060547,22.049999237060547,1000,0.0,0.0
2025-06-24 02:05:00+00:00,22.049999237060547,22.049999237060547,22.049999237060547,22.049999237060547,1000,0.0,0.0
2025-06-24 02:10:00+00:00,22.0,22.049999237060547,22.0,22.0,7000,0.0,0.0
2025-06-24 02:15:00+00:00,22.049999237060547,22.049999237060547,22.049999237060547,22.049999237060547,4000,0.0,0.0
2025-06-24 02:20:00+00:00,22.049999237060547,22.049999237060547,22.049999237060547,22.049999237060547,1000,0.0,0.0
2025-06-24 02:30:00+00:00,22.049999237060547,22.049999237060547,22.049999237060547,22.049999237060547,1015,0.0,0.0
2025-06-24 02:45:00+00:00,21.899999618530273,21.899999618530273,21.850000381469727,21.850000381469727,10042,0.0,0.0
2025-06-24 02:50:00+00:00,21.850000381469727,21.850000381469727,21.850000381469727,21.850000381469727,3000,0.0,0.0
2025-06-24 02:55:00+00:00,21.899999618530273,21.899999618530273,21.899999618530273,21.899999618530273,1000,0.0,0.0
2025-06-24 03:00:00+00:00,21.950000762939453,21.950000762939453,21.850000381469727,21.950000762939453,11269,0.0,0.0
2025-06-24 03:15:00+00:00,21.899999618530273,21.899999618530273,21.899999618530273,21.899999618530273,7000,0.0,0.0
2025-06-24 03:20:00+00:00,22.0,22.0,22.0,22.0,3000,0.0,0.0
2025-06-24 03:30:00+00:00,22.0,22.0,22.0,22.0,2000,0.0,0.0
2025-06-24 03:35:00+00:00,22.0,22.0,22.0,22.0,1000,0.0,0.0
2025-06-24 03:40:00+00:00,21.850000381469727,21.850000381469727,21.850000381469727,21.850000381469727,1000,0.0,0.0
2025-06-24 03:45:00+00:00,21.899999618530273,21.899999618530273,21.899999618530273,21.899999618530273,9000,0.0,0.0
2025-06-24 03:50:00+00:00,22.0,22.0,22.0,22.0,2000,0.0,0.0
2025-06-24 04:20:00+00:00,21.899999618530273,21.899999618530273,21.850000381469727,21.850000381469727,8000,0.0,0.0
2025-06-24 04:30:00+00:00,21.850000381469727,21.850000381469727,21.850000381469727,21.850000381469727,1000,0.0,0.0
2025-06-24 04:35:00+00:00,21.899999618530273,21.899999618530273,21.899999618530273,21.899999618530273,2001,0.0,0.0
2025-06-24 04:40:00+00:00,21.950000762939453,21.950000762939453,21.950000762939453,21.950000762939453,1000,0.0,0.0
2025-06-24 04:45:00+00:00,21.850000381469727,21.850000381469727,21.850000381469727,21.850000381469727,1000,0.0,0.0
2025-06-24 04:55:00+00:00,21.850000381469727,21.850000381469727,21.850000381469727,21.850000381469727,2000,0.0,0.0
2025-06-24 05:00:00+00:00,21.899999618530273,21.899999618530273,21.899999618530273,21.899999618530273,2287,0.0,0.0
2025-06-24 05:05:00+00:00,21.850000381469727,21.899999618530273,21.850000381469727,21.899999618530273,3014,0.0,0.0
2025-06-24 05:20:00+00:00,21.950000762939453,21.950000762939453,21.950000762939453,21.950000762939453,1601,0.0,0.0
2025-06-25 01:00:00+00:00,22.049999237060547,22.049999237060547,22.049999237060547,22.049999237060547,0,0.0,0.0
2025-06-25 01:05:00+00:00,22.049999237060547,22.049999237060547,22.049999237060547,22.049999237060547,3000,0.0,0.0
2025-06-25 01:15:00+00:00,22.049999237060547,22.049999237060547,22.049999237060547,22.049999237060547,3008,0.0,0.0
2025-06-25 01:25:00+00:00,22.049999237060547,22.049999237060547,22.049999237060547,22.049999237060547,1000,0.0,0.0
2025-06-25 01:30:00+00:00,22.0,22.0,22.0,22.0,2000,0.0,0.0
2025-06-25 01:50:00+00:00,22.0,22.0,22.0,22.0,1000,0.0,0.0
2025-06-25 01:55:00+00:00,21.950000762939453,22.0,21.950000762939453,22.0,2000,0.0,0.0
2025-06-25 02:00:00+00:00,22.049999237060547,22.049999237060547,22.049999237060547,22.049999237060547,1000,0.0,0.0
2025-06-25 02:05:00+00:00,22.0,22.0,22.0,22.0,1001,0.0,0.0
2025-06-25 02:15:00+00:00,22.049999237060547,22.049999237060547,22.049999237060547,22.049999237060547,2010,0.0,0.0
2025-06-25 02:25:00+00:00,22.049999237060547,22.100000381469727,22.049999237060547,22.100000381469727,2000,0.0,0.0
2025-06-25 02:30:00+00:00,22.100000381469727,22.100000381469727,22.049999237060547,22.049999237060547,2100,0.0,0.0
2025-06-25 02:40:00+00:00,22.049999237060547,22.049999237060547,22.049999237060547,22.049999237060547,1020,0.0,0.0
2025-06-25 02:55:00+00:00,22.049999237060547,22.049999237060547,22.049999237060547,22.049999237060547,1010,0.0,0.0
2025-06-25 03:05:00+00:00,22.100000381469727,22.100000381469727,22.100000381469727,22.100000381469727,2000,0.0,0.0
2025-06-25 03:10:00+00:00,22.100000381469727,22.149999618530273,22.100000381469727,22.149999618530273,2000,0.0,0.0
2025-06-25 03:35:00+00:00,22.100000381469727,22.200000762939453,22.100000381469727,22.200000762939453,37992,0.0,0.0
2025-06-25 03:40:00+00:00,22.25,22.299999237060547,22.25,22.299999237060547,5010,0.0,0.0
2025-06-25 03:45:00+00:00,22.200000762939453,22.200000762939453,22.200000762939453,22.200000762939453,1000,0.0,0.0
2025-06-25 03:50:00+00:00,22.200000762939453,22.200000762939453,22.200000762939453,22.200000762939453,1000,0.0,0.0
2025-06-25 04:00:00+00:00,22.25,22.299999237060547,22.25,22.299999237060547,2008,0.0,0.0
2025-06-25 04:50:00+00:00,22.149999618530273,22.149999618530273,22.149999618530273,22.149999618530273,1000,0.0,0.0
2025-06-25 04:55:00+00:00,22.149999618530273,22.149999618530273,22.100000381469727,22.100000381469727,2000,0.0,0.0
2025-06-25 05:05:00+00:00,22.200000762939453,22.200000762939453,22.200000762939453,22.200000762939453,1000,0.0,0.0
2025-06-25 05:10:00+00:00,22.200000762939453,22.200000762939453,22.200000762939453,22.200000762939453,1001,0.0,0.0
2025-06-25 05:20:00+00:00,22.200000762939453,22.200000762939453,22.200000762939453,22.200000762939453,5282,0.0,0.0
2025-06-26 01:00:00+00:00,22.200000762939453,22.200000762939453,22.200000762939453,22.200000762939453,0,0.0,0.0
2025-06-26 01:05:00+00:00,22.299999237060547,22.299999237060547,22.25,22.25,6000,0.0,0.0
2025-06-26 01:10:00+00:00,22.350000381469727,22.350000381469727,22.350000381469727,22.350000381469727,3000,0.0,0.0
2025-06-26 01:15:00+00:00,22.350000381469727,22.399999618530273,22.350000381469727,22.399999618530273,5000,0.0,0.0
2025-06-26 01:20:00+00:00,22.399999618530273,22.399999618530273,22.299999237060547,22.299999237060547,6000,0.0,0.0
2025-06-26 01:25:00+00:00,22.450000762939453,22.450000762939453,22.399999618530273,22.399999618530273,2020,0.0,0.0
2025-06-26 01:30:00+00:00,22.450000762939453,22.450000762939453,22.450000762939453,22.450000762939453,1000,0.0,0.0
2025-06-26 01:40:00+00:00,22.399999618530273,22.399999618530273,22.399999618530273,22.399999618530273,1000,0.0,0.0
2025-06-26 01:45:00+00:00,22.299999237060547,22.299999237060547,22.299999237060547,22.299999237060547,3000,0.0,0.0
2025-06-26 01:50:00+00:00,22.399999618530273,22.399999618530273,22.399999618530273,22.399999618530273,1100,0.0,0.0
2025-06-26 02:00:00+00:00,22.299999237060547,22.299999237060547,22.299999237060547,22.299999237060547,1000,0.0,0.0
2025-06-26 02:10:00+00:00,22.399999618530273,22.399999618530273,22.399999618530273,22.399999618530273,1000,0.0,0.0
2025-06-26 02:15:00+00:00,22.450000762939453,22.450000762939453,22.450000762939453,22.450000762939453,1000,0.0,0.0
2025-06-26 02:20:00+00:00,22.450000762939453,22.450000762939453,22.399999618530273,22.399999618530273,9000,0.0,0.0
2025-06-26 02:25:00+00:00,22.5,22.5,22.5,22.5,1000,0.0,0.0
2025-06-26 02:30:00+00:00,22.5,22.5,22.5,22.5,2000,0.0,0.0
2025-06-26 02:40:00+00:00,22.399999618530273,22.450000762939453,22.399999618530273,22.450000762939453,3060,0.0,0.0
2025-06-26 02:50:00+00:00,22.450000762939453,22.450000762939453,22.450000762939453,22.450000762939453,2001,0.0,0.0
2025-06-26 03:10:00+00:00,22.450000762939453,22.450000762939453,22.399999618530273,22.450000762939453,3029,0.0,0.0
2025-06-26 03:25:00+00:00,22.450000762939453,22.450000762939453,22.450000762939453,22.450000762939453,2245,0.0,0.0
2025-06-26 03:30:00+00:00,22.399999618530273,22.399999618530273,22.399999618530273,22.399999618530273,4000,0.0,0.0
2025-06-26 03:40:00+00:00,22.450000762939453,22.450000762939453,22.450000762939453,22.450000762939453,1000,0.0,0.0
2025-06-26 03:45:00+00:00,22.450000762939453,22.450000762939453,22.450000762939453,22.450000762939453,3000,0.0,0.0
2025-06-26 03:50:00+00:00,22.450000762939453,22.450000762939453,22.450000762939453,22.450000762939453,1000,0.0,0.0
2025-06-26 04:15:00+00:00,22.450000762939453,22.450000762939453,22.450000762939453,22.450000762939453,1000,0.0,0.0
2025-06-26 04:25:00+00:00,22.350000381469727,22.350000381469727,22.350000381469727,22.350000381469727,4201,0.0,0.0
2025-06-26 04:30:00+00:00,22.399999618530273,22.399999618530273,22.399999618530273,22.399999618530273,2000,0.0,0.0
2025-06-26 04:50:00+00:00,22.450000762939453,22.450000762939453,22.450000762939453,22.450000762939453,1071,0.0,0.0
2025-06-26 05:15:00+00:00,22.350000381469727,22.350000381469727,22.25,22.25,8000,0.0,0.0
2025-06-26 05:20:00+00:00,22.399999618530273,22.450000762939453,22.399999618530273,22.450000762939453,3404,0.0,0.0
2025-06-27 01:00:00+00:00,22.399999618530273,22.450000762939453,22.399999618530273,22.450000762939453,0,0.0,0.0
2025-06-27 01:05:00+00:00,22.450000762939453,22.450000762939453,22.450000762939453,22.450000762939453,1005,0.0,0.0
2025-06-27 01:10:00+00:00,22.5,22.549999237060547,22.450000762939453,22.549999237060547,18000,0.0,0.0
2025-06-27 01:15:00+00:00,22.450000762939453,22.450000762939453,22.450000762939453,22.450000762939453,1001,0.0,0.0
2025-06-27 01:20:00+00:00,22.600000381469727,22.600000381469727,22.399999618530273,22.399999618530273,7010,0.0,0.0
2025-06-27 01:30:00+00:00,22.399999618530273,22.399999618530273,22.399999618530273,22.399999618530273,1000,0.0,0.0
2025-06-27 01:35:00+00:00,22.5,22.5,22.5,22.5,2000,0.0,0.0
2025-06-27 01:50:00+00:00,22.399999618530273,22.399999618530273,22.399999618530273,22.399999618530273,1000,0.0,0.0
2025-06-27 02:00:00+00:00,22.450000762939453,22.450000762939453,22.450000762939453,22.450000762939453,1000,0.0,0.0
2025-06-27 02:05:00+00:00,22.450000762939453,22.450000762939453,22.450000762939453,22.450000762939453,2000,0.0,0.0
2025-06-27 02:10:00+00:00,22.450000762939453,22.450000762939453,22.450000762939453,22.450000762939453,1000,0.0,0.0
2025-06-27 02:15:00+00:00,22.450000762939453,22.450000762939453,22.450000762939453,22.450000762939453,1000,0.0,0.0
2025-06-27 02:20:00+00:00,22.399999618530273,22.399999618530273,22.399999618530273,22.399999618530273,2000,0.0,0.0
2025-06-27 02:30:00+00:00,22.5,22.5,22.5,22.5,1001,0.0,0.0
2025-06-27 02:35:00+00:00,22.350000381469727,22.350000381469727,22.350000381469727,22.350000381469727,1002,0.0,0.0
2025-06-27 03:00:00+00:00,22.399999618530273,22.5,22.399999618530273,22.5,11114,0.0,0.0
2025-06-27 03:05:00+00:00,22.5,22.5,22.5,22.5,14400,0.0,0.0
2025-06-27 03:10:00+00:00,22.549999237060547,22.549999237060547,22.5,22.5,5000,0.0,0.0
2025-06-27 03:15:00+00:00,22.549999237060547,22.549999237060547,22.549999237060547,22.549999237060547,1000,0.0,0.0
2025-06-27 03:20:00+00:00,22.399999618530273,22.549999237060547,22.399999618530273,22.549999237060547,2001,0.0,0.0
2025-06-27 03:25:00+00:00,22.399999618530273,22.399999618530273,22.399999618530273,22.399999618530273,2000,0.0,0.0
2025-06-27 03:30:00+00:00,22.399999618530273,22.399999618530273,22.399999618530273,22.399999618530273,2002,0.0,0.0
2025-06-27 03:50:00+00:00,22.399999618530273,22.399999618530273,22.399999618530273,22.399999618530273,2057,0.0,0.0
2025-06-27 04:00:00+00:00,22.5,22.5,22.5,22.5,2001,0.0,0.0
2025-06-27 04:20:00+00:00,22.5,22.5,22.5,22.5,1000,0.0,0.0
2025-06-27 04:25:00+00:00,22.399999618530273,22.399999618530273,22.399999618530273,22.399999618530273,10000,0.0,0.0
2025-06-27 04:30:00+00:00,22.5,22.549999237060547,22.5,22.549999237060547,4000,0.0,0.0
2025-06-27 04:35:00+00:00,22.450000762939453,22.450000762939453,22.450000762939453,22.450000762939453,2000,0.0,0.0
2025-06-27 04:40:00+00:00,22.600000381469727,22.600000381469727,22.600000381469727,22.600000381469727,3015,0.0,0.0
2025-06-27 04:50:00+00:00,22.549999237060547,22.549999237060547,22.5,22.5,5000,0.0,0.0
2025-06-27 05:00:00+00:00,22.600000381469727,22.600000381469727,22.5,22.5,12000,0.0,0.0
2025-06-27 05:10:00+00:00,22.600000381469727,22.600000381469727,22.549999237060547,22.549999237060547,4489,0.0,0.0
2025-06-27 05:20:00+00:00,22.549999237060547,22.600000381469727,22.549999237060547,22.600000381469727,3601,0.0,0.0
2025-06-30 01:00:00+00:00,22.399999618530273,22.450000762939453,22.399999618530273,22.450000762939453,0,0.0,0.0
2025-06-30 01:05:00+00:00,22.450000762939453,22.450000762939453,22.450000762939453,22.450000762939453,2012,0.0,0.0
2025-06-30 01:15:00+00:00,22.450000762939453,22.450000762939453,22.399999618530273,22.399999618530273,6208,0.0,0.0
2025-06-30 01:30:00+00:00,22.350000381469727,22.5,22.350000381469727,22.5,7000,0.0,0.0
2025-06-30 01:40:00+00:00,22.5,22.5,22.5,22.5,1034,0.0,0.0
2025-06-30 02:10:00+00:00,22.5,22.5,22.5,22.5,1000,0.0,0.0
2025-06-30 02:40:00+00:00,22.350000381469727,22.350000381469727,22.350000381469727,22.350000381469727,2001,0.0,0.0
2025-06-30 02:55:00+00:00,22.350000381469727,22.350000381469727,22.350000381469727,22.350000381469727,3000,0.0,0.0
2025-06-30 03:00:00+00:00,22.399999618530273,22.399999618530273,22.399999618530273,22.399999618530273,1000,0.0,0.0
2025-06-30 03:10:00+00:00,22.350000381469727,22.350000381469727,22.350000381469727,22.350000381469727,1001,0.0,0.0
2025-06-30 03:35:00+00:00,22.350000381469727,22.350000381469727,22.350000381469727,22.350000381469727,7000,0.0,0.0
2025-06-30 03:40:00+00:00,22.399999618530273,22.399999618530273,22.399999618530273,22.399999618530273,1280,0.0,0.0
2025-06-30 04:35:00+00:00,22.299999237060547,22.299999237060547,22.299999237060547,22.299999237060547,1013,0.0,0.0
2025-06-30 04:40:00+00:00,22.299999237060547,22.299999237060547,22.299999237060547,22.299999237060547,5019,0.0,0.0
2025-06-30 04:50:00+00:00,22.299999237060547,22.299999237060547,22.299999237060547,22.299999237060547,1000,0.0,0.0
2025-06-30 05:00:00+00:00,22.25,22.350000381469727,22.25,22.25,3000,0.0,0.0
2025-06-30 05:10:00+00:00,22.350000381469727,22.350000381469727,22.350000381469727,22.350000381469727,1040,0.0,0.0
2025-06-30 05:20:00+00:00,22.25,22.25,22.25,22.25,2408,0.0,0.0
2025-05-05 01:00:00+00:00,23.850000381469727,23.850000381469727,23.700000762939453,23.700000762939453,0,0.0,0.0
2025-05-05 01:05:00+00:00,23.649999618530273,23.649999618530273,23.600000381469727,23.600000381469727,11059,0.0,0.0
2025-05-05 01:10:00+00:00,23.600000381469727,23.600000381469727,23.549999237060547,23.600000381469727,15246,0.0,0.0
2025-05-05 01:15:00+00:00,23.600000381469727,23.600000381469727,23.549999237060547,23.600000381469727,11019,0.0,0.0
2025-05-05 01:20:00+00:00,23.549999237060547,23.549999237060547,23.399999618530273,23.399999618530273,17126,0.0,0.0
2025-05-05 01:25:00+00:00,23.450000762939453,23.600000381469727,23.450000762939453,23.600000381469727,4000,0.0,0.0
2025-05-05 01:30:00+00:00,23.399999618530273,23.399999618530273,23.200000762939453,23.200000762939453,36099,0.0,0.0
2025-05-05 01:35:00+00:00,23.200000762939453,23.25,23.200000762939453,23.200000762939453,20119,0.0,0.0
2025-05-05 01:40:00+00:00,23.200000762939453,23.200000762939453,23.149999618530273,23.149999618530273,6000,0.0,0.0
2025-05-05 01:45:00+00:00,23.149999618530273,23.149999618530273,23.100000381469727,23.100000381469727,9000,0.0,0.0
2025-05-05 01:50:00+00:00,23.100000381469727,23.100000381469727,23.100000381469727,23.100000381469727,2011,0.0,0.0
2025-05-05 01:55:00+00:00,23.100000381469727,23.100000381469727,23.100000381469727,23.100000381469727,1000,0.0,0.0
2025-05-05 02:00:00+00:00,23.049999237060547,23.100000381469727,23.049999237060547,23.049999237060547,12000,0.0,0.0
2025-05-05 02:05:00+00:00,23.100000381469727,23.100000381469727,23.0,23.049999237060547,27301,0.0,0.0
2025-05-05 02:10:00+00:00,23.0,23.049999237060547,23.0,23.049999237060547,4000,0.0,0.0
2025-05-05 02:15:00+00:00,23.0,23.0,22.799999237060547,22.799999237060547,15090,0.0,0.0
2025-05-05 02:25:00+00:00,22.899999618530273,22.899999618530273,22.899999618530273,22.899999618530273,2000,0.0,0.0
2025-05-05 02:30:00+00:00,22.899999618530273,22.899999618530273,22.850000381469727,22.850000381469727,6209,0.0,0.0
2025-05-05 02:35:00+00:00,22.899999618530273,22.899999618530273,22.899999618530273,22.899999618530273,2001,0.0,0.0
2025-05-05 02:40:00+00:00,22.899999618530273,22.899999618530273,22.850000381469727,22.899999618530273,3000,0.0,0.0
2025-05-05 02:45:00+00:00,22.899999618530273,22.899999618530273,22.899999618530273,22.899999618530273,5000,0.0,0.0
2025-05-05 02:50:00+00:00,22.850000381469727,22.850000381469727,22.850000381469727,22.850000381469727,8003,0.0,0.0
2025-05-05 03:00:00+00:00,22.850000381469727,22.850000381469727,22.850000381469727,22.850000381469727,1440,0.0,0.0
2025-05-05 03:10:00+00:00,22.850000381469727,22.850000381469727,22.850000381469727,22.850000381469727,1000,0.0,0.0
2025-05-05 03:15:00+00:00,22.850000381469727,22.899999618530273,22.850000381469727,22.899999618530273,6000,0.0,0.0
2025-05-05 03:20:00+00:00,22.899999618530273,22.899999618530273,22.899999618530273,22.899999618530273,2000,0.0,0.0
2025-05-05 03:25:00+00:00,23.0,23.0,23.0,23.0,1000,0.0,0.0
2025-05-05 03:30:00+00:00,23.0,23.0,22.950000762939453,22.950000762939453,2000,0.0,0.0
2025-05-05 03:35:00+00:00,23.0,23.0,23.0,23.0,2000,0.0,0.0
2025-05-05 03:40:00+00:00,23.0,23.0,23.0,23.0,1050,0.0,0.0
2025-05-05 03:45:00+00:00,23.0,23.0,23.0,23.0,1007,0.0,0.0
2025-05-05 03:55:00+00:00,23.0,23.0,23.0,23.0,1000,0.0,0.0
2025-05-05 04:05:00+00:00,23.100000381469727,23.100000381469727,23.0,23.100000381469727,3000,0.0,0.0
2025-05-05 04:10:00+00:00,23.0,23.0,23.0,23.0,1000,0.0,0.0
2025-05-05 04:15:00+00:00,23.0,23.0,23.0,23.0,1001,0.0,0.0
2025-05-05 04:30:00+00:00,23.049999237060547,23.149999618530273,23.049999237060547,23.149999618530273,5000,0.0,0.0
2025-05-05 04:40:00+00:00,23.149999618530273,23.149999618530273,23.149999618530273,23.149999618530273,1000,0.0,0.0
2025-05-05 04:50:00+00:00,23.100000381469727,23.100000381469727,23.100000381469727,23.100000381469727,3000,0.0,0.0
2025-05-05 04:55:00+00:00,23.100000381469727,23.100000381469727,23.100000381469727,23.100000381469727,2000,0.0,0.0
2025-05-05 05:00:00+00:00,23.0,23.0,23.0,23.0,9000,0.0,0.0
2025-05-05 05:05:00+00:00,23.0,23.0,22.950000762939453,23.0,28000,0.0,0.0
2025-05-05 05:10:00+00:00,23.0,23.0,23.0,23.0,10000,0.0,0.0
2025-05-05 05:15:00+00:00,23.0,23.0,23.0,23.0,3831,0.0,0.0
2025-05-06 01:00:00+00:00,23.049999237060547,23.200000762939453,23.049999237060547,23.100000381469727,0,0.0,0.0
2025-05-06 01:05:00+00:00,23.100000381469727,23.100000381469727,23.049999237060547,23.049999237060547,6021,0.0,0.0
2025-05-06 01:10:00+00:00,23.049999237060547,23.200000762939453,23.049999237060547,23.200000762939453,19000,0.0,0.0
2025-05-06 01:15:00+00:00,23.200000762939453,23.25,22.950000762939453,22.950000762939453,50000,0.0,0.0
2025-05-06 01:20:00+00:00,22.950000762939453,23.100000381469727,22.950000762939453,23.100000381469727,9057,0.0,0.0
2025-05-06 01:30:00+00:00,23.049999237060547,23.049999237060547,22.950000762939453,22.950000762939453,5002,0.0,0.0
2025-05-06 01:35:00+00:00,22.950000762939453,22.950000762939453,22.950000762939453,22.950000762939453,20119,0.0,0.0
2025-05-06 01:40:00+00:00,22.899999618530273,22.899999618530273,22.850000381469727,22.850000381469727,6001,0.0,0.0
2025-05-06 01:45:00+00:00,22.850000381469727,22.850000381469727,22.850000381469727,22.850000381469727,4001,0.0,0.0
2025-05-06 01:50:00+00:00,22.850000381469727,22.850000381469727,22.799999237060547,22.799999237060547,42172,0.0,0.0
2025-05-06 01:55:00+00:00,22.850000381469727,22.850000381469727,22.649999618530273,22.649999618530273,61101,0.0,0.0
2025-05-06 02:00:00+00:00,22.700000762939453,22.899999618530273,22.700000762939453,22.899999618530273,39000,0.0,0.0
2025-05-06 02:05:00+00:00,22.899999618530273,22.899999618530273,22.899999618530273,22.899999618530273,10000,0.0,0.0
2025-05-06 02:10:00+00:00,22.850000381469727,22.899999618530273,22.75,22.899999618530273,59000,0.0,0.0
2025-05-06 02:15:00+00:00,22.899999618530273,22.899999618530273,22.850000381469727,22.850000381469727,17000,0.0,0.0
2025-05-06 02:25:00+00:00,22.850000381469727,22.950000762939453,22.850000381469727,22.950000762939453,20001,0.0,0.0
2025-05-06 02:30:00+00:00,22.950000762939453,22.950000762939453,22.950000762939453,22.950000762939453,2000,0.0,0.0
2025-05-06 02:35:00+00:00,22.850000381469727,22.850000381469727,22.799999237060547,22.799999237060547,19000,0.0,0.0
2025-05-06 02:40:00+00:00,22.799999237060547,22.899999618530273,22.799999237060547,22.899999618530273,20000,0.0,0.0
2025-05-06 02:50:00+00:00,22.850000381469727,22.850000381469727,22.799999237060547,22.799999237060547,3000,0.0,0.0
2025-05-06 02:55:00+00:00,22.850000381469727,22.850000381469727,22.850000381469727,22.850000381469727,24000,0.0,0.0
2025-05-06 03:00:00+00:00,22.899999618530273,22.950000762939453,22.899999618530273,22.950000762939453,23000,0.0,0.0
2025-05-06 03:10:00+00:00,22.899999618530273,22.899999618530273,22.899999618530273,22.899999618530273,6070,0.0,0.0
2025-05-06 03:20:00+00:00,22.850000381469727,22.850000381469727,22.850000381469727,22.850000381469727,10162,0.0,0.0
2025-05-06 03:25:00+00:00,22.850000381469727,22.850000381469727,22.799999237060547,22.799999237060547,2000,0.0,0.0
2025-05-06 03:30:00+00:00,22.899999618530273,22.899999618530273,22.899999618530273,22.899999618530273,5002,0.0,0.0
2025-05-06 03:35:00+00:00,22.899999618530273,22.950000762939453,22.899999618530273,22.950000762939453,29000,0.0,0.0
2025-05-06 03:40:00+00:00,23.0,23.0,22.950000762939453,22.950000762939453,13000,0.0,0.0
2025-05-06 03:50:00+00:00,22.899999618530273,22.899999618530273,22.899999618530273,22.899999618530273,2000,0.0,0.0
2025-05-06 03:55:00+00:00,22.899999618530273,22.899999618530273,22.899999618530273,22.899999618530273,9000,0.0,0.0
2025-05-06 04:00:00+00:00,22.950000762939453,22.950000762939453,22.950000762939453,22.950000762939453,11000,0.0,0.0
2025-05-06 04:05:00+00:00,22.899999618530273,22.899999618530273,22.899999618530273,22.899999618530273,1000,0.0,0.0
2025-05-06 04:10:00+00:00,22.899999618530273,22.899999618530273,22.899999618530273,22.899999618530273,6000,0.0,0.0
2025-05-06 04:15:00+00:00,22.899999618530273,22.899999618530273,22.899999618530273,22.899999618530273,1000,0.0,0.0
2025-05-06 04:20:00+00:00,22.850000381469727,22.850000381469727,22.850000381469727,22.850000381469727,1000,0.0,0.0
2025-05-06 04:30:00+00:00,22.850000381469727,22.850000381469727,22.799999237060547,22.799999237060547,26548,0.0,0.0
2025-05-06 04:35:00+00:00,22.850000381469727,22.850000381469727,22.799999237060547,22.799999237060547,2000,0.0,0.0
2025-05-06 04:40:00+00:00,22.799999237060547,22.799999237060547,22.799999237060547,22.799999237060547,22000,0.0,0.0
2025-05-06 04:45:00+00:00,22.799999237060547,22.799999237060547,22.799999237060547,22.799999237060547,12361,0.0,0.0
2025-05-06 04:50:00+00:00,22.75,22.799999237060547,22.75,22.799999237060547,20000,0.0,0.0
2025-05-06 04:55:00+00:00,22.799999237060547,22.799999237060547,22.75,22.75,3000,0.0,0.0
2025-05-06 05:00:00+00:00,22.75,22.799999237060547,22.75,22.799999237060547,5000,0.0,0.0
2025-05-06 05:05:00+00:00,22.799999237060547,22.850000381469727,22.799999237060547,22.850000381469727,20000,0.0,0.0
2025-05-06 05:10:00+00:00,22.850000381469727,22.850000381469727,22.799999237060547,22.799999237060547,3000,0.0,0.0
2025-05-06 05:15:00+00:00,22.799999237060547,22.799999237060547,22.799999237060547,22.799999237060547,5000,0.0,0.0
2025-05-06 05:20:00+00:00,22.799999237060547,22.799999237060547,22.799999237060547,22.799999237060547,12820,0.0,0.0
2025-05-07 01:00:00+00:00,22.899999618530273,23.0,22.899999618530273,23.0,0,0.0,0.0
2025-05-07 01:05:00+00:00,23.0,23.049999237060547,22.899999618530273,22.950000762939453,28031,0.0,0.0
2025-05-07 01:10:00+00:00,22.950000762939453,23.200000762939453,22.950000762939453,23.049999237060547,42000,0.0,0.0
2025-05-07 01:15:00+00:00,23.100000381469727,23.100000381469727,23.049999237060547,23.100000381469727,12000,0.0,0.0
2025-05-07 01:20:00+00:00,23.100000381469727,23.100000381469727,23.100000381469727,23.100000381469727,6000,0.0,0.0
2025-05-07 01:25:00+00:00,23.049999237060547,23.049999237060547,22.899999618530273,22.899999618530273,41071,0.0,0.0
2025-05-07 01:30:00+00:00,22.950000762939453,22.950000762939453,22.850000381469727,22.850000381469727,3000,0.0,0.0
2025-05-07 01:35:00+00:00,22.850000381469727,22.850000381469727,22.850000381469727,22.850000381469727,1000,0.0,0.0
2025-05-07 01:40:00+00:00,22.850000381469727,22.850000381469727,22.850000381469727,22.850000381469727,1001,0.0,0.0
2025-05-07 01:50:00+00:00,22.850000381469727,22.950000762939453,22.850000381469727,22.950000762939453,3000,0.0,0.0
2025-05-07 01:55:00+00:00,22.850000381469727,22.850000381469727,22.850000381469727,22.850000381469727,1001,0.0,0.0
2025-05-07 02:00:00+00:00,23.0,23.200000762939453,23.0,23.149999618530273,37241,0.0,0.0
2025-05-07 02:10:00+00:00,23.149999618530273,23.149999618530273,23.149999618530273,23.149999618530273,7000,0.0,0.0
2025-05-07 02:15:00+00:00,23.049999237060547,23.100000381469727,23.0,23.100000381469727,16071,0.0,0.0
2025-05-07 02:25:00+00:00,23.0,23.0,23.0,23.0,1000,0.0,0.0
2025-05-07 02:30:00+00:00,23.100000381469727,23.200000762939453,23.100000381469727,23.200000762939453,10000,0.0,0.0
2025-05-07 02:35:00+00:00,23.200000762939453,23.200000762939453,23.200000762939453,23.200000762939453,6000,0.0,0.0
2025-05-07 02:40:00+00:00,23.200000762939453,23.200000762939453,23.200000762939453,23.200000762939453,1000,0.0,0.0
2025-05-07 02:45:00+00:00,23.200000762939453,23.200000762939453,23.200000762939453,23.200000762939453,1000,0.0,0.0
2025-05-07 02:50:00+00:00,23.200000762939453,23.200000762939453,23.149999618530273,23.149999618530273,17000,0.0,0.0
2025-05-07 02:55:00+00:00,23.149999618530273,23.149999618530273,23.049999237060547,23.049999237060547,12535,0.0,0.0
2025-05-07 03:00:00+00:00,23.049999237060547,23.25,23.0,23.049999237060547,66000,0.0,0.0
2025-05-07 03:10:00+00:00,23.0,23.0,23.0,23.0,1000,0.0,0.0
2025-05-07 03:25:00+00:00,23.0,23.100000381469727,23.0,23.100000381469727,6000,0.0,0.0
2025-05-07 03:30:00+00:00,23.049999237060547,23.049999237060547,23.0,23.0,24000,0.0,0.0
2025-05-07 03:40:00+00:00,22.950000762939453,22.950000762939453,22.950000762939453,22.950000762939453,10018,0.0,0.0
2025-05-07 03:45:00+00:00,22.950000762939453,22.950000762939453,22.950000762939453,22.950000762939453,1020,0.0,0.0
2025-05-07 03:50:00+00:00,22.950000762939453,23.0,22.950000762939453,23.0,2000,0.0,0.0
2025-05-07 03:55:00+00:00,22.950000762939453,22.950000762939453,22.950000762939453,22.950000762939453,1000,0.0,0.0
2025-05-07 04:00:00+00:00,23.0,23.100000381469727,23.0,23.049999237060547,5000,0.0,0.0
2025-05-07 04:05:00+00:00,23.049999237060547,23.049999237060547,23.049999237060547,23.049999237060547,5000,0.0,0.0
2025-05-07 04:10:00+00:00,22.899999618530273,22.899999618530273,22.899999618530273,22.899999618530273,1000,0.0,0.0
2025-05-07 04:25:00+00:00,22.899999618530273,23.0,22.899999618530273,23.0,2000,0.0,0.0
2025-05-07 04:35:00+00:00,22.950000762939453,22.950000762939453,22.950000762939453,22.950000762939453,1000,0.0,0.0
2025-05-07 04:40:00+00:00,22.950000762939453,22.950000762939453,22.950000762939453,22.950000762939453,1000,0.0,0.0
2025-05-07 04:55:00+00:00,22.950000762939453,22.950000762939453,22.950000762939453,22.950000762939453,2000,0.0,0.0
2025-05-07 05:00:00+00:00,22.950000762939453,23.0,22.950000762939453,22.950000762939453,4000,0.0,0.0
2025-05-07 05:05:00+00:00,23.0,23.0,22.950000762939453,22.950000762939453,3000,0.0,0.0
2025-05-07 05:10:00+00:00,22.950000762939453,22.950000762939453,22.950000762939453,22.950000762939453,2013,0.0,0.0
2025-05-07 05:15:00+00:00,22.950000762939453,23.0,22.950000762939453,22.950000762939453,9210,0.0,0.0
2025-05-07 05:20:00+00:00,23.0,23.0,22.899999618530273,22.950000762939453,9781,0.0,0.0
2025-05-08 01:00:00+00:00,23.0,23.149999618530273,23.0,23.100000381469727,0,0.0,0.0
2025-05-08 01:10:00+00:00,23.100000381469727,23.200000762939453,23.100000381469727,23.200000762939453,34052,0.0,0.0
2025-05-08 01:15:00+00:00,23.200000762939453,23.200000762939453,23.200000762939453,23.200000762939453,55342,0.0,0.0
2025-05-08 02:30:00+00:00,23.100000381469727,23.100000381469727,23.100000381469727,23.100000381469727,0,0.0,0.0
2025-05-08 02:35:00+00:00,23.100000381469727,23.100000381469727,23.100000381469727,23.100000381469727,100290,0.0,0.0
2025-05-08 02:55:00+00:00,23.049999237060547,23.049999237060547,23.049999237060547,23.049999237060547,12000,0.0,0.0
2025-05-08 03:10:00+00:00,23.049999237060547,23.049999237060547,23.049999237060547,23.049999237060547,6247,0.0,0.0
2025-05-08 03:40:00+00:00,23.0,23.049999237060547,23.0,23.049999237060547,9011,0.0,0.0
2025-05-08 03:45:00+00:00,23.049999237060547,23.049999237060547,23.049999237060547,23.049999237060547,2000,0.0,0.0
2025-05-08 03:50:00+00:00,23.049999237060547,23.049999237060547,23.049999237060547,23.049999237060547,1000,0.0,0.0
2025-05-08 04:00:00+00:00,23.049999237060547,23.049999237060547,23.049999237060547,23.049999237060547,1020,0.0,0.0
2025-05-08 04:05:00+00:00,23.049999237060547,23.049999237060547,23.049999237060547,23.049999237060547,3000,0.0,0.0
2025-05-08 04:10:00+00:00,23.049999237060547,23.049999237060547,23.0,23.049999237060547,4000,0.0,0.0
2025-05-08 04:15:00+00:00,23.049999237060547,23.049999237060547,23.049999237060547,23.049999237060547,10000,0.0,0.0
2025-05-08 04:20:00+00:00,23.100000381469727,23.100000381469727,23.100000381469727,23.100000381469727,1000,0.0,0.0
2025-05-08 04:30:00+00:00,23.100000381469727,23.100000381469727,23.100000381469727,23.100000381469727,1000,0.0,0.0
2025-05-08 04:35:00+00:00,23.049999237060547,23.049999237060547,23.0,23.0,45204,0.0,0.0
2025-05-08 04:40:00+00:00,23.0,23.0,23.0,23.0,1000,0.0,0.0
2025-05-08 04:45:00+00:00,23.100000381469727,23.100000381469727,23.100000381469727,23.100000381469727,1000,0.0,0.0
2025-05-08 05:00:00+00:00,23.049999237060547,23.049999237060547,23.049999237060547,23.049999237060547,2000,0.0,0.0
2025-05-08 05:10:00+00:00,23.0,23.0,23.0,23.0,7020,0.0,0.0
2025-05-08 05:15:00+00:00,23.0,23.049999237060547,23.0,23.049999237060547,17000,0.0,0.0
2025-05-08 05:20:00+00:00,23.0,23.049999237060547,23.0,23.049999237060547,2000,0.0,0.0
2025-05-09 01:00:00+00:00,23.100000381469727,23.25,23.100000381469727,23.25,0,0.0,0.0
2025-05-09 01:05:00+00:00,23.100000381469727,23.100000381469727,23.100000381469727,23.100000381469727,1002,0.0,0.0
2025-05-09 01:10:00+00:00,23.100000381469727,23.100000381469727,23.100000381469727,23.100000381469727,1000,0.0,0.0
2025-05-09 01:15:00+00:00,23.100000381469727,23.100000381469727,23.049999237060547,23.049999237060547,12001,0.0,0.0
2025-05-09 01:20:00+00:00,23.049999237060547,23.049999237060547,22.950000762939453,22.950000762939453,8200,0.0,0.0
2025-05-09 01:25:00+00:00,23.049999237060547,23.049999237060547,23.049999237060547,23.049999237060547,3000,0.0,0.0
2025-05-09 01:30:00+00:00,23.049999237060547,23.049999237060547,23.049999237060547,23.049999237060547,5001,0.0,0.0
2025-05-09 01:40:00+00:00,23.100000381469727,23.100000381469727,23.100000381469727,23.100000381469727,3000,0.0,0.0
2025-05-09 01:45:00+00:00,23.049999237060547,23.049999237060547,23.049999237060547,23.049999237060547,10020,0.0,0.0
2025-05-09 01:50:00+00:00,23.049999237060547,23.049999237060547,23.0,23.0,7020,0.0,0.0
2025-05-09 01:55:00+00:00,23.0,23.0,23.0,23.0,1000,0.0,0.0
2025-05-09 02:00:00+00:00,23.100000381469727,23.100000381469727,23.100000381469727,23.100000381469727,7062,0.0,0.0
2025-05-09 02:05:00+00:00,23.149999618530273,23.25,23.149999618530273,23.25,3210,0.0,0.0
2025-05-09 02:15:00+00:00,23.200000762939453,23.200000762939453,23.200000762939453,23.200000762939453,1999,0.0,0.0
2025-05-09 02:20:00+00:00,23.200000762939453,23.350000381469727,23.100000381469727,23.100000381469727,24000,0.0,0.0
2025-05-09 02:30:00+00:00,23.100000381469727,23.100000381469727,23.100000381469727,23.100000381469727,1000,0.0,0.0
2025-05-09 02:40:00+00:00,23.100000381469727,23.100000381469727,23.100000381469727,23.100000381469727,1000,0.0,0.0
2025-05-09 03:05:00+00:00,23.100000381469727,23.100000381469727,23.100000381469727,23.100000381469727,2000,0.0,0.0
2025-05-09 03:15:00+00:00,23.100000381469727,23.100000381469727,23.049999237060547,23.049999237060547,0,0.0,0.0
2025-05-09 03:20:00+00:00,23.049999237060547,23.049999237060547,23.049999237060547,23.049999237060547,100567,0.0,0.0
2025-05-09 03:35:00+00:00,23.100000381469727,23.100000381469727,23.100000381469727,23.100000381469727,1000,0.0,0.0
2025-05-09 03:45:00+00:00,23.049999237060547,23.049999237060547,23.049999237060547,23.049999237060547,2101,0.0,0.0
2025-05-09 03:50:00+00:00,23.049999237060547,23.049999237060547,23.049999237060547,23.049999237060547,10001,0.0,0.0
2025-05-09 04:00:00+00:00,23.100000381469727,23.100000381469727,23.100000381469727,23.100000381469727,2000,0.0,0.0
2025-05-09 04:15:00+00:00,23.100000381469727,23.100000381469727,23.100000381469727,23.100000381469727,2500,0.0,0.0
2025-05-09 04:30:00+00:00,23.100000381469727,23.100000381469727,23.100000381469727,23.100000381469727,3000,0.0,0.0
2025-05-09 04:40:00+00:00,23.100000381469727,23.100000381469727,23.100000381469727,23.100000381469727,2000,0.0,0.0
2025-05-09 04:45:00+00:00,23.100000381469727,23.100000381469727,23.100000381469727,23.100000381469727,2000,0.0,0.0
2025-05-09 04:50:00+00:00,23.149999618530273,23.149999618530273,23.149999618530273,23.149999618530273,5000,0.0,0.0
2025-05-09 04:55:00+00:00,23.149999618530273,23.149999618530273,23.149999618530273,23.149999618530273,1020,0.0,0.0
2025-05-09 05:00:00+00:00,23.149999618530273,23.149999618530273,23.149999618530273,23.149999618530273,2000,0.0,0.0
2025-05-09 05:05:00+00:00,23.149999618530273,23.149999618530273,23.149999618530273,23.149999618530273,3000,0.0,0.0
2025-05-09 05:10:00+00:00,23.100000381469727,23.100000381469727,23.100000381469727,23.100000381469727,4208,0.0,0.0
2025-05-12 01:00:00+00:00,23.200000762939453,23.299999237060547,23.200000762939453,23.299999237060547,0,0.0,0.0
2025-05-12 01:10:00+00:00,23.25,23.25,23.200000762939453,23.200000762939453,18030,0.0,0.0
2025-05-12 01:15:00+00:00,23.200000762939453,23.200000762939453,23.200000762939453,23.200000762939453,10151,0.0,0.0
2025-05-12 01:20:00+00:00,23.25,23.25,23.25,23.25,1257,0.0,0.0
2025-05-12 01:35:00+00:00,23.25,23.399999618530273,23.25,23.399999618530273,26000,0.0,0.0
2025-05-12 01:40:00+00:00,23.399999618530273,23.399999618530273,23.399999618530273,23.399999618530273,4001,0.0,0.0
2025-05-12 01:45:00+00:00,23.399999618530273,23.399999618530273,23.399999618530273,23.399999618530273,12000,0.0,0.0
2025-05-12 01:50:00+00:00,23.399999618530273,23.399999618530273,23.399999618530273,23.399999618530273,1029,0.0,0.0
2025-05-12 01:55:00+00:00,23.450000762939453,23.450000762939453,23.450000762939453,23.450000762939453,2000,0.0,0.0
2025-05-12 02:05:00+00:00,23.450000762939453,23.450000762939453,23.450000762939453,23.450000762939453,11050,0.0,0.0
2025-05-12 02:15:00+00:00,23.450000762939453,23.450000762939453,23.450000762939453,23.450000762939453,2031,0.0,0.0
2025-05-12 02:30:00+00:00,23.450000762939453,23.450000762939453,23.450000762939453,23.450000762939453,3102,0.0,0.0
2025-05-12 02:35:00+00:00,23.450000762939453,23.450000762939453,23.450000762939453,23.450000762939453,1302,0.0,0.0
2025-05-12 02:40:00+00:00,23.450000762939453,23.450000762939453,23.450000762939453,23.450000762939453,4131,0.0,0.0
2025-05-12 02:45:00+00:00,23.450000762939453,23.450000762939453,23.450000762939453,23.450000762939453,1000,0.0,0.0
2025-05-12 03:00:00+00:00,23.450000762939453,23.450000762939453,23.450000762939453,23.450000762939453,2280,0.0,0.0
2025-05-12 03:05:00+00:00,23.450000762939453,23.450000762939453,23.450000762939453,23.450000762939453,3001,0.0,0.0
2025-05-12 03:15:00+00:00,23.450000762939453,23.450000762939453,23.450000762939453,23.450000762939453,2001,0.0,0.0
2025-05-12 03:20:00+00:00,23.450000762939453,23.450000762939453,23.450000762939453,23.450000762939453,1001,0.0,0.0
2025-05-12 03:30:00+00:00,23.450000762939453,23.450000762939453,23.450000762939453,23.450000762939453,1102,0.0,0.0
2025-05-12 03:40:00+00:00,23.399999618530273,23.399999618530273,23.399999618530273,23.399999618530273,1001,0.0,0.0
2025-05-12 03:55:00+00:00,23.399999618530273,23.399999618530273,23.299999237060547,23.299999237060547,30001,0.0,0.0
2025-05-12 04:10:00+00:00,23.399999618530273,23.399999618530273,23.399999618530273,23.399999618530273,3095,0.0,0.0
2025-05-12 04:30:00+00:00,23.399999618530273,23.450000762939453,23.399999618530273,23.450000762939453,6053,0.0,0.0
2025-05-12 04:40:00+00:00,23.5,23.5,23.5,23.5,4001,0.0,0.0
2025-05-12 04:45:00+00:00,23.5,23.5,23.399999618530273,23.399999618530273,4248,0.0,0.0
2025-05-12 04:55:00+00:00,23.5,23.549999237060547,23.5,23.549999237060547,6051,0.0,0.0
2025-05-12 05:00:00+00:00,23.450000762939453,23.450000762939453,23.450000762939453,23.450000762939453,1000,0.0,0.0
2025-05-12 05:10:00+00:00,23.5,23.5,23.5,23.5,1000,0.0,0.0
2025-05-12 05:15:00+00:00,23.5,23.549999237060547,23.450000762939453,23.549999237060547,4221,0.0,0.0
2025-05-12 05:20:00+00:00,23.549999237060547,23.549999237060547,23.549999237060547,23.549999237060547,1031,0.0,0.0
2025-05-13 01:00:00+00:00,23.600000381469727,23.850000381469727,23.600000381469727,23.850000381469727,0,0.0,0.0
2025-05-13 01:05:00+00:00,23.899999618530273,24.0,23.799999237060547,23.799999237060547,13134,0.0,0.0
2025-05-13 01:10:00+00:00,23.899999618530273,23.899999618530273,23.75,23.75,4000,0.0,0.0
2025-05-13 01:15:00+00:00,23.799999237060547,23.799999237060547,23.799999237060547,23.799999237060547,3000,0.0,0.0
2025-05-13 01:20:00+00:00,23.799999237060547,23.950000762939453,23.75,23.75,339014,0.0,0.0
2025-05-13 01:25:00+00:00,23.850000381469727,23.850000381469727,23.799999237060547,23.799999237060547,26000,0.0,0.0
2025-05-13 01:30:00+00:00,23.850000381469727,23.850000381469727,23.799999237060547,23.850000381469727,13000,0.0,0.0
2025-05-13 01:35:00+00:00,23.850000381469727,23.899999618530273,23.850000381469727,23.899999618530273,5000,0.0,0.0
2025-05-13 01:45:00+00:00,23.899999618530273,23.899999618530273,23.850000381469727,23.850000381469727,5002,0.0,0.0
2025-05-13 01:55:00+00:00,23.799999237060547,23.799999237060547,23.799999237060547,23.799999237060547,6000,0.0,0.0
2025-05-13 02:00:00+00:00,23.799999237060547,23.799999237060547,23.799999237060547,23.799999237060547,3000,0.0,0.0
2025-05-13 02:05:00+00:00,23.850000381469727,23.850000381469727,23.75,23.75,6204,0.0,0.0
2025-05-13 02:10:00+00:00,23.700000762939453,23.700000762939453,23.700000762939453,23.700000762939453,1000,0.0,0.0
2025-05-13 02:15:00+00:00,23.700000762939453,23.700000762939453,23.700000762939453,23.700000762939453,3000,0.0,0.0
2025-05-13 02:20:00+00:00,23.700000762939453,23.700000762939453,23.700000762939453,23.700000762939453,11000,0.0,0.0
2025-05-13 02:30:00+00:00,23.700000762939453,23.700000762939453,23.700000762939453,23.700000762939453,1250,0.0,0.0
2025-05-13 02:40:00+00:00,23.700000762939453,23.700000762939453,23.700000762939453,23.700000762939453,2001,0.0,0.0
2025-05-13 02:50:00+00:00,23.700000762939453,23.700000762939453,23.700000762939453,23.700000762939453,1000,0.0,0.0
2025-05-13 03:00:00+00:00,23.649999618530273,23.649999618530273,23.649999618530273,23.649999618530273,9010,0.0,0.0
2025-05-13 03:05:00+00:00,23.649999618530273,23.649999618530273,23.649999618530273,23.649999618530273,1000,0.0,0.0
2025-05-13 03:10:00+00:00,23.600000381469727,23.600000381469727,23.600000381469727,23.600000381469727,14000,0.0,0.0
2025-05-13 03:15:00+00:00,23.549999237060547,23.549999237060547,23.549999237060547,23.549999237060547,5212,0.0,0.0
2025-05-13 03:20:00+00:00,23.5,23.549999237060547,23.5,23.549999237060547,23503,0.0,0.0
2025-05-13 03:25:00+00:00,23.5,23.5,23.5,23.5,1000,0.0,0.0
2025-05-13 03:55:00+00:00,23.5,23.5,23.5,23.5,6016,0.0,0.0
2025-05-13 04:00:00+00:00,23.5,23.5,23.5,23.5,15404,0.0,0.0
2025-05-13 04:05:00+00:00,23.450000762939453,23.450000762939453,23.450000762939453,23.450000762939453,5000,0.0,0.0
2025-05-13 04:10:00+00:00,23.5,23.5,23.5,23.5,1001,0.0,0.0
2025-05-13 04:15:00+00:00,23.450000762939453,23.450000762939453,23.450000762939453,23.450000762939453,4009,0.0,0.0
2025-05-13 04:25:00+00:00,23.399999618530273,23.399999618530273,23.399999618530273,23.399999618530273,1002,0.0,0.0
2025-05-13 04:30:00+00:00,23.5,23.5,23.200000762939453,23.200000762939453,26352,0.0,0.0
2025-05-13 04:35:00+00:00,23.299999237060547,23.350000381469727,23.100000381469727,23.350000381469727,41378,0.0,0.0
2025-05-13 04:40:00+00:00,23.299999237060547,23.299999237060547,23.299999237060547,23.299999237060547,1004,0.0,0.0
2025-05-13 04:50:00+00:00,23.299999237060547,23.299999237060547,23.299999237060547,23.299999237060547,2107,0.0,0.0
2025-05-13 04:55:00+00:00,23.299999237060547,23.299999237060547,23.25,23.25,9200,0.0,0.0
2025-05-13 05:00:00+00:00,23.25,23.25,23.25,23.25,3000,0.0,0.0
2025-05-13 05:05:00+00:00,23.299999237060547,23.299999237060547,23.299999237060547,23.299999237060547,3000,0.0,0.0
2025-05-13 05:10:00+00:00,23.299999237060547,23.299999237060547,23.299999237060547,23.299999237060547,4000,0.0,0.0
2025-05-13 05:15:00+00:00,23.299999237060547,23.350000381469727,23.299999237060547,23.350000381469727,7000,0.0,0.0
2025-05-13 05:20:00+00:00,23.25,23.399999618530273,23.25,23.399999618530273,5208,0.0,0.0
2025-05-14 01:00:00+00:00,23.5,23.600000381469727,23.5,23.549999237060547,0,0.0,0.0
2025-05-14 01:05:00+00:00,23.549999237060547,23.549999237060547,23.549999237060547,23.549999237060547,6138,0.0,0.0
2025-05-14 01:15:00+00:00,23.549999237060547,23.600000381469727,23.549999237060547,23.600000381469727,12000,0.0,0.0
2025-05-14 01:20:00+00:00,23.600000381469727,23.600000381469727,23.600000381469727,23.600000381469727,2000,0.0,0.0
2025-05-14 01:25:00+00:00,23.600000381469727,23.600000381469727,23.600000381469727,23.600000381469727,2000,0.0,0.0
2025-05-14 01:30:00+00:00,23.600000381469727,23.600000381469727,23.600000381469727,23.600000381469727,1294,0.0,0.0
2025-05-14 01:35:00+00:00,23.600000381469727,23.600000381469727,23.600000381469727,23.600000381469727,1000,0.0,0.0
2025-05-14 01:40:00+00:00,23.600000381469727,23.600000381469727,23.600000381469727,23.600000381469727,10000,0.0,0.0
2025-05-14 01:45:00+00:00,23.600000381469727,23.600000381469727,23.549999237060547,23.549999237060547,10000,0.0,0.0
2025-05-14 01:50:00+00:00,23.600000381469727,23.600000381469727,23.600000381469727,23.600000381469727,1007,0.0,0.0
2025-05-14 02:00:00+00:00,23.549999237060547,23.549999237060547,23.549999237060547,23.549999237060547,2012,0.0,0.0
2025-05-14 02:10:00+00:00,23.600000381469727,23.600000381469727,23.600000381469727,23.600000381469727,2000,0.0,0.0
2025-05-14 02:15:00+00:00,23.549999237060547,23.549999237060547,23.549999237060547,23.549999237060547,11001,0.0,0.0
2025-05-14 02:25:00+00:00,23.549999237060547,23.549999237060547,23.549999237060547,23.549999237060547,15000,0.0,0.0
2025-05-14 02:35:00+00:00,23.5,23.5,23.5,23.5,6000,0.0,0.0
2025-05-14 02:40:00+00:00,23.5,23.549999237060547,23.5,23.549999237060547,44000,0.0,0.0
2025-05-14 02:45:00+00:00,23.549999237060547,23.549999237060547,23.549999237060547,23.549999237060547,7001,0.0,0.0
2025-05-14 03:05:00+00:00,23.600000381469727,23.649999618530273,23.600000381469727,23.649999618530273,13000,0.0,0.0
2025-05-14 03:15:00+00:00,23.649999618530273,23.649999618530273,23.649999618530273,23.649999618530273,4000,0.0,0.0
2025-05-14 03:20:00+00:00,23.649999618530273,23.649999618530273,23.649999618530273,23.649999618530273,3002,0.0,0.0
2025-05-14 03:25:00+00:00,23.700000762939453,23.700000762939453,23.700000762939453,23.700000762939453,1000,0.0,0.0
2025-05-14 03:35:00+00:00,23.649999618530273,23.649999618530273,23.649999618530273,23.649999618530273,2000,0.0,0.0
2025-05-14 03:45:00+00:00,23.649999618530273,23.649999618530273,23.600000381469727,23.600000381469727,2000,0.0,0.0
2025-05-14 03:50:00+00:00,23.649999618530273,23.649999618530273,23.649999618530273,23.649999618530273,2000,0.0,0.0
2025-05-14 04:00:00+00:00,23.600000381469727,23.600000381469727,23.600000381469727,23.600000381469727,1000,0.0,0.0
2025-05-14 04:05:00+00:00,23.649999618530273,23.700000762939453,23.600000381469727,23.600000381469727,6000,0.0,0.0
2025-05-14 04:10:00+00:00,23.600000381469727,23.649999618530273,23.600000381469727,23.649999618530273,3000,0.0,0.0
2025-05-14 04:20:00+00:00,23.649999618530273,23.649999618530273,23.649999618530273,23.649999618530273,1020,0.0,0.0
2025-05-14 04:25:00+00:00,23.649999618530273,23.649999618530273,23.649999618530273,23.649999618530273,7026,0.0,0.0
2025-05-14 04:30:00+00:00,23.649999618530273,23.75,23.649999618530273,23.75,12020,0.0,0.0
2025-05-14 04:35:00+00:00,23.75,23.75,23.75,23.75,2037,0.0,0.0
2025-05-14 04:40:00+00:00,23.75,23.75,23.75,23.75,10013,0.0,0.0
2025-05-14 04:45:00+00:00,23.700000762939453,23.700000762939453,23.700000762939453,23.700000762939453,3112,0.0,0.0
2025-05-14 04:55:00+00:00,23.75,23.75,23.75,23.75,6061,0.0,0.0
2025-05-14 05:00:00+00:00,23.75,23.75,23.75,23.75,4248,0.0,0.0
2025-05-14 05:05:00+00:00,23.75,23.799999237060547,23.700000762939453,23.799999237060547,18177,0.0,0.0
2025-05-14 05:10:00+00:00,23.799999237060547,23.799999237060547,23.75,23.799999237060547,6054,0.0,0.0
2025-05-14 05:20:00+00:00,23.799999237060547,23.799999237060547,23.799999237060547,23.799999237060547,6403,0.0,0.0
2025-05-15 01:00:00+00:00,23.850000381469727,23.850000381469727,23.75,23.850000381469727,0,0.0,0.0
2025-05-15 01:05:00+00:00,23.850000381469727,23.950000762939453,23.850000381469727,23.899999618530273,19000,0.0,0.0
2025-05-15 01:10:00+00:00,23.950000762939453,24.0,23.950000762939453,24.0,5219,0.0,0.0
2025-05-15 01:15:00+00:00,24.0,24.0,23.899999618530273,23.899999618530273,3018,0.0,0.0
2025-05-15 01:20:00+00:00,23.950000762939453,23.950000762939453,23.850000381469727,23.850000381469727,10000,0.0,0.0
2025-05-15 01:25:00+00:00,23.850000381469727,23.850000381469727,23.700000762939453,23.700000762939453,28107,0.0,0.0
2025-05-15 01:30:00+00:00,23.799999237060547,23.850000381469727,23.799999237060547,23.850000381469727,2000,0.0,0.0
2025-05-15 01:35:00+00:00,23.700000762939453,23.700000762939453,23.700000762939453,23.700000762939453,1000,0.0,0.0
2025-05-15 01:40:00+00:00,23.799999237060547,23.799999237060547,23.799999237060547,23.799999237060547,1000,0.0,0.0
2025-05-15 01:50:00+00:00,23.75,23.75,23.75,23.75,2102,0.0,0.0
2025-05-15 02:00:00+00:00,23.700000762939453,23.700000762939453,23.649999618530273,23.649999618530273,6000,0.0,0.0
2025-05-15 02:05:00+00:00,23.700000762939453,23.700000762939453,23.700000762939453,23.700000762939453,1000,0.0,0.0
2025-05-15 02:10:00+00:00,23.700000762939453,23.700000762939453,23.700000762939453,23.700000762939453,1000,0.0,0.0
2025-05-15 02:15:00+00:00,23.700000762939453,23.700000762939453,23.700000762939453,23.700000762939453,4000,0.0,0.0
2025-05-15 02:20:00+00:00,23.75,23.75,23.75,23.75,1001,0.0,0.0
2025-05-15 02:55:00+00:00,23.75,23.75,23.649999618530273,23.700000762939453,20243,0.0,0.0
2025-05-15 03:00:00+00:00,23.700000762939453,23.700000762939453,23.649999618530273,23.649999618530273,3021,0.0,0.0
2025-05-15 03:05:00+00:00,23.649999618530273,23.649999618530273,23.649999618530273,23.649999618530273,6000,0.0,0.0
2025-05-15 03:20:00+00:00,23.649999618530273,23.649999618530273,23.649999618530273,23.649999618530273,1000,0.0,0.0
2025-05-15 03:35:00+00:00,23.649999618530273,23.649999618530273,23.600000381469727,23.600000381469727,9000,0.0,0.0
2025-05-15 03:40:00+00:00,23.600000381469727,23.600000381469727,23.549999237060547,23.549999237060547,6000,0.0,0.0
2025-05-15 03:50:00+00:00,23.600000381469727,23.600000381469727,23.600000381469727,23.600000381469727,2000,0.0,0.0
2025-05-15 04:00:00+00:00,23.649999618530273,23.649999618530273,23.649999618530273,23.649999618530273,1000,0.0,0.0
2025-05-15 04:05:00+00:00,23.600000381469727,23.600000381469727,23.600000381469727,23.600000381469727,1000,0.0,0.0
2025-05-15 04:10:00+00:00,23.600000381469727,23.600000381469727,23.600000381469727,23.600000381469727,1000,0.0,0.0
2025-05-15 04:15:00+00:00,23.600000381469727,23.600000381469727,23.600000381469727,23.600000381469727,5055,0.0,0.0
2025-05-15 04:20:00+00:00,23.549999237060547,23.549999237060547,23.549999237060547,23.549999237060547,3000,0.0,0.0
2025-05-15 04:25:00+00:00,23.549999237060547,23.549999237060547,23.549999237060547,23.549999237060547,1000,0.0,0.0
2025-05-15 04:30:00+00:00,23.549999237060547,23.649999618530273,23.549999237060547,23.649999618530273,5067,0.0,0.0
2025-05-15 04:40:00+00:00,23.549999237060547,23.549999237060547,23.549999237060547,23.549999237060547,1000,0.0,0.0
2025-05-15 04:45:00+00:00,23.549999237060547,23.549999237060547,23.549999237060547,23.549999237060547,6000,0.0,0.0
2025-05-15 04:50:00+00:00,23.600000381469727,23.600000381469727,23.600000381469727,23.600000381469727,1031,0.0,0.0
2025-05-15 05:10:00+00:00,23.600000381469727,23.600000381469727,23.600000381469727,23.600000381469727,6000,0.0,0.0
2025-05-15 05:15:00+00:00,23.600000381469727,23.600000381469727,23.600000381469727,23.600000381469727,2000,0.0,0.0
2025-05-15 05:20:00+00:00,23.600000381469727,23.600000381469727,23.600000381469727,23.600000381469727,1417,0.0,0.0
2025-05-16 01:00:00+00:00,23.75,23.75,23.600000381469727,23.600000381469727,0,0.0,0.0
2025-05-16 01:15:00+00:00,23.600000381469727,23.600000381469727,23.600000381469727,23.600000381469727,1097,0.0,0.0
2025-05-16 01:20:00+00:00,23.600000381469727,23.600000381469727,23.600000381469727,23.600000381469727,1000,0.0,0.0
2025-05-16 01:25:00+00:00,23.600000381469727,23.600000381469727,23.600000381469727,23.600000381469727,1001,0.0,0.0
2025-05-16 01:55:00+00:00,23.600000381469727,23.600000381469727,23.600000381469727,23.600000381469727,1000,0.0,0.0
2025-05-16 02:00:00+00:00,23.600000381469727,23.600000381469727,23.600000381469727,23.600000381469727,2144,0.0,0.0
2025-05-16 02:10:00+00:00,23.600000381469727,23.600000381469727,23.600000381469727,23.600000381469727,5026,0.0,0.0
2025-05-16 02:20:00+00:00,23.600000381469727,23.600000381469727,23.600000381469727,23.600000381469727,5000,0.0,0.0
2025-05-16 02:25:00+00:00,23.600000381469727,23.600000381469727,23.549999237060547,23.549999237060547,6040,0.0,0.0
2025-05-16 02:30:00+00:00,23.649999618530273,23.649999618530273,23.649999618530273,23.649999618530273,1095,0.0,0.0
2025-05-16 02:45:00+00:00,23.600000381469727,23.600000381469727,23.600000381469727,23.600000381469727,3001,0.0,0.0
2025-05-16 03:20:00+00:00,23.600000381469727,23.649999618530273,23.600000381469727,23.649999618530273,2000,0.0,0.0
2025-05-16 03:30:00+00:00,23.600000381469727,23.649999618530273,23.600000381469727,23.649999618530273,5000,0.0,0.0
2025-05-16 03:35:00+00:00,23.649999618530273,23.649999618530273,23.600000381469727,23.600000381469727,15009,0.0,0.0
2025-05-16 03:40:00+00:00,23.649999618530273,23.649999618530273,23.600000381469727,23.600000381469727,4000,0.0,0.0
2025-05-16 03:45:00+00:00,23.649999618530273,23.649999618530273,23.649999618530273,23.649999618530273,3000,0.0,0.0
2025-05-16 03:50:00+00:00,23.649999618530273,23.649999618530273,23.600000381469727,23.600000381469727,4035,0.0,0.0
2025-05-16 03:55:00+00:00,23.600000381469727,23.600000381469727,23.600000381469727,23.600000381469727,2000,0.0,0.0
2025-05-16 04:00:00+00:00,23.649999618530273,23.649999618530273,23.649999618530273,23.649999618530273,1001,0.0,0.0
2025-05-16 04:35:00+00:00,23.600000381469727,23.600000381469727,23.600000381469727,23.600000381469727,3000,0.0,0.0
2025-05-16 04:40:00+00:00,23.600000381469727,23.600000381469727,23.600000381469727,23.600000381469727,1000,0.0,0.0
2025-05-16 04:45:00+00:00,23.600000381469727,23.600000381469727,23.600000381469727,23.600000381469727,4001,0.0,0.0
2025-05-16 04:50:00+00:00,23.649999618530273,23.649999618530273,23.649999618530273,23.649999618530273,1056,0.0,0.0
2025-05-16 05:10:00+00:00,23.649999618530273,23.649999618530273,23.600000381469727,23.600000381469727,3000,0.0,0.0
2025-05-16 05:15:00+00:00,23.600000381469727,23.600000381469727,23.600000381469727,23.600000381469727,1200,0.0,0.0
2025-05-16 05:20:00+00:00,23.600000381469727,23.600000381469727,23.549999237060547,23.549999237060547,3367,0.0,0.0
2025-05-19 01:00:00+00:00,23.600000381469727,23.600000381469727,23.399999618530273,23.399999618530273,0,0.0,0.0
2025-05-19 01:05:00+00:00,23.399999618530273,23.399999618530273,23.399999618530273,23.399999618530273,12015,0.0,0.0
2025-05-19 01:10:00+00:00,23.5,23.5,23.350000381469727,23.350000381469727,3085,0.0,0.0
2025-05-19 01:15:00+00:00,23.350000381469727,23.350000381469727,23.350000381469727,23.350000381469727,1000,0.0,0.0
2025-05-19 01:20:00+00:00,23.299999237060547,23.350000381469727,23.25,23.350000381469727,9013,0.0,0.0
2025-05-19 01:30:00+00:00,23.450000762939453,23.450000762939453,23.450000762939453,23.450000762939453,2000,0.0,0.0
2025-05-19 01:35:00+00:00,23.299999237060547,23.299999237060547,23.299999237060547,23.299999237060547,2000,0.0,0.0
2025-05-19 01:40:00+00:00,23.299999237060547,23.299999237060547,23.299999237060547,23.299999237060547,1200,0.0,0.0
2025-05-19 02:15:00+00:00,23.299999237060547,23.299999237060547,23.299999237060547,23.299999237060547,4299,0.0,0.0
2025-05-19 02:20:00+00:00,23.350000381469727,23.350000381469727,23.350000381469727,23.350000381469727,1000,0.0,0.0
2025-05-19 02:25:00+00:00,23.299999237060547,23.299999237060547,23.299999237060547,23.299999237060547,9000,0.0,0.0
2025-05-19 02:30:00+00:00,23.299999237060547,23.299999237060547,23.299999237060547,23.299999237060547,4286,0.0,0.0
2025-05-19 02:40:00+00:00,23.299999237060547,23.299999237060547,23.299999237060547,23.299999237060547,1001,0.0,0.0
2025-05-19 02:50:00+00:00,23.299999237060547,23.299999237060547,23.299999237060547,23.299999237060547,1000,0.0,0.0
2025-05-19 03:05:00+00:00,23.25,23.25,23.200000762939453,23.200000762939453,11000,0.0,0.0
2025-05-19 03:10:00+00:00,23.350000381469727,23.350000381469727,23.350000381469727,23.350000381469727,2000,0.0,0.0
2025-05-19 03:20:00+00:00,23.200000762939453,23.200000762939453,23.149999618530273,23.149999618530273,10010,0.0,0.0
2025-05-19 03:25:00+00:00,23.200000762939453,23.200000762939453,23.200000762939453,23.200000762939453,2070,0.0,0.0
2025-05-19 03:30:00+00:00,23.200000762939453,23.200000762939453,23.149999618530273,23.149999618530273,4346,0.0,0.0
2025-05-19 03:35:00+00:00,23.100000381469727,23.100000381469727,23.100000381469727,23.100000381469727,1000,0.0,0.0
2025-05-19 03:40:00+00:00,23.200000762939453,23.200000762939453,23.200000762939453,23.200000762939453,2000,0.0,0.0
2025-05-19 03:45:00+00:00,23.100000381469727,23.100000381469727,23.100000381469727,23.100000381469727,4350,0.0,0.0
2025-05-19 03:50:00+00:00,23.100000381469727,23.100000381469727,23.100000381469727,23.100000381469727,1000,0.0,0.0
2025-05-19 03:55:00+00:00,23.049999237060547,23.049999237060547,23.049999237060547,23.049999237060547,1000,0.0,0.0
2025-05-19 04:00:00+00:00,23.200000762939453,23.200000762939453,23.200000762939453,23.200000762939453,1000,0.0,0.0
2025-05-19 04:05:00+00:00,23.100000381469727,23.100000381469727,23.049999237060547,23.049999237060547,7000,0.0,0.0
2025-05-19 04:10:00+00:00,23.100000381469727,23.100000381469727,23.049999237060547,23.049999237060547,2000,0.0,0.0
2025-05-19 04:20:00+00:00,23.049999237060547,23.049999237060547,23.049999237060547,23.049999237060547,2000,0.0,0.0
2025-05-19 04:25:00+00:00,23.049999237060547,23.049999237060547,23.049999237060547,23.049999237060547,5000,0.0,0.0
2025-05-19 04:30:00+00:00,23.100000381469727,23.100000381469727,23.100000381469727,23.100000381469727,1102,0.0,0.0
2025-05-19 04:35:00+00:00,23.049999237060547,23.049999237060547,23.049999237060547,23.049999237060547,2000,0.0,0.0
2025-05-19 04:45:00+00:00,23.100000381469727,23.100000381469727,23.049999237060547,23.049999237060547,3100,0.0,0.0
2025-05-19 04:50:00+00:00,23.100000381469727,23.100000381469727,23.049999237060547,23.100000381469727,33000,0.0,0.0
2025-05-19 04:55:00+00:00,23.100000381469727,23.200000762939453,23.100000381469727,23.200000762939453,7000,0.0,0.0
2025-05-19 05:10:00+00:00,23.200000762939453,23.200000762939453,23.200000762939453,23.200000762939453,1001,0.0,0.0
2025-05-19 05:20:00+00:00,23.200000762939453,23.25,23.200000762939453,23.25,2000,0.0,0.0
2025-05-20 01:00:00+00:00,23.25,23.25,23.25,23.25,0,0.0,0.0
2025-05-20 01:30:00+00:00,23.149999618530273,23.149999618530273,23.149999618530273,23.149999618530273,5000,0.0,0.0
2025-05-20 01:40:00+00:00,23.100000381469727,23.100000381469727,23.100000381469727,23.100000381469727,3156,0.0,0.0
2025-05-20 02:20:00+00:00,23.149999618530273,23.149999618530273,23.149999618530273,23.149999618530273,2000,0.0,0.0
2025-05-20 02:25:00+00:00,23.049999237060547,23.100000381469727,23.049999237060547,23.100000381469727,3000,0.0,0.0
2025-05-20 02:30:00+00:00,23.100000381469727,23.100000381469727,23.100000381469727,23.100000381469727,2000,0.0,0.0
2025-05-20 02:35:00+00:00,23.100000381469727,23.100000381469727,23.100000381469727,23.100000381469727,1002,0.0,0.0
2025-05-20 02:45:00+00:00,23.100000381469727,23.100000381469727,23.100000381469727,23.100000381469727,1000,0.0,0.0
2025-05-20 02:50:00+00:00,23.100000381469727,23.100000381469727,23.100000381469727,23.100000381469727,1000,0.0,0.0
2025-05-20 02:55:00+00:00,23.049999237060547,23.149999618530273,23.049999237060547,23.149999618530273,5500,0.0,0.0
2025-05-20 03:05:00+00:00,23.200000762939453,23.200000762939453,23.200000762939453,23.200000762939453,1000,0.0,0.0
2025-05-20 03:10:00+00:00,23.200000762939453,23.25,23.200000762939453,23.25,25000,0.0,0.0
2025-05-20 03:15:00+00:00,23.200000762939453,23.200000762939453,23.200000762939453,23.200000762939453,1000,0.0,0.0
2025-05-20 03:20:00+00:00,23.200000762939453,23.200000762939453,23.200000762939453,23.200000762939453,3000,0.0,0.0
2025-05-20 03:25:00+00:00,23.149999618530273,23.149999618530273,23.100000381469727,23.100000381469727,6000,0.0,0.0
2025-05-20 03:30:00+00:00,23.149999618530273,23.200000762939453,23.149999618530273,23.149999618530273,3017,0.0,0.0
2025-05-20 04:20:00+00:00,23.049999237060547,23.049999237060547,23.049999237060547,23.049999237060547,2095,0.0,0.0
2025-05-20 04:25:00+00:00,23.049999237060547,23.049999237060547,23.0,23.0,20100,0.0,0.0
2025-05-20 04:30:00+00:00,23.100000381469727,23.149999618530273,23.100000381469727,23.149999618530273,4000,0.0,0.0
2025-05-20 04:35:00+00:00,23.149999618530273,23.200000762939453,23.100000381469727,23.100000381469727,22000,0.0,0.0
2025-05-20 04:40:00+00:00,23.200000762939453,23.200000762939453,23.200000762939453,23.200000762939453,3000,0.0,0.0
2025-05-20 04:50:00+00:00,23.25,23.25,23.25,23.25,1015,0.0,0.0
2025-05-20 05:00:00+00:00,23.25,23.25,23.200000762939453,23.200000762939453,4100,0.0,0.0
2025-05-20 05:05:00+00:00,23.200000762939453,23.200000762939453,23.200000762939453,23.200000762939453,1000,0.0,0.0
2025-05-20 05:10:00+00:00,23.25,23.25,23.100000381469727,23.100000381469727,7000,0.0,0.0
2025-05-20 05:15:00+00:00,23.100000381469727,23.100000381469727,23.100000381469727,23.100000381469727,4000,0.0,0.0
2025-05-20 05:20:00+00:00,23.100000381469727,23.100000381469727,23.100000381469727,23.100000381469727,1532,0.0,0.0
2025-05-21 01:00:00+00:00,23.25,23.25,23.25,23.25,0,0.0,0.0
2025-05-21 01:05:00+00:00,23.299999237060547,23.350000381469727,23.299999237060547,23.350000381469727,2406,0.0,0.0
2025-05-21 01:15:00+00:00,23.399999618530273,23.450000762939453,23.399999618530273,23.450000762939453,7001,0.0,0.0
2025-05-21 01:25:00+00:00,23.450000762939453,23.450000762939453,23.450000762939453,23.450000762939453,4000,0.0,0.0
2025-05-21 01:30:00+00:00,23.5,23.5,23.5,23.5,1000,0.0,0.0
2025-05-21 01:35:00+00:00,23.450000762939453,23.450000762939453,23.450000762939453,23.450000762939453,1021,0.0,0.0
2025-05-21 01:40:00+00:00,23.5,23.5,23.5,23.5,3000,0.0,0.0
2025-05-21 01:45:00+00:00,23.5,23.5,23.5,23.5,1000,0.0,0.0
2025-05-21 01:50:00+00:00,23.5,23.5,23.5,23.5,1000,0.0,0.0
2025-05-21 01:55:00+00:00,23.450000762939453,23.450000762939453,23.450000762939453,23.450000762939453,1001,0.0,0.0
2025-05-21 02:00:00+00:00,23.450000762939453,23.450000762939453,23.450000762939453,23.450000762939453,2000,0.0,0.0
2025-05-21 02:05:00+00:00,23.299999237060547,23.299999237060547,23.299999237060547,23.299999237060547,2204,0.0,0.0
2025-05-21 02:15:00+00:00,23.299999237060547,23.299999237060547,23.299999237060547,23.299999237060547,1000,0.0,0.0
2025-05-21 02:20:00+00:00,23.299999237060547,23.299999237060547,23.299999237060547,23.299999237060547,20027,0.0,0.0
2025-05-21 02:30:00+00:00,23.450000762939453,23.450000762939453,23.450000762939453,23.450000762939453,4000,0.0,0.0
2025-05-21 02:55:00+00:00,23.450000762939453,23.450000762939453,23.450000762939453,23.450000762939453,1000,0.0,0.0
2025-05-21 03:00:00+00:00,23.450000762939453,23.450000762939453,23.450000762939453,23.450000762939453,3000,0.0,0.0
2025-05-21 03:05:00+00:00,23.450000762939453,23.450000762939453,23.450000762939453,23.450000762939453,1000,0.0,0.0
2025-05-21 03:10:00+00:00,23.5,23.5,23.5,23.5,1000,0.0,0.0
2025-05-21 03:15:00+00:00,23.5,23.5,23.5,23.5,1000,0.0,0.0
2025-05-21 03:20:00+00:00,23.5,23.5,23.5,23.5,1000,0.0,0.0
2025-05-21 03:25:00+00:00,23.5,23.5,23.5,23.5,1000,0.0,0.0
2025-05-21 03:30:00+00:00,23.5,23.5,23.5,23.5,16000,0.0,0.0
2025-05-21 03:35:00+00:00,23.5,23.5,23.5,23.5,2000,0.0,0.0
2025-05-21 03:40:00+00:00,23.549999237060547,23.549999237060547,23.549999237060547,23.549999237060547,5000,0.0,0.0
2025-05-21 03:45:00+00:00,23.5,23.5,23.5,23.5,2000,0.0,0.0
2025-05-21 03:50:00+00:00,23.600000381469727,23.600000381469727,23.600000381469727,23.600000381469727,1000,0.0,0.0
2025-05-21 04:05:00+00:00,23.549999237060547,23.549999237060547,23.549999237060547,23.549999237060547,1000,0.0,0.0
2025-05-21 04:10:00+00:00,23.600000381469727,23.600000381469727,23.600000381469727,23.600000381469727,1002,0.0,0.0
2025-05-21 04:15:00+00:00,23.600000381469727,23.600000381469727,23.549999237060547,23.549999237060547,12050,0.0,0.0
2025-05-21 04:20:00+00:00,23.600000381469727,23.649999618530273,23.600000381469727,23.649999618530273,17000,0.0,0.0
2025-05-21 04:30:00+00:00,23.700000762939453,23.700000762939453,23.649999618530273,23.649999618530273,4100,0.0,0.0
2025-05-21 04:40:00+00:00,23.700000762939453,23.700000762939453,23.700000762939453,23.700000762939453,2000,0.0,0.0
2025-05-21 05:00:00+00:00,23.649999618530273,23.649999618530273,23.649999618530273,23.649999618530273,3000,0.0,0.0
2025-05-21 05:05:00+00:00,23.600000381469727,23.600000381469727,23.600000381469727,23.600000381469727,1000,0.0,0.0
2025-05-21 05:10:00+00:00,23.649999618530273,23.75,23.649999618530273,23.75,33110,0.0,0.0
2025-05-21 05:15:00+00:00,23.799999237060547,23.799999237060547,23.799999237060547,23.799999237060547,18000,0.0,0.0
2025-05-21 05:20:00+00:00,23.75,23.799999237060547,23.75,23.75,4000,0.0,0.0
2025-05-22 01:00:00+00:00,23.75,23.75,23.75,23.75,0,0.0,0.0
2025-05-22 01:05:00+00:00,23.5,23.75,23.5,23.75,2030,0.0,0.0
2025-05-22 01:10:00+00:00,23.5,23.5,23.5,23.5,2000,0.0,0.0
2025-05-22 01:15:00+00:00,23.549999237060547,23.549999237060547,23.5,23.5,4000,0.0,0.0
2025-05-22 01:20:00+00:00,23.5,23.5,23.5,23.5,4000,0.0,0.0
2025-05-22 01:30:00+00:00,23.5,23.5,23.5,23.5,1209,0.0,0.0
2025-05-22 01:40:00+00:00,23.5,23.5,23.5,23.5,2251,0.0,0.0
2025-05-22 01:50:00+00:00,23.450000762939453,23.450000762939453,23.450000762939453,23.450000762939453,2390,0.0,0.0
2025-05-22 02:00:00+00:00,23.399999618530273,23.399999618530273,23.299999237060547,23.299999237060547,3000,0.0,0.0
2025-05-22 02:10:00+00:00,23.399999618530273,23.399999618530273,23.399999618530273,23.399999618530273,1000,0.0,0.0
2025-05-22 02:15:00+00:00,23.399999618530273,23.450000762939453,23.399999618530273,23.450000762939453,12000,0.0,0.0
2025-05-22 02:20:00+00:00,23.5,23.5,23.5,23.5,5000,0.0,0.0
2025-05-22 02:30:00+00:00,23.5,23.5,23.5,23.5,2000,0.0,0.0
2025-05-22 02:40:00+00:00,23.600000381469727,23.649999618530273,23.600000381469727,23.649999618530273,4011,0.0,0.0
2025-05-22 02:55:00+00:00,23.549999237060547,23.549999237060547,23.549999237060547,23.549999237060547,5000,0.0,0.0
2025-05-22 03:00:00+00:00,23.649999618530273,23.649999618530273,23.649999618530273,23.649999618530273,1000,0.0,0.0
2025-05-22 03:15:00+00:00,23.600000381469727,23.600000381469727,23.600000381469727,23.600000381469727,5000,0.0,0.0
2025-05-22 03:25:00+00:00,23.649999618530273,23.649999618530273,23.649999618530273,23.649999618530273,1000,0.0,0.0
2025-05-22 03:35:00+00:00,23.649999618530273,23.649999618530273,23.649999618530273,23.649999618530273,1009,0.0,0.0
2025-05-22 04:20:00+00:00,23.649999618530273,23.649999618530273,23.649999618530273,23.649999618530273,1000,0.0,0.0
2025-05-22 04:30:00+00:00,23.549999237060547,23.549999237060547,23.549999237060547,23.549999237060547,0,0.0,0.0
2025-05-22 04:40:00+00:00,23.649999618530273,23.649999618530273,23.549999237060547,23.549999237060547,70950,0.0,0.0
2025-05-22 04:50:00+00:00,23.549999237060547,23.549999237060547,23.399999618530273,23.450000762939453,11083,0.0,0.0
2025-05-22 05:00:00+00:00,23.600000381469727,23.649999618530273,23.600000381469727,23.649999618530273,2002,0.0,0.0
2025-05-22 05:20:00+00:00,23.5,23.5,23.5,23.5,2017,0.0,0.0
2025-05-23 01:00:00+00:00,23.450000762939453,23.549999237060547,23.450000762939453,23.549999237060547,0,0.0,0.0
2025-05-23 01:05:00+00:00,23.5,23.549999237060547,23.5,23.549999237060547,2009,0.0,0.0
2025-05-23 01:10:00+00:00,23.5,23.5,23.5,23.5,2000,0.0,0.0
2025-05-23 01:20:00+00:00,23.5,23.5,23.5,23.5,3018,0.0,0.0
2025-05-23 01:35:00+00:00,23.450000762939453,23.450000762939453,23.450000762939453,23.450000762939453,4002,0.0,0.0
2025-05-23 01:40:00+00:00,23.5,23.5,23.5,23.5,1070,0.0,0.0
2025-05-23 02:05:00+00:00,23.450000762939453,23.450000762939453,23.450000762939453,23.450000762939453,1000,0.0,0.0
2025-05-23 02:10:00+00:00,23.450000762939453,23.450000762939453,23.450000762939453,23.450000762939453,2000,0.0,0.0
2025-05-23 02:25:00+00:00,23.450000762939453,23.450000762939453,23.450000762939453,23.450000762939453,1001,0.0,0.0
2025-05-23 02:35:00+00:00,23.450000762939453,23.450000762939453,23.450000762939453,23.450000762939453,1000,0.0,0.0
2025-05-23 02:40:00+00:00,23.399999618530273,23.399999618530273,23.399999618530273,23.399999618530273,7004,0.0,0.0
2025-05-23 02:50:00+00:00,23.5,23.5,23.5,23.5,2716,0.0,0.0
2025-05-23 04:30:00+00:00,23.399999618530273,23.399999618530273,23.399999618530273,23.399999618530273,4000,0.0,0.0
2025-05-23 04:40:00+00:00,23.450000762939453,23.450000762939453,23.450000762939453,23.450000762939453,1051,0.0,0.0
2025-05-23 04:55:00+00:00,23.350000381469727,23.350000381469727,23.350000381469727,23.350000381469727,6101,0.0,0.0
2025-05-23 05:00:00+00:00,23.350000381469727,23.450000762939453,23.350000381469727,23.450000762939453,3221,0.0,0.0
2025-05-23 05:10:00+00:00,23.399999618530273,23.399999618530273,23.399999618530273,23.399999618530273,1000,0.0,0.0
2025-05-23 05:15:00+00:00,23.350000381469727,23.399999618530273,23.350000381469727,23.399999618530273,2000,0.0,0.0
2025-05-23 05:20:00+00:00,23.450000762939453,23.450000762939453,23.450000762939453,23.450000762939453,3207,0.0,0.0
2025-05-26 01:00:00+00:00,23.549999237060547,23.549999237060547,23.299999237060547,23.299999237060547,0,0.0,0.0
2025-05-26 01:05:00+00:00,23.350000381469727,23.350000381469727,23.350000381469727,23.350000381469727,3042,0.0,0.0
2025-05-26 01:10:00+00:00,23.350000381469727,23.350000381469727,23.350000381469727,23.350000381469727,1000,0.0,0.0
2025-05-26 01:20:00+00:00,23.399999618530273,23.399999618530273,23.399999618530273,23.399999618530273,1000,0.0,0.0
2025-05-26 01:25:00+00:00,23.350000381469727,23.350000381469727,23.350000381469727,23.350000381469727,2000,0.0,0.0
2025-05-26 01:30:00+00:00,23.350000381469727,23.350000381469727,23.299999237060547,23.350000381469727,55000,0.0,0.0
2025-05-26 01:35:00+00:00,23.350000381469727,23.399999618530273,23.350000381469727,23.399999618530273,5000,0.0,0.0
2025-05-26 01:40:00+00:00,23.350000381469727,23.549999237060547,23.350000381469727,23.399999618530273,9467,0.0,0.0
2025-05-26 01:45:00+00:00,23.5,23.5,23.5,23.5,2000,0.0,0.0
2025-05-26 01:50:00+00:00,23.450000762939453,23.600000381469727,23.450000762939453,23.450000762939453,8000,0.0,0.0
2025-05-26 01:55:00+00:00,23.450000762939453,23.450000762939453,23.450000762939453,23.450000762939453,4000,0.0,0.0
2025-05-26 02:00:00+00:00,23.450000762939453,23.549999237060547,23.450000762939453,23.549999237060547,2000,0.0,0.0
2025-05-26 02:10:00+00:00,23.399999618530273,23.399999618530273,23.399999618530273,23.399999618530273,11038,0.0,0.0
2025-05-26 02:15:00+00:00,23.399999618530273,23.399999618530273,23.399999618530273,23.399999618530273,9000,0.0,0.0
2025-05-26 02:20:00+00:00,23.450000762939453,23.450000762939453,23.450000762939453,23.450000762939453,3000,0.0,0.0
2025-05-26 02:25:00+00:00,23.450000762939453,23.450000762939453,23.450000762939453,23.450000762939453,3000,0.0,0.0
2025-05-26 02:30:00+00:00,23.450000762939453,23.450000762939453,23.450000762939453,23.450000762939453,2000,0.0,0.0
2025-05-26 02:35:00+00:00,23.450000762939453,23.450000762939453,23.450000762939453,23.450000762939453,5000,0.0,0.0
2025-05-26 02:40:00+00:00,23.5,23.5,23.5,23.5,4000,0.0,0.0
2025-05-26 02:50:00+00:00,23.549999237060547,23.549999237060547,23.549999237060547,23.549999237060547,1000,0.0,0.0
2025-05-26 03:10:00+00:00,23.5,23.5,23.5,23.5,1050,0.0,0.0
2025-05-26 03:20:00+00:00,23.5,23.5,23.5,23.5,1000,0.0,0.0
2025-05-26 03:30:00+00:00,23.5,23.5,23.5,23.5,1000,0.0,0.0
2025-05-26 03:40:00+00:00,23.450000762939453,23.450000762939453,23.450000762939453,23.450000762939453,4000,0.0,0.0
2025-05-26 03:50:00+00:00,23.5,23.5,23.5,23.5,1045,0.0,0.0
2025-05-26 03:55:00+00:00,23.450000762939453,23.450000762939453,23.450000762939453,23.450000762939453,2015,0.0,0.0
2025-05-26 04:10:00+00:00,23.450000762939453,23.450000762939453,23.450000762939453,23.450000762939453,3000,0.0,0.0
2025-05-26 04:20:00+00:00,23.5,23.5,23.5,23.5,2050,0.0,0.0
2025-05-26 04:35:00+00:00,23.5,23.5,23.5,23.5,2001,0.0,0.0
2025-05-26 04:40:00+00:00,23.450000762939453,23.450000762939453,23.399999618530273,23.399999618530273,25000,0.0,0.0
2025-05-26 04:45:00+00:00,23.399999618530273,23.399999618530273,23.399999618530273,23.399999618530273,11000,0.0,0.0
2025-05-26 04:50:00+00:00,23.450000762939453,23.5,23.450000762939453,23.450000762939453,7000,0.0,0.0
2025-05-26 05:00:00+00:00,23.450000762939453,23.450000762939453,23.450000762939453,23.450000762939453,1000,0.0,0.0
2025-05-26 05:10:00+00:00,23.399999618530273,23.399999618530273,23.399999618530273,23.399999618530273,3234,0.0,0.0
2025-05-26 05:15:00+00:00,23.399999618530273,23.399999618530273,23.399999618530273,23.399999618530273,4000,0.0,0.0
2025-05-26 05:20:00+00:00,23.399999618530273,23.399999618530273,23.399999618530273,23.399999618530273,5462,0.0,0.0
2025-05-27 01:00:00+00:00,23.5,23.5,23.5,23.5,0,0.0,0.0
2025-05-27 01:05:00+00:00,23.350000381469727,23.350000381469727,23.350000381469727,23.350000381469727,1003,0.0,0.0
2025-05-27 01:10:00+00:00,23.350000381469727,23.350000381469727,23.350000381469727,23.350000381469727,5000,0.0,0.0
2025-05-27 01:15:00+00:00,23.399999618530273,23.399999618530273,23.399999618530273,23.399999618530273,2000,0.0,0.0
2025-05-27 01:25:00+00:00,23.5,23.5,23.5,23.5,1001,0.0,0.0
2025-05-27 01:35:00+00:00,23.450000762939453,23.450000762939453,23.450000762939453,23.450000762939453,1000,0.0,0.0
2025-05-27 01:45:00+00:00,23.350000381469727,23.350000381469727,23.350000381469727,23.350000381469727,1000,0.0,0.0
2025-05-27 01:50:00+00:00,23.350000381469727,23.350000381469727,23.350000381469727,23.350000381469727,4000,0.0,0.0
2025-05-27 02:00:00+00:00,23.450000762939453,23.450000762939453,23.450000762939453,23.450000762939453,1000,0.0,0.0
2025-05-27 02:05:00+00:00,23.350000381469727,23.350000381469727,23.299999237060547,23.299999237060547,7000,0.0,0.0
2025-05-27 02:10:00+00:00,23.299999237060547,23.399999618530273,23.25,23.399999618530273,5000,0.0,0.0
2025-05-27 02:15:00+00:00,23.350000381469727,23.350000381469727,23.350000381469727,23.350000381469727,2000,0.0,0.0
2025-05-27 02:20:00+00:00,23.350000381469727,23.399999618530273,23.350000381469727,23.399999618530273,2000,0.0,0.0
2025-05-27 02:25:00+00:00,23.350000381469727,23.350000381469727,23.200000762939453,23.200000762939453,13000,0.0,0.0
2025-05-27 02:30:00+00:00,23.350000381469727,23.399999618530273,23.350000381469727,23.399999618530273,2000,0.0,0.0
2025-05-27 02:40:00+00:00,23.350000381469727,23.350000381469727,23.350000381469727,23.350000381469727,1281,0.0,0.0
2025-05-27 03:15:00+00:00,23.25,23.25,23.25,23.25,1050,0.0,0.0
2025-05-27 03:40:00+00:00,23.299999237060547,23.299999237060547,23.299999237060547,23.299999237060547,1005,0.0,0.0
2025-05-27 03:55:00+00:00,23.299999237060547,23.299999237060547,23.299999237060547,23.299999237060547,3000,0.0,0.0
2025-05-27 04:00:00+00:00,23.350000381469727,23.350000381469727,23.299999237060547,23.299999237060547,9000,0.0,0.0
2025-05-27 04:10:00+00:00,23.25,23.25,23.25,23.25,5000,0.0,0.0
2025-05-27 04:20:00+00:00,23.299999237060547,23.299999237060547,23.25,23.25,3022,0.0,0.0
2025-05-27 04:25:00+00:00,23.25,23.25,23.200000762939453,23.200000762939453,6000,0.0,0.0
2025-05-27 04:30:00+00:00,23.200000762939453,23.200000762939453,23.200000762939453,23.200000762939453,1000,0.0,0.0
2025-05-27 04:35:00+00:00,23.200000762939453,23.200000762939453,23.200000762939453,23.200000762939453,1000,0.0,0.0
2025-05-27 04:40:00+00:00,23.200000762939453,23.299999237060547,23.200000762939453,23.299999237060547,4000,0.0,0.0
2025-05-27 04:45:00+00:00,23.299999237060547,23.299999237060547,23.299999237060547,23.299999237060547,1110,0.0,0.0
2025-05-27 05:15:00+00:00,23.200000762939453,23.25,23.200000762939453,23.25,7000,0.0,0.0
2025-05-27 05:20:00+00:00,23.299999237060547,23.299999237060547,23.299999237060547,23.299999237060547,2048,0.0,0.0
2025-05-28 01:00:00+00:00,23.399999618530273,23.399999618530273,23.399999618530273,23.399999618530273,0,0.0,0.0
2025-05-28 01:25:00+00:00,23.399999618530273,23.399999618530273,23.350000381469727,23.350000381469727,4051,0.0,0.0
2025-05-28 01:45:00+00:00,23.299999237060547,23.299999237060547,23.299999237060547,23.299999237060547,1000,0.0,0.0
2025-05-28 01:50:00+00:00,23.350000381469727,23.350000381469727,23.350000381469727,23.350000381469727,2261,0.0,0.0
2025-05-28 02:05:00+00:00,23.350000381469727,23.350000381469727,23.350000381469727,23.350000381469727,1009,0.0,0.0
2025-05-28 02:15:00+00:00,23.350000381469727,23.350000381469727,23.350000381469727,23.350000381469727,2000,0.0,0.0
2025-05-28 02:35:00+00:00,23.350000381469727,23.350000381469727,23.350000381469727,23.350000381469727,1000,0.0,0.0
2025-05-28 02:40:00+00:00,23.350000381469727,23.350000381469727,23.350000381469727,23.350000381469727,2000,0.0,0.0
2025-05-28 02:45:00+00:00,23.350000381469727,23.350000381469727,23.350000381469727,23.350000381469727,10000,0.0,0.0
2025-05-28 02:50:00+00:00,23.399999618530273,23.399999618530273,23.399999618530273,23.399999618530273,1020,0.0,0.0
2025-05-28 03:10:00+00:00,23.399999618530273,23.399999618530273,23.299999237060547,23.299999237060547,4001,0.0,0.0
2025-05-28 03:15:00+00:00,23.350000381469727,23.350000381469727,23.299999237060547,23.299999237060547,7000,0.0,0.0
2025-05-28 03:20:00+00:00,23.399999618530273,23.399999618530273,23.399999618530273,23.399999618530273,1000,0.0,0.0
2025-05-28 03:30:00+00:00,23.399999618530273,23.399999618530273,23.399999618530273,23.399999618530273,1000,0.0,0.0
2025-05-28 03:45:00+00:00,23.350000381469727,23.350000381469727,23.350000381469727,23.350000381469727,4008,0.0,0.0
2025-05-28 03:50:00+00:00,23.399999618530273,23.399999618530273,23.399999618530273,23.399999618530273,1001,0.0,0.0
2025-05-28 04:05:00+00:00,23.399999618530273,23.399999618530273,23.399999618530273,23.399999618530273,1210,0.0,0.0
2025-05-28 04:35:00+00:00,23.25,23.25,23.200000762939453,23.200000762939453,8361,0.0,0.0
2025-05-28 04:40:00+00:00,23.149999618530273,23.149999618530273,23.149999618530273,23.149999618530273,1000,0.0,0.0
2025-05-28 04:45:00+00:00,23.25,23.299999237060547,23.25,23.299999237060547,2000,0.0,0.0
2025-05-28 04:50:00+00:00,23.299999237060547,23.299999237060547,23.149999618530273,23.149999618530273,3001,0.0,0.0
2025-05-28 04:55:00+00:00,23.25,23.25,23.25,23.25,1001,0.0,0.0
2025-05-28 05:00:00+00:00,23.299999237060547,23.299999237060547,23.200000762939453,23.25,3000,0.0,0.0
2025-05-28 05:05:00+00:00,23.299999237060547,23.299999237060547,23.299999237060547,23.299999237060547,2283,0.0,0.0
2025-05-29 01:00:00+00:00,23.399999618530273,23.399999618530273,23.399999618530273,23.399999618530273,0,0.0,0.0
2025-05-29 01:05:00+00:00,23.350000381469727,23.350000381469727,23.350000381469727,23.350000381469727,1002,0.0,0.0
2025-05-29 01:10:00+00:00,23.350000381469727,23.350000381469727,23.350000381469727,23.350000381469727,1001,0.0,0.0
2025-05-29 01:20:00+00:00,23.25,23.25,23.25,23.25,1000,0.0,0.0
2025-05-29 01:25:00+00:00,23.200000762939453,23.200000762939453,23.149999618530273,23.149999618530273,4009,0.0,0.0
2025-05-29 01:30:00+00:00,23.100000381469727,23.100000381469727,23.100000381469727,23.100000381469727,2000,0.0,0.0
2025-05-29 01:35:00+00:00,23.100000381469727,23.100000381469727,23.100000381469727,23.100000381469727,3000,0.0,0.0
2025-05-29 01:40:00+00:00,23.200000762939453,23.200000762939453,23.200000762939453,23.200000762939453,1000,0.0,0.0
2025-05-29 01:50:00+00:00,23.200000762939453,23.200000762939453,23.200000762939453,23.200000762939453,1000,0.0,0.0
2025-05-29 01:55:00+00:00,23.25,23.25,23.25,23.25,1000,0.0,0.0
2025-05-29 02:10:00+00:00,23.25,23.25,23.25,23.25,1001,0.0,0.0
2025-05-29 02:35:00+00:00,23.100000381469727,23.100000381469727,23.100000381469727,23.100000381469727,6050,0.0,0.0
2025-05-29 02:40:00+00:00,23.100000381469727,23.100000381469727,23.049999237060547,23.049999237060547,16050,0.0,0.0
2025-05-29 02:45:00+00:00,23.0,23.049999237060547,23.0,23.0,12010,0.0,0.0
2025-05-29 02:50:00+00:00,23.100000381469727,23.100000381469727,23.100000381469727,23.100000381469727,4000,0.0,0.0
2025-05-29 03:00:00+00:00,23.149999618530273,23.149999618530273,23.149999618530273,23.149999618530273,1000,0.0,0.0
2025-05-29 03:15:00+00:00,23.0,23.0,23.0,23.0,27000,0.0,0.0
2025-05-29 03:25:00+00:00,23.0,23.149999618530273,23.0,23.149999618530273,1000,0.0,0.0
2025-05-29 03:30:00+00:00,23.149999618530273,23.25,23.149999618530273,23.25,5102,0.0,0.0
2025-05-29 03:40:00+00:00,23.25,23.25,23.25,23.25,1002,0.0,0.0
2025-05-29 03:55:00+00:00,23.100000381469727,23.100000381469727,23.100000381469727,23.100000381469727,1000,0.0,0.0
2025-05-29 04:00:00+00:00,23.200000762939453,23.299999237060547,23.149999618530273,23.149999618530273,7001,0.0,0.0
2025-05-29 04:05:00+00:00,23.200000762939453,23.25,23.200000762939453,23.25,2001,0.0,0.0
2025-05-29 04:10:00+00:00,23.299999237060547,23.299999237060547,23.299999237060547,23.299999237060547,2101,0.0,0.0
2025-05-29 04:25:00+00:00,23.200000762939453,23.200000762939453,23.149999618530273,23.200000762939453,8006,0.0,0.0
2025-05-29 04:30:00+00:00,23.25,23.25,23.25,23.25,1000,0.0,0.0
2025-05-29 04:45:00+00:00,23.100000381469727,23.200000762939453,23.100000381469727,23.200000762939453,2000,0.0,0.0
2025-05-29 04:55:00+00:00,23.149999618530273,23.25,23.149999618530273,23.25,3000,0.0,0.0
2025-05-29 05:00:00+00:00,23.299999237060547,23.299999237060547,23.299999237060547,23.299999237060547,1000,0.0,0.0
2025-05-29 05:05:00+00:00,23.200000762939453,23.200000762939453,23.200000762939453,23.200000762939453,3000,0.0,0.0
2025-05-29 05:10:00+00:00,23.25,23.299999237060547,23.25,23.299999237060547,2000,0.0,0.0
2025-05-29 05:15:00+00:00,23.200000762939453,23.25,23.200000762939453,23.200000762939453,3000,0.0,0.0
2025-05-29 05:20:00+00:00,23.25,23.25,23.25,23.25,1000,0.0,0.0
2025-06-02 01:00:00+00:00,23.200000762939453,23.200000762939453,23.0,23.0,0,0.0,0.0
2025-06-02 01:15:00+00:00,23.0,23.0,22.799999237060547,22.799999237060547,9102,0.0,0.0
2025-06-02 01:20:00+00:00,22.799999237060547,22.799999237060547,22.799999237060547,22.799999237060547,3045,0.0,0.0
2025-06-02 01:25:00+00:00,22.799999237060547,22.799999237060547,22.75,22.75,5165,0.0,0.0
2025-06-02 01:35:00+00:00,22.75,22.75,22.75,22.75,1000,0.0,0.0
2025-06-02 01:40:00+00:00,22.75,22.75,22.700000762939453,22.700000762939453,2000,0.0,0.0
2025-06-02 01:45:00+00:00,22.700000762939453,22.700000762939453,22.700000762939453,22.700000762939453,9001,0.0,0.0
2025-06-02 01:55:00+00:00,22.700000762939453,22.700000762939453,22.649999618530273,22.649999618530273,2000,0.0,0.0
2025-06-02 02:00:00+00:00,22.700000762939453,22.700000762939453,22.700000762939453,22.700000762939453,1000,0.0,0.0
2025-06-02 02:05:00+00:00,22.75,22.75,22.75,22.75,1234,0.0,0.0
2025-06-02 02:10:00+00:00,22.75,22.75,22.75,22.75,1000,0.0,0.0
2025-06-02 02:15:00+00:00,22.700000762939453,22.700000762939453,22.700000762939453,22.700000762939453,1000,0.0,0.0
2025-06-02 02:20:00+00:00,22.75,22.75,22.700000762939453,22.700000762939453,4000,0.0,0.0
2025-06-02 02:25:00+00:00,22.75,22.75,22.75,22.75,5000,0.0,0.0
2025-06-02 02:30:00+00:00,22.799999237060547,22.850000381469727,22.75,22.75,4000,0.0,0.0
2025-06-02 02:35:00+00:00,22.700000762939453,22.700000762939453,22.700000762939453,22.700000762939453,3000,0.0,0.0
2025-06-02 02:40:00+00:00,22.799999237060547,22.850000381469727,22.799999237060547,22.850000381469727,2000,0.0,0.0
2025-06-02 02:50:00+00:00,22.75,22.75,22.700000762939453,22.700000762939453,5061,0.0,0.0
2025-06-02 02:55:00+00:00,22.700000762939453,22.700000762939453,22.700000762939453,22.700000762939453,1000,0.0,0.0
2025-06-02 03:00:00+00:00,22.75,22.75,22.700000762939453,22.700000762939453,7000,0.0,0.0
2025-06-02 03:10:00+00:00,22.75,22.75,22.75,22.75,1020,0.0,0.0
2025-06-02 03:15:00+00:00,22.649999618530273,22.700000762939453,22.649999618530273,22.700000762939453,0,0.0,0.0
2025-06-02 03:20:00+00:00,22.700000762939453,22.75,22.700000762939453,22.75,84682,0.0,0.0
2025-06-02 03:25:00+00:00,22.649999618530273,22.649999618530273,22.649999618530273,22.649999618530273,11000,0.0,0.0
2025-06-02 03:30:00+00:00,22.649999618530273,22.649999618530273,22.649999618530273,22.649999618530273,3000,0.0,0.0
2025-06-02 03:45:00+00:00,22.649999618530273,22.700000762939453,22.649999618530273,22.700000762939453,3000,0.0,0.0
2025-06-02 04:10:00+00:00,22.700000762939453,22.700000762939453,22.700000762939453,22.700000762939453,2101,0.0,0.0
2025-06-02 04:30:00+00:00,22.700000762939453,22.700000762939453,22.700000762939453,22.700000762939453,4000,0.0,0.0
2025-06-02 04:40:00+00:00,22.700000762939453,22.75,22.700000762939453,22.75,2050,0.0,0.0
2025-06-02 04:45:00+00:00,22.799999237060547,22.799999237060547,22.799999237060547,22.799999237060547,1000,0.0,0.0
2025-06-02 04:50:00+00:00,22.75,22.75,22.75,22.75,1100,0.0,0.0
2025-06-02 05:00:00+00:00,22.75,22.75,22.75,22.75,1006,0.0,0.0
2025-06-02 05:15:00+00:00,22.75,22.75,22.75,22.75,2000,0.0,0.0
2025-06-02 05:20:00+00:00,22.799999237060547,22.850000381469727,22.75,22.850000381469727,8394,0.0,0.0
2025-06-03 01:00:00+00:00,22.799999237060547,22.799999237060547,22.799999237060547,22.799999237060547,0,0.0,0.0
2025-06-03 01:05:00+00:00,22.799999237060547,22.799999237060547,22.799999237060547,22.799999237060547,5001,0.0,0.0
2025-06-03 01:10:00+00:00,22.799999237060547,22.850000381469727,22.799999237060547,22.850000381469727,9000,0.0,0.0
2025-06-03 01:20:00+00:00,22.899999618530273,22.899999618530273,22.899999618530273,22.899999618530273,3000,0.0,0.0
2025-06-03 01:25:00+00:00,22.799999237060547,22.799999237060547,22.799999237060547,22.799999237060547,1000,0.0,0.0
2025-06-03 01:30:00+00:00,22.75,22.850000381469727,22.75,22.850000381469727,2155,0.0,0.0
2025-06-03 01:35:00+00:00,22.850000381469727,22.850000381469727,22.850000381469727,22.850000381469727,4000,0.0,0.0
2025-06-03 01:50:00+00:00,22.899999618530273,22.950000762939453,22.899999618530273,22.950000762939453,3000,0.0,0.0
2025-06-03 01:55:00+00:00,22.950000762939453,22.950000762939453,22.950000762939453,22.950000762939453,2000,0.0,0.0
2025-06-03 02:00:00+00:00,22.950000762939453,22.950000762939453,22.850000381469727,22.850000381469727,7001,0.0,0.0
2025-06-03 02:10:00+00:00,22.899999618530273,22.899999618530273,22.75,22.75,4001,0.0,0.0
2025-06-03 02:20:00+00:00,22.899999618530273,22.899999618530273,22.899999618530273,22.899999618530273,1020,0.0,0.0
2025-06-03 02:30:00+00:00,22.799999237060547,22.799999237060547,22.799999237060547,22.799999237060547,2000,0.0,0.0
2025-06-03 03:10:00+00:00,22.799999237060547,22.799999237060547,22.799999237060547,22.799999237060547,1000,0.0,0.0
2025-06-03 03:15:00+00:00,22.75,22.75,22.75,22.75,1000,0.0,0.0
2025-06-03 03:25:00+00:00,22.799999237060547,22.799999237060547,22.799999237060547,22.799999237060547,7000,0.0,0.0
2025-06-03 03:35:00+00:00,22.799999237060547,22.799999237060547,22.799999237060547,22.799999237060547,2000,0.0,0.0
2025-06-03 03:40:00+00:00,22.899999618530273,22.899999618530273,22.899999618530273,22.899999618530273,1000,0.0,0.0
2025-06-03 03:50:00+00:00,22.899999618530273,22.899999618530273,22.899999618530273,22.899999618530273,1000,0.0,0.0
2025-06-03 04:00:00+00:00,22.799999237060547,22.799999237060547,22.799999237060547,22.799999237060547,1000,0.0,0.0
2025-06-03 04:05:00+00:00,22.799999237060547,22.799999237060547,22.799999237060547,22.799999237060547,1000,0.0,0.0
2025-06-03 04:15:00+00:00,22.799999237060547,22.799999237060547,22.799999237060547,22.799999237060547,1000,0.0,0.0
2025-06-03 04:20:00+00:00,22.899999618530273,22.899999618530273,22.799999237060547,22.799999237060547,2000,0.0,0.0
2025-06-03 04:25:00+00:00,22.799999237060547,22.799999237060547,22.799999237060547,22.799999237060547,1000,0.0,0.0
2025-06-03 04:35:00+00:00,22.799999237060547,22.799999237060547,22.799999237060547,22.799999237060547,5000,0.0,0.0
2025-06-03 04:40:00+00:00,22.850000381469727,22.850000381469727,22.799999237060547,22.799999237060547,2000,0.0,0.0
2025-06-03 04:45:00+00:00,22.799999237060547,22.799999237060547,22.799999237060547,22.799999237060547,1000,0.0,0.0
2025-06-03 04:50:00+00:00,22.799999237060547,22.799999237060547,22.799999237060547,22.799999237060547,5000,0.0,0.0
2025-06-03 05:00:00+00:00,22.850000381469727,22.850000381469727,22.799999237060547,22.799999237060547,3000,0.0,0.0
2025-06-03 05:05:00+00:00,22.850000381469727,22.850000381469727,22.850000381469727,22.850000381469727,1000,0.0,0.0
2025-06-03 05:10:00+00:00,22.850000381469727,22.850000381469727,22.850000381469727,22.850000381469727,1002,0.0,0.0
2025-06-03 05:15:00+00:00,22.799999237060547,22.799999237060547,22.799999237060547,22.799999237060547,1001,0.0,0.0
2025-06-03 05:20:00+00:00,22.850000381469727,22.850000381469727,22.799999237060547,22.799999237060547,3241,0.0,0.0
2025-06-04 01:00:00+00:00,22.950000762939453,23.100000381469727,22.950000762939453,23.100000381469727,0,0.0,0.0
2025-06-04 01:05:00+00:00,23.149999618530273,23.149999618530273,23.149999618530273,23.149999618530273,1003,0.0,0.0
2025-06-04 01:10:00+00:00,23.100000381469727,23.149999618530273,23.100000381469727,23.149999618530273,2000,0.0,0.0
2025-06-04 01:40:00+00:00,23.100000381469727,23.100000381469727,23.049999237060547,23.049999237060547,10000,0.0,0.0
2025-06-04 01:50:00+00:00,23.049999237060547,23.049999237060547,23.049999237060547,23.049999237060547,0,0.0,0.0
2025-06-04 02:00:00+00:00,23.100000381469727,23.100000381469727,23.100000381469727,23.100000381469727,20023,0.0,0.0
2025-06-04 02:10:00+00:00,23.100000381469727,23.100000381469727,23.100000381469727,23.100000381469727,1080,0.0,0.0
2025-06-04 02:15:00+00:00,23.100000381469727,23.149999618530273,23.100000381469727,23.149999618530273,9001,0.0,0.0
2025-06-04 02:20:00+00:00,23.149999618530273,23.149999618530273,23.149999618530273,23.149999618530273,2004,0.0,0.0
2025-06-04 02:30:00+00:00,23.149999618530273,23.200000762939453,23.149999618530273,23.149999618530273,9179,0.0,0.0
2025-06-04 02:35:00+00:00,23.149999618530273,23.149999618530273,23.149999618530273,23.149999618530273,1000,0.0,0.0
2025-06-04 02:40:00+00:00,23.200000762939453,23.200000762939453,23.200000762939453,23.200000762939453,2000,0.0,0.0
2025-06-04 03:00:00+00:00,23.149999618530273,23.149999618530273,23.149999618530273,23.149999618530273,1109,0.0,0.0
2025-06-04 03:05:00+00:00,23.200000762939453,23.200000762939453,23.200000762939453,23.200000762939453,1000,0.0,0.0
2025-06-04 03:10:00+00:00,23.200000762939453,23.200000762939453,23.200000762939453,23.200000762939453,3000,0.0,0.0
2025-06-04 03:20:00+00:00,23.200000762939453,23.200000762939453,23.200000762939453,23.200000762939453,26135,0.0,0.0
2025-06-04 03:25:00+00:00,23.25,23.25,23.25,23.25,4020,0.0,0.0
2025-06-04 03:30:00+00:00,23.200000762939453,23.25,23.200000762939453,23.25,4000,0.0,0.0
2025-06-04 03:40:00+00:00,23.200000762939453,23.200000762939453,23.200000762939453,23.200000762939453,1000,0.0,0.0
2025-06-04 03:50:00+00:00,23.100000381469727,23.100000381469727,23.100000381469727,23.100000381469727,3000,0.0,0.0
2025-06-04 04:00:00+00:00,23.100000381469727,23.100000381469727,22.950000762939453,22.950000762939453,29015,0.0,0.0
2025-06-04 04:05:00+00:00,23.0,23.0,23.0,23.0,1357,0.0,0.0
2025-06-04 04:10:00+00:00,23.049999237060547,23.200000762939453,23.049999237060547,23.200000762939453,4000,0.0,0.0
2025-06-04 04:20:00+00:00,23.200000762939453,23.200000762939453,23.200000762939453,23.200000762939453,3000,0.0,0.0
2025-06-04 04:30:00+00:00,23.200000762939453,23.200000762939453,23.200000762939453,23.200000762939453,3000,0.0,0.0
2025-06-04 04:35:00+00:00,23.200000762939453,23.200000762939453,23.200000762939453,23.200000762939453,1000,0.0,0.0
2025-06-04 04:40:00+00:00,23.200000762939453,23.200000762939453,23.200000762939453,23.200000762939453,3065,0.0,0.0
2025-06-04 05:05:00+00:00,23.200000762939453,23.200000762939453,23.200000762939453,23.200000762939453,1180,0.0,0.0
2025-06-04 05:10:00+00:00,23.200000762939453,23.200000762939453,23.200000762939453,23.200000762939453,1000,0.0,0.0
2025-06-04 05:15:00+00:00,23.100000381469727,23.100000381469727,23.100000381469727,23.100000381469727,4000,0.0,0.0
2025-06-04 05:20:00+00:00,23.049999237060547,23.049999237060547,23.049999237060547,23.049999237060547,1213,0.0,0.0
2025-06-05 01:00:00+00:00,23.100000381469727,23.100000381469727,23.100000381469727,23.100000381469727,0,0.0,0.0
2025-06-05 01:05:00+00:00,23.100000381469727,23.100000381469727,23.100000381469727,23.100000381469727,1013,0.0,0.0
2025-06-05 01:15:00+00:00,23.100000381469727,23.100000381469727,23.100000381469727,23.100000381469727,1128,0.0,0.0
2025-06-05 01:20:00+00:00,23.100000381469727,23.100000381469727,23.100000381469727,23.100000381469727,5000,0.0,0.0
2025-06-05 01:30:00+00:00,23.100000381469727,23.100000381469727,23.100000381469727,23.100000381469727,1000,0.0,0.0
2025-06-05 01:35:00+00:00,23.049999237060547,23.049999237060547,23.049999237060547,23.049999237060547,17000,0.0,0.0
2025-06-05 01:45:00+00:00,23.100000381469727,23.149999618530273,23.100000381469727,23.149999618530273,8000,0.0,0.0
2025-06-05 01:50:00+00:00,23.100000381469727,23.25,23.100000381469727,23.25,5000,0.0,0.0
2025-06-05 02:00:00+00:00,23.25,23.25,23.25,23.25,1000,0.0,0.0
2025-06-05 02:05:00+00:00,23.200000762939453,23.200000762939453,23.149999618530273,23.149999618530273,2201,0.0,0.0
2025-06-05 02:15:00+00:00,23.100000381469727,23.100000381469727,23.0,23.0,37000,0.0,0.0
2025-06-05 02:20:00+00:00,23.0,23.149999618530273,23.0,23.149999618530273,4000,0.0,0.0
2025-06-05 02:30:00+00:00,23.200000762939453,23.200000762939453,23.200000762939453,23.200000762939453,3000,0.0,0.0
2025-06-05 02:40:00+00:00,23.200000762939453,23.200000762939453,23.200000762939453,23.200000762939453,1100,0.0,0.0
2025-06-05 03:10:00+00:00,23.200000762939453,23.200000762939453,23.200000762939453,23.200000762939453,1015,0.0,0.0
2025-06-05 04:05:00+00:00,23.100000381469727,23.100000381469727,23.100000381469727,23.100000381469727,6000,0.0,0.0
2025-06-05 04:10:00+00:00,23.200000762939453,23.200000762939453,23.200000762939453,23.200000762939453,1006,0.0,0.0
2025-06-05 04:25:00+00:00,23.100000381469727,23.100000381469727,23.100000381469727,23.100000381469727,1030,0.0,0.0
2025-06-05 04:35:00+00:00,23.049999237060547,23.049999237060547,23.049999237060547,23.049999237060547,3362,0.0,0.0
2025-06-05 04:40:00+00:00,23.149999618530273,23.149999618530273,23.049999237060547,23.049999237060547,4001,0.0,0.0
2025-06-05 04:45:00+00:00,23.100000381469727,23.100000381469727,23.100000381469727,23.100000381469727,1001,0.0,0.0
2025-06-05 05:10:00+00:00,23.0,23.0,23.0,23.0,1000,0.0,0.0
2025-06-05 05:15:00+00:00,23.049999237060547,23.049999237060547,23.049999237060547,23.049999237060547,8000,0.0,0.0
2025-06-05 05:20:00+00:00,23.0,23.0,23.0,23.0,1802,0.0,0.0
2025-06-06 01:00:00+00:00,23.100000381469727,23.100000381469727,23.100000381469727,23.100000381469727,0,0.0,0.0
2025-06-06 01:05:00+00:00,23.049999237060547,23.049999237060547,23.0,23.0,6013,0.0,0.0
2025-06-06 01:10:00+00:00,23.100000381469727,23.350000381469727,23.100000381469727,23.100000381469727,18000,0.0,0.0
2025-06-06 01:20:00+00:00,23.299999237060547,23.350000381469727,23.299999237060547,23.350000381469727,2020,0.0,0.0
2025-06-06 01:30:00+00:00,23.350000381469727,23.350000381469727,23.350000381469727,23.350000381469727,1000,0.0,0.0
2025-06-06 01:35:00+00:00,23.149999618530273,23.149999618530273,23.100000381469727,23.100000381469727,2038,0.0,0.0
2025-06-06 01:40:00+00:00,23.149999618530273,23.149999618530273,23.149999618530273,23.149999618530273,2000,0.0,0.0
2025-06-06 01:50:00+00:00,23.100000381469727,23.100000381469727,23.100000381469727,23.100000381469727,3000,0.0,0.0
2025-06-06 02:00:00+00:00,23.299999237060547,23.350000381469727,23.299999237060547,23.350000381469727,14000,0.0,0.0
2025-06-06 02:05:00+00:00,23.299999237060547,23.299999237060547,23.299999237060547,23.299999237060547,3000,0.0,0.0
2025-06-06 02:10:00+00:00,23.299999237060547,23.299999237060547,23.299999237060547,23.299999237060547,2000,0.0,0.0
2025-06-06 02:20:00+00:00,23.299999237060547,23.299999237060547,23.299999237060547,23.299999237060547,1000,0.0,0.0
2025-06-06 02:35:00+00:00,23.100000381469727,23.100000381469727,23.100000381469727,23.100000381469727,1002,0.0,0.0
2025-06-06 03:00:00+00:00,23.299999237060547,23.299999237060547,23.299999237060547,23.299999237060547,17000,0.0,0.0
2025-06-06 03:20:00+00:00,23.299999237060547,23.299999237060547,23.299999237060547,23.299999237060547,2000,0.0,0.0
2025-06-06 03:25:00+00:00,23.200000762939453,23.200000762939453,23.200000762939453,23.200000762939453,1000,0.0,0.0
2025-06-06 03:30:00+00:00,23.25,23.25,23.200000762939453,23.200000762939453,2001,0.0,0.0
2025-06-06 04:00:00+00:00,23.25,23.350000381469727,23.25,23.350000381469727,13104,0.0,0.0
2025-06-06 04:05:00+00:00,23.299999237060547,23.299999237060547,23.299999237060547,23.299999237060547,1000,0.0,0.0
2025-06-06 04:10:00+00:00,23.350000381469727,23.350000381469727,23.350000381469727,23.350000381469727,3015,0.0,0.0
2025-06-06 04:15:00+00:00,23.350000381469727,23.350000381469727,23.350000381469727,23.350000381469727,1001,0.0,0.0
2025-06-06 04:35:00+00:00,23.299999237060547,23.350000381469727,23.299999237060547,23.350000381469727,4001,0.0,0.0
2025-06-06 04:50:00+00:00,23.299999237060547,23.299999237060547,23.25,23.25,3030,0.0,0.0
2025-06-06 05:05:00+00:00,23.25,23.25,23.25,23.25,0,0.0,0.0
2025-06-06 05:15:00+00:00,23.25,23.25,23.200000762939453,23.200000762939453,109225,0.0,0.0
2025-06-06 05:20:00+00:00,23.25,23.25,23.25,23.25,14202,0.0,0.0
2025-06-09 01:00:00+00:00,23.299999237060547,23.299999237060547,23.25,23.25,0,0.0,0.0
2025-06-09 01:10:00+00:00,23.200000762939453,23.299999237060547,23.0,23.299999237060547,44000,0.0,0.0
2025-06-09 01:15:00+00:00,23.049999237060547,23.149999618530273,23.049999237060547,23.149999618530273,6000,0.0,0.0
2025-06-09 01:20:00+00:00,23.149999618530273,23.200000762939453,23.149999618530273,23.200000762939453,6000,0.0,0.0
2025-06-09 01:25:00+00:00,23.100000381469727,23.100000381469727,23.100000381469727,23.100000381469727,1000,0.0,0.0
2025-06-09 01:30:00+00:00,23.100000381469727,23.200000762939453,23.0,23.0,15000,0.0,0.0
2025-06-09 01:35:00+00:00,23.0,23.0,23.0,23.0,14279,0.0,0.0
2025-06-09 01:40:00+00:00,23.100000381469727,23.25,22.950000762939453,22.950000762939453,16010,0.0,0.0
2025-06-09 01:50:00+00:00,23.0,23.049999237060547,22.950000762939453,23.049999237060547,9000,0.0,0.0
2025-06-09 01:55:00+00:00,22.950000762939453,23.0,22.899999618530273,23.0,16096,0.0,0.0
2025-06-09 02:00:00+00:00,23.0,23.149999618530273,22.950000762939453,22.950000762939453,23353,0.0,0.0
2025-06-09 02:05:00+00:00,22.899999618530273,22.950000762939453,22.850000381469727,22.850000381469727,8000,0.0,0.0
2025-06-09 02:10:00+00:00,22.850000381469727,22.850000381469727,22.850000381469727,22.850000381469727,1000,0.0,0.0
2025-06-09 02:20:00+00:00,22.850000381469727,22.950000762939453,22.850000381469727,22.950000762939453,11000,0.0,0.0
2025-06-09 02:25:00+00:00,22.850000381469727,22.850000381469727,22.850000381469727,22.850000381469727,1000,0.0,0.0
2025-06-09 02:30:00+00:00,22.950000762939453,22.950000762939453,22.950000762939453,22.950000762939453,2001,0.0,0.0
2025-06-09 02:35:00+00:00,22.899999618530273,22.899999618530273,22.850000381469727,22.850000381469727,2000,0.0,0.0
2025-06-09 02:40:00+00:00,22.799999237060547,22.799999237060547,22.799999237060547,22.799999237060547,1000,0.0,0.0
2025-06-09 02:45:00+00:00,22.850000381469727,22.850000381469727,22.850000381469727,22.850000381469727,1000,0.0,0.0
2025-06-09 02:50:00+00:00,22.950000762939453,22.950000762939453,22.799999237060547,22.799999237060547,6000,0.0,0.0
2025-06-09 02:55:00+00:00,22.850000381469727,22.850000381469727,22.850000381469727,22.850000381469727,2000,0.0,0.0
2025-06-09 03:00:00+00:00,22.950000762939453,23.100000381469727,22.950000762939453,23.049999237060547,17000,0.0,0.0
2025-06-09 03:10:00+00:00,23.049999237060547,23.049999237060547,23.0,23.049999237060547,6001,0.0,0.0
2025-06-09 03:20:00+00:00,23.0,23.0,23.0,23.0,1001,0.0,0.0
2025-06-09 03:35:00+00:00,22.899999618530273,22.899999618530273,22.899999618530273,22.899999618530273,4045,0.0,0.0
2025-06-09 04:00:00+00:00,22.899999618530273,23.049999237060547,22.899999618530273,23.049999237060547,11500,0.0,0.0
2025-06-09 04:15:00+00:00,22.850000381469727,22.850000381469727,22.850000381469727,22.850000381469727,1001,0.0,0.0
2025-06-09 04:25:00+00:00,22.850000381469727,22.850000381469727,22.850000381469727,22.850000381469727,1001,0.0,0.0
2025-06-09 04:40:00+00:00,23.0,23.0,23.0,23.0,1041,0.0,0.0
2025-06-09 04:50:00+00:00,23.0,23.0,22.899999618530273,22.899999618530273,3000,0.0,0.0
2025-06-09 04:55:00+00:00,22.899999618530273,22.899999618530273,22.899999618530273,22.899999618530273,1000,0.0,0.0
2025-06-09 05:00:00+00:00,22.899999618530273,22.899999618530273,22.899999618530273,22.899999618530273,1148,0.0,0.0
2025-06-09 05:15:00+00:00,22.899999618530273,22.899999618530273,22.899999618530273,22.899999618530273,1000,0.0,0.0
2025-06-09 05:20:00+00:00,22.899999618530273,22.899999618530273,22.850000381469727,22.850000381469727,2403,0.0,0.0
2025-06-10 01:00:00+00:00,23.0,23.0,23.0,23.0,0,0.0,0.0
2025-06-10 01:20:00+00:00,23.0,23.049999237060547,23.0,23.049999237060547,13001,0.0,0.0
2025-06-10 01:30:00+00:00,23.100000381469727,23.149999618530273,23.100000381469727,23.100000381469727,7000,0.0,0.0
2025-06-10 01:40:00+00:00,23.100000381469727,23.100000381469727,23.100000381469727,23.100000381469727,6000,0.0,0.0
2025-06-10 01:45:00+00:00,23.100000381469727,23.100000381469727,23.100000381469727,23.100000381469727,3000,0.0,0.0
2025-06-10 01:50:00+00:00,23.149999618530273,23.149999618530273,23.149999618530273,23.149999618530273,5000,0.0,0.0
2025-06-10 01:55:00+00:00,23.149999618530273,23.149999618530273,23.149999618530273,23.149999618530273,12000,0.0,0.0
2025-06-10 02:00:00+00:00,23.200000762939453,23.200000762939453,23.100000381469727,23.100000381469727,6000,0.0,0.0
2025-06-10 02:05:00+00:00,23.149999618530273,23.25,23.149999618530273,23.200000762939453,12519,0.0,0.0
2025-06-10 02:10:00+00:00,23.149999618530273,23.25,23.149999618530273,23.25,4000,0.0,0.0
2025-06-10 02:15:00+00:00,23.200000762939453,23.200000762939453,23.200000762939453,23.200000762939453,2000,0.0,0.0
2025-06-10 02:20:00+00:00,23.200000762939453,23.200000762939453,23.200000762939453,23.200000762939453,1000,0.0,0.0
2025-06-10 02:25:00+00:00,23.200000762939453,23.200000762939453,23.200000762939453,23.200000762939453,3001,0.0,0.0
2025-06-10 02:30:00+00:00,23.25,23.25,23.25,23.25,2050,0.0,0.0
2025-06-10 02:40:00+00:00,23.25,23.25,23.25,23.25,1000,0.0,0.0
2025-06-10 02:45:00+00:00,23.25,23.25,23.25,23.25,1025,0.0,0.0
2025-06-10 02:50:00+00:00,23.25,23.25,23.25,23.25,1000,0.0,0.0
2025-06-10 03:05:00+00:00,23.200000762939453,23.200000762939453,23.200000762939453,23.200000762939453,5000,0.0,0.0
2025-06-10 03:25:00+00:00,23.100000381469727,23.100000381469727,23.100000381469727,23.100000381469727,20038,0.0,0.0
2025-06-10 03:35:00+00:00,23.200000762939453,23.200000762939453,23.200000762939453,23.200000762939453,8000,0.0,0.0
2025-06-10 03:40:00+00:00,23.25,23.25,23.25,23.25,2461,0.0,0.0
2025-06-10 03:55:00+00:00,23.149999618530273,23.149999618530273,23.149999618530273,23.149999618530273,5000,0.0,0.0
2025-06-10 04:00:00+00:00,23.200000762939453,23.200000762939453,23.100000381469727,23.100000381469727,3000,0.0,0.0
2025-06-10 04:30:00+00:00,23.100000381469727,23.100000381469727,23.100000381469727,23.100000381469727,2039,0.0,0.0
2025-06-10 04:40:00+00:00,23.100000381469727,23.200000762939453,23.100000381469727,23.200000762939453,17009,0.0,0.0
2025-06-10 05:05:00+00:00,23.100000381469727,23.149999618530273,23.100000381469727,23.149999618530273,7000,0.0,0.0
2025-06-10 05:10:00+00:00,23.149999618530273,23.149999618530273,23.149999618530273,23.149999618530273,1000,0.0,0.0
2025-06-10 05:20:00+00:00,23.200000762939453,23.200000762939453,23.200000762939453,23.200000762939453,9010,0.0,0.0
2025-06-11 01:00:00+00:00,23.100000381469727,23.100000381469727,23.049999237060547,23.049999237060547,0,0.0,0.0
2025-06-11 01:10:00+00:00,23.0,23.0,23.0,23.0,1000,0.0,0.0
2025-06-11 01:15:00+00:00,23.049999237060547,23.049999237060547,23.049999237060547,23.049999237060547,3000,0.0,0.0
2025-06-11 01:25:00+00:00,23.049999237060547,23.049999237060547,23.049999237060547,23.049999237060547,6020,0.0,0.0
2025-06-11 01:30:00+00:00,23.100000381469727,23.100000381469727,23.100000381469727,23.100000381469727,1003,0.0,0.0
2025-06-11 01:40:00+00:00,23.100000381469727,23.100000381469727,23.100000381469727,23.100000381469727,3000,0.0,0.0
2025-06-11 01:45:00+00:00,23.049999237060547,23.049999237060547,23.049999237060547,23.049999237060547,4000,0.0,0.0
2025-06-11 01:50:00+00:00,23.0,23.0,23.0,23.0,1000,0.0,0.0
2025-06-11 02:00:00+00:00,23.100000381469727,23.100000381469727,23.100000381469727,23.100000381469727,2000,0.0,0.0
2025-06-11 02:05:00+00:00,23.0,23.0,22.950000762939453,22.950000762939453,20000,0.0,0.0
2025-06-11 02:10:00+00:00,23.049999237060547,23.100000381469727,23.049999237060547,23.100000381469727,3022,0.0,0.0
2025-06-11 02:20:00+00:00,23.100000381469727,23.100000381469727,23.100000381469727,23.100000381469727,1020,0.0,0.0
2025-06-11 02:40:00+00:00,23.100000381469727,23.100000381469727,23.100000381469727,23.100000381469727,1146,0.0,0.0
2025-06-11 02:55:00+00:00,23.0,23.0,23.0,23.0,2000,0.0,0.0
2025-06-11 03:00:00+00:00,23.0,23.0,22.899999618530273,22.899999618530273,34000,0.0,0.0
2025-06-11 03:05:00+00:00,22.899999618530273,22.899999618530273,22.899999618530273,22.899999618530273,1000,0.0,0.0
2025-06-11 03:10:00+00:00,23.0,23.0,23.0,23.0,6020,0.0,0.0
2025-06-11 03:15:00+00:00,22.850000381469727,22.850000381469727,22.850000381469727,22.850000381469727,1000,0.0,0.0
2025-06-11 03:20:00+00:00,22.899999618530273,22.899999618530273,22.899999618530273,22.899999618530273,3000,0.0,0.0
2025-06-11 03:25:00+00:00,22.899999618530273,22.950000762939453,22.899999618530273,22.950000762939453,0,0.0,0.0
2025-06-11 03:30:00+00:00,22.950000762939453,23.0,22.950000762939453,23.0,107245,0.0,0.0
2025-06-11 03:40:00+00:00,23.0,23.0,23.0,23.0,1008,0.0,0.0
2025-06-11 03:45:00+00:00,22.899999618530273,22.899999618530273,22.899999618530273,22.899999618530273,2000,0.0,0.0
2025-06-11 03:55:00+00:00,23.0,23.0,23.0,23.0,17000,0.0,0.0
2025-06-11 04:00:00+00:00,23.0,23.049999237060547,23.0,23.049999237060547,3000,0.0,0.0
2025-06-11 04:20:00+00:00,23.049999237060547,23.049999237060547,23.049999237060547,23.049999237060547,4000,0.0,0.0
2025-06-11 04:30:00+00:00,23.100000381469727,23.100000381469727,23.100000381469727,23.100000381469727,1000,0.0,0.0
2025-06-11 04:40:00+00:00,23.049999237060547,23.049999237060547,23.049999237060547,23.049999237060547,1000,0.0,0.0
2025-06-12 01:00:00+00:00,23.100000381469727,23.100000381469727,22.950000762939453,22.950000762939453,4013,0.0,0.0
2025-06-12 01:10:00+00:00,22.950000762939453,22.950000762939453,22.950000762939453,22.950000762939453,6000,0.0,0.0
2025-06-12 01:20:00+00:00,23.0,23.0,23.0,23.0,5000,0.0,0.0
2025-06-12 01:30:00+00:00,23.0,23.0,23.0,23.0,2001,0.0,0.0
2025-06-12 01:45:00+00:00,22.950000762939453,22.950000762939453,22.950000762939453,22.950000762939453,1120,0.0,0.0
2025-06-12 01:55:00+00:00,22.950000762939453,22.950000762939453,22.950000762939453,22.950000762939453,3000,0.0,0.0
2025-06-12 02:00:00+00:00,22.950000762939453,22.950000762939453,22.899999618530273,22.899999618530273,4000,0.0,0.0
2025-06-12 02:05:00+00:00,22.899999618530273,22.899999618530273,22.899999618530273,22.899999618530273,2001,0.0,0.0
2025-06-12 02:10:00+00:00,22.950000762939453,22.950000762939453,22.950000762939453,22.950000762939453,1000,0.0,0.0
2025-06-12 02:20:00+00:00,22.950000762939453,22.950000762939453,22.950000762939453,22.950000762939453,2011,0.0,0.0
2025-06-12 02:35:00+00:00,22.950000762939453,22.950000762939453,22.950000762939453,22.950000762939453,1300,0.0,0.0
2025-06-12 02:50:00+00:00,22.950000762939453,22.950000762939453,22.950000762939453,22.950000762939453,1036,0.0,0.0
2025-06-12 03:10:00+00:00,23.0,23.049999237060547,23.0,23.049999237060547,13050,0.0,0.0
2025-06-12 03:25:00+00:00,22.950000762939453,23.049999237060547,22.950000762939453,23.049999237060547,5000,0.0,0.0
2025-06-12 03:30:00+00:00,23.049999237060547,23.049999237060547,23.049999237060547,23.049999237060547,1000,0.0,0.0
2025-06-12 03:40:00+00:00,23.049999237060547,23.049999237060547,23.049999237060547,23.049999237060547,1000,0.0,0.0
2025-06-12 03:45:00+00:00,22.950000762939453,22.950000762939453,22.899999618530273,22.899999618530273,15000,0.0,0.0
2025-06-12 03:50:00+00:00,23.0,23.0,23.0,23.0,3001,0.0,0.0
2025-06-12 04:25:00+00:00,22.899999618530273,22.899999618530273,22.899999618530273,22.899999618530273,1000,0.0,0.0
2025-06-12 04:45:00+00:00,22.899999618530273,22.899999618530273,22.899999618530273,22.899999618530273,1000,0.0,0.0
2025-06-12 05:00:00+00:00,22.950000762939453,22.950000762939453,22.950000762939453,22.950000762939453,1000,0.0,0.0
2025-06-12 05:05:00+00:00,22.899999618530273,22.899999618530273,22.899999618530273,22.899999618530273,1000,0.0,0.0
2025-06-12 05:10:00+00:00,22.950000762939453,22.950000762939453,22.950000762939453,22.950000762939453,1000,0.0,0.0
2025-06-12 05:20:00+00:00,22.950000762939453,22.950000762939453,22.950000762939453,22.950000762939453,1204,0.0,0.0
2025-06-13 01:00:00+00:00,22.799999237060547,22.799999237060547,22.799999237060547,22.799999237060547,0,0.0,0.0
2025-06-13 01:05:00+00:00,22.700000762939453,22.799999237060547,22.649999618530273,22.799999237060547,26015,0.0,0.0
2025-06-13 01:10:00+00:00,22.850000381469727,22.850000381469727,22.700000762939453,22.700000762939453,4000,0.0,0.0
2025-06-13 01:20:00+00:00,22.850000381469727,22.850000381469727,22.649999618530273,22.649999618530273,15000,0.0,0.0
2025-06-13 01:25:00+00:00,22.649999618530273,22.649999618530273,22.600000381469727,22.600000381469727,9012,0.0,0.0
2025-06-13 01:30:00+00:00,22.75,22.75,22.649999618530273,22.649999618530273,3008,0.0,0.0
2025-06-13 01:35:00+00:00,22.649999618530273,22.649999618530273,22.649999618530273,22.649999618530273,1001,0.0,0.0
2025-06-13 01:40:00+00:00,22.799999237060547,22.799999237060547,22.799999237060547,22.799999237060547,2000,0.0,0.0
2025-06-13 01:45:00+00:00,22.799999237060547,22.799999237060547,22.799999237060547,22.799999237060547,1000,0.0,0.0
2025-06-13 01:50:00+00:00,22.799999237060547,22.799999237060547,22.799999237060547,22.799999237060547,1000,0.0,0.0
2025-06-13 01:55:00+00:00,22.799999237060547,22.799999237060547,22.799999237060547,22.799999237060547,9000,0.0,0.0
2025-06-13 02:00:00+00:00,22.799999237060547,22.799999237060547,22.799999237060547,22.799999237060547,5000,0.0,0.0
2025-06-13 02:20:00+00:00,22.899999618530273,22.899999618530273,22.799999237060547,22.799999237060547,5000,0.0,0.0
2025-06-13 02:30:00+00:00,22.75,22.75,22.649999618530273,22.649999618530273,17001,0.0,0.0
2025-06-13 02:35:00+00:00,22.649999618530273,22.649999618530273,22.649999618530273,22.649999618530273,9000,0.0,0.0
2025-06-13 02:40:00+00:00,22.600000381469727,22.600000381469727,22.600000381469727,22.600000381469727,5103,0.0,0.0
2025-06-13 02:50:00+00:00,22.600000381469727,22.600000381469727,22.600000381469727,22.600000381469727,1000,0.0,0.0
2025-06-13 02:55:00+00:00,22.700000762939453,22.700000762939453,22.649999618530273,22.649999618530273,9000,0.0,0.0
2025-06-13 03:00:00+00:00,22.75,22.75,22.75,22.75,2000,0.0,0.0
2025-06-13 03:05:00+00:00,22.649999618530273,22.649999618530273,22.649999618530273,22.649999618530273,5000,0.0,0.0
2025-06-13 03:10:00+00:00,22.600000381469727,22.600000381469727,22.600000381469727,22.600000381469727,2000,0.0,0.0
2025-06-13 03:20:00+00:00,22.75,22.799999237060547,22.649999618530273,22.649999618530273,5010,0.0,0.0
2025-06-13 03:30:00+00:00,22.799999237060547,22.799999237060547,22.799999237060547,22.799999237060547,1000,0.0,0.0
2025-06-13 03:35:00+00:00,22.649999618530273,22.649999618530273,22.649999618530273,22.649999618530273,2012,0.0,0.0
2025-06-13 04:00:00+00:00,22.649999618530273,22.649999618530273,22.600000381469727,22.600000381469727,19807,0.0,0.0
2025-06-13 04:05:00+00:00,22.600000381469727,22.600000381469727,22.600000381469727,22.600000381469727,8000,0.0,0.0
2025-06-13 04:10:00+00:00,22.700000762939453,22.75,22.700000762939453,22.75,4000,0.0,0.0
2025-06-13 04:20:00+00:00,22.700000762939453,22.700000762939453,22.700000762939453,22.700000762939453,2000,0.0,0.0
2025-06-13 04:30:00+00:00,22.600000381469727,22.600000381469727,22.600000381469727,22.600000381469727,2001,0.0,0.0
2025-06-13 04:40:00+00:00,22.700000762939453,22.700000762939453,22.700000762939453,22.700000762939453,1084,0.0,0.0
2025-06-13 04:50:00+00:00,22.600000381469727,22.600000381469727,22.600000381469727,22.600000381469727,15032,0.0,0.0
2025-06-13 04:55:00+00:00,22.600000381469727,22.600000381469727,22.549999237060547,22.600000381469727,15000,0.0,0.0
2025-06-13 05:00:00+00:00,22.700000762939453,22.700000762939453,22.700000762939453,22.700000762939453,3000,0.0,0.0
2025-06-13 05:05:00+00:00,22.700000762939453,22.700000762939453,22.700000762939453,22.700000762939453,2000,0.0,0.0
2025-06-13 05:15:00+00:00,22.600000381469727,22.600000381469727,22.600000381469727,22.600000381469727,3186,0.0,0.0
2025-06-13 05:20:00+00:00,22.600000381469727,22.600000381469727,22.600000381469727,22.600000381469727,1403,0.0,0.0
2025-06-16 01:00:00+00:00,22.600000381469727,22.600000381469727,22.100000381469727,22.100000381469727,0,0.0,0.0
2025-06-16 01:05:00+00:00,22.200000762939453,22.25,22.200000762939453,22.25,12195,0.0,0.0
2025-06-16 01:10:00+00:00,22.399999618530273,22.399999618530273,22.399999618530273,22.399999618530273,5164,0.0,0.0
2025-06-16 01:15:00+00:00,22.399999618530273,22.399999618530273,22.399999618530273,22.399999618530273,1001,0.0,0.0
2025-06-16 01:20:00+00:00,22.5,22.5,22.399999618530273,22.399999618530273,4000,0.0,0.0
2025-06-16 01:30:00+00:00,22.5,22.549999237060547,22.5,22.549999237060547,2000,0.0,0.0
2025-06-16 01:45:00+00:00,22.399999618530273,22.399999618530273,22.399999618530273,22.399999618530273,1300,0.0,0.0
2025-06-16 02:05:00+00:00,22.399999618530273,22.399999618530273,22.399999618530273,22.399999618530273,2000,0.0,0.0
2025-06-16 02:10:00+00:00,22.5,22.5,22.5,22.5,1000,0.0,0.0
2025-06-16 02:45:00+00:00,22.399999618530273,22.399999618530273,22.399999618530273,22.399999618530273,3002,0.0,0.0
2025-06-16 03:15:00+00:00,22.399999618530273,22.450000762939453,22.399999618530273,22.450000762939453,5000,0.0,0.0
2025-06-16 03:20:00+00:00,22.5,22.5,22.5,22.5,1000,0.0,0.0
2025-06-16 03:35:00+00:00,22.399999618530273,22.399999618530273,22.200000762939453,22.200000762939453,30001,0.0,0.0
2025-06-16 03:40:00+00:00,22.450000762939453,22.450000762939453,22.450000762939453,22.450000762939453,1000,0.0,0.0
2025-06-16 03:50:00+00:00,22.450000762939453,22.5,22.450000762939453,22.5,5000,0.0,0.0
2025-06-16 04:00:00+00:00,22.549999237060547,22.549999237060547,22.549999237060547,22.549999237060547,1001,0.0,0.0
2025-06-16 04:15:00+00:00,22.5,22.5,22.5,22.5,2000,0.0,0.0
2025-06-16 04:20:00+00:00,22.450000762939453,22.549999237060547,22.450000762939453,22.549999237060547,13002,0.0,0.0
2025-06-16 05:05:00+00:00,22.549999237060547,22.549999237060547,22.549999237060547,22.549999237060547,1000,0.0,0.0
2025-06-16 05:10:00+00:00,22.549999237060547,22.549999237060547,22.549999237060547,22.549999237060547,1901,0.0,0.0
2025-06-17 01:00:00+00:00,22.399999618530273,22.450000762939453,22.399999618530273,22.450000762939453,0,0.0,0.0
2025-06-17 01:05:00+00:00,22.399999618530273,22.5,22.399999618530273,22.5,12021,0.0,0.0
2025-06-17 01:10:00+00:00,22.549999237060547,22.549999237060547,22.549999237060547,22.549999237060547,1001,0.0,0.0
2025-06-17 01:35:00+00:00,22.5,22.5,22.5,22.5,1002,0.0,0.0
2025-06-17 01:40:00+00:00,22.5,22.5,22.5,22.5,1002,0.0,0.0
2025-06-17 01:45:00+00:00,22.5,22.5,22.5,22.5,1331,0.0,0.0
2025-06-17 01:55:00+00:00,22.450000762939453,22.5,22.450000762939453,22.5,7000,0.0,0.0
2025-06-17 02:00:00+00:00,22.5,22.5,22.450000762939453,22.450000762939453,6001,0.0,0.0
2025-06-17 02:10:00+00:00,22.450000762939453,22.450000762939453,22.350000381469727,22.350000381469727,19121,0.0,0.0
2025-06-17 02:15:00+00:00,22.350000381469727,22.350000381469727,22.350000381469727,22.350000381469727,1000,0.0,0.0
2025-06-17 02:20:00+00:00,22.350000381469727,22.399999618530273,22.350000381469727,22.399999618530273,3000,0.0,0.0
2025-06-17 02:25:00+00:00,22.399999618530273,22.399999618530273,22.399999618530273,22.399999618530273,1000,0.0,0.0
2025-06-17 02:35:00+00:00,22.350000381469727,22.350000381469727,22.350000381469727,22.350000381469727,3000,0.0,0.0
2025-06-17 02:40:00+00:00,22.399999618530273,22.399999618530273,22.399999618530273,22.399999618530273,1000,0.0,0.0
2025-06-17 02:45:00+00:00,22.299999237060547,22.299999237060547,22.299999237060547,22.299999237060547,10000,0.0,0.0
2025-06-17 02:50:00+00:00,22.399999618530273,22.399999618530273,22.399999618530273,22.399999618530273,2000,0.0,0.0
2025-06-17 02:55:00+00:00,22.25,22.25,22.25,22.25,14000,0.0,0.0
2025-06-17 03:00:00+00:00,22.25,22.350000381469727,22.25,22.350000381469727,12000,0.0,0.0
2025-06-17 03:10:00+00:00,22.350000381469727,22.350000381469727,22.350000381469727,22.350000381469727,2005,0.0,0.0
2025-06-17 03:25:00+00:00,22.299999237060547,22.299999237060547,22.299999237060547,22.299999237060547,1006,0.0,0.0
2025-06-17 03:35:00+00:00,22.350000381469727,22.350000381469727,22.350000381469727,22.350000381469727,1000,0.0,0.0
2025-06-17 03:40:00+00:00,22.350000381469727,22.350000381469727,22.350000381469727,22.350000381469727,5000,0.0,0.0
2025-06-17 03:50:00+00:00,22.399999618530273,22.399999618530273,22.399999618530273,22.399999618530273,1100,0.0,0.0
2025-06-17 04:20:00+00:00,22.350000381469727,22.350000381469727,22.350000381469727,22.350000381469727,1000,0.0,0.0
2025-06-17 04:25:00+00:00,22.299999237060547,22.299999237060547,22.299999237060547,22.299999237060547,1000,0.0,0.0
2025-06-17 04:30:00+00:00,22.299999237060547,22.350000381469727,22.299999237060547,22.350000381469727,2012,0.0,0.0
2025-06-17 04:40:00+00:00,22.299999237060547,22.299999237060547,22.299999237060547,22.299999237060547,2000,0.0,0.0
2025-06-17 04:50:00+00:00,22.25,22.25,22.25,22.25,20000,0.0,0.0
2025-06-17 05:00:00+00:00,22.299999237060547,22.299999237060547,22.299999237060547,22.299999237060547,1001,0.0,0.0
2025-06-17 05:05:00+00:00,22.299999237060547,22.299999237060547,22.299999237060547,22.299999237060547,1000,0.0,0.0
2025-06-17 05:10:00+00:00,22.350000381469727,22.350000381469727,22.350000381469727,22.350000381469727,3001,0.0,0.0
2025-06-17 05:15:00+00:00,22.299999237060547,22.350000381469727,22.299999237060547,22.350000381469727,6027,0.0,0.0
2025-06-18 01:00:00+00:00,22.399999618530273,22.399999618530273,22.399999618530273,22.399999618530273,1000,0.0,0.0
2025-06-18 01:05:00+00:00,22.25,22.25,22.25,22.25,3597,0.0,0.0
2025-06-18 01:15:00+00:00,22.25,22.25,22.25,22.25,2000,0.0,0.0
2025-06-18 01:35:00+00:00,22.25,22.25,22.25,22.25,2000,0.0,0.0
2025-06-18 01:40:00+00:00,22.299999237060547,22.299999237060547,22.299999237060547,22.299999237060547,1001,0.0,0.0
2025-06-18 02:10:00+00:00,22.299999237060547,22.350000381469727,22.299999237060547,22.350000381469727,5000,0.0,0.0
2025-06-18 02:30:00+00:00,22.350000381469727,22.350000381469727,22.350000381469727,22.350000381469727,1100,0.0,0.0
2025-06-18 02:35:00+00:00,22.399999618530273,22.450000762939453,22.399999618530273,22.450000762939453,11000,0.0,0.0
2025-06-18 02:40:00+00:00,22.450000762939453,22.450000762939453,22.450000762939453,22.450000762939453,2000,0.0,0.0
2025-06-18 02:45:00+00:00,22.450000762939453,22.450000762939453,22.399999618530273,22.399999618530273,7000,0.0,0.0
2025-06-18 02:50:00+00:00,22.5,22.5,22.5,22.5,10000,0.0,0.0
2025-06-18 02:55:00+00:00,22.5,22.600000381469727,22.5,22.600000381469727,5500,0.0,0.0
2025-06-18 03:15:00+00:00,22.600000381469727,22.600000381469727,22.600000381469727,22.600000381469727,2000,0.0,0.0
2025-06-18 03:30:00+00:00,22.600000381469727,22.649999618530273,22.600000381469727,22.649999618530273,4000,0.0,0.0
2025-06-18 03:45:00+00:00,22.600000381469727,22.600000381469727,22.600000381469727,22.600000381469727,1000,0.0,0.0
2025-06-18 04:00:00+00:00,22.549999237060547,22.549999237060547,22.549999237060547,22.549999237060547,1000,0.0,0.0
2025-06-18 04:05:00+00:00,22.5,22.5,22.450000762939453,22.450000762939453,12000,0.0,0.0
2025-06-18 04:10:00+00:00,22.5,22.549999237060547,22.5,22.549999237060547,2000,0.0,0.0
2025-06-18 04:30:00+00:00,22.399999618530273,22.5,22.399999618530273,22.5,3000,0.0,0.0
2025-06-18 05:00:00+00:00,22.350000381469727,22.350000381469727,22.299999237060547,22.299999237060547,3006,0.0,0.0
2025-06-18 05:05:00+00:00,22.299999237060547,22.299999237060547,22.299999237060547,22.299999237060547,2000,0.0,0.0
2025-06-18 05:10:00+00:00,22.350000381469727,22.450000762939453,22.299999237060547,22.299999237060547,5000,0.0,0.0
2025-06-18 05:15:00+00:00,22.299999237060547,22.299999237060547,22.25,22.25,2000,0.0,0.0
2025-06-18 05:20:00+00:00,22.350000381469727,22.450000762939453,22.350000381469727,22.450000762939453,2403,0.0,0.0
2025-06-19 01:00:00+00:00,22.450000762939453,22.450000762939453,22.450000762939453,22.450000762939453,0,0.0,0.0
2025-06-19 01:05:00+00:00,22.450000762939453,22.450000762939453,22.450000762939453,22.450000762939453,4000,0.0,0.0
2025-06-19 01:10:00+00:00,22.399999618530273,22.399999618530273,22.399999618530273,22.399999618530273,0,0.0,0.0
2025-06-19 01:15:00+00:00,22.399999618530273,22.399999618530273,22.350000381469727,22.399999618530273,12155,0.0,0.0
2025-06-19 01:25:00+00:00,22.350000381469727,22.350000381469727,22.350000381469727,22.350000381469727,1050,0.0,0.0
2025-06-19 01:30:00+00:00,22.299999237060547,22.299999237060547,22.299999237060547,22.299999237060547,3001,0.0,0.0
2025-06-19 01:35:00+00:00,22.299999237060547,22.299999237060547,22.299999237060547,22.299999237060547,2000,0.0,0.0
2025-06-19 01:40:00+00:00,22.25,22.299999237060547,22.25,22.299999237060547,8000,0.0,0.0
2025-06-19 01:45:00+00:00,22.25,22.25,22.200000762939453,22.200000762939453,34000,0.0,0.0
2025-06-19 01:50:00+00:00,22.350000381469727,22.5,22.350000381469727,22.5,6000,0.0,0.0
2025-06-19 01:55:00+00:00,22.25,22.350000381469727,22.25,22.350000381469727,6002,0.0,0.0
2025-06-19 02:00:00+00:00,22.399999618530273,22.399999618530273,22.399999618530273,22.399999618530273,3000,0.0,0.0
2025-06-19 02:10:00+00:00,22.450000762939453,22.450000762939453,22.450000762939453,22.450000762939453,1000,0.0,0.0
2025-06-19 02:15:00+00:00,22.299999237060547,22.299999237060547,22.299999237060547,22.299999237060547,1000,0.0,0.0
2025-06-19 02:20:00+00:00,22.299999237060547,22.299999237060547,22.299999237060547,22.299999237060547,1005,0.0,0.0
2025-06-19 02:30:00+00:00,22.299999237060547,22.399999618530273,22.299999237060547,22.399999618530273,3000,0.0,0.0
2025-06-19 02:35:00+00:00,22.25,22.25,22.25,22.25,5000,0.0,0.0
2025-06-19 02:50:00+00:00,22.299999237060547,22.299999237060547,22.299999237060547,22.299999237060547,1000,0.0,0.0
2025-06-19 03:00:00+00:00,22.299999237060547,22.299999237060547,22.299999237060547,22.299999237060547,1000,0.0,0.0
2025-06-19 03:05:00+00:00,22.25,22.350000381469727,22.25,22.350000381469727,12000,0.0,0.0
2025-06-19 03:10:00+00:00,22.399999618530273,22.399999618530273,22.399999618530273,22.399999618530273,2000,0.0,0.0
2025-06-19 03:20:00+00:00,22.200000762939453,22.350000381469727,22.200000762939453,22.350000381469727,3050,0.0,0.0
2025-06-19 03:35:00+00:00,22.299999237060547,22.299999237060547,22.299999237060547,22.299999237060547,5000,0.0,0.0
2025-06-19 03:40:00+00:00,22.350000381469727,22.350000381469727,22.350000381469727,22.350000381469727,1000,0.0,0.0
2025-06-19 03:45:00+00:00,22.399999618530273,22.399999618530273,22.399999618530273,22.399999618530273,1001,0.0,0.0
2025-06-19 04:25:00+00:00,22.299999237060547,22.299999237060547,22.299999237060547,22.299999237060547,1000,0.0,0.0
2025-06-19 04:40:00+00:00,22.299999237060547,22.299999237060547,22.299999237060547,22.299999237060547,5000,0.0,0.0
2025-06-19 04:45:00+00:00,22.299999237060547,22.299999237060547,22.299999237060547,22.299999237060547,1001,0.0,0.0
2025-06-19 04:50:00+00:00,22.399999618530273,22.399999618530273,22.399999618530273,22.399999618530273,1100,0.0,0.0
2025-06-19 05:00:00+00:00,22.399999618530273,22.399999618530273,22.399999618530273,22.399999618530273,1000,0.0,0.0
2025-06-19 05:05:00+00:00,22.399999618530273,22.399999618530273,22.399999618530273,22.399999618530273,2000,0.0,0.0
2025-06-19 05:15:00+00:00,22.350000381469727,22.350000381469727,22.350000381469727,22.350000381469727,2000,0.0,0.0
2025-06-19 05:20:00+00:00,22.25,22.25,22.25,22.25,1202,0.0,0.0
2025-06-20 01:00:00+00:00,22.399999618530273,22.399999618530273,22.299999237060547,22.299999237060547,0,0.0,0.0
2025-06-20 01:05:00+00:00,22.350000381469727,22.600000381469727,22.350000381469727,22.549999237060547,20000,0.0,0.0
2025-06-20 01:10:00+00:00,22.549999237060547,22.549999237060547,22.5,22.5,3000,0.0,0.0
2025-06-20 01:15:00+00:00,22.5,22.5,22.450000762939453,22.450000762939453,2000,0.0,0.0
2025-06-20 01:20:00+00:00,22.549999237060547,22.549999237060547,22.399999618530273,22.399999618530273,3000,0.0,0.0
2025-06-20 01:25:00+00:00,22.299999237060547,22.299999237060547,22.299999237060547,22.299999237060547,3000,0.0,0.0
2025-06-20 01:30:00+00:00,22.25,22.25,22.100000381469727,22.100000381469727,18000,0.0,0.0
2025-06-20 01:35:00+00:00,22.100000381469727,22.100000381469727,22.0,22.0,6000,0.0,0.0
2025-06-20 01:40:00+00:00,22.049999237060547,22.049999237060547,22.049999237060547,22.049999237060547,3000,0.0,0.0
2025-06-20 01:45:00+00:00,22.0,22.200000762939453,22.0,22.200000762939453,30150,0.0,0.0
2025-06-20 01:50:00+00:00,22.200000762939453,22.25,22.200000762939453,22.25,8002,0.0,0.0
2025-06-20 02:15:00+00:00,22.100000381469727,22.100000381469727,22.049999237060547,22.049999237060547,11000,0.0,0.0
2025-06-20 02:20:00+00:00,22.049999237060547,22.25,22.0,22.100000381469727,14067,0.0,0.0
2025-06-20 02:25:00+00:00,22.25,22.399999618530273,22.25,22.399999618530273,12000,0.0,0.0
2025-06-20 02:30:00+00:00,22.399999618530273,22.5,22.399999618530273,22.5,5201,0.0,0.0
2025-06-20 02:40:00+00:00,22.450000762939453,22.450000762939453,22.399999618530273,22.399999618530273,11015,0.0,0.0
2025-06-20 02:55:00+00:00,22.399999618530273,22.399999618530273,22.299999237060547,22.299999237060547,3000,0.0,0.0
2025-06-20 03:20:00+00:00,22.299999237060547,22.299999237060547,22.299999237060547,22.299999237060547,1000,0.0,0.0
2025-06-20 03:40:00+00:00,22.200000762939453,22.200000762939453,22.200000762939453,22.200000762939453,2104,0.0,0.0
2025-06-20 03:45:00+00:00,22.200000762939453,22.200000762939453,22.200000762939453,22.200000762939453,3000,0.0,0.0
2025-06-20 03:50:00+00:00,22.299999237060547,22.299999237060547,22.299999237060547,22.299999237060547,1002,0.0,0.0
2025-06-20 04:05:00+00:00,22.25,22.25,22.25,22.25,1000,0.0,0.0
2025-06-20 04:50:00+00:00,22.25,22.25,22.25,22.25,1300,0.0,0.0
2025-06-20 04:55:00+00:00,22.25,22.25,22.25,22.25,1001,0.0,0.0
2025-06-20 05:10:00+00:00,22.25,22.299999237060547,22.25,22.25,3000,0.0,0.0
2025-06-20 05:15:00+00:00,22.25,22.299999237060547,22.200000762939453,22.200000762939453,9200,0.0,0.0
2025-06-20 05:20:00+00:00,22.149999618530273,22.399999618530273,22.100000381469727,22.399999618530273,25202,0.0,0.0
2025-06-23 01:00:00+00:00,22.100000381469727,22.100000381469727,21.799999237060547,21.799999237060547,0,0.0,0.0
2025-06-23 01:10:00+00:00,21.899999618530273,22.049999237060547,21.850000381469727,21.850000381469727,8031,0.0,0.0
2025-06-23 01:15:00+00:00,21.850000381469727,21.850000381469727,21.850000381469727,21.850000381469727,11000,0.0,0.0
2025-06-23 01:20:00+00:00,21.899999618530273,21.899999618530273,21.75,21.75,8000,0.0,0.0
2025-06-23 01:30:00+00:00,21.899999618530273,21.899999618530273,21.700000762939453,21.700000762939453,8010,0.0,0.0
2025-06-23 01:35:00+00:00,21.700000762939453,21.700000762939453,21.649999618530273,21.649999618530273,2000,0.0,0.0
2025-06-23 01:40:00+00:00,21.75,21.75,21.75,21.75,1000,0.0,0.0
2025-06-23 01:45:00+00:00,21.75,21.75,21.75,21.75,1001,0.0,0.0
2025-06-23 01:50:00+00:00,21.75,21.850000381469727,21.700000762939453,21.700000762939453,4000,0.0,0.0
2025-06-23 01:55:00+00:00,21.700000762939453,21.700000762939453,21.700000762939453,21.700000762939453,2051,0.0,0.0
2025-06-23 02:15:00+00:00,21.700000762939453,21.700000762939453,21.700000762939453,21.700000762939453,2000,0.0,0.0
2025-06-23 02:20:00+00:00,21.75,21.899999618530273,21.75,21.899999618530273,2050,0.0,0.0
2025-06-23 02:35:00+00:00,21.799999237060547,21.799999237060547,21.799999237060547,21.799999237060547,5000,0.0,0.0
2025-06-23 02:40:00+00:00,21.850000381469727,21.850000381469727,21.850000381469727,21.850000381469727,1010,0.0,0.0
2025-06-23 02:55:00+00:00,21.700000762939453,21.700000762939453,21.700000762939453,21.700000762939453,1499,0.0,0.0
2025-06-23 03:20:00+00:00,21.700000762939453,21.700000762939453,21.700000762939453,21.700000762939453,1000,0.0,0.0
2025-06-23 03:30:00+00:00,21.799999237060547,21.799999237060547,21.799999237060547,21.799999237060547,1000,0.0,0.0
2025-06-23 03:35:00+00:00,21.75,21.799999237060547,21.75,21.799999237060547,6000,0.0,0.0
2025-06-23 03:40:00+00:00,21.799999237060547,21.799999237060547,21.799999237060547,21.799999237060547,1000,0.0,0.0
2025-06-23 03:55:00+00:00,21.799999237060547,21.799999237060547,21.799999237060547,21.799999237060547,5000,0.0,0.0
2025-06-23 04:00:00+00:00,21.799999237060547,21.799999237060547,21.799999237060547,21.799999237060547,1101,0.0,0.0
2025-06-23 04:25:00+00:00,21.700000762939453,21.700000762939453,21.700000762939453,21.700000762939453,1000,0.0,0.0
2025-06-23 04:30:00+00:00,21.700000762939453,21.700000762939453,21.700000762939453,21.700000762939453,1001,0.0,0.0
2025-06-23 04:35:00+00:00,21.75,21.75,21.700000762939453,21.700000762939453,8005,0.0,0.0
2025-06-23 04:40:00+00:00,21.700000762939453,21.799999237060547,21.700000762939453,21.799999237060547,10000,0.0,0.0
2025-06-23 04:50:00+00:00,21.850000381469727,21.850000381469727,21.850000381469727,21.850000381469727,2011,0.0,0.0
2025-06-23 04:55:00+00:00,21.75,21.75,21.75,21.75,1000,0.0,0.0
2025-06-23 05:00:00+00:00,21.850000381469727,21.850000381469727,21.850000381469727,21.850000381469727,1000,0.0,0.0
2025-06-23 05:05:00+00:00,21.799999237060547,21.799999237060547,21.799999237060547,21.799999237060547,3053,0.0,0.0
2025-06-23 05:20:00+00:00,21.75,21.75,21.350000381469727,21.75,116359,0.0,0.0
2025-06-24 01:00:00+00:00,21.75,21.850000381469727,21.75,21.850000381469727,0,0.0,0.0
2025-06-24 01:05:00+00:00,21.899999618530273,22.0,21.899999618530273,22.0,11002,0.0,0.0
2025-06-24 01:10:00+00:00,22.0,22.0,22.0,22.0,1000,0.0,0.0
2025-06-24 01:15:00+00:00,22.0,22.0,22.0,22.0,1155,0.0,0.0
2025-06-24 01:25:00+00:00,22.0,22.0,22.0,22.0,1000,0.0,0.0
2025-06-24 01:30:00+00:00,21.950000762939453,22.0,21.950000762939453,22.0,6000,0.0,0.0
2025-06-24 01:40:00+00:00,22.049999237060547,22.100000381469727,22.0,22.100000381469727,9100,0.0,0.0
2025-06-24 01:45:00+00:00,22.100000381469727,22.100000381469727,22.100000381469727,22.100000381469727,1000,0.0,0.0
2025-06-24 01:50:00+00:00,22.100000381469727,22.100000381469727,22.100000381469727,22.100000381469727,1605,0.0,0.0
2025-06-24 01:55:00+00:00,22.100000381469727,22.100000381469727,22.100000381469727,22.100000381469727,1300,0.0,0.0
2025-06-24 02:00:00+00:00,22.049999237060547,22.049999237060547,22.049999237060547,22.049999237060547,1000,0.0,0.0
2025-06-24 02:05:00+00:00,22.049999237060547,22.049999237060547,22.049999237060547,22.049999237060547,1000,0.0,0.0
2025-06-24 02:10:00+00:00,22.0,22.049999237060547,22.0,22.0,7000,0.0,0.0
2025-06-24 02:15:00+00:00,22.049999237060547,22.049999237060547,22.049999237060547,22.049999237060547,4000,0.0,0.0
2025-06-24 02:20:00+00:00,22.049999237060547,22.049999237060547,22.049999237060547,22.049999237060547,1000,0.0,0.0
2025-06-24 02:30:00+00:00,22.049999237060547,22.049999237060547,22.049999237060547,22.049999237060547,1015,0.0,0.0
2025-06-24 02:45:00+00:00,21.899999618530273,21.899999618530273,21.850000381469727,21.850000381469727,10042,0.0,0.0
2025-06-24 02:50:00+00:00,21.850000381469727,21.850000381469727,21.850000381469727,21.850000381469727,3000,0.0,0.0
2025-06-24 02:55:00+00:00,21.899999618530273,21.899999618530273,21.899999618530273,21.899999618530273,1000,0.0,0.0
2025-06-24 03:00:00+00:00,21.950000762939453,21.950000762939453,21.850000381469727,21.950000762939453,11269,0.0,0.0
2025-06-24 03:15:00+00:00,21.899999618530273,21.899999618530273,21.899999618530273,21.899999618530273,7000,0.0,0.0
2025-06-24 03:20:00+00:00,22.0,22.0,22.0,22.0,3000,0.0,0.0
2025-06-24 03:30:00+00:00,22.0,22.0,22.0,22.0,2000,0.0,0.0
2025-06-24 03:35:00+00:00,22.0,22.0,22.0,22.0,1000,0.0,0.0
2025-06-24 03:40:00+00:00,21.850000381469727,21.850000381469727,21.850000381469727,21.850000381469727,1000,0.0,0.0
2025-06-24 03:45:00+00:00,21.899999618530273,21.899999618530273,21.899999618530273,21.899999618530273,9000,0.0,0.0
2025-06-24 03:50:00+00:00,22.0,22.0,22.0,22.0,2000,0.0,0.0
2025-06-24 04:20:00+00:00,21.899999618530273,21.899999618530273,21.850000381469727,21.850000381469727,8000,0.0,0.0
2025-06-24 04:30:00+00:00,21.850000381469727,21.850000381469727,21.850000381469727,21.850000381469727,1000,0.0,0.0
2025-06-24 04:35:00+00:00,21.899999618530273,21.899999618530273,21.899999618530273,21.899999618530273,2001,0.0,0.0
2025-06-24 04:40:00+00:00,21.950000762939453,21.950000762939453,21.950000762939453,21.950000762939453,1000,0.0,0.0
2025-06-24 04:45:00+00:00,21.850000381469727,21.850000381469727,21.850000381469727,21.850000381469727,1000,0.0,0.0
2025-06-24 04:55:00+00:00,21.850000381469727,21.850000381469727,21.850000381469727,21.850000381469727,2000,0.0,0.0
2025-06-24 05:00:00+00:00,21.899999618530273,21.899999618530273,21.899999618530273,21.899999618530273,2287,0.0,0.0
2025-06-24 05:05:00+00:00,21.850000381469727,21.899999618530273,21.850000381469727,21.899999618530273,3014,0.0,0.0
2025-06-24 05:20:00+00:00,21.950000762939453,21.950000762939453,21.950000762939453,21.950000762939453,1601,0.0,0.0
2025-06-25 01:00:00+00:00,22.049999237060547,22.049999237060547,22.049999237060547,22.049999237060547,0,0.0,0.0
2025-06-25 01:05:00+00:00,22.049999237060547,22.049999237060547,22.049999237060547,22.049999237060547,3000,0.0,0.0
2025-06-25 01:15:00+00:00,22.049999237060547,22.049999237060547,22.049999237060547,22.049999237060547,3008,0.0,0.0
2025-06-25 01:25:00+00:00,22.049999237060547,22.049999237060547,22.049999237060547,22.049999237060547,1000,0.0,0.0
2025-06-25 01:30:00+00:00,22.0,22.0,22.0,22.0,2000,0.0,0.0
2025-06-25 01:50:00+00:00,22.0,22.0,22.0,22.0,1000,0.0,0.0
2025-06-25 01:55:00+00:00,21.950000762939453,22.0,21.950000762939453,22.0,2000,0.0,0.0
2025-06-25 02:00:00+00:00,22.049999237060547,22.049999237060547,22.049999237060547,22.049999237060547,1000,0.0,0.0
2025-06-25 02:05:00+00:00,22.0,22.0,22.0,22.0,1001,0.0,0.0
2025-06-25 02:15:00+00:00,22.049999237060547,22.049999237060547,22.049999237060547,22.049999237060547,2010,0.0,0.0
2025-06-25 02:25:00+00:00,22.049999237060547,22.100000381469727,22.049999237060547,22.100000381469727,2000,0.0,0.0
2025-06-25 02:30:00+00:00,22.100000381469727,22.100000381469727,22.049999237060547,22.049999237060547,2100,0.0,0.0
2025-06-25 02:40:00+00:00,22.049999237060547,22.049999237060547,22.049999237060547,22.049999237060547,1020,0.0,0.0
2025-06-25 02:55:00+00:00,22.049999237060547,22.049999237060547,22.049999237060547,22.049999237060547,1010,0.0,0.0
2025-06-25 03:05:00+00:00,22.100000381469727,22.100000381469727,22.100000381469727,22.100000381469727,2000,0.0,0.0
2025-06-25 03:10:00+00:00,22.100000381469727,22.149999618530273,22.100000381469727,22.149999618530273,2000,0.0,0.0
2025-06-25 03:35:00+00:00,22.100000381469727,22.200000762939453,22.100000381469727,22.200000762939453,37992,0.0,0.0
2025-06-25 03:40:00+00:00,22.25,22.299999237060547,22.25,22.299999237060547,5010,0.0,0.0
2025-06-25 03:45:00+00:00,22.200000762939453,22.200000762939453,22.200000762939453,22.200000762939453,1000,0.0,0.0
2025-06-25 03:50:00+00:00,22.200000762939453,22.200000762939453,22.200000762939453,22.200000762939453,1000,0.0,0.0
2025-06-25 04:00:00+00:00,22.25,22.299999237060547,22.25,22.299999237060547,2008,0.0,0.0
2025-06-25 04:50:00+00:00,22.149999618530273,22.149999618530273,22.149999618530273,22.149999618530273,1000,0.0,0.0
2025-06-25 04:55:00+00:00,22.149999618530273,22.149999618530273,22.100000381469727,22.100000381469727,2000,0.0,0.0
2025-06-25 05:05:00+00:00,22.200000762939453,22.200000762939453,22.200000762939453,22.200000762939453,1000,0.0,0.0
2025-06-25 05:10:00+00:00,22.200000762939453,22.200000762939453,22.200000762939453,22.200000762939453,1001,0.0,0.0
2025-06-25 05:20:00+00:00,22.200000762939453,22.200000762939453,22.200000762939453,22.200000762939453,5282,0.0,0.0
2025-06-26 01:00:00+00:00,22.200000762939453,22.200000762939453,22.200000762939453,22.200000762939453,0,0.0,0.0
2025-06-26 01:05:00+00:00,22.299999237060547,22.299999237060547,22.25,22.25,6000,0.0,0.0
2025-06-26 01:10:00+00:00,22.350000381469727,22.350000381469727,22.350000381469727,22.350000381469727,3000,0.0,0.0
2025-06-26 01:15:00+00:00,22.350000381469727,22.399999618530273,22.350000381469727,22.399999618530273,5000,0.0,0.0
2025-06-26 01:20:00+00:00,22.399999618530273,22.399999618530273,22.299999237060547,22.299999237060547,6000,0.0,0.0
2025-06-26 01:25:00+00:00,22.450000762939453,22.450000762939453,22.399999618530273,22.399999618530273,2020,0.0,0.0
2025-06-26 01:30:00+00:00,22.450000762939453,22.450000762939453,22.450000762939453,22.450000762939453,1000,0.0,0.0
2025-06-26 01:40:00+00:00,22.399999618530273,22.399999618530273,22.399999618530273,22.399999618530273,1000,0.0,0.0
2025-06-26 01:45:00+00:00,22.299999237060547,22.299999237060547,22.299999237060547,22.299999237060547,3000,0.0,0.0
2025-06-26 01:50:00+00:00,22.399999618530273,22.399999618530273,22.399999618530273,22.399999618530273,1100,0.0,0.0
2025-06-26 02:00:00+00:00,22.299999237060547,22.299999237060547,22.299999237060547,22.299999237060547,1000,0.0,0.0
2025-06-26 02:10:00+00:00,22.399999618530273,22.399999618530273,22.399999618530273,22.399999618530273,1000,0.0,0.0
2025-06-26 02:15:00+00:00,22.450000762939453,22.450000762939453,22.450000762939453,22.450000762939453,1000,0.0,0.0
2025-06-26 02:20:00+00:00,22.450000762939453,22.450000762939453,22.399999618530273,22.399999618530273,9000,0.0,0.0
2025-06-26 02:25:00+00:00,22.5,22.5,22.5,22.5,1000,0.0,0.0
2025-06-26 02:30:00+00:00,22.5,22.5,22.5,22.5,2000,0.0,0.0
2025-06-26 02:40:00+00:00,22.399999618530273,22.450000762939453,22.399999618530273,22.450000762939453,3060,0.0,0.0
2025-06-26 02:50:00+00:00,22.450000762939453,22.450000762939453,22.450000762939453,22.450000762939453,2001,0.0,0.0
2025-06-26 03:10:00+00:00,22.450000762939453,22.450000762939453,22.399999618530273,22.450000762939453,3029,0.0,0.0
2025-06-26 03:25:00+00:00,22.450000762939453,22.450000762939453,22.450000762939453,22.450000762939453,2245,0.0,0.0
2025-06-26 03:30:00+00:00,22.399999618530273,22.399999618530273,22.399999618530273,22.399999618530273,4000,0.0,0.0
2025-06-26 03:40:00+00:00,22.450000762939453,22.450000762939453,22.450000762939453,22.450000762939453,1000,0.0,0.0
2025-06-26 03:45:00+00:00,22.450000762939453,22.450000762939453,22.450000762939453,22.450000762939453,3000,0.0,0.0
2025-06-26 03:50:00+00:00,22.450000762939453,22.450000762939453,22.450000762939453,22.450000762939453,1000,0.0,0.0
2025-06-26 04:15:00+00:00,22.450000762939453,22.450000762939453,22.450000762939453,22.450000762939453,1000,0.0,0.0
2025-06-26 04:25:00+00:00,22.350000381469727,22.350000381469727,22.350000381469727,22.350000381469727,4201,0.0,0.0
2025-06-26 04:30:00+00:00,22.399999618530273,22.399999618530273,22.399999618530273,22.399999618530273,2000,0.0,0.0
2025-06-26 04:50:00+00:00,22.450000762939453,22.450000762939453,22.450000762939453,22.450000762939453,1071,0.0,0.0
2025-06-26 05:15:00+00:00,22.350000381469727,22.350000381469727,22.25,22.25,8000,0.0,0.0
2025-06-26 05:20:00+00:00,22.399999618530273,22.450000762939453,22.399999618530273,22.450000762939453,3404,0.0,0.0
2025-06-27 01:00:00+00:00,22.399999618530273,22.450000762939453,22.399999618530273,22.450000762939453,0,0.0,0.0
2025-06-27 01:05:00+00:00,22.450000762939453,22.450000762939453,22.450000762939453,22.450000762939453,1005,0.0,0.0
2025-06-27 01:10:00+00:00,22.5,22.549999237060547,22.450000762939453,22.549999237060547,18000,0.0,0.0
2025-06-27 01:15:00+00:00,22.450000762939453,22.450000762939453,22.450000762939453,22.450000762939453,1001,0.0,0.0
2025-06-27 01:20:00+00:00,22.600000381469727,22.600000381469727,22.399999618530273,22.399999618530273,7010,0.0,0.0
2025-06-27 01:30:00+00:00,22.399999618530273,22.399999618530273,22.399999618530273,22.399999618530273,1000,0.0,0.0
2025-06-27 01:35:00+00:00,22.5,22.5,22.5,22.5,2000,0.0,0.0
2025-06-27 01:50:00+00:00,22.399999618530273,22.399999618530273,22.399999618530273,22.399999618530273,1000,0.0,0.0
2025-06-27 02:00:00+00:00,22.450000762939453,22.450000762939453,22.450000762939453,22.450000762939453,1000,0.0,0.0
2025-06-27 02:05:00+00:00,22.450000762939453,22.450000762939453,22.450000762939453,22.450000762939453,2000,0.0,0.0
2025-06-27 02:10:00+00:00,22.450000762939453,22.450000762939453,22.450000762939453,22.450000762939453,1000,0.0,0.0
2025-06-27 02:15:00+00:00,22.450000762939453,22.450000762939453,22.450000762939453,22.450000762939453,1000,0.0,0.0
2025-06-27 02:20:00+00:00,22.399999618530273,22.399999618530273,22.399999618530273,22.399999618530273,2000,0.0,0.0
2025-06-27 02:30:00+00:00,22.5,22.5,22.5,22.5,1001,0.0,0.0
2025-06-27 02:35:00+00:00,22.350000381469727,22.350000381469727,22.350000381469727,22.350000381469727,1002,0.0,0.0
2025-06-27 03:00:00+00:00,22.399999618530273,22.5,22.399999618530273,22.5,11114,0.0,0.0
2025-06-27 03:05:00+00:00,22.5,22.5,22.5,22.5,14400,0.0,0.0
2025-06-27 03:10:00+00:00,22.549999237060547,22.549999237060547,22.5,22.5,5000,0.0,0.0
2025-06-27 03:15:00+00:00,22.549999237060547,22.549999237060547,22.549999237060547,22.549999237060547,1000,0.0,0.0
2025-06-27 03:20:00+00:00,22.399999618530273,22.549999237060547,22.399999618530273,22.549999237060547,2001,0.0,0.0
2025-06-27 03:25:00+00:00,22.399999618530273,22.399999618530273,22.399999618530273,22.399999618530273,2000,0.0,0.0
2025-06-27 03:30:00+00:00,22.399999618530273,22.399999618530273,22.399999618530273,22.399999618530273,2002,0.0,0.0
2025-06-27 03:50:00+00:00,22.399999618530273,22.399999618530273,22.399999618530273,22.399999618530273,2057,0.0,0.0
2025-06-27 04:00:00+00:00,22.5,22.5,22.5,22.5,2001,0.0,0.0
2025-06-27 04:20:00+00:00,22.5,22.5,22.5,22.5,1000,0.0,0.0
2025-06-27 04:25:00+00:00,22.399999618530273,22.399999618530273,22.399999618530273,22.399999618530273,10000,0.0,0.0
2025-06-27 04:30:00+00:00,22.5,22.549999237060547,22.5,22.549999237060547,4000,0.0,0.0
2025-06-27 04:35:00+00:00,22.450000762939453,22.450000762939453,22.450000762939453,22.450000762939453,2000,0.0,0.0
2025-06-27 04:40:00+00:00,22.600000381469727,22.600000381469727,22.600000381469727,22.600000381469727,3015,0.0,0.0
2025-06-27 04:50:00+00:00,22.549999237060547,22.549999237060547,22.5,22.5,5000,0.0,0.0
2025-06-27 05:00:00+00:00,22.600000381469727,22.600000381469727,22.5,22.5,12000,0.0,0.0
2025-06-27 05:10:00+00:00,22.600000381469727,22.600000381469727,22.549999237060547,22.549999237060547,4489,0.0,0.0
2025-06-27 05:20:00+00:00,22.549999237060547,22.600000381469727,22.549999237060547,22.600000381469727,3601,0.0,0.0
2025-06-30 01:00:00+00:00,22.399999618530273,22.450000762939453,22.399999618530273,22.450000762939453,0,0.0,0.0
2025-06-30 01:05:00+00:00,22.450000762939453,22.450000762939453,22.450000762939453,22.450000762939453,2012,0.0,0.0
2025-06-30 01:15:00+00:00,22.450000762939453,22.450000762939453,22.399999618530273,22.399999618530273,6208,0.0,0.0
2025-06-30 01:30:00+00:00,22.350000381469727,22.5,22.350000381469727,22.5,7000,0.0,0.0
2025-06-30 01:40:00+00:00,22.5,22.5,22.5,22.5,1034,0.0,0.0
2025-06-30 02:10:00+00:00,22.5,22.5,22.5,22.5,1000,0.0,0.0
2025-06-30 02:40:00+00:00,22.350000381469727,22.350000381469727,22.350000381469727,22.350000381469727,2001,0.0,0.0
2025-06-30 02:55:00+00:00,22.350000381469727,22.350000381469727,22.350000381469727,22.350000381469727,3000,0.0,0.0
2025-06-30 03:00:00+00:00,22.399999618530273,22.399999618530273,22.399999618530273,22.399999618530273,1000,0.0,0.0
2025-06-30 03:10:00+00:00,22.350000381469727,22.350000381469727,22.350000381469727,22.350000381469727,1001,0.0,0.0
2025-06-30 03:35:00+00:00,22.350000381469727,22.350000381469727,22.350000381469727,22.350000381469727,7000,0.0,0.0
2025-06-30 03:40:00+00:00,22.399999618530273,22.399999618530273,22.399999618530273,22.399999618530273,1280,0.0,0.0
2025-06-30 04:35:00+00:00,22.299999237060547,22.299999237060547,22.299999237060547,22.299999237060547,1013,0.0,0.0
2025-06-30 04:40:00+00:00,22.299999237060547,22.299999237060547,22.299999237060547,22.299999237060547,5019,0.0,0.0
2025-06-30 04:50:00+00:00,22.299999237060547,22.299999237060547,22.299999237060547,22.299999237060547,1000,0.0,0.0
2025-06-30 05:00:00+00:00,22.25,22.350000381469727,22.25,22.25,3000,0.0,0.0
2025-06-30 05:10:00+00:00,22.350000381469727,22.350000381469727,22.350000381469727,22.350000381469727,1040,0.0,0.0
2025-06-30 05:20:00+00:00,22.25,22.25,22.25,22.25,2408,0.0,0.0
2025-07-01 01:00:00+00:00,22.25,22.5,22.25,22.399999618530273,0,0.0,0.0
2025-07-01 01:05:00+00:00,22.5,22.600000381469727,22.5,22.549999237060547,13001,0.0,0.0
2025-07-01 01:10:00+00:00,22.600000381469727,22.649999618530273,22.600000381469727,22.649999618530273,8000,0.0,0.0
2025-07-01 01:15:00+00:00,22.649999618530273,22.649999618530273,22.649999618530273,22.649999618530273,1000,0.0,0.0
2025-07-01 01:20:00+00:00,22.649999618530273,22.649999618530273,22.649999618530273,22.649999618530273,5000,0.0,0.0
2025-07-01 01:30:00+00:00,22.649999618530273,22.649999618530273,22.649999618530273,22.649999618530273,2000,0.0,0.0
2025-07-01 01:35:00+00:00,22.649999618530273,22.649999618530273,22.649999618530273,22.649999618530273,3000,0.0,0.0
2025-07-01 01:40:00+00:00,22.649999618530273,22.700000762939453,22.649999618530273,22.700000762939453,11000,0.0,0.0
2025-07-01 01:45:00+00:00,22.700000762939453,22.700000762939453,22.700000762939453,22.700000762939453,1000,0.0,0.0
2025-07-01 01:50:00+00:00,22.700000762939453,22.700000762939453,22.700000762939453,22.700000762939453,9050,0.0,0.0
2025-07-01 01:55:00+00:00,22.700000762939453,22.700000762939453,22.700000762939453,22.700000762939453,4000,0.0,0.0
2025-07-01 02:00:00+00:00,22.700000762939453,22.75,22.700000762939453,22.75,4000,0.0,0.0
2025-07-01 02:05:00+00:00,22.700000762939453,22.700000762939453,22.700000762939453,22.700000762939453,5000,0.0,0.0
2025-07-01 02:10:00+00:00,22.75,22.75,22.75,22.75,8001,0.0,0.0
2025-07-01 02:15:00+00:00,22.75,22.75,22.75,22.75,1020,0.0,0.0
2025-07-01 02:20:00+00:00,22.75,22.75,22.700000762939453,22.700000762939453,3000,0.0,0.0
2025-07-01 02:35:00+00:00,22.600000381469727,22.600000381469727,22.600000381469727,22.600000381469727,10001,0.0,0.0
2025-07-01 02:40:00+00:00,22.75,22.75,22.75,22.75,2000,0.0,0.0
2025-07-01 02:45:00+00:00,22.75,22.75,22.75,22.75,1001,0.0,0.0
2025-07-01 02:50:00+00:00,22.75,22.75,22.75,22.75,1008,0.0,0.0
2025-07-01 03:05:00+00:00,22.600000381469727,22.600000381469727,22.600000381469727,22.600000381469727,1000,0.0,0.0
2025-07-01 03:10:00+00:00,22.700000762939453,22.700000762939453,22.700000762939453,22.700000762939453,1010,0.0,0.0
2025-07-01 03:15:00+00:00,22.700000762939453,22.700000762939453,22.700000762939453,22.700000762939453,1000,0.0,0.0
2025-07-01 03:25:00+00:00,22.700000762939453,22.700000762939453,22.700000762939453,22.700000762939453,1286,0.0,0.0
2025-07-01 03:35:00+00:00,22.600000381469727,22.600000381469727,22.549999237060547,22.549999237060547,3000,0.0,0.0
2025-07-01 03:45:00+00:00,22.75,22.75,22.75,22.75,1745,0.0,0.0
2025-07-01 04:05:00+00:00,22.700000762939453,22.700000762939453,22.700000762939453,22.700000762939453,2000,0.0,0.0
2025-07-01 04:10:00+00:00,22.75,22.75,22.700000762939453,22.75,10251,0.0,0.0
2025-07-01 04:15:00+00:00,22.75,22.75,22.75,22.75,1000,0.0,0.0
2025-07-01 04:20:00+00:00,22.75,22.75,22.75,22.75,2003,0.0,0.0
2025-07-01 04:45:00+00:00,22.649999618530273,22.649999618530273,22.649999618530273,22.649999618530273,5000,0.0,0.0
2025-07-01 04:50:00+00:00,22.600000381469727,22.600000381469727,22.5,22.5,6000,0.0,0.0
2025-07-01 04:55:00+00:00,22.5,22.600000381469727,22.399999618530273,22.399999618530273,11000,0.0,0.0
2025-07-01 05:00:00+00:00,22.399999618530273,22.649999618530273,22.399999618530273,22.399999618530273,9000,0.0,0.0
2025-07-01 05:05:00+00:00,22.399999618530273,22.5,22.350000381469727,22.5,7000,0.0,0.0
2025-07-01 05:10:00+00:00,22.350000381469727,22.649999618530273,22.299999237060547,22.299999237060547,11100,0.0,0.0
2025-07-01 05:15:00+00:00,22.350000381469727,22.350000381469727,22.350000381469727,22.350000381469727,8000,0.0,0.0
2025-07-01 05:20:00+00:00,22.350000381469727,22.5,22.299999237060547,22.5,8001,0.0,0.0
2025-05-05 01:00:00+00:00,23.850000381469727,23.850000381469727,23.700000762939453,23.700000762939453,0,0.0,0.0
2025-05-05 01:05:00+00:00,23.649999618530273,23.649999618530273,23.600000381469727,23.600000381469727,11059,0.0,0.0
2025-05-05 01:10:00+00:00,23.600000381469727,23.600000381469727,23.549999237060547,23.600000381469727,15246,0.0,0.0
2025-05-05 01:15:00+00:00,23.600000381469727,23.600000381469727,23.549999237060547,23.600000381469727,11019,0.0,0.0
2025-05-05 01:20:00+00:00,23.549999237060547,23.549999237060547,23.399999618530273,23.399999618530273,17126,0.0,0.0
2025-05-05 01:25:00+00:00,23.450000762939453,23.600000381469727,23.450000762939453,23.600000381469727,4000,0.0,0.0
2025-05-05 01:30:00+00:00,23.399999618530273,23.399999618530273,23.200000762939453,23.200000762939453,36099,0.0,0.0
2025-05-05 01:35:00+00:00,23.200000762939453,23.25,23.200000762939453,23.200000762939453,20119,0.0,0.0
2025-05-05 01:40:00+00:00,23.200000762939453,23.200000762939453,23.149999618530273,23.149999618530273,6000,0.0,0.0
2025-05-05 01:45:00+00:00,23.149999618530273,23.149999618530273,23.100000381469727,23.100000381469727,9000,0.0,0.0
2025-05-05 01:50:00+00:00,23.100000381469727,23.100000381469727,23.100000381469727,23.100000381469727,2011,0.0,0.0
2025-05-05 01:55:00+00:00,23.100000381469727,23.100000381469727,23.100000381469727,23.100000381469727,1000,0.0,0.0
2025-05-05 02:00:00+00:00,23.049999237060547,23.100000381469727,23.049999237060547,23.049999237060547,12000,0.0,0.0
2025-05-05 02:05:00+00:00,23.100000381469727,23.100000381469727,23.0,23.049999237060547,27301,0.0,0.0
2025-05-05 02:10:00+00:00,23.0,23.049999237060547,23.0,23.049999237060547,4000,0.0,0.0
2025-05-05 02:15:00+00:00,23.0,23.0,22.799999237060547,22.799999237060547,15090,0.0,0.0
2025-05-05 02:25:00+00:00,22.899999618530273,22.899999618530273,22.899999618530273,22.899999618530273,2000,0.0,0.0
2025-05-05 02:30:00+00:00,22.899999618530273,22.899999618530273,22.850000381469727,22.850000381469727,6209,0.0,0.0
2025-05-05 02:35:00+00:00,22.899999618530273,22.899999618530273,22.899999618530273,22.899999618530273,2001,0.0,0.0
2025-05-05 02:40:00+00:00,22.899999618530273,22.899999618530273,22.850000381469727,22.899999618530273,3000,0.0,0.0
2025-05-05 02:45:00+00:00,22.899999618530273,22.899999618530273,22.899999618530273,22.899999618530273,5000,0.0,0.0
2025-05-05 02:50:00+00:00,22.850000381469727,22.850000381469727,22.850000381469727,22.850000381469727,8003,0.0,0.0
2025-05-05 03:00:00+00:00,22.850000381469727,22.850000381469727,22.850000381469727,22.850000381469727,1440,0.0,0.0
2025-05-05 03:10:00+00:00,22.850000381469727,22.850000381469727,22.850000381469727,22.850000381469727,1000,0.0,0.0
2025-05-05 03:15:00+00:00,22.850000381469727,22.899999618530273,22.850000381469727,22.899999618530273,6000,0.0,0.0
2025-05-05 03:20:00+00:00,22.899999618530273,22.899999618530273,22.899999618530273,22.899999618530273,2000,0.0,0.0
2025-05-05 03:25:00+00:00,23.0,23.0,23.0,23.0,1000,0.0,0.0
2025-05-05 03:30:00+00:00,23.0,23.0,22.950000762939453,22.950000762939453,2000,0.0,0.0
2025-05-05 03:35:00+00:00,23.0,23.0,23.0,23.0,2000,0.0,0.0
2025-05-05 03:40:00+00:00,23.0,23.0,23.0,23.0,1050,0.0,0.0
2025-05-05 03:45:00+00:00,23.0,23.0,23.0,23.0,1007,0.0,0.0
2025-05-05 03:55:00+00:00,23.0,23.0,23.0,23.0,1000,0.0,0.0
2025-05-05 04:05:00+00:00,23.100000381469727,23.100000381469727,23.0,23.100000381469727,3000,0.0,0.0
2025-05-05 04:10:00+00:00,23.0,23.0,23.0,23.0,1000,0.0,0.0
2025-05-05 04:15:00+00:00,23.0,23.0,23.0,23.0,1001,0.0,0.0
2025-05-05 04:30:00+00:00,23.049999237060547,23.149999618530273,23.049999237060547,23.149999618530273,5000,0.0,0.0
2025-05-05 04:40:00+00:00,23.149999618530273,23.149999618530273,23.149999618530273,23.149999618530273,1000,0.0,0.0
2025-05-05 04:50:00+00:00,23.100000381469727,23.100000381469727,23.100000381469727,23.100000381469727,3000,0.0,0.0
2025-05-05 04:55:00+00:00,23.100000381469727,23.100000381469727,23.100000381469727,23.100000381469727,2000,0.0,0.0
2025-05-05 05:00:00+00:00,23.0,23.0,23.0,23.0,9000,0.0,0.0
2025-05-05 05:05:00+00:00,23.0,23.0,22.950000762939453,23.0,28000,0.0,0.0
2025-05-05 05:10:00+00:00,23.0,23.0,23.0,23.0,10000,0.0,0.0
2025-05-05 05:15:00+00:00,23.0,23.0,23.0,23.0,3831,0.0,0.0
2025-05-06 01:00:00+00:00,23.049999237060547,23.200000762939453,23.049999237060547,23.100000381469727,0,0.0,0.0
2025-05-06 01:05:00+00:00,23.100000381469727,23.100000381469727,23.049999237060547,23.049999237060547,6021,0.0,0.0
2025-05-06 01:10:00+00:00,23.049999237060547,23.200000762939453,23.049999237060547,23.200000762939453,19000,0.0,0.0
2025-05-06 01:15:00+00:00,23.200000762939453,23.25,22.950000762939453,22.950000762939453,50000,0.0,0.0
2025-05-06 01:20:00+00:00,22.950000762939453,23.100000381469727,22.950000762939453,23.100000381469727,9057,0.0,0.0
2025-05-06 01:30:00+00:00,23.049999237060547,23.049999237060547,22.950000762939453,22.950000762939453,5002,0.0,0.0
2025-05-06 01:35:00+00:00,22.950000762939453,22.950000762939453,22.950000762939453,22.950000762939453,20119,0.0,0.0
2025-05-06 01:40:00+00:00,22.899999618530273,22.899999618530273,22.850000381469727,22.850000381469727,6001,0.0,0.0
2025-05-06 01:45:00+00:00,22.850000381469727,22.850000381469727,22.850000381469727,22.850000381469727,4001,0.0,0.0
2025-05-06 01:50:00+00:00,22.850000381469727,22.850000381469727,22.799999237060547,22.799999237060547,42172,0.0,0.0
2025-05-06 01:55:00+00:00,22.850000381469727,22.850000381469727,22.649999618530273,22.649999618530273,61101,0.0,0.0
2025-05-06 02:00:00+00:00,22.700000762939453,22.899999618530273,22.700000762939453,22.899999618530273,39000,0.0,0.0
2025-05-06 02:05:00+00:00,22.899999618530273,22.899999618530273,22.899999618530273,22.899999618530273,10000,0.0,0.0
2025-05-06 02:10:00+00:00,22.850000381469727,22.899999618530273,22.75,22.899999618530273,59000,0.0,0.0
2025-05-06 02:15:00+00:00,22.899999618530273,22.899999618530273,22.850000381469727,22.850000381469727,17000,0.0,0.0
2025-05-06 02:25:00+00:00,22.850000381469727,22.950000762939453,22.850000381469727,22.950000762939453,20001,0.0,0.0
2025-05-06 02:30:00+00:00,22.950000762939453,22.950000762939453,22.950000762939453,22.950000762939453,2000,0.0,0.0
2025-05-06 02:35:00+00:00,22.850000381469727,22.850000381469727,22.799999237060547,22.799999237060547,19000,0.0,0.0
2025-05-06 02:40:00+00:00,22.799999237060547,22.899999618530273,22.799999237060547,22.899999618530273,20000,0.0,0.0
2025-05-06 02:50:00+00:00,22.850000381469727,22.850000381469727,22.799999237060547,22.799999237060547,3000,0.0,0.0
2025-05-06 02:55:00+00:00,22.850000381469727,22.850000381469727,22.850000381469727,22.850000381469727,24000,0.0,0.0
2025-05-06 03:00:00+00:00,22.899999618530273,22.950000762939453,22.899999618530273,22.950000762939453,23000,0.0,0.0
2025-05-06 03:10:00+00:00,22.899999618530273,22.899999618530273,22.899999618530273,22.899999618530273,6070,0.0,0.0
2025-05-06 03:20:00+00:00,22.850000381469727,22.850000381469727,22.850000381469727,22.850000381469727,10162,0.0,0.0
2025-05-06 03:25:00+00:00,22.850000381469727,22.850000381469727,22.799999237060547,22.799999237060547,2000,0.0,0.0
2025-05-06 03:30:00+00:00,22.899999618530273,22.899999618530273,22.899999618530273,22.899999618530273,5002,0.0,0.0
2025-05-06 03:35:00+00:00,22.899999618530273,22.950000762939453,22.899999618530273,22.950000762939453,29000,0.0,0.0
2025-05-06 03:40:00+00:00,23.0,23.0,22.950000762939453,22.950000762939453,13000,0.0,0.0
2025-05-06 03:50:00+00:00,22.899999618530273,22.899999618530273,22.899999618530273,22.899999618530273,2000,0.0,0.0
2025-05-06 03:55:00+00:00,22.899999618530273,22.899999618530273,22.899999618530273,22.899999618530273,9000,0.0,0.0
2025-05-06 04:00:00+00:00,22.950000762939453,22.950000762939453,22.950000762939453,22.950000762939453,11000,0.0,0.0
2025-05-06 04:05:00+00:00,22.899999618530273,22.899999618530273,22.899999618530273,22.899999618530273,1000,0.0,0.0
2025-05-06 04:10:00+00:00,22.899999618530273,22.899999618530273,22.899999618530273,22.899999618530273,6000,0.0,0.0
2025-05-06 04:15:00+00:00,22.899999618530273,22.899999618530273,22.899999618530273,22.899999618530273,1000,0.0,0.0
2025-05-06 04:20:00+00:00,22.850000381469727,22.850000381469727,22.850000381469727,22.850000381469727,1000,0.0,0.0
2025-05-06 04:30:00+00:00,22.850000381469727,22.850000381469727,22.799999237060547,22.799999237060547,26548,0.0,0.0
2025-05-06 04:35:00+00:00,22.850000381469727,22.850000381469727,22.799999237060547,22.799999237060547,2000,0.0,0.0
2025-05-06 04:40:00+00:00,22.799999237060547,22.799999237060547,22.799999237060547,22.799999237060547,22000,0.0,0.0
2025-05-06 04:45:00+00:00,22.799999237060547,22.799999237060547,22.799999237060547,22.799999237060547,12361,0.0,0.0
2025-05-06 04:50:00+00:00,22.75,22.799999237060547,22.75,22.799999237060547,20000,0.0,0.0
2025-05-06 04:55:00+00:00,22.799999237060547,22.799999237060547,22.75,22.75,3000,0.0,0.0
2025-05-06 05:00:00+00:00,22.75,22.799999237060547,22.75,22.799999237060547,5000,0.0,0.0
2025-05-06 05:05:00+00:00,22.799999237060547,22.850000381469727,22.799999237060547,22.850000381469727,20000,0.0,0.0
2025-05-06 05:10:00+00:00,22.850000381469727,22.850000381469727,22.799999237060547,22.799999237060547,3000,0.0,0.0
2025-05-06 05:15:00+00:00,22.799999237060547,22.799999237060547,22.799999237060547,22.799999237060547,5000,0.0,0.0
2025-05-06 05:20:00+00:00,22.799999237060547,22.799999237060547,22.799999237060547,22.799999237060547,12820,0.0,0.0
2025-05-07 01:00:00+00:00,22.899999618530273,23.0,22.899999618530273,23.0,0,0.0,0.0
2025-05-07 01:05:00+00:00,23.0,23.049999237060547,22.899999618530273,22.950000762939453,28031,0.0,0.0
2025-05-07 01:10:00+00:00,22.950000762939453,23.200000762939453,22.950000762939453,23.049999237060547,42000,0.0,0.0
2025-05-07 01:15:00+00:00,23.100000381469727,23.100000381469727,23.049999237060547,23.100000381469727,12000,0.0,0.0
2025-05-07 01:20:00+00:00,23.100000381469727,23.100000381469727,23.100000381469727,23.100000381469727,6000,0.0,0.0
2025-05-07 01:25:00+00:00,23.049999237060547,23.049999237060547,22.899999618530273,22.899999618530273,41071,0.0,0.0
2025-05-07 01:30:00+00:00,22.950000762939453,22.950000762939453,22.850000381469727,22.850000381469727,3000,0.0,0.0
2025-05-07 01:35:00+00:00,22.850000381469727,22.850000381469727,22.850000381469727,22.850000381469727,1000,0.0,0.0
2025-05-07 01:40:00+00:00,22.850000381469727,22.850000381469727,22.850000381469727,22.850000381469727,1001,0.0,0.0
2025-05-07 01:50:00+00:00,22.850000381469727,22.950000762939453,22.850000381469727,22.950000762939453,3000,0.0,0.0
2025-05-07 01:55:00+00:00,22.850000381469727,22.850000381469727,22.850000381469727,22.850000381469727,1001,0.0,0.0
2025-05-07 02:00:00+00:00,23.0,23.200000762939453,23.0,23.149999618530273,37241,0.0,0.0
2025-05-07 02:10:00+00:00,23.149999618530273,23.149999618530273,23.149999618530273,23.149999618530273,7000,0.0,0.0
2025-05-07 02:15:00+00:00,23.049999237060547,23.100000381469727,23.0,23.100000381469727,16071,0.0,0.0
2025-05-07 02:25:00+00:00,23.0,23.0,23.0,23.0,1000,0.0,0.0
2025-05-07 02:30:00+00:00,23.100000381469727,23.200000762939453,23.100000381469727,23.200000762939453,10000,0.0,0.0
2025-05-07 02:35:00+00:00,23.200000762939453,23.200000762939453,23.200000762939453,23.200000762939453,6000,0.0,0.0
2025-05-07 02:40:00+00:00,23.200000762939453,23.200000762939453,23.200000762939453,23.200000762939453,1000,0.0,0.0
2025-05-07 02:45:00+00:00,23.200000762939453,23.200000762939453,23.200000762939453,23.200000762939453,1000,0.0,0.0
2025-05-07 02:50:00+00:00,23.200000762939453,23.200000762939453,23.149999618530273,23.149999618530273,17000,0.0,0.0
2025-05-07 02:55:00+00:00,23.149999618530273,23.149999618530273,23.049999237060547,23.049999237060547,12535,0.0,0.0
2025-05-07 03:00:00+00:00,23.049999237060547,23.25,23.0,23.049999237060547,66000,0.0,0.0
2025-05-07 03:10:00+00:00,23.0,23.0,23.0,23.0,1000,0.0,0.0
2025-05-07 03:25:00+00:00,23.0,23.100000381469727,23.0,23.100000381469727,6000,0.0,0.0
2025-05-07 03:30:00+00:00,23.049999237060547,23.049999237060547,23.0,23.0,24000,0.0,0.0
2025-05-07 03:40:00+00:00,22.950000762939453,22.950000762939453,22.950000762939453,22.950000762939453,10018,0.0,0.0
2025-05-07 03:45:00+00:00,22.950000762939453,22.950000762939453,22.950000762939453,22.950000762939453,1020,0.0,0.0
2025-05-07 03:50:00+00:00,22.950000762939453,23.0,22.950000762939453,23.0,2000,0.0,0.0
2025-05-07 03:55:00+00:00,22.950000762939453,22.950000762939453,22.950000762939453,22.950000762939453,1000,0.0,0.0
2025-05-07 04:00:00+00:00,23.0,23.100000381469727,23.0,23.049999237060547,5000,0.0,0.0
2025-05-07 04:05:00+00:00,23.049999237060547,23.049999237060547,23.049999237060547,23.049999237060547,5000,0.0,0.0
2025-05-07 04:10:00+00:00,22.899999618530273,22.899999618530273,22.899999618530273,22.899999618530273,1000,0.0,0.0
2025-05-07 04:25:00+00:00,22.899999618530273,23.0,22.899999618530273,23.0,2000,0.0,0.0
2025-05-07 04:35:00+00:00,22.950000762939453,22.950000762939453,22.950000762939453,22.950000762939453,1000,0.0,0.0
2025-05-07 04:40:00+00:00,22.950000762939453,22.950000762939453,22.950000762939453,22.950000762939453,1000,0.0,0.0
2025-05-07 04:55:00+00:00,22.950000762939453,22.950000762939453,22.950000762939453,22.950000762939453,2000,0.0,0.0
2025-05-07 05:00:00+00:00,22.950000762939453,23.0,22.950000762939453,22.950000762939453,4000,0.0,0.0
2025-05-07 05:05:00+00:00,23.0,23.0,22.950000762939453,22.950000762939453,3000,0.0,0.0
2025-05-07 05:10:00+00:00,22.950000762939453,22.950000762939453,22.950000762939453,22.950000762939453,2013,0.0,0.0
2025-05-07 05:15:00+00:00,22.950000762939453,23.0,22.950000762939453,22.950000762939453,9210,0.0,0.0
2025-05-07 05:20:00+00:00,23.0,23.0,22.899999618530273,22.950000762939453,9781,0.0,0.0
2025-05-08 01:00:00+00:00,23.0,23.149999618530273,23.0,23.100000381469727,0,0.0,0.0
2025-05-08 01:10:00+00:00,23.100000381469727,23.200000762939453,23.100000381469727,23.200000762939453,34052,0.0,0.0
2025-05-08 01:15:00+00:00,23.200000762939453,23.200000762939453,23.200000762939453,23.200000762939453,55342,0.0,0.0
2025-05-08 02:30:00+00:00,23.100000381469727,23.100000381469727,23.100000381469727,23.100000381469727,0,0.0,0.0
2025-05-08 02:35:00+00:00,23.100000381469727,23.100000381469727,23.100000381469727,23.100000381469727,100290,0.0,0.0
2025-05-08 02:55:00+00:00,23.049999237060547,23.049999237060547,23.049999237060547,23.049999237060547,12000,0.0,0.0
2025-05-08 03:10:00+00:00,23.049999237060547,23.049999237060547,23.049999237060547,23.049999237060547,6247,0.0,0.0
2025-05-08 03:40:00+00:00,23.0,23.049999237060547,23.0,23.049999237060547,9011,0.0,0.0
2025-05-08 03:45:00+00:00,23.049999237060547,23.049999237060547,23.049999237060547,23.049999237060547,2000,0.0,0.0
2025-05-08 03:50:00+00:00,23.049999237060547,23.049999237060547,23.049999237060547,23.049999237060547,1000,0.0,0.0
2025-05-08 04:00:00+00:00,23.049999237060547,23.049999237060547,23.049999237060547,23.049999237060547,1020,0.0,0.0
2025-05-08 04:05:00+00:00,23.049999237060547,23.049999237060547,23.049999237060547,23.049999237060547,3000,0.0,0.0
2025-05-08 04:10:00+00:00,23.049999237060547,23.049999237060547,23.0,23.049999237060547,4000,0.0,0.0
2025-05-08 04:15:00+00:00,23.049999237060547,23.049999237060547,23.049999237060547,23.049999237060547,10000,0.0,0.0
2025-05-08 04:20:00+00:00,23.100000381469727,23.100000381469727,23.100000381469727,23.100000381469727,1000,0.0,0.0
2025-05-08 04:30:00+00:00,23.100000381469727,23.100000381469727,23.100000381469727,23.100000381469727,1000,0.0,0.0
2025-05-08 04:35:00+00:00,23.049999237060547,23.049999237060547,23.0,23.0,45204,0.0,0.0
2025-05-08 04:40:00+00:00,23.0,23.0,23.0,23.0,1000,0.0,0.0
2025-05-08 04:45:00+00:00,23.100000381469727,23.100000381469727,23.100000381469727,23.100000381469727,1000,0.0,0.0
2025-05-08 05:00:00+00:00,23.049999237060547,23.049999237060547,23.049999237060547,23.049999237060547,2000,0.0,0.0
2025-05-08 05:10:00+00:00,23.0,23.0,23.0,23.0,7020,0.0,0.0
2025-05-08 05:15:00+00:00,23.0,23.049999237060547,23.0,23.049999237060547,17000,0.0,0.0
2025-05-08 05:20:00+00:00,23.0,23.049999237060547,23.0,23.049999237060547,2000,0.0,0.0
2025-05-09 01:00:00+00:00,23.100000381469727,23.25,23.100000381469727,23.25,0,0.0,0.0
2025-05-09 01:05:00+00:00,23.100000381469727,23.100000381469727,23.100000381469727,23.100000381469727,1002,0.0,0.0
2025-05-09 01:10:00+00:00,23.100000381469727,23.100000381469727,23.100000381469727,23.100000381469727,1000,0.0,0.0
2025-05-09 01:15:00+00:00,23.100000381469727,23.100000381469727,23.049999237060547,23.049999237060547,12001,0.0,0.0
2025-05-09 01:20:00+00:00,23.049999237060547,23.049999237060547,22.950000762939453,22.950000762939453,8200,0.0,0.0
2025-05-09 01:25:00+00:00,23.049999237060547,23.049999237060547,23.049999237060547,23.049999237060547,3000,0.0,0.0
2025-05-09 01:30:00+00:00,23.049999237060547,23.049999237060547,23.049999237060547,23.049999237060547,5001,0.0,0.0
2025-05-09 01:40:00+00:00,23.100000381469727,23.100000381469727,23.100000381469727,23.100000381469727,3000,0.0,0.0
2025-05-09 01:45:00+00:00,23.049999237060547,23.049999237060547,23.049999237060547,23.049999237060547,10020,0.0,0.0
2025-05-09 01:50:00+00:00,23.049999237060547,23.049999237060547,23.0,23.0,7020,0.0,0.0
2025-05-09 01:55:00+00:00,23.0,23.0,23.0,23.0,1000,0.0,0.0
2025-05-09 02:00:00+00:00,23.100000381469727,23.100000381469727,23.100000381469727,23.100000381469727,7062,0.0,0.0
2025-05-09 02:05:00+00:00,23.149999618530273,23.25,23.149999618530273,23.25,3210,0.0,0.0
2025-05-09 02:15:00+00:00,23.200000762939453,23.200000762939453,23.200000762939453,23.200000762939453,1999,0.0,0.0
2025-05-09 02:20:00+00:00,23.200000762939453,23.350000381469727,23.100000381469727,23.100000381469727,24000,0.0,0.0
2025-05-09 02:30:00+00:00,23.100000381469727,23.100000381469727,23.100000381469727,23.100000381469727,1000,0.0,0.0
2025-05-09 02:40:00+00:00,23.100000381469727,23.100000381469727,23.100000381469727,23.100000381469727,1000,0.0,0.0
2025-05-09 03:05:00+00:00,23.100000381469727,23.100000381469727,23.100000381469727,23.100000381469727,2000,0.0,0.0
2025-05-09 03:15:00+00:00,23.100000381469727,23.100000381469727,23.049999237060547,23.049999237060547,0,0.0,0.0
2025-05-09 03:20:00+00:00,23.049999237060547,23.049999237060547,23.049999237060547,23.049999237060547,100567,0.0,0.0
2025-05-09 03:35:00+00:00,23.100000381469727,23.100000381469727,23.100000381469727,23.100000381469727,1000,0.0,0.0
2025-05-09 03:45:00+00:00,23.049999237060547,23.049999237060547,23.049999237060547,23.049999237060547,2101,0.0,0.0
2025-05-09 03:50:00+00:00,23.049999237060547,23.049999237060547,23.049999237060547,23.049999237060547,10001,0.0,0.0
2025-05-09 04:00:00+00:00,23.100000381469727,23.100000381469727,23.100000381469727,23.100000381469727,2000,0.0,0.0
2025-05-09 04:15:00+00:00,23.100000381469727,23.100000381469727,23.100000381469727,23.100000381469727,2500,0.0,0.0
2025-05-09 04:30:00+00:00,23.100000381469727,23.100000381469727,23.100000381469727,23.100000381469727,3000,0.0,0.0
2025-05-09 04:40:00+00:00,23.100000381469727,23.100000381469727,23.100000381469727,23.100000381469727,2000,0.0,0.0
2025-05-09 04:45:00+00:00,23.100000381469727,23.100000381469727,23.100000381469727,23.100000381469727,2000,0.0,0.0
2025-05-09 04:50:00+00:00,23.149999618530273,23.149999618530273,23.149999618530273,23.149999618530273,5000,0.0,0.0
2025-05-09 04:55:00+00:00,23.149999618530273,23.149999618530273,23.149999618530273,23.149999618530273,1020,0.0,0.0
2025-05-09 05:00:00+00:00,23.149999618530273,23.149999618530273,23.149999618530273,23.149999618530273,2000,0.0,0.0
2025-05-09 05:05:00+00:00,23.149999618530273,23.149999618530273,23.149999618530273,23.149999618530273,3000,0.0,0.0
2025-05-09 05:10:00+00:00,23.100000381469727,23.100000381469727,23.100000381469727,23.100000381469727,4208,0.0,0.0
2025-05-12 01:00:00+00:00,23.200000762939453,23.299999237060547,23.200000762939453,23.299999237060547,0,0.0,0.0
2025-05-12 01:10:00+00:00,23.25,23.25,23.200000762939453,23.200000762939453,18030,0.0,0.0
2025-05-12 01:15:00+00:00,23.200000762939453,23.200000762939453,23.200000762939453,23.200000762939453,10151,0.0,0.0
2025-05-12 01:20:00+00:00,23.25,23.25,23.25,23.25,1257,0.0,0.0
2025-05-12 01:35:00+00:00,23.25,23.399999618530273,23.25,23.399999618530273,26000,0.0,0.0
2025-05-12 01:40:00+00:00,23.399999618530273,23.399999618530273,23.399999618530273,23.399999618530273,4001,0.0,0.0
2025-05-12 01:45:00+00:00,23.399999618530273,23.399999618530273,23.399999618530273,23.399999618530273,12000,0.0,0.0
2025-05-12 01:50:00+00:00,23.399999618530273,23.399999618530273,23.399999618530273,23.399999618530273,1029,0.0,0.0
2025-05-12 01:55:00+00:00,23.450000762939453,23.450000762939453,23.450000762939453,23.450000762939453,2000,0.0,0.0
2025-05-12 02:05:00+00:00,23.450000762939453,23.450000762939453,23.450000762939453,23.450000762939453,11050,0.0,0.0
2025-05-12 02:15:00+00:00,23.450000762939453,23.450000762939453,23.450000762939453,23.450000762939453,2031,0.0,0.0
2025-05-12 02:30:00+00:00,23.450000762939453,23.450000762939453,23.450000762939453,23.450000762939453,3102,0.0,0.0
2025-05-12 02:35:00+00:00,23.450000762939453,23.450000762939453,23.450000762939453,23.450000762939453,1302,0.0,0.0
2025-05-12 02:40:00+00:00,23.450000762939453,23.450000762939453,23.450000762939453,23.450000762939453,4131,0.0,0.0
2025-05-12 02:45:00+00:00,23.450000762939453,23.450000762939453,23.450000762939453,23.450000762939453,1000,0.0,0.0
2025-05-12 03:00:00+00:00,23.450000762939453,23.450000762939453,23.450000762939453,23.450000762939453,2280,0.0,0.0
2025-05-12 03:05:00+00:00,23.450000762939453,23.450000762939453,23.450000762939453,23.450000762939453,3001,0.0,0.0
2025-05-12 03:15:00+00:00,23.450000762939453,23.450000762939453,23.450000762939453,23.450000762939453,2001,0.0,0.0
2025-05-12 03:20:00+00:00,23.450000762939453,23.450000762939453,23.450000762939453,23.450000762939453,1001,0.0,0.0
2025-05-12 03:30:00+00:00,23.450000762939453,23.450000762939453,23.450000762939453,23.450000762939453,1102,0.0,0.0
2025-05-12 03:40:00+00:00,23.399999618530273,23.399999618530273,23.399999618530273,23.399999618530273,1001,0.0,0.0
2025-05-12 03:55:00+00:00,23.399999618530273,23.399999618530273,23.299999237060547,23.299999237060547,30001,0.0,0.0
2025-05-12 04:10:00+00:00,23.399999618530273,23.399999618530273,23.399999618530273,23.399999618530273,3095,0.0,0.0
2025-05-12 04:30:00+00:00,23.399999618530273,23.450000762939453,23.399999618530273,23.450000762939453,6053,0.0,0.0
2025-05-12 04:40:00+00:00,23.5,23.5,23.5,23.5,4001,0.0,0.0
2025-05-12 04:45:00+00:00,23.5,23.5,23.399999618530273,23.399999618530273,4248,0.0,0.0
2025-05-12 04:55:00+00:00,23.5,23.549999237060547,23.5,23.549999237060547,6051,0.0,0.0
2025-05-12 05:00:00+00:00,23.450000762939453,23.450000762939453,23.450000762939453,23.450000762939453,1000,0.0,0.0
2025-05-12 05:10:00+00:00,23.5,23.5,23.5,23.5,1000,0.0,0.0
2025-05-12 05:15:00+00:00,23.5,23.549999237060547,23.450000762939453,23.549999237060547,4221,0.0,0.0
2025-05-12 05:20:00+00:00,23.549999237060547,23.549999237060547,23.549999237060547,23.549999237060547,1031,0.0,0.0
2025-05-13 01:00:00+00:00,23.600000381469727,23.850000381469727,23.600000381469727,23.850000381469727,0,0.0,0.0
2025-05-13 01:05:00+00:00,23.899999618530273,24.0,23.799999237060547,23.799999237060547,13134,0.0,0.0
2025-05-13 01:10:00+00:00,23.899999618530273,23.899999618530273,23.75,23.75,4000,0.0,0.0
2025-05-13 01:15:00+00:00,23.799999237060547,23.799999237060547,23.799999237060547,23.799999237060547,3000,0.0,0.0
2025-05-13 01:20:00+00:00,23.799999237060547,23.950000762939453,23.75,23.75,339014,0.0,0.0
2025-05-13 01:25:00+00:00,23.850000381469727,23.850000381469727,23.799999237060547,23.799999237060547,26000,0.0,0.0
2025-05-13 01:30:00+00:00,23.850000381469727,23.850000381469727,23.799999237060547,23.850000381469727,13000,0.0,0.0
2025-05-13 01:35:00+00:00,23.850000381469727,23.899999618530273,23.850000381469727,23.899999618530273,5000,0.0,0.0
2025-05-13 01:45:00+00:00,23.899999618530273,23.899999618530273,23.850000381469727,23.850000381469727,5002,0.0,0.0
2025-05-13 01:55:00+00:00,23.799999237060547,23.799999237060547,23.799999237060547,23.799999237060547,6000,0.0,0.0
2025-05-13 02:00:00+00:00,23.799999237060547,23.799999237060547,23.799999237060547,23.799999237060547,3000,0.0,0.0
2025-05-13 02:05:00+00:00,23.850000381469727,23.850000381469727,23.75,23.75,6204,0.0,0.0
2025-05-13 02:10:00+00:00,23.700000762939453,23.700000762939453,23.700000762939453,23.700000762939453,1000,0.0,0.0
2025-05-13 02:15:00+00:00,23.700000762939453,23.700000762939453,23.700000762939453,23.700000762939453,3000,0.0,0.0
2025-05-13 02:20:00+00:00,23.700000762939453,23.700000762939453,23.700000762939453,23.700000762939453,11000,0.0,0.0
2025-05-13 02:30:00+00:00,23.700000762939453,23.700000762939453,23.700000762939453,23.700000762939453,1250,0.0,0.0
2025-05-13 02:40:00+00:00,23.700000762939453,23.700000762939453,23.700000762939453,23.700000762939453,2001,0.0,0.0
2025-05-13 02:50:00+00:00,23.700000762939453,23.700000762939453,23.700000762939453,23.700000762939453,1000,0.0,0.0
2025-05-13 03:00:00+00:00,23.649999618530273,23.649999618530273,23.649999618530273,23.649999618530273,9010,0.0,0.0
2025-05-13 03:05:00+00:00,23.649999618530273,23.649999618530273,23.649999618530273,23.649999618530273,1000,0.0,0.0
2025-05-13 03:10:00+00:00,23.600000381469727,23.600000381469727,23.600000381469727,23.600000381469727,14000,0.0,0.0
2025-05-13 03:15:00+00:00,23.549999237060547,23.549999237060547,23.549999237060547,23.549999237060547,5212,0.0,0.0
2025-05-13 03:20:00+00:00,23.5,23.549999237060547,23.5,23.549999237060547,23503,0.0,0.0
2025-05-13 03:25:00+00:00,23.5,23.5,23.5,23.5,1000,0.0,0.0
2025-05-13 03:55:00+00:00,23.5,23.5,23.5,23.5,6016,0.0,0.0
2025-05-13 04:00:00+00:00,23.5,23.5,23.5,23.5,15404,0.0,0.0
2025-05-13 04:05:00+00:00,23.450000762939453,23.450000762939453,23.450000762939453,23.450000762939453,5000,0.0,0.0
2025-05-13 04:10:00+00:00,23.5,23.5,23.5,23.5,1001,0.0,0.0
2025-05-13 04:15:00+00:00,23.450000762939453,23.450000762939453,23.450000762939453,23.450000762939453,4009,0.0,0.0
2025-05-13 04:25:00+00:00,23.399999618530273,23.399999618530273,23.399999618530273,23.399999618530273,1002,0.0,0.0
2025-05-13 04:30:00+00:00,23.5,23.5,23.200000762939453,23.200000762939453,26352,0.0,0.0
2025-05-13 04:35:00+00:00,23.299999237060547,23.350000381469727,23.100000381469727,23.350000381469727,41378,0.0,0.0
2025-05-13 04:40:00+00:00,23.299999237060547,23.299999237060547,23.299999237060547,23.299999237060547,1004,0.0,0.0
2025-05-13 04:50:00+00:00,23.299999237060547,23.299999237060547,23.299999237060547,23.299999237060547,2107,0.0,0.0
2025-05-13 04:55:00+00:00,23.299999237060547,23.299999237060547,23.25,23.25,9200,0.0,0.0
2025-05-13 05:00:00+00:00,23.25,23.25,23.25,23.25,3000,0.0,0.0
2025-05-13 05:05:00+00:00,23.299999237060547,23.299999237060547,23.299999237060547,23.299999237060547,3000,0.0,0.0
2025-05-13 05:10:00+00:00,23.299999237060547,23.299999237060547,23.299999237060547,23.299999237060547,4000,0.0,0.0
2025-05-13 05:15:00+00:00,23.299999237060547,23.350000381469727,23.299999237060547,23.350000381469727,7000,0.0,0.0
2025-05-13 05:20:00+00:00,23.25,23.399999618530273,23.25,23.399999618530273,5208,0.0,0.0
2025-05-14 01:00:00+00:00,23.5,23.600000381469727,23.5,23.549999237060547,0,0.0,0.0
2025-05-14 01:05:00+00:00,23.549999237060547,23.549999237060547,23.549999237060547,23.549999237060547,6138,0.0,0.0
2025-05-14 01:15:00+00:00,23.549999237060547,23.600000381469727,23.549999237060547,23.600000381469727,12000,0.0,0.0
2025-05-14 01:20:00+00:00,23.600000381469727,23.600000381469727,23.600000381469727,23.600000381469727,2000,0.0,0.0
2025-05-14 01:25:00+00:00,23.600000381469727,23.600000381469727,23.600000381469727,23.600000381469727,2000,0.0,0.0
2025-05-14 01:30:00+00:00,23.600000381469727,23.600000381469727,23.600000381469727,23.600000381469727,1294,0.0,0.0
2025-05-14 01:35:00+00:00,23.600000381469727,23.600000381469727,23.600000381469727,23.600000381469727,1000,0.0,0.0
2025-05-14 01:40:00+00:00,23.600000381469727,23.600000381469727,23.600000381469727,23.600000381469727,10000,0.0,0.0
2025-05-14 01:45:00+00:00,23.600000381469727,23.600000381469727,23.549999237060547,23.549999237060547,10000,0.0,0.0
2025-05-14 01:50:00+00:00,23.600000381469727,23.600000381469727,23.600000381469727,23.600000381469727,1007,0.0,0.0
2025-05-14 02:00:00+00:00,23.549999237060547,23.549999237060547,23.549999237060547,23.549999237060547,2012,0.0,0.0
2025-05-14 02:10:00+00:00,23.600000381469727,23.600000381469727,23.600000381469727,23.600000381469727,2000,0.0,0.0
2025-05-14 02:15:00+00:00,23.549999237060547,23.549999237060547,23.549999237060547,23.549999237060547,11001,0.0,0.0
2025-05-14 02:25:00+00:00,23.549999237060547,23.549999237060547,23.549999237060547,23.549999237060547,15000,0.0,0.0
2025-05-14 02:35:00+00:00,23.5,23.5,23.5,23.5,6000,0.0,0.0
2025-05-14 02:40:00+00:00,23.5,23.549999237060547,23.5,23.549999237060547,44000,0.0,0.0
2025-05-14 02:45:00+00:00,23.549999237060547,23.549999237060547,23.549999237060547,23.549999237060547,7001,0.0,0.0
2025-05-14 03:05:00+00:00,23.600000381469727,23.649999618530273,23.600000381469727,23.649999618530273,13000,0.0,0.0
2025-05-14 03:15:00+00:00,23.649999618530273,23.649999618530273,23.649999618530273,23.649999618530273,4000,0.0,0.0
2025-05-14 03:20:00+00:00,23.649999618530273,23.649999618530273,23.649999618530273,23.649999618530273,3002,0.0,0.0
2025-05-14 03:25:00+00:00,23.700000762939453,23.700000762939453,23.700000762939453,23.700000762939453,1000,0.0,0.0
2025-05-14 03:35:00+00:00,23.649999618530273,23.649999618530273,23.649999618530273,23.649999618530273,2000,0.0,0.0
2025-05-14 03:45:00+00:00,23.649999618530273,23.649999618530273,23.600000381469727,23.600000381469727,2000,0.0,0.0
2025-05-14 03:50:00+00:00,23.649999618530273,23.649999618530273,23.649999618530273,23.649999618530273,2000,0.0,0.0
2025-05-14 04:00:00+00:00,23.600000381469727,23.600000381469727,23.600000381469727,23.600000381469727,1000,0.0,0.0
2025-05-14 04:05:00+00:00,23.649999618530273,23.700000762939453,23.600000381469727,23.600000381469727,6000,0.0,0.0
2025-05-14 04:10:00+00:00,23.600000381469727,23.649999618530273,23.600000381469727,23.649999618530273,3000,0.0,0.0
2025-05-14 04:20:00+00:00,23.649999618530273,23.649999618530273,23.649999618530273,23.649999618530273,1020,0.0,0.0
2025-05-14 04:25:00+00:00,23.649999618530273,23.649999618530273,23.649999618530273,23.649999618530273,7026,0.0,0.0
2025-05-14 04:30:00+00:00,23.649999618530273,23.75,23.649999618530273,23.75,12020,0.0,0.0
2025-05-14 04:35:00+00:00,23.75,23.75,23.75,23.75,2037,0.0,0.0
2025-05-14 04:40:00+00:00,23.75,23.75,23.75,23.75,10013,0.0,0.0
2025-05-14 04:45:00+00:00,23.700000762939453,23.700000762939453,23.700000762939453,23.700000762939453,3112,0.0,0.0
2025-05-14 04:55:00+00:00,23.75,23.75,23.75,23.75,6061,0.0,0.0
2025-05-14 05:00:00+00:00,23.75,23.75,23.75,23.75,4248,0.0,0.0
2025-05-14 05:05:00+00:00,23.75,23.799999237060547,23.700000762939453,23.799999237060547,18177,0.0,0.0
2025-05-14 05:10:00+00:00,23.799999237060547,23.799999237060547,23.75,23.799999237060547,6054,0.0,0.0
2025-05-14 05:20:00+00:00,23.799999237060547,23.799999237060547,23.799999237060547,23.799999237060547,6403,0.0,0.0
2025-05-15 01:00:00+00:00,23.850000381469727,23.850000381469727,23.75,23.850000381469727,0,0.0,0.0
2025-05-15 01:05:00+00:00,23.850000381469727,23.950000762939453,23.850000381469727,23.899999618530273,19000,0.0,0.0
2025-05-15 01:10:00+00:00,23.950000762939453,24.0,23.950000762939453,24.0,5219,0.0,0.0
2025-05-15 01:15:00+00:00,24.0,24.0,23.899999618530273,23.899999618530273,3018,0.0,0.0
2025-05-15 01:20:00+00:00,23.950000762939453,23.950000762939453,23.850000381469727,23.850000381469727,10000,0.0,0.0
2025-05-15 01:25:00+00:00,23.850000381469727,23.850000381469727,23.700000762939453,23.700000762939453,28107,0.0,0.0
2025-05-15 01:30:00+00:00,23.799999237060547,23.850000381469727,23.799999237060547,23.850000381469727,2000,0.0,0.0
2025-05-15 01:35:00+00:00,23.700000762939453,23.700000762939453,23.700000762939453,23.700000762939453,1000,0.0,0.0
2025-05-15 01:40:00+00:00,23.799999237060547,23.799999237060547,23.799999237060547,23.799999237060547,1000,0.0,0.0
2025-05-15 01:50:00+00:00,23.75,23.75,23.75,23.75,2102,0.0,0.0
2025-05-15 02:00:00+00:00,23.700000762939453,23.700000762939453,23.649999618530273,23.649999618530273,6000,0.0,0.0
2025-05-15 02:05:00+00:00,23.700000762939453,23.700000762939453,23.700000762939453,23.700000762939453,1000,0.0,0.0
2025-05-15 02:10:00+00:00,23.700000762939453,23.700000762939453,23.700000762939453,23.700000762939453,1000,0.0,0.0
2025-05-15 02:15:00+00:00,23.700000762939453,23.700000762939453,23.700000762939453,23.700000762939453,4000,0.0,0.0
2025-05-15 02:20:00+00:00,23.75,23.75,23.75,23.75,1001,0.0,0.0
2025-05-15 02:55:00+00:00,23.75,23.75,23.649999618530273,23.700000762939453,20243,0.0,0.0
2025-05-15 03:00:00+00:00,23.700000762939453,23.700000762939453,23.649999618530273,23.649999618530273,3021,0.0,0.0
2025-05-15 03:05:00+00:00,23.649999618530273,23.649999618530273,23.649999618530273,23.649999618530273,6000,0.0,0.0
2025-05-15 03:20:00+00:00,23.649999618530273,23.649999618530273,23.649999618530273,23.649999618530273,1000,0.0,0.0
2025-05-15 03:35:00+00:00,23.649999618530273,23.649999618530273,23.600000381469727,23.600000381469727,9000,0.0,0.0
2025-05-15 03:40:00+00:00,23.600000381469727,23.600000381469727,23.549999237060547,23.549999237060547,6000,0.0,0.0
2025-05-15 03:50:00+00:00,23.600000381469727,23.600000381469727,23.600000381469727,23.600000381469727,2000,0.0,0.0
2025-05-15 04:00:00+00:00,23.649999618530273,23.649999618530273,23.649999618530273,23.649999618530273,1000,0.0,0.0
2025-05-15 04:05:00+00:00,23.600000381469727,23.600000381469727,23.600000381469727,23.600000381469727,1000,0.0,0.0
2025-05-15 04:10:00+00:00,23.600000381469727,23.600000381469727,23.600000381469727,23.600000381469727,1000,0.0,0.0
2025-05-15 04:15:00+00:00,23.600000381469727,23.600000381469727,23.600000381469727,23.600000381469727,5055,0.0,0.0
2025-05-15 04:20:00+00:00,23.549999237060547,23.549999237060547,23.549999237060547,23.549999237060547,3000,0.0,0.0
2025-05-15 04:25:00+00:00,23.549999237060547,23.549999237060547,23.549999237060547,23.549999237060547,1000,0.0,0.0
2025-05-15 04:30:00+00:00,23.549999237060547,23.649999618530273,23.549999237060547,23.649999618530273,5067,0.0,0.0
2025-05-15 04:40:00+00:00,23.549999237060547,23.549999237060547,23.549999237060547,23.549999237060547,1000,0.0,0.0
2025-05-15 04:45:00+00:00,23.549999237060547,23.549999237060547,23.549999237060547,23.549999237060547,6000,0.0,0.0
2025-05-15 04:50:00+00:00,23.600000381469727,23.600000381469727,23.600000381469727,23.600000381469727,1031,0.0,0.0
2025-05-15 05:10:00+00:00,23.600000381469727,23.600000381469727,23.600000381469727,23.600000381469727,6000,0.0,0.0
2025-05-15 05:15:00+00:00,23.600000381469727,23.600000381469727,23.600000381469727,23.600000381469727,2000,0.0,0.0
2025-05-15 05:20:00+00:00,23.600000381469727,23.600000381469727,23.600000381469727,23.600000381469727,1417,0.0,0.0
2025-05-16 01:00:00+00:00,23.75,23.75,23.600000381469727,23.600000381469727,0,0.0,0.0
2025-05-16 01:15:00+00:00,23.600000381469727,23.600000381469727,23.600000381469727,23.600000381469727,1097,0.0,0.0
2025-05-16 01:20:00+00:00,23.600000381469727,23.600000381469727,23.600000381469727,23.600000381469727,1000,0.0,0.0
2025-05-16 01:25:00+00:00,23.600000381469727,23.600000381469727,23.600000381469727,23.600000381469727,1001,0.0,0.0
2025-05-16 01:55:00+00:00,23.600000381469727,23.600000381469727,23.600000381469727,23.600000381469727,1000,0.0,0.0
2025-05-16 02:00:00+00:00,23.600000381469727,23.600000381469727,23.600000381469727,23.600000381469727,2144,0.0,0.0
2025-05-16 02:10:00+00:00,23.600000381469727,23.600000381469727,23.600000381469727,23.600000381469727,5026,0.0,0.0
2025-05-16 02:20:00+00:00,23.600000381469727,23.600000381469727,23.600000381469727,23.600000381469727,5000,0.0,0.0
2025-05-16 02:25:00+00:00,23.600000381469727,23.600000381469727,23.549999237060547,23.549999237060547,6040,0.0,0.0
2025-05-16 02:30:00+00:00,23.649999618530273,23.649999618530273,23.649999618530273,23.649999618530273,1095,0.0,0.0
2025-05-16 02:45:00+00:00,23.600000381469727,23.600000381469727,23.600000381469727,23.600000381469727,3001,0.0,0.0
2025-05-16 03:20:00+00:00,23.600000381469727,23.649999618530273,23.600000381469727,23.649999618530273,2000,0.0,0.0
2025-05-16 03:30:00+00:00,23.600000381469727,23.649999618530273,23.600000381469727,23.649999618530273,5000,0.0,0.0
2025-05-16 03:35:00+00:00,23.649999618530273,23.649999618530273,23.600000381469727,23.600000381469727,15009,0.0,0.0
2025-05-16 03:40:00+00:00,23.649999618530273,23.649999618530273,23.600000381469727,23.600000381469727,4000,0.0,0.0
2025-05-16 03:45:00+00:00,23.649999618530273,23.649999618530273,23.649999618530273,23.649999618530273,3000,0.0,0.0
2025-05-16 03:50:00+00:00,23.649999618530273,23.649999618530273,23.600000381469727,23.600000381469727,4035,0.0,0.0
2025-05-16 03:55:00+00:00,23.600000381469727,23.600000381469727,23.600000381469727,23.600000381469727,2000,0.0,0.0
2025-05-16 04:00:00+00:00,23.649999618530273,23.649999618530273,23.649999618530273,23.649999618530273,1001,0.0,0.0
2025-05-16 04:35:00+00:00,23.600000381469727,23.600000381469727,23.600000381469727,23.600000381469727,3000,0.0,0.0
2025-05-16 04:40:00+00:00,23.600000381469727,23.600000381469727,23.600000381469727,23.600000381469727,1000,0.0,0.0
2025-05-16 04:45:00+00:00,23.600000381469727,23.600000381469727,23.600000381469727,23.600000381469727,4001,0.0,0.0
2025-05-16 04:50:00+00:00,23.649999618530273,23.649999618530273,23.649999618530273,23.649999618530273,1056,0.0,0.0
2025-05-16 05:10:00+00:00,23.649999618530273,23.649999618530273,23.600000381469727,23.600000381469727,3000,0.0,0.0
2025-05-16 05:15:00+00:00,23.600000381469727,23.600000381469727,23.600000381469727,23.600000381469727,1200,0.0,0.0
2025-05-16 05:20:00+00:00,23.600000381469727,23.600000381469727,23.549999237060547,23.549999237060547,3367,0.0,0.0
2025-05-19 01:00:00+00:00,23.600000381469727,23.600000381469727,23.399999618530273,23.399999618530273,0,0.0,0.0
2025-05-19 01:05:00+00:00,23.399999618530273,23.399999618530273,23.399999618530273,23.399999618530273,12015,0.0,0.0
2025-05-19 01:10:00+00:00,23.5,23.5,23.350000381469727,23.350000381469727,3085,0.0,0.0
2025-05-19 01:15:00+00:00,23.350000381469727,23.350000381469727,23.350000381469727,23.350000381469727,1000,0.0,0.0
2025-05-19 01:20:00+00:00,23.299999237060547,23.350000381469727,23.25,23.350000381469727,9013,0.0,0.0
2025-05-19 01:30:00+00:00,23.450000762939453,23.450000762939453,23.450000762939453,23.450000762939453,2000,0.0,0.0
2025-05-19 01:35:00+00:00,23.299999237060547,23.299999237060547,23.299999237060547,23.299999237060547,2000,0.0,0.0
2025-05-19 01:40:00+00:00,23.299999237060547,23.299999237060547,23.299999237060547,23.299999237060547,1200,0.0,0.0
2025-05-19 02:15:00+00:00,23.299999237060547,23.299999237060547,23.299999237060547,23.299999237060547,4299,0.0,0.0
2025-05-19 02:20:00+00:00,23.350000381469727,23.350000381469727,23.350000381469727,23.350000381469727,1000,0.0,0.0
2025-05-19 02:25:00+00:00,23.299999237060547,23.299999237060547,23.299999237060547,23.299999237060547,9000,0.0,0.0
2025-05-19 02:30:00+00:00,23.299999237060547,23.299999237060547,23.299999237060547,23.299999237060547,4286,0.0,0.0
2025-05-19 02:40:00+00:00,23.299999237060547,23.299999237060547,23.299999237060547,23.299999237060547,1001,0.0,0.0
2025-05-19 02:50:00+00:00,23.299999237060547,23.299999237060547,23.299999237060547,23.299999237060547,1000,0.0,0.0
2025-05-19 03:05:00+00:00,23.25,23.25,23.200000762939453,23.200000762939453,11000,0.0,0.0
2025-05-19 03:10:00+00:00,23.350000381469727,23.350000381469727,23.350000381469727,23.350000381469727,2000,0.0,0.0
2025-05-19 03:20:00+00:00,23.200000762939453,23.200000762939453,23.149999618530273,23.149999618530273,10010,0.0,0.0
2025-05-19 03:25:00+00:00,23.200000762939453,23.200000762939453,23.200000762939453,23.200000762939453,2070,0.0,0.0
2025-05-19 03:30:00+00:00,23.200000762939453,23.200000762939453,23.149999618530273,23.149999618530273,4346,0.0,0.0
2025-05-19 03:35:00+00:00,23.100000381469727,23.100000381469727,23.100000381469727,23.100000381469727,1000,0.0,0.0
2025-05-19 03:40:00+00:00,23.200000762939453,23.200000762939453,23.200000762939453,23.200000762939453,2000,0.0,0.0
2025-05-19 03:45:00+00:00,23.100000381469727,23.100000381469727,23.100000381469727,23.100000381469727,4350,0.0,0.0
2025-05-19 03:50:00+00:00,23.100000381469727,23.100000381469727,23.100000381469727,23.100000381469727,1000,0.0,0.0
2025-05-19 03:55:00+00:00,23.049999237060547,23.049999237060547,23.049999237060547,23.049999237060547,1000,0.0,0.0
2025-05-19 04:00:00+00:00,23.200000762939453,23.200000762939453,23.200000762939453,23.200000762939453,1000,0.0,0.0
2025-05-19 04:05:00+00:00,23.100000381469727,23.100000381469727,23.049999237060547,23.049999237060547,7000,0.0,0.0
2025-05-19 04:10:00+00:00,23.100000381469727,23.100000381469727,23.049999237060547,23.049999237060547,2000,0.0,0.0
2025-05-19 04:20:00+00:00,23.049999237060547,23.049999237060547,23.049999237060547,23.049999237060547,2000,0.0,0.0
2025-05-19 04:25:00+00:00,23.049999237060547,23.049999237060547,23.049999237060547,23.049999237060547,5000,0.0,0.0
2025-05-19 04:30:00+00:00,23.100000381469727,23.100000381469727,23.100000381469727,23.100000381469727,1102,0.0,0.0
2025-05-19 04:35:00+00:00,23.049999237060547,23.049999237060547,23.049999237060547,23.049999237060547,2000,0.0,0.0
2025-05-19 04:45:00+00:00,23.100000381469727,23.100000381469727,23.049999237060547,23.049999237060547,3100,0.0,0.0
2025-05-19 04:50:00+00:00,23.100000381469727,23.100000381469727,23.049999237060547,23.100000381469727,33000,0.0,0.0
2025-05-19 04:55:00+00:00,23.100000381469727,23.200000762939453,23.100000381469727,23.200000762939453,7000,0.0,0.0
2025-05-19 05:10:00+00:00,23.200000762939453,23.200000762939453,23.200000762939453,23.200000762939453,1001,0.0,0.0
2025-05-19 05:20:00+00:00,23.200000762939453,23.25,23.200000762939453,23.25,2000,0.0,0.0
2025-05-20 01:00:00+00:00,23.25,23.25,23.25,23.25,0,0.0,0.0
2025-05-20 01:30:00+00:00,23.149999618530273,23.149999618530273,23.149999618530273,23.149999618530273,5000,0.0,0.0
2025-05-20 01:40:00+00:00,23.100000381469727,23.100000381469727,23.100000381469727,23.100000381469727,3156,0.0,0.0
2025-05-20 02:20:00+00:00,23.149999618530273,23.149999618530273,23.149999618530273,23.149999618530273,2000,0.0,0.0
2025-05-20 02:25:00+00:00,23.049999237060547,23.100000381469727,23.049999237060547,23.100000381469727,3000,0.0,0.0
2025-05-20 02:30:00+00:00,23.100000381469727,23.100000381469727,23.100000381469727,23.100000381469727,2000,0.0,0.0
2025-05-20 02:35:00+00:00,23.100000381469727,23.100000381469727,23.100000381469727,23.100000381469727,1002,0.0,0.0
2025-05-20 02:45:00+00:00,23.100000381469727,23.100000381469727,23.100000381469727,23.100000381469727,1000,0.0,0.0
2025-05-20 02:50:00+00:00,23.100000381469727,23.100000381469727,23.100000381469727,23.100000381469727,1000,0.0,0.0
2025-05-20 02:55:00+00:00,23.049999237060547,23.149999618530273,23.049999237060547,23.149999618530273,5500,0.0,0.0
2025-05-20 03:05:00+00:00,23.200000762939453,23.200000762939453,23.200000762939453,23.200000762939453,1000,0.0,0.0
2025-05-20 03:10:00+00:00,23.200000762939453,23.25,23.200000762939453,23.25,25000,0.0,0.0
2025-05-20 03:15:00+00:00,23.200000762939453,23.200000762939453,23.200000762939453,23.200000762939453,1000,0.0,0.0
2025-05-20 03:20:00+00:00,23.200000762939453,23.200000762939453,23.200000762939453,23.200000762939453,3000,0.0,0.0
2025-05-20 03:25:00+00:00,23.149999618530273,23.149999618530273,23.100000381469727,23.100000381469727,6000,0.0,0.0
2025-05-20 03:30:00+00:00,23.149999618530273,23.200000762939453,23.149999618530273,23.149999618530273,3017,0.0,0.0
2025-05-20 04:20:00+00:00,23.049999237060547,23.049999237060547,23.049999237060547,23.049999237060547,2095,0.0,0.0
2025-05-20 04:25:00+00:00,23.049999237060547,23.049999237060547,23.0,23.0,20100,0.0,0.0
2025-05-20 04:30:00+00:00,23.100000381469727,23.149999618530273,23.100000381469727,23.149999618530273,4000,0.0,0.0
2025-05-20 04:35:00+00:00,23.149999618530273,23.200000762939453,23.100000381469727,23.100000381469727,22000,0.0,0.0
2025-05-20 04:40:00+00:00,23.200000762939453,23.200000762939453,23.200000762939453,23.200000762939453,3000,0.0,0.0
2025-05-20 04:50:00+00:00,23.25,23.25,23.25,23.25,1015,0.0,0.0
2025-05-20 05:00:00+00:00,23.25,23.25,23.200000762939453,23.200000762939453,4100,0.0,0.0
2025-05-20 05:05:00+00:00,23.200000762939453,23.200000762939453,23.200000762939453,23.200000762939453,1000,0.0,0.0
2025-05-20 05:10:00+00:00,23.25,23.25,23.100000381469727,23.100000381469727,7000,0.0,0.0
2025-05-20 05:15:00+00:00,23.100000381469727,23.100000381469727,23.100000381469727,23.100000381469727,4000,0.0,0.0
2025-05-20 05:20:00+00:00,23.100000381469727,23.100000381469727,23.100000381469727,23.100000381469727,1532,0.0,0.0
2025-05-21 01:00:00+00:00,23.25,23.25,23.25,23.25,0,0.0,0.0
2025-05-21 01:05:00+00:00,23.299999237060547,23.350000381469727,23.299999237060547,23.350000381469727,2406,0.0,0.0
2025-05-21 01:15:00+00:00,23.399999618530273,23.450000762939453,23.399999618530273,23.450000762939453,7001,0.0,0.0
2025-05-21 01:25:00+00:00,23.450000762939453,23.450000762939453,23.450000762939453,23.450000762939453,4000,0.0,0.0
2025-05-21 01:30:00+00:00,23.5,23.5,23.5,23.5,1000,0.0,0.0
2025-05-21 01:35:00+00:00,23.450000762939453,23.450000762939453,23.450000762939453,23.450000762939453,1021,0.0,0.0
2025-05-21 01:40:00+00:00,23.5,23.5,23.5,23.5,3000,0.0,0.0
2025-05-21 01:45:00+00:00,23.5,23.5,23.5,23.5,1000,0.0,0.0
2025-05-21 01:50:00+00:00,23.5,23.5,23.5,23.5,1000,0.0,0.0
2025-05-21 01:55:00+00:00,23.450000762939453,23.450000762939453,23.450000762939453,23.450000762939453,1001,0.0,0.0
2025-05-21 02:00:00+00:00,23.450000762939453,23.450000762939453,23.450000762939453,23.450000762939453,2000,0.0,0.0
2025-05-21 02:05:00+00:00,23.299999237060547,23.299999237060547,23.299999237060547,23.299999237060547,2204,0.0,0.0
2025-05-21 02:15:00+00:00,23.299999237060547,23.299999237060547,23.299999237060547,23.299999237060547,1000,0.0,0.0
2025-05-21 02:20:00+00:00,23.299999237060547,23.299999237060547,23.299999237060547,23.299999237060547,20027,0.0,0.0
2025-05-21 02:30:00+00:00,23.450000762939453,23.450000762939453,23.450000762939453,23.450000762939453,4000,0.0,0.0
2025-05-21 02:55:00+00:00,23.450000762939453,23.450000762939453,23.450000762939453,23.450000762939453,1000,0.0,0.0
2025-05-21 03:00:00+00:00,23.450000762939453,23.450000762939453,23.450000762939453,23.450000762939453,3000,0.0,0.0
2025-05-21 03:05:00+00:00,23.450000762939453,23.450000762939453,23.450000762939453,23.450000762939453,1000,0.0,0.0
2025-05-21 03:10:00+00:00,23.5,23.5,23.5,23.5,1000,0.0,0.0
2025-05-21 03:15:00+00:00,23.5,23.5,23.5,23.5,1000,0.0,0.0
2025-05-21 03:20:00+00:00,23.5,23.5,23.5,23.5,1000,0.0,0.0
2025-05-21 03:25:00+00:00,23.5,23.5,23.5,23.5,1000,0.0,0.0
2025-05-21 03:30:00+00:00,23.5,23.5,23.5,23.5,16000,0.0,0.0
2025-05-21 03:35:00+00:00,23.5,23.5,23.5,23.5,2000,0.0,0.0
2025-05-21 03:40:00+00:00,23.549999237060547,23.549999237060547,23.549999237060547,23.549999237060547,5000,0.0,0.0
2025-05-21 03:45:00+00:00,23.5,23.5,23.5,23.5,2000,0.0,0.0
2025-05-21 03:50:00+00:00,23.600000381469727,23.600000381469727,23.600000381469727,23.600000381469727,1000,0.0,0.0
2025-05-21 04:05:00+00:00,23.549999237060547,23.549999237060547,23.549999237060547,23.549999237060547,1000,0.0,0.0
2025-05-21 04:10:00+00:00,23.600000381469727,23.600000381469727,23.600000381469727,23.600000381469727,1002,0.0,0.0
2025-05-21 04:15:00+00:00,23.600000381469727,23.600000381469727,23.549999237060547,23.549999237060547,12050,0.0,0.0
2025-05-21 04:20:00+00:00,23.600000381469727,23.649999618530273,23.600000381469727,23.649999618530273,17000,0.0,0.0
2025-05-21 04:30:00+00:00,23.700000762939453,23.700000762939453,23.649999618530273,23.649999618530273,4100,0.0,0.0
2025-05-21 04:40:00+00:00,23.700000762939453,23.700000762939453,23.700000762939453,23.700000762939453,2000,0.0,0.0
2025-05-21 05:00:00+00:00,23.649999618530273,23.649999618530273,23.649999618530273,23.649999618530273,3000,0.0,0.0
2025-05-21 05:05:00+00:00,23.600000381469727,23.600000381469727,23.600000381469727,23.600000381469727,1000,0.0,0.0
2025-05-21 05:10:00+00:00,23.649999618530273,23.75,23.649999618530273,23.75,33110,0.0,0.0
2025-05-21 05:15:00+00:00,23.799999237060547,23.799999237060547,23.799999237060547,23.799999237060547,18000,0.0,0.0
2025-05-21 05:20:00+00:00,23.75,23.799999237060547,23.75,23.75,4000,0.0,0.0
2025-05-22 01:00:00+00:00,23.75,23.75,23.75,23.75,0,0.0,0.0
2025-05-22 01:05:00+00:00,23.5,23.75,23.5,23.75,2030,0.0,0.0
2025-05-22 01:10:00+00:00,23.5,23.5,23.5,23.5,2000,0.0,0.0
2025-05-22 01:15:00+00:00,23.549999237060547,23.549999237060547,23.5,23.5,4000,0.0,0.0
2025-05-22 01:20:00+00:00,23.5,23.5,23.5,23.5,4000,0.0,0.0
2025-05-22 01:30:00+00:00,23.5,23.5,23.5,23.5,1209,0.0,0.0
2025-05-22 01:40:00+00:00,23.5,23.5,23.5,23.5,2251,0.0,0.0
2025-05-22 01:50:00+00:00,23.450000762939453,23.450000762939453,23.450000762939453,23.450000762939453,2390,0.0,0.0
2025-05-22 02:00:00+00:00,23.399999618530273,23.399999618530273,23.299999237060547,23.299999237060547,3000,0.0,0.0
2025-05-22 02:10:00+00:00,23.399999618530273,23.399999618530273,23.399999618530273,23.399999618530273,1000,0.0,0.0
2025-05-22 02:15:00+00:00,23.399999618530273,23.450000762939453,23.399999618530273,23.450000762939453,12000,0.0,0.0
2025-05-22 02:20:00+00:00,23.5,23.5,23.5,23.5,5000,0.0,0.0
2025-05-22 02:30:00+00:00,23.5,23.5,23.5,23.5,2000,0.0,0.0
2025-05-22 02:40:00+00:00,23.600000381469727,23.649999618530273,23.600000381469727,23.649999618530273,4011,0.0,0.0
2025-05-22 02:55:00+00:00,23.549999237060547,23.549999237060547,23.549999237060547,23.549999237060547,5000,0.0,0.0
2025-05-22 03:00:00+00:00,23.649999618530273,23.649999618530273,23.649999618530273,23.649999618530273,1000,0.0,0.0
2025-05-22 03:15:00+00:00,23.600000381469727,23.600000381469727,23.600000381469727,23.600000381469727,5000,0.0,0.0
2025-05-22 03:25:00+00:00,23.649999618530273,23.649999618530273,23.649999618530273,23.649999618530273,1000,0.0,0.0
2025-05-22 03:35:00+00:00,23.649999618530273,23.649999618530273,23.649999618530273,23.649999618530273,1009,0.0,0.0
2025-05-22 04:20:00+00:00,23.649999618530273,23.649999618530273,23.649999618530273,23.649999618530273,1000,0.0,0.0
2025-05-22 04:30:00+00:00,23.549999237060547,23.549999237060547,23.549999237060547,23.549999237060547,0,0.0,0.0
2025-05-22 04:40:00+00:00,23.649999618530273,23.649999618530273,23.549999237060547,23.549999237060547,70950,0.0,0.0
2025-05-22 04:50:00+00:00,23.549999237060547,23.549999237060547,23.399999618530273,23.450000762939453,11083,0.0,0.0
2025-05-22 05:00:00+00:00,23.600000381469727,23.649999618530273,23.600000381469727,23.649999618530273,2002,0.0,0.0
2025-05-22 05:20:00+00:00,23.5,23.5,23.5,23.5,2017,0.0,0.0
2025-05-23 01:00:00+00:00,23.450000762939453,23.549999237060547,23.450000762939453,23.549999237060547,0,0.0,0.0
2025-05-23 01:05:00+00:00,23.5,23.549999237060547,23.5,23.549999237060547,2009,0.0,0.0
2025-05-23 01:10:00+00:00,23.5,23.5,23.5,23.5,2000,0.0,0.0
2025-05-23 01:20:00+00:00,23.5,23.5,23.5,23.5,3018,0.0,0.0
2025-05-23 01:35:00+00:00,23.450000762939453,23.450000762939453,23.450000762939453,23.450000762939453,4002,0.0,0.0
2025-05-23 01:40:00+00:00,23.5,23.5,23.5,23.5,1070,0.0,0.0
2025-05-23 02:05:00+00:00,23.450000762939453,23.450000762939453,23.450000762939453,23.450000762939453,1000,0.0,0.0
2025-05-23 02:10:00+00:00,23.450000762939453,23.450000762939453,23.450000762939453,23.450000762939453,2000,0.0,0.0
2025-05-23 02:25:00+00:00,23.450000762939453,23.450000762939453,23.450000762939453,23.450000762939453,1001,0.0,0.0
2025-05-23 02:35:00+00:00,23.450000762939453,23.450000762939453,23.450000762939453,23.450000762939453,1000,0.0,0.0
2025-05-23 02:40:00+00:00,23.399999618530273,23.399999618530273,23.399999618530273,23.399999618530273,7004,0.0,0.0
2025-05-23 02:50:00+00:00,23.5,23.5,23.5,23.5,2716,0.0,0.0
2025-05-23 04:30:00+00:00,23.399999618530273,23.399999618530273,23.399999618530273,23.399999618530273,4000,0.0,0.0
2025-05-23 04:40:00+00:00,23.450000762939453,23.450000762939453,23.450000762939453,23.450000762939453,1051,0.0,0.0
2025-05-23 04:55:00+00:00,23.350000381469727,23.350000381469727,23.350000381469727,23.350000381469727,6101,0.0,0.0
2025-05-23 05:00:00+00:00,23.350000381469727,23.450000762939453,23.350000381469727,23.450000762939453,3221,0.0,0.0
2025-05-23 05:10:00+00:00,23.399999618530273,23.399999618530273,23.399999618530273,23.399999618530273,1000,0.0,0.0
2025-05-23 05:15:00+00:00,23.350000381469727,23.399999618530273,23.350000381469727,23.399999618530273,2000,0.0,0.0
2025-05-23 05:20:00+00:00,23.450000762939453,23.450000762939453,23.450000762939453,23.450000762939453,3207,0.0,0.0
2025-05-26 01:00:00+00:00,23.549999237060547,23.549999237060547,23.299999237060547,23.299999237060547,0,0.0,0.0
2025-05-26 01:05:00+00:00,23.350000381469727,23.350000381469727,23.350000381469727,23.350000381469727,3042,0.0,0.0
2025-05-26 01:10:00+00:00,23.350000381469727,23.350000381469727,23.350000381469727,23.350000381469727,1000,0.0,0.0
2025-05-26 01:20:00+00:00,23.399999618530273,23.399999618530273,23.399999618530273,23.399999618530273,1000,0.0,0.0
2025-05-26 01:25:00+00:00,23.350000381469727,23.350000381469727,23.350000381469727,23.350000381469727,2000,0.0,0.0
2025-05-26 01:30:00+00:00,23.350000381469727,23.350000381469727,23.299999237060547,23.350000381469727,55000,0.0,0.0
2025-05-26 01:35:00+00:00,23.350000381469727,23.399999618530273,23.350000381469727,23.399999618530273,5000,0.0,0.0
2025-05-26 01:40:00+00:00,23.350000381469727,23.549999237060547,23.350000381469727,23.399999618530273,9467,0.0,0.0
2025-05-26 01:45:00+00:00,23.5,23.5,23.5,23.5,2000,0.0,0.0
2025-05-26 01:50:00+00:00,23.450000762939453,23.600000381469727,23.450000762939453,23.450000762939453,8000,0.0,0.0
2025-05-26 01:55:00+00:00,23.450000762939453,23.450000762939453,23.450000762939453,23.450000762939453,4000,0.0,0.0
2025-05-26 02:00:00+00:00,23.450000762939453,23.549999237060547,23.450000762939453,23.549999237060547,2000,0.0,0.0
2025-05-26 02:10:00+00:00,23.399999618530273,23.399999618530273,23.399999618530273,23.399999618530273,11038,0.0,0.0
2025-05-26 02:15:00+00:00,23.399999618530273,23.399999618530273,23.399999618530273,23.399999618530273,9000,0.0,0.0
2025-05-26 02:20:00+00:00,23.450000762939453,23.450000762939453,23.450000762939453,23.450000762939453,3000,0.0,0.0
2025-05-26 02:25:00+00:00,23.450000762939453,23.450000762939453,23.450000762939453,23.450000762939453,3000,0.0,0.0
2025-05-26 02:30:00+00:00,23.450000762939453,23.450000762939453,23.450000762939453,23.450000762939453,2000,0.0,0.0
2025-05-26 02:35:00+00:00,23.450000762939453,23.450000762939453,23.450000762939453,23.450000762939453,5000,0.0,0.0
2025-05-26 02:40:00+00:00,23.5,23.5,23.5,23.5,4000,0.0,0.0
2025-05-26 02:50:00+00:00,23.549999237060547,23.549999237060547,23.549999237060547,23.549999237060547,1000,0.0,0.0
2025-05-26 03:10:00+00:00,23.5,23.5,23.5,23.5,1050,0.0,0.0
2025-05-26 03:20:00+00:00,23.5,23.5,23.5,23.5,1000,0.0,0.0
2025-05-26 03:30:00+00:00,23.5,23.5,23.5,23.5,1000,0.0,0.0
2025-05-26 03:40:00+00:00,23.450000762939453,23.450000762939453,23.450000762939453,23.450000762939453,4000,0.0,0.0
2025-05-26 03:50:00+00:00,23.5,23.5,23.5,23.5,1045,0.0,0.0
2025-05-26 03:55:00+00:00,23.450000762939453,23.450000762939453,23.450000762939453,23.450000762939453,2015,0.0,0.0
2025-05-26 04:10:00+00:00,23.450000762939453,23.450000762939453,23.450000762939453,23.450000762939453,3000,0.0,0.0
2025-05-26 04:20:00+00:00,23.5,23.5,23.5,23.5,2050,0.0,0.0
2025-05-26 04:35:00+00:00,23.5,23.5,23.5,23.5,2001,0.0,0.0
2025-05-26 04:40:00+00:00,23.450000762939453,23.450000762939453,23.399999618530273,23.399999618530273,25000,0.0,0.0
2025-05-26 04:45:00+00:00,23.399999618530273,23.399999618530273,23.399999618530273,23.399999618530273,11000,0.0,0.0
2025-05-26 04:50:00+00:00,23.450000762939453,23.5,23.450000762939453,23.450000762939453,7000,0.0,0.0
2025-05-26 05:00:00+00:00,23.450000762939453,23.450000762939453,23.450000762939453,23.450000762939453,1000,0.0,0.0
2025-05-26 05:10:00+00:00,23.399999618530273,23.399999618530273,23.399999618530273,23.399999618530273,3234,0.0,0.0
2025-05-26 05:15:00+00:00,23.399999618530273,23.399999618530273,23.399999618530273,23.399999618530273,4000,0.0,0.0
2025-05-26 05:20:00+00:00,23.399999618530273,23.399999618530273,23.399999618530273,23.399999618530273,5462,0.0,0.0
2025-05-27 01:00:00+00:00,23.5,23.5,23.5,23.5,0,0.0,0.0
2025-05-27 01:05:00+00:00,23.350000381469727,23.350000381469727,23.350000381469727,23.350000381469727,1003,0.0,0.0
2025-05-27 01:10:00+00:00,23.350000381469727,23.350000381469727,23.350000381469727,23.350000381469727,5000,0.0,0.0
2025-05-27 01:15:00+00:00,23.399999618530273,23.399999618530273,23.399999618530273,23.399999618530273,2000,0.0,0.0
2025-05-27 01:25:00+00:00,23.5,23.5,23.5,23.5,1001,0.0,0.0
2025-05-27 01:35:00+00:00,23.450000762939453,23.450000762939453,23.450000762939453,23.450000762939453,1000,0.0,0.0
2025-05-27 01:45:00+00:00,23.350000381469727,23.350000381469727,23.350000381469727,23.350000381469727,1000,0.0,0.0
2025-05-27 01:50:00+00:00,23.350000381469727,23.350000381469727,23.350000381469727,23.350000381469727,4000,0.0,0.0
2025-05-27 02:00:00+00:00,23.450000762939453,23.450000762939453,23.450000762939453,23.450000762939453,1000,0.0,0.0
2025-05-27 02:05:00+00:00,23.350000381469727,23.350000381469727,23.299999237060547,23.299999237060547,7000,0.0,0.0
2025-05-27 02:10:00+00:00,23.299999237060547,23.399999618530273,23.25,23.399999618530273,5000,0.0,0.0
2025-05-27 02:15:00+00:00,23.350000381469727,23.350000381469727,23.350000381469727,23.350000381469727,2000,0.0,0.0
2025-05-27 02:20:00+00:00,23.350000381469727,23.399999618530273,23.350000381469727,23.399999618530273,2000,0.0,0.0
2025-05-27 02:25:00+00:00,23.350000381469727,23.350000381469727,23.200000762939453,23.200000762939453,13000,0.0,0.0
2025-05-27 02:30:00+00:00,23.350000381469727,23.399999618530273,23.350000381469727,23.399999618530273,2000,0.0,0.0
2025-05-27 02:40:00+00:00,23.350000381469727,23.350000381469727,23.350000381469727,23.350000381469727,1281,0.0,0.0
2025-05-27 03:15:00+00:00,23.25,23.25,23.25,23.25,1050,0.0,0.0
2025-05-27 03:40:00+00:00,23.299999237060547,23.299999237060547,23.299999237060547,23.299999237060547,1005,0.0,0.0
2025-05-27 03:55:00+00:00,23.299999237060547,23.299999237060547,23.299999237060547,23.299999237060547,3000,0.0,0.0
2025-05-27 04:00:00+00:00,23.350000381469727,23.350000381469727,23.299999237060547,23.299999237060547,9000,0.0,0.0
2025-05-27 04:10:00+00:00,23.25,23.25,23.25,23.25,5000,0.0,0.0
2025-05-27 04:20:00+00:00,23.299999237060547,23.299999237060547,23.25,23.25,3022,0.0,0.0
2025-05-27 04:25:00+00:00,23.25,23.25,23.200000762939453,23.200000762939453,6000,0.0,0.0
2025-05-27 04:30:00+00:00,23.200000762939453,23.200000762939453,23.200000762939453,23.200000762939453,1000,0.0,0.0
2025-05-27 04:35:00+00:00,23.200000762939453,23.200000762939453,23.200000762939453,23.200000762939453,1000,0.0,0.0
2025-05-27 04:40:00+00:00,23.200000762939453,23.299999237060547,23.200000762939453,23.299999237060547,4000,0.0,0.0
2025-05-27 04:45:00+00:00,23.299999237060547,23.299999237060547,23.299999237060547,23.299999237060547,1110,0.0,0.0
2025-05-27 05:15:00+00:00,23.200000762939453,23.25,23.200000762939453,23.25,7000,0.0,0.0
2025-05-27 05:20:00+00:00,23.299999237060547,23.299999237060547,23.299999237060547,23.299999237060547,2048,0.0,0.0
2025-05-28 01:00:00+00:00,23.399999618530273,23.399999618530273,23.399999618530273,23.399999618530273,0,0.0,0.0
2025-05-28 01:25:00+00:00,23.399999618530273,23.399999618530273,23.350000381469727,23.350000381469727,4051,0.0,0.0
2025-05-28 01:45:00+00:00,23.299999237060547,23.299999237060547,23.299999237060547,23.299999237060547,1000,0.0,0.0
2025-05-28 01:50:00+00:00,23.350000381469727,23.350000381469727,23.350000381469727,23.350000381469727,2261,0.0,0.0
2025-05-28 02:05:00+00:00,23.350000381469727,23.350000381469727,23.350000381469727,23.350000381469727,1009,0.0,0.0
2025-05-28 02:15:00+00:00,23.350000381469727,23.350000381469727,23.350000381469727,23.350000381469727,2000,0.0,0.0
2025-05-28 02:35:00+00:00,23.350000381469727,23.350000381469727,23.350000381469727,23.350000381469727,1000,0.0,0.0
2025-05-28 02:40:00+00:00,23.350000381469727,23.350000381469727,23.350000381469727,23.350000381469727,2000,0.0,0.0
2025-05-28 02:45:00+00:00,23.350000381469727,23.350000381469727,23.350000381469727,23.350000381469727,10000,0.0,0.0
2025-05-28 02:50:00+00:00,23.399999618530273,23.399999618530273,23.399999618530273,23.399999618530273,1020,0.0,0.0
2025-05-28 03:10:00+00:00,23.399999618530273,23.399999618530273,23.299999237060547,23.299999237060547,4001,0.0,0.0
2025-05-28 03:15:00+00:00,23.350000381469727,23.350000381469727,23.299999237060547,23.299999237060547,7000,0.0,0.0
2025-05-28 03:20:00+00:00,23.399999618530273,23.399999618530273,23.399999618530273,23.399999618530273,1000,0.0,0.0
2025-05-28 03:30:00+00:00,23.399999618530273,23.399999618530273,23.399999618530273,23.399999618530273,1000,0.0,0.0
2025-05-28 03:45:00+00:00,23.350000381469727,23.350000381469727,23.350000381469727,23.350000381469727,4008,0.0,0.0
2025-05-28 03:50:00+00:00,23.399999618530273,23.399999618530273,23.399999618530273,23.399999618530273,1001,0.0,0.0
2025-05-28 04:05:00+00:00,23.399999618530273,23.399999618530273,23.399999618530273,23.399999618530273,1210,0.0,0.0
2025-05-28 04:35:00+00:00,23.25,23.25,23.200000762939453,23.200000762939453,8361,0.0,0.0
2025-05-28 04:40:00+00:00,23.149999618530273,23.149999618530273,23.149999618530273,23.149999618530273,1000,0.0,0.0
2025-05-28 04:45:00+00:00,23.25,23.299999237060547,23.25,23.299999237060547,2000,0.0,0.0
2025-05-28 04:50:00+00:00,23.299999237060547,23.299999237060547,23.149999618530273,23.149999618530273,3001,0.0,0.0
2025-05-28 04:55:00+00:00,23.25,23.25,23.25,23.25,1001,0.0,0.0
2025-05-28 05:00:00+00:00,23.299999237060547,23.299999237060547,23.200000762939453,23.25,3000,0.0,0.0
2025-05-28 05:05:00+00:00,23.299999237060547,23.299999237060547,23.299999237060547,23.299999237060547,2283,0.0,0.0
2025-05-29 01:00:00+00:00,23.399999618530273,23.399999618530273,23.399999618530273,23.399999618530273,0,0.0,0.0
2025-05-29 01:05:00+00:00,23.350000381469727,23.350000381469727,23.350000381469727,23.350000381469727,1002,0.0,0.0
2025-05-29 01:10:00+00:00,23.350000381469727,23.350000381469727,23.350000381469727,23.350000381469727,1001,0.0,0.0
2025-05-29 01:20:00+00:00,23.25,23.25,23.25,23.25,1000,0.0,0.0
2025-05-29 01:25:00+00:00,23.200000762939453,23.200000762939453,23.149999618530273,23.149999618530273,4009,0.0,0.0
2025-05-29 01:30:00+00:00,23.100000381469727,23.100000381469727,23.100000381469727,23.100000381469727,2000,0.0,0.0
2025-05-29 01:35:00+00:00,23.100000381469727,23.100000381469727,23.100000381469727,23.100000381469727,3000,0.0,0.0
2025-05-29 01:40:00+00:00,23.200000762939453,23.200000762939453,23.200000762939453,23.200000762939453,1000,0.0,0.0
2025-05-29 01:50:00+00:00,23.200000762939453,23.200000762939453,23.200000762939453,23.200000762939453,1000,0.0,0.0
2025-05-29 01:55:00+00:00,23.25,23.25,23.25,23.25,1000,0.0,0.0
2025-05-29 02:10:00+00:00,23.25,23.25,23.25,23.25,1001,0.0,0.0
2025-05-29 02:35:00+00:00,23.100000381469727,23.100000381469727,23.100000381469727,23.100000381469727,6050,0.0,0.0
2025-05-29 02:40:00+00:00,23.100000381469727,23.100000381469727,23.049999237060547,23.049999237060547,16050,0.0,0.0
2025-05-29 02:45:00+00:00,23.0,23.049999237060547,23.0,23.0,12010,0.0,0.0
2025-05-29 02:50:00+00:00,23.100000381469727,23.100000381469727,23.100000381469727,23.100000381469727,4000,0.0,0.0
2025-05-29 03:00:00+00:00,23.149999618530273,23.149999618530273,23.149999618530273,23.149999618530273,1000,0.0,0.0
2025-05-29 03:15:00+00:00,23.0,23.0,23.0,23.0,27000,0.0,0.0
2025-05-29 03:25:00+00:00,23.0,23.149999618530273,23.0,23.149999618530273,1000,0.0,0.0
2025-05-29 03:30:00+00:00,23.149999618530273,23.25,23.149999618530273,23.25,5102,0.0,0.0
2025-05-29 03:40:00+00:00,23.25,23.25,23.25,23.25,1002,0.0,0.0
2025-05-29 03:55:00+00:00,23.100000381469727,23.100000381469727,23.100000381469727,23.100000381469727,1000,0.0,0.0
2025-05-29 04:00:00+00:00,23.200000762939453,23.299999237060547,23.149999618530273,23.149999618530273,7001,0.0,0.0
2025-05-29 04:05:00+00:00,23.200000762939453,23.25,23.200000762939453,23.25,2001,0.0,0.0
2025-05-29 04:10:00+00:00,23.299999237060547,23.299999237060547,23.299999237060547,23.299999237060547,2101,0.0,0.0
2025-05-29 04:25:00+00:00,23.200000762939453,23.200000762939453,23.149999618530273,23.200000762939453,8006,0.0,0.0
2025-05-29 04:30:00+00:00,23.25,23.25,23.25,23.25,1000,0.0,0.0
2025-05-29 04:45:00+00:00,23.100000381469727,23.200000762939453,23.100000381469727,23.200000762939453,2000,0.0,0.0
2025-05-29 04:55:00+00:00,23.149999618530273,23.25,23.149999618530273,23.25,3000,0.0,0.0
2025-05-29 05:00:00+00:00,23.299999237060547,23.299999237060547,23.299999237060547,23.299999237060547,1000,0.0,0.0
2025-05-29 05:05:00+00:00,23.200000762939453,23.200000762939453,23.200000762939453,23.200000762939453,3000,0.0,0.0
2025-05-29 05:10:00+00:00,23.25,23.299999237060547,23.25,23.299999237060547,2000,0.0,0.0
2025-05-29 05:15:00+00:00,23.200000762939453,23.25,23.200000762939453,23.200000762939453,3000,0.0,0.0
2025-05-29 05:20:00+00:00,23.25,23.25,23.25,23.25,1000,0.0,0.0
2025-06-02 01:00:00+00:00,23.200000762939453,23.200000762939453,23.0,23.0,0,0.0,0.0
2025-06-02 01:15:00+00:00,23.0,23.0,22.799999237060547,22.799999237060547,9102,0.0,0.0
2025-06-02 01:20:00+00:00,22.799999237060547,22.799999237060547,22.799999237060547,22.799999237060547,3045,0.0,0.0
2025-06-02 01:25:00+00:00,22.799999237060547,22.799999237060547,22.75,22.75,5165,0.0,0.0
2025-06-02 01:35:00+00:00,22.75,22.75,22.75,22.75,1000,0.0,0.0
2025-06-02 01:40:00+00:00,22.75,22.75,22.700000762939453,22.700000762939453,2000,0.0,0.0
2025-06-02 01:45:00+00:00,22.700000762939453,22.700000762939453,22.700000762939453,22.700000762939453,9001,0.0,0.0
2025-06-02 01:55:00+00:00,22.700000762939453,22.700000762939453,22.649999618530273,22.649999618530273,2000,0.0,0.0
2025-06-02 02:00:00+00:00,22.700000762939453,22.700000762939453,22.700000762939453,22.700000762939453,1000,0.0,0.0
2025-06-02 02:05:00+00:00,22.75,22.75,22.75,22.75,1234,0.0,0.0
2025-06-02 02:10:00+00:00,22.75,22.75,22.75,22.75,1000,0.0,0.0
2025-06-02 02:15:00+00:00,22.700000762939453,22.700000762939453,22.700000762939453,22.700000762939453,1000,0.0,0.0
2025-06-02 02:20:00+00:00,22.75,22.75,22.700000762939453,22.700000762939453,4000,0.0,0.0
2025-06-02 02:25:00+00:00,22.75,22.75,22.75,22.75,5000,0.0,0.0
2025-06-02 02:30:00+00:00,22.799999237060547,22.850000381469727,22.75,22.75,4000,0.0,0.0
2025-06-02 02:35:00+00:00,22.700000762939453,22.700000762939453,22.700000762939453,22.700000762939453,3000,0.0,0.0
2025-06-02 02:40:00+00:00,22.799999237060547,22.850000381469727,22.799999237060547,22.850000381469727,2000,0.0,0.0
2025-06-02 02:50:00+00:00,22.75,22.75,22.700000762939453,22.700000762939453,5061,0.0,0.0
2025-06-02 02:55:00+00:00,22.700000762939453,22.700000762939453,22.700000762939453,22.700000762939453,1000,0.0,0.0
2025-06-02 03:00:00+00:00,22.75,22.75,22.700000762939453,22.700000762939453,7000,0.0,0.0
2025-06-02 03:10:00+00:00,22.75,22.75,22.75,22.75,1020,0.0,0.0
2025-06-02 03:15:00+00:00,22.649999618530273,22.700000762939453,22.649999618530273,22.700000762939453,0,0.0,0.0
2025-06-02 03:20:00+00:00,22.700000762939453,22.75,22.700000762939453,22.75,84682,0.0,0.0
2025-06-02 03:25:00+00:00,22.649999618530273,22.649999618530273,22.649999618530273,22.649999618530273,11000,0.0,0.0
2025-06-02 03:30:00+00:00,22.649999618530273,22.649999618530273,22.649999618530273,22.649999618530273,3000,0.0,0.0
2025-06-02 03:45:00+00:00,22.649999618530273,22.700000762939453,22.649999618530273,22.700000762939453,3000,0.0,0.0
2025-06-02 04:10:00+00:00,22.700000762939453,22.700000762939453,22.700000762939453,22.700000762939453,2101,0.0,0.0
2025-06-02 04:30:00+00:00,22.700000762939453,22.700000762939453,22.700000762939453,22.700000762939453,4000,0.0,0.0
2025-06-02 04:40:00+00:00,22.700000762939453,22.75,22.700000762939453,22.75,2050,0.0,0.0
2025-06-02 04:45:00+00:00,22.799999237060547,22.799999237060547,22.799999237060547,22.799999237060547,1000,0.0,0.0
2025-06-02 04:50:00+00:00,22.75,22.75,22.75,22.75,1100,0.0,0.0
2025-06-02 05:00:00+00:00,22.75,22.75,22.75,22.75,1006,0.0,0.0
2025-06-02 05:15:00+00:00,22.75,22.75,22.75,22.75,2000,0.0,0.0
2025-06-02 05:20:00+00:00,22.799999237060547,22.850000381469727,22.75,22.850000381469727,8394,0.0,0.0
2025-06-03 01:00:00+00:00,22.799999237060547,22.799999237060547,22.799999237060547,22.799999237060547,0,0.0,0.0
2025-06-03 01:05:00+00:00,22.799999237060547,22.799999237060547,22.799999237060547,22.799999237060547,5001,0.0,0.0
2025-06-03 01:10:00+00:00,22.799999237060547,22.850000381469727,22.799999237060547,22.850000381469727,9000,0.0,0.0
2025-06-03 01:20:00+00:00,22.899999618530273,22.899999618530273,22.899999618530273,22.899999618530273,3000,0.0,0.0
2025-06-03 01:25:00+00:00,22.799999237060547,22.799999237060547,22.799999237060547,22.799999237060547,1000,0.0,0.0
2025-06-03 01:30:00+00:00,22.75,22.850000381469727,22.75,22.850000381469727,2155,0.0,0.0
2025-06-03 01:35:00+00:00,22.850000381469727,22.850000381469727,22.850000381469727,22.850000381469727,4000,0.0,0.0
2025-06-03 01:50:00+00:00,22.899999618530273,22.950000762939453,22.899999618530273,22.950000762939453,3000,0.0,0.0
2025-06-03 01:55:00+00:00,22.950000762939453,22.950000762939453,22.950000762939453,22.950000762939453,2000,0.0,0.0
2025-06-03 02:00:00+00:00,22.950000762939453,22.950000762939453,22.850000381469727,22.850000381469727,7001,0.0,0.0
2025-06-03 02:10:00+00:00,22.899999618530273,22.899999618530273,22.75,22.75,4001,0.0,0.0
2025-06-03 02:20:00+00:00,22.899999618530273,22.899999618530273,22.899999618530273,22.899999618530273,1020,0.0,0.0
2025-06-03 02:30:00+00:00,22.799999237060547,22.799999237060547,22.799999237060547,22.799999237060547,2000,0.0,0.0
2025-06-03 03:10:00+00:00,22.799999237060547,22.799999237060547,22.799999237060547,22.799999237060547,1000,0.0,0.0
2025-06-03 03:15:00+00:00,22.75,22.75,22.75,22.75,1000,0.0,0.0
2025-06-03 03:25:00+00:00,22.799999237060547,22.799999237060547,22.799999237060547,22.799999237060547,7000,0.0,0.0
2025-06-03 03:35:00+00:00,22.799999237060547,22.799999237060547,22.799999237060547,22.799999237060547,2000,0.0,0.0
2025-06-03 03:40:00+00:00,22.899999618530273,22.899999618530273,22.899999618530273,22.899999618530273,1000,0.0,0.0
2025-06-03 03:50:00+00:00,22.899999618530273,22.899999618530273,22.899999618530273,22.899999618530273,1000,0.0,0.0
2025-06-03 04:00:00+00:00,22.799999237060547,22.799999237060547,22.799999237060547,22.799999237060547,1000,0.0,0.0
2025-06-03 04:05:00+00:00,22.799999237060547,22.799999237060547,22.799999237060547,22.799999237060547,1000,0.0,0.0
2025-06-03 04:15:00+00:00,22.799999237060547,22.799999237060547,22.799999237060547,22.799999237060547,1000,0.0,0.0
2025-06-03 04:20:00+00:00,22.899999618530273,22.899999618530273,22.799999237060547,22.799999237060547,2000,0.0,0.0
2025-06-03 04:25:00+00:00,22.799999237060547,22.799999237060547,22.799999237060547,22.799999237060547,1000,0.0,0.0
2025-06-03 04:35:00+00:00,22.799999237060547,22.799999237060547,22.799999237060547,22.799999237060547,5000,0.0,0.0
2025-06-03 04:40:00+00:00,22.850000381469727,22.850000381469727,22.799999237060547,22.799999237060547,2000,0.0,0.0
2025-06-03 04:45:00+00:00,22.799999237060547,22.799999237060547,22.799999237060547,22.799999237060547,1000,0.0,0.0
2025-06-03 04:50:00+00:00,22.799999237060547,22.799999237060547,22.799999237060547,22.799999237060547,5000,0.0,0.0
2025-06-03 05:00:00+00:00,22.850000381469727,22.850000381469727,22.799999237060547,22.799999237060547,3000,0.0,0.0
2025-06-03 05:05:00+00:00,22.850000381469727,22.850000381469727,22.850000381469727,22.850000381469727,1000,0.0,0.0
2025-06-03 05:10:00+00:00,22.850000381469727,22.850000381469727,22.850000381469727,22.850000381469727,1002,0.0,0.0
2025-06-03 05:15:00+00:00,22.799999237060547,22.799999237060547,22.799999237060547,22.799999237060547,1001,0.0,0.0
2025-06-03 05:20:00+00:00,22.850000381469727,22.850000381469727,22.799999237060547,22.799999237060547,3241,0.0,0.0
2025-06-04 01:00:00+00:00,22.950000762939453,23.100000381469727,22.950000762939453,23.100000381469727,0,0.0,0.0
2025-06-04 01:05:00+00:00,23.149999618530273,23.149999618530273,23.149999618530273,23.149999618530273,1003,0.0,0.0
2025-06-04 01:10:00+00:00,23.100000381469727,23.149999618530273,23.100000381469727,23.149999618530273,2000,0.0,0.0
2025-06-04 01:40:00+00:00,23.100000381469727,23.100000381469727,23.049999237060547,23.049999237060547,10000,0.0,0.0
2025-06-04 01:50:00+00:00,23.049999237060547,23.049999237060547,23.049999237060547,23.049999237060547,0,0.0,0.0
2025-06-04 02:00:00+00:00,23.100000381469727,23.100000381469727,23.100000381469727,23.100000381469727,20023,0.0,0.0
2025-06-04 02:10:00+00:00,23.100000381469727,23.100000381469727,23.100000381469727,23.100000381469727,1080,0.0,0.0
2025-06-04 02:15:00+00:00,23.100000381469727,23.149999618530273,23.100000381469727,23.149999618530273,9001,0.0,0.0
2025-06-04 02:20:00+00:00,23.149999618530273,23.149999618530273,23.149999618530273,23.149999618530273,2004,0.0,0.0
2025-06-04 02:30:00+00:00,23.149999618530273,23.200000762939453,23.149999618530273,23.149999618530273,9179,0.0,0.0
2025-06-04 02:35:00+00:00,23.149999618530273,23.149999618530273,23.149999618530273,23.149999618530273,1000,0.0,0.0
2025-06-04 02:40:00+00:00,23.200000762939453,23.200000762939453,23.200000762939453,23.200000762939453,2000,0.0,0.0
2025-06-04 03:00:00+00:00,23.149999618530273,23.149999618530273,23.149999618530273,23.149999618530273,1109,0.0,0.0
2025-06-04 03:05:00+00:00,23.200000762939453,23.200000762939453,23.200000762939453,23.200000762939453,1000,0.0,0.0
2025-06-04 03:10:00+00:00,23.200000762939453,23.200000762939453,23.200000762939453,23.200000762939453,3000,0.0,0.0
2025-06-04 03:20:00+00:00,23.200000762939453,23.200000762939453,23.200000762939453,23.200000762939453,26135,0.0,0.0
2025-06-04 03:25:00+00:00,23.25,23.25,23.25,23.25,4020,0.0,0.0
2025-06-04 03:30:00+00:00,23.200000762939453,23.25,23.200000762939453,23.25,4000,0.0,0.0
2025-06-04 03:40:00+00:00,23.200000762939453,23.200000762939453,23.200000762939453,23.200000762939453,1000,0.0,0.0
2025-06-04 03:50:00+00:00,23.100000381469727,23.100000381469727,23.100000381469727,23.100000381469727,3000,0.0,0.0
2025-06-04 04:00:00+00:00,23.100000381469727,23.100000381469727,22.950000762939453,22.950000762939453,29015,0.0,0.0
2025-06-04 04:05:00+00:00,23.0,23.0,23.0,23.0,1357,0.0,0.0
2025-06-04 04:10:00+00:00,23.049999237060547,23.200000762939453,23.049999237060547,23.200000762939453,4000,0.0,0.0
2025-06-04 04:20:00+00:00,23.200000762939453,23.200000762939453,23.200000762939453,23.200000762939453,3000,0.0,0.0
2025-06-04 04:30:00+00:00,23.200000762939453,23.200000762939453,23.200000762939453,23.200000762939453,3000,0.0,0.0
2025-06-04 04:35:00+00:00,23.200000762939453,23.200000762939453,23.200000762939453,23.200000762939453,1000,0.0,0.0
2025-06-04 04:40:00+00:00,23.200000762939453,23.200000762939453,23.200000762939453,23.200000762939453,3065,0.0,0.0
2025-06-04 05:05:00+00:00,23.200000762939453,23.200000762939453,23.200000762939453,23.200000762939453,1180,0.0,0.0
2025-06-04 05:10:00+00:00,23.200000762939453,23.200000762939453,23.200000762939453,23.200000762939453,1000,0.0,0.0
2025-06-04 05:15:00+00:00,23.100000381469727,23.100000381469727,23.100000381469727,23.100000381469727,4000,0.0,0.0
2025-06-04 05:20:00+00:00,23.049999237060547,23.049999237060547,23.049999237060547,23.049999237060547,1213,0.0,0.0
2025-06-05 01:00:00+00:00,23.100000381469727,23.100000381469727,23.100000381469727,23.100000381469727,0,0.0,0.0
2025-06-05 01:05:00+00:00,23.100000381469727,23.100000381469727,23.100000381469727,23.100000381469727,1013,0.0,0.0
2025-06-05 01:15:00+00:00,23.100000381469727,23.100000381469727,23.100000381469727,23.100000381469727,1128,0.0,0.0
2025-06-05 01:20:00+00:00,23.100000381469727,23.100000381469727,23.100000381469727,23.100000381469727,5000,0.0,0.0
2025-06-05 01:30:00+00:00,23.100000381469727,23.100000381469727,23.100000381469727,23.100000381469727,1000,0.0,0.0
2025-06-05 01:35:00+00:00,23.049999237060547,23.049999237060547,23.049999237060547,23.049999237060547,17000,0.0,0.0
2025-06-05 01:45:00+00:00,23.100000381469727,23.149999618530273,23.100000381469727,23.149999618530273,8000,0.0,0.0
2025-06-05 01:50:00+00:00,23.100000381469727,23.25,23.100000381469727,23.25,5000,0.0,0.0
2025-06-05 02:00:00+00:00,23.25,23.25,23.25,23.25,1000,0.0,0.0
2025-06-05 02:05:00+00:00,23.200000762939453,23.200000762939453,23.149999618530273,23.149999618530273,2201,0.0,0.0
2025-06-05 02:15:00+00:00,23.100000381469727,23.100000381469727,23.0,23.0,37000,0.0,0.0
2025-06-05 02:20:00+00:00,23.0,23.149999618530273,23.0,23.149999618530273,4000,0.0,0.0
2025-06-05 02:30:00+00:00,23.200000762939453,23.200000762939453,23.200000762939453,23.200000762939453,3000,0.0,0.0
2025-06-05 02:40:00+00:00,23.200000762939453,23.200000762939453,23.200000762939453,23.200000762939453,1100,0.0,0.0
2025-06-05 03:10:00+00:00,23.200000762939453,23.200000762939453,23.200000762939453,23.200000762939453,1015,0.0,0.0
2025-06-05 04:05:00+00:00,23.100000381469727,23.100000381469727,23.100000381469727,23.100000381469727,6000,0.0,0.0
2025-06-05 04:10:00+00:00,23.200000762939453,23.200000762939453,23.200000762939453,23.200000762939453,1006,0.0,0.0
2025-06-05 04:25:00+00:00,23.100000381469727,23.100000381469727,23.100000381469727,23.100000381469727,1030,0.0,0.0
2025-06-05 04:35:00+00:00,23.049999237060547,23.049999237060547,23.049999237060547,23.049999237060547,3362,0.0,0.0
2025-06-05 04:40:00+00:00,23.149999618530273,23.149999618530273,23.049999237060547,23.049999237060547,4001,0.0,0.0
2025-06-05 04:45:00+00:00,23.100000381469727,23.100000381469727,23.100000381469727,23.100000381469727,1001,0.0,0.0
2025-06-05 05:10:00+00:00,23.0,23.0,23.0,23.0,1000,0.0,0.0
2025-06-05 05:15:00+00:00,23.049999237060547,23.049999237060547,23.049999237060547,23.049999237060547,8000,0.0,0.0
2025-06-05 05:20:00+00:00,23.0,23.0,23.0,23.0,1802,0.0,0.0
2025-06-06 01:00:00+00:00,23.100000381469727,23.100000381469727,23.100000381469727,23.100000381469727,0,0.0,0.0
2025-06-06 01:05:00+00:00,23.049999237060547,23.049999237060547,23.0,23.0,6013,0.0,0.0
2025-06-06 01:10:00+00:00,23.100000381469727,23.350000381469727,23.100000381469727,23.100000381469727,18000,0.0,0.0
2025-06-06 01:20:00+00:00,23.299999237060547,23.350000381469727,23.299999237060547,23.350000381469727,2020,0.0,0.0
2025-06-06 01:30:00+00:00,23.350000381469727,23.350000381469727,23.350000381469727,23.350000381469727,1000,0.0,0.0
2025-06-06 01:35:00+00:00,23.149999618530273,23.149999618530273,23.100000381469727,23.100000381469727,2038,0.0,0.0
2025-06-06 01:40:00+00:00,23.149999618530273,23.149999618530273,23.149999618530273,23.149999618530273,2000,0.0,0.0
2025-06-06 01:50:00+00:00,23.100000381469727,23.100000381469727,23.100000381469727,23.100000381469727,3000,0.0,0.0
2025-06-06 02:00:00+00:00,23.299999237060547,23.350000381469727,23.299999237060547,23.350000381469727,14000,0.0,0.0
2025-06-06 02:05:00+00:00,23.299999237060547,23.299999237060547,23.299999237060547,23.299999237060547,3000,0.0,0.0
2025-06-06 02:10:00+00:00,23.299999237060547,23.299999237060547,23.299999237060547,23.299999237060547,2000,0.0,0.0
2025-06-06 02:20:00+00:00,23.299999237060547,23.299999237060547,23.299999237060547,23.299999237060547,1000,0.0,0.0
2025-06-06 02:35:00+00:00,23.100000381469727,23.100000381469727,23.100000381469727,23.100000381469727,1002,0.0,0.0
2025-06-06 03:00:00+00:00,23.299999237060547,23.299999237060547,23.299999237060547,23.299999237060547,17000,0.0,0.0
2025-06-06 03:20:00+00:00,23.299999237060547,23.299999237060547,23.299999237060547,23.299999237060547,2000,0.0,0.0
2025-06-06 03:25:00+00:00,23.200000762939453,23.200000762939453,23.200000762939453,23.200000762939453,1000,0.0,0.0
2025-06-06 03:30:00+00:00,23.25,23.25,23.200000762939453,23.200000762939453,2001,0.0,0.0
2025-06-06 04:00:00+00:00,23.25,23.350000381469727,23.25,23.350000381469727,13104,0.0,0.0
2025-06-06 04:05:00+00:00,23.299999237060547,23.299999237060547,23.299999237060547,23.299999237060547,1000,0.0,0.0
2025-06-06 04:10:00+00:00,23.350000381469727,23.350000381469727,23.350000381469727,23.350000381469727,3015,0.0,0.0
2025-06-06 04:15:00+00:00,23.350000381469727,23.350000381469727,23.350000381469727,23.350000381469727,1001,0.0,0.0
2025-06-06 04:35:00+00:00,23.299999237060547,23.350000381469727,23.299999237060547,23.350000381469727,4001,0.0,0.0
2025-06-06 04:50:00+00:00,23.299999237060547,23.299999237060547,23.25,23.25,3030,0.0,0.0
2025-06-06 05:05:00+00:00,23.25,23.25,23.25,23.25,0,0.0,0.0
2025-06-06 05:15:00+00:00,23.25,23.25,23.200000762939453,23.200000762939453,109225,0.0,0.0
2025-06-06 05:20:00+00:00,23.25,23.25,23.25,23.25,14202,0.0,0.0
2025-06-09 01:00:00+00:00,23.299999237060547,23.299999237060547,23.25,23.25,0,0.0,0.0
2025-06-09 01:10:00+00:00,23.200000762939453,23.299999237060547,23.0,23.299999237060547,44000,0.0,0.0
2025-06-09 01:15:00+00:00,23.049999237060547,23.149999618530273,23.049999237060547,23.149999618530273,6000,0.0,0.0
2025-06-09 01:20:00+00:00,23.149999618530273,23.200000762939453,23.149999618530273,23.200000762939453,6000,0.0,0.0
2025-06-09 01:25:00+00:00,23.100000381469727,23.100000381469727,23.100000381469727,23.100000381469727,1000,0.0,0.0
2025-06-09 01:30:00+00:00,23.100000381469727,23.200000762939453,23.0,23.0,15000,0.0,0.0
2025-06-09 01:35:00+00:00,23.0,23.0,23.0,23.0,14279,0.0,0.0
2025-06-09 01:40:00+00:00,23.100000381469727,23.25,22.950000762939453,22.950000762939453,16010,0.0,0.0
2025-06-09 01:50:00+00:00,23.0,23.049999237060547,22.950000762939453,23.049999237060547,9000,0.0,0.0
2025-06-09 01:55:00+00:00,22.950000762939453,23.0,22.899999618530273,23.0,16096,0.0,0.0
2025-06-09 02:00:00+00:00,23.0,23.149999618530273,22.950000762939453,22.950000762939453,23353,0.0,0.0
2025-06-09 02:05:00+00:00,22.899999618530273,22.950000762939453,22.850000381469727,22.850000381469727,8000,0.0,0.0
2025-06-09 02:10:00+00:00,22.850000381469727,22.850000381469727,22.850000381469727,22.850000381469727,1000,0.0,0.0
2025-06-09 02:20:00+00:00,22.850000381469727,22.950000762939453,22.850000381469727,22.950000762939453,11000,0.0,0.0
2025-06-09 02:25:00+00:00,22.850000381469727,22.850000381469727,22.850000381469727,22.850000381469727,1000,0.0,0.0
2025-06-09 02:30:00+00:00,22.950000762939453,22.950000762939453,22.950000762939453,22.950000762939453,2001,0.0,0.0
2025-06-09 02:35:00+00:00,22.899999618530273,22.899999618530273,22.850000381469727,22.850000381469727,2000,0.0,0.0
2025-06-09 02:40:00+00:00,22.799999237060547,22.799999237060547,22.799999237060547,22.799999237060547,1000,0.0,0.0
2025-06-09 02:45:00+00:00,22.850000381469727,22.850000381469727,22.850000381469727,22.850000381469727,1000,0.0,0.0
2025-06-09 02:50:00+00:00,22.950000762939453,22.950000762939453,22.799999237060547,22.799999237060547,6000,0.0,0.0
2025-06-09 02:55:00+00:00,22.850000381469727,22.850000381469727,22.850000381469727,22.850000381469727,2000,0.0,0.0
2025-06-09 03:00:00+00:00,22.950000762939453,23.100000381469727,22.950000762939453,23.049999237060547,17000,0.0,0.0
2025-06-09 03:10:00+00:00,23.049999237060547,23.049999237060547,23.0,23.049999237060547,6001,0.0,0.0
2025-06-09 03:20:00+00:00,23.0,23.0,23.0,23.0,1001,0.0,0.0
2025-06-09 03:35:00+00:00,22.899999618530273,22.899999618530273,22.899999618530273,22.899999618530273,4045,0.0,0.0
2025-06-09 04:00:00+00:00,22.899999618530273,23.049999237060547,22.899999618530273,23.049999237060547,11500,0.0,0.0
2025-06-09 04:15:00+00:00,22.850000381469727,22.850000381469727,22.850000381469727,22.850000381469727,1001,0.0,0.0
2025-06-09 04:25:00+00:00,22.850000381469727,22.850000381469727,22.850000381469727,22.850000381469727,1001,0.0,0.0
2025-06-09 04:40:00+00:00,23.0,23.0,23.0,23.0,1041,0.0,0.0
2025-06-09 04:50:00+00:00,23.0,23.0,22.899999618530273,22.899999618530273,3000,0.0,0.0
2025-06-09 04:55:00+00:00,22.899999618530273,22.899999618530273,22.899999618530273,22.899999618530273,1000,0.0,0.0
2025-06-09 05:00:00+00:00,22.899999618530273,22.899999618530273,22.899999618530273,22.899999618530273,1148,0.0,0.0
2025-06-09 05:15:00+00:00,22.899999618530273,22.899999618530273,22.899999618530273,22.899999618530273,1000,0.0,0.0
2025-06-09 05:20:00+00:00,22.899999618530273,22.899999618530273,22.850000381469727,22.850000381469727,2403,0.0,0.0
2025-06-10 01:00:00+00:00,23.0,23.0,23.0,23.0,0,0.0,0.0
2025-06-10 01:20:00+00:00,23.0,23.049999237060547,23.0,23.049999237060547,13001,0.0,0.0
2025-06-10 01:30:00+00:00,23.100000381469727,23.149999618530273,23.100000381469727,23.100000381469727,7000,0.0,0.0
2025-06-10 01:40:00+00:00,23.100000381469727,23.100000381469727,23.100000381469727,23.100000381469727,6000,0.0,0.0
2025-06-10 01:45:00+00:00,23.100000381469727,23.100000381469727,23.100000381469727,23.100000381469727,3000,0.0,0.0
2025-06-10 01:50:00+00:00,23.149999618530273,23.149999618530273,23.149999618530273,23.149999618530273,5000,0.0,0.0
2025-06-10 01:55:00+00:00,23.149999618530273,23.149999618530273,23.149999618530273,23.149999618530273,12000,0.0,0.0
2025-06-10 02:00:00+00:00,23.200000762939453,23.200000762939453,23.100000381469727,23.100000381469727,6000,0.0,0.0
2025-06-10 02:05:00+00:00,23.149999618530273,23.25,23.149999618530273,23.200000762939453,12519,0.0,0.0
2025-06-10 02:10:00+00:00,23.149999618530273,23.25,23.149999618530273,23.25,4000,0.0,0.0
2025-06-10 02:15:00+00:00,23.200000762939453,23.200000762939453,23.200000762939453,23.200000762939453,2000,0.0,0.0
2025-06-10 02:20:00+00:00,23.200000762939453,23.200000762939453,23.200000762939453,23.200000762939453,1000,0.0,0.0
2025-06-10 02:25:00+00:00,23.200000762939453,23.200000762939453,23.200000762939453,23.200000762939453,3001,0.0,0.0
2025-06-10 02:30:00+00:00,23.25,23.25,23.25,23.25,2050,0.0,0.0
2025-06-10 02:40:00+00:00,23.25,23.25,23.25,23.25,1000,0.0,0.0
2025-06-10 02:45:00+00:00,23.25,23.25,23.25,23.25,1025,0.0,0.0
2025-06-10 02:50:00+00:00,23.25,23.25,23.25,23.25,1000,0.0,0.0
2025-06-10 03:05:00+00:00,23.200000762939453,23.200000762939453,23.200000762939453,23.200000762939453,5000,0.0,0.0
2025-06-10 03:25:00+00:00,23.100000381469727,23.100000381469727,23.100000381469727,23.100000381469727,20038,0.0,0.0
2025-06-10 03:35:00+00:00,23.200000762939453,23.200000762939453,23.200000762939453,23.200000762939453,8000,0.0,0.0
2025-06-10 03:40:00+00:00,23.25,23.25,23.25,23.25,2461,0.0,0.0
2025-06-10 03:55:00+00:00,23.149999618530273,23.149999618530273,23.149999618530273,23.149999618530273,5000,0.0,0.0
2025-06-10 04:00:00+00:00,23.200000762939453,23.200000762939453,23.100000381469727,23.100000381469727,3000,0.0,0.0
2025-06-10 04:30:00+00:00,23.100000381469727,23.100000381469727,23.100000381469727,23.100000381469727,2039,0.0,0.0
2025-06-10 04:40:00+00:00,23.100000381469727,23.200000762939453,23.100000381469727,23.200000762939453,17009,0.0,0.0
2025-06-10 05:05:00+00:00,23.100000381469727,23.149999618530273,23.100000381469727,23.149999618530273,7000,0.0,0.0
2025-06-10 05:10:00+00:00,23.149999618530273,23.149999618530273,23.149999618530273,23.149999618530273,1000,0.0,0.0
2025-06-10 05:20:00+00:00,23.200000762939453,23.200000762939453,23.200000762939453,23.200000762939453,9010,0.0,0.0
2025-06-11 01:00:00+00:00,23.100000381469727,23.100000381469727,23.049999237060547,23.049999237060547,0,0.0,0.0
2025-06-11 01:10:00+00:00,23.0,23.0,23.0,23.0,1000,0.0,0.0
2025-06-11 01:15:00+00:00,23.049999237060547,23.049999237060547,23.049999237060547,23.049999237060547,3000,0.0,0.0
2025-06-11 01:25:00+00:00,23.049999237060547,23.049999237060547,23.049999237060547,23.049999237060547,6020,0.0,0.0
2025-06-11 01:30:00+00:00,23.100000381469727,23.100000381469727,23.100000381469727,23.100000381469727,1003,0.0,0.0
2025-06-11 01:40:00+00:00,23.100000381469727,23.100000381469727,23.100000381469727,23.100000381469727,3000,0.0,0.0
2025-06-11 01:45:00+00:00,23.049999237060547,23.049999237060547,23.049999237060547,23.049999237060547,4000,0.0,0.0
2025-06-11 01:50:00+00:00,23.0,23.0,23.0,23.0,1000,0.0,0.0
2025-06-11 02:00:00+00:00,23.100000381469727,23.100000381469727,23.100000381469727,23.100000381469727,2000,0.0,0.0
2025-06-11 02:05:00+00:00,23.0,23.0,22.950000762939453,22.950000762939453,20000,0.0,0.0
2025-06-11 02:10:00+00:00,23.049999237060547,23.100000381469727,23.049999237060547,23.100000381469727,3022,0.0,0.0
2025-06-11 02:20:00+00:00,23.100000381469727,23.100000381469727,23.100000381469727,23.100000381469727,1020,0.0,0.0
2025-06-11 02:40:00+00:00,23.100000381469727,23.100000381469727,23.100000381469727,23.100000381469727,1146,0.0,0.0
2025-06-11 02:55:00+00:00,23.0,23.0,23.0,23.0,2000,0.0,0.0
2025-06-11 03:00:00+00:00,23.0,23.0,22.899999618530273,22.899999618530273,34000,0.0,0.0
2025-06-11 03:05:00+00:00,22.899999618530273,22.899999618530273,22.899999618530273,22.899999618530273,1000,0.0,0.0
2025-06-11 03:10:00+00:00,23.0,23.0,23.0,23.0,6020,0.0,0.0
2025-06-11 03:15:00+00:00,22.850000381469727,22.850000381469727,22.850000381469727,22.850000381469727,1000,0.0,0.0
2025-06-11 03:20:00+00:00,22.899999618530273,22.899999618530273,22.899999618530273,22.899999618530273,3000,0.0,0.0
2025-06-11 03:25:00+00:00,22.899999618530273,22.950000762939453,22.899999618530273,22.950000762939453,0,0.0,0.0
2025-06-11 03:30:00+00:00,22.950000762939453,23.0,22.950000762939453,23.0,107245,0.0,0.0
2025-06-11 03:40:00+00:00,23.0,23.0,23.0,23.0,1008,0.0,0.0
2025-06-11 03:45:00+00:00,22.899999618530273,22.899999618530273,22.899999618530273,22.899999618530273,2000,0.0,0.0
2025-06-11 03:55:00+00:00,23.0,23.0,23.0,23.0,17000,0.0,0.0
2025-06-11 04:00:00+00:00,23.0,23.049999237060547,23.0,23.049999237060547,3000,0.0,0.0
2025-06-11 04:20:00+00:00,23.049999237060547,23.049999237060547,23.049999237060547,23.049999237060547,4000,0.0,0.0
2025-06-11 04:30:00+00:00,23.100000381469727,23.100000381469727,23.100000381469727,23.100000381469727,1000,0.0,0.0
2025-06-11 04:40:00+00:00,23.049999237060547,23.049999237060547,23.049999237060547,23.049999237060547,1000,0.0,0.0
2025-06-12 01:00:00+00:00,23.100000381469727,23.100000381469727,22.950000762939453,22.950000762939453,4013,0.0,0.0
2025-06-12 01:10:00+00:00,22.950000762939453,22.950000762939453,22.950000762939453,22.950000762939453,6000,0.0,0.0
2025-06-12 01:20:00+00:00,23.0,23.0,23.0,23.0,5000,0.0,0.0
2025-06-12 01:30:00+00:00,23.0,23.0,23.0,23.0,2001,0.0,0.0
2025-06-12 01:45:00+00:00,22.950000762939453,22.950000762939453,22.950000762939453,22.950000762939453,1120,0.0,0.0
2025-06-12 01:55:00+00:00,22.950000762939453,22.950000762939453,22.950000762939453,22.950000762939453,3000,0.0,0.0
2025-06-12 02:00:00+00:00,22.950000762939453,22.950000762939453,22.899999618530273,22.899999618530273,4000,0.0,0.0
2025-06-12 02:05:00+00:00,22.899999618530273,22.899999618530273,22.899999618530273,22.899999618530273,2001,0.0,0.0
2025-06-12 02:10:00+00:00,22.950000762939453,22.950000762939453,22.950000762939453,22.950000762939453,1000,0.0,0.0
2025-06-12 02:20:00+00:00,22.950000762939453,22.950000762939453,22.950000762939453,22.950000762939453,2011,0.0,0.0
2025-06-12 02:35:00+00:00,22.950000762939453,22.950000762939453,22.950000762939453,22.950000762939453,1300,0.0,0.0
2025-06-12 02:50:00+00:00,22.950000762939453,22.950000762939453,22.950000762939453,22.950000762939453,1036,0.0,0.0
2025-06-12 03:10:00+00:00,23.0,23.049999237060547,23.0,23.049999237060547,13050,0.0,0.0
2025-06-12 03:25:00+00:00,22.950000762939453,23.049999237060547,22.950000762939453,23.049999237060547,5000,0.0,0.0
2025-06-12 03:30:00+00:00,23.049999237060547,23.049999237060547,23.049999237060547,23.049999237060547,1000,0.0,0.0
2025-06-12 03:40:00+00:00,23.049999237060547,23.049999237060547,23.049999237060547,23.049999237060547,1000,0.0,0.0
2025-06-12 03:45:00+00:00,22.950000762939453,22.950000762939453,22.899999618530273,22.899999618530273,15000,0.0,0.0
2025-06-12 03:50:00+00:00,23.0,23.0,23.0,23.0,3001,0.0,0.0
2025-06-12 04:25:00+00:00,22.899999618530273,22.899999618530273,22.899999618530273,22.899999618530273,1000,0.0,0.0
2025-06-12 04:45:00+00:00,22.899999618530273,22.899999618530273,22.899999618530273,22.899999618530273,1000,0.0,0.0
2025-06-12 05:00:00+00:00,22.950000762939453,22.950000762939453,22.950000762939453,22.950000762939453,1000,0.0,0.0
2025-06-12 05:05:00+00:00,22.899999618530273,22.899999618530273,22.899999618530273,22.899999618530273,1000,0.0,0.0
2025-06-12 05:10:00+00:00,22.950000762939453,22.950000762939453,22.950000762939453,22.950000762939453,1000,0.0,0.0
2025-06-12 05:20:00+00:00,22.950000762939453,22.950000762939453,22.950000762939453,22.950000762939453,1204,0.0,0.0
2025-06-13 01:00:00+00:00,22.799999237060547,22.799999237060547,22.799999237060547,22.799999237060547,0,0.0,0.0
2025-06-13 01:05:00+00:00,22.700000762939453,22.799999237060547,22.649999618530273,22.799999237060547,26015,0.0,0.0
2025-06-13 01:10:00+00:00,22.850000381469727,22.850000381469727,22.700000762939453,22.700000762939453,4000,0.0,0.0
2025-06-13 01:20:00+00:00,22.850000381469727,22.850000381469727,22.649999618530273,22.649999618530273,15000,0.0,0.0
2025-06-13 01:25:00+00:00,22.649999618530273,22.649999618530273,22.600000381469727,22.600000381469727,9012,0.0,0.0
2025-06-13 01:30:00+00:00,22.75,22.75,22.649999618530273,22.649999618530273,3008,0.0,0.0
2025-06-13 01:35:00+00:00,22.649999618530273,22.649999618530273,22.649999618530273,22.649999618530273,1001,0.0,0.0
2025-06-13 01:40:00+00:00,22.799999237060547,22.799999237060547,22.799999237060547,22.799999237060547,2000,0.0,0.0
2025-06-13 01:45:00+00:00,22.799999237060547,22.799999237060547,22.799999237060547,22.799999237060547,1000,0.0,0.0
2025-06-13 01:50:00+00:00,22.799999237060547,22.799999237060547,22.799999237060547,22.799999237060547,1000,0.0,0.0
2025-06-13 01:55:00+00:00,22.799999237060547,22.799999237060547,22.799999237060547,22.799999237060547,9000,0.0,0.0
2025-06-13 02:00:00+00:00,22.799999237060547,22.799999237060547,22.799999237060547,22.799999237060547,5000,0.0,0.0
2025-06-13 02:20:00+00:00,22.899999618530273,22.899999618530273,22.799999237060547,22.799999237060547,5000,0.0,0.0
2025-06-13 02:30:00+00:00,22.75,22.75,22.649999618530273,22.649999618530273,17001,0.0,0.0
2025-06-13 02:35:00+00:00,22.649999618530273,22.649999618530273,22.649999618530273,22.649999618530273,9000,0.0,0.0
2025-06-13 02:40:00+00:00,22.600000381469727,22.600000381469727,22.600000381469727,22.600000381469727,5103,0.0,0.0
2025-06-13 02:50:00+00:00,22.600000381469727,22.600000381469727,22.600000381469727,22.600000381469727,1000,0.0,0.0
2025-06-13 02:55:00+00:00,22.700000762939453,22.700000762939453,22.649999618530273,22.649999618530273,9000,0.0,0.0
2025-06-13 03:00:00+00:00,22.75,22.75,22.75,22.75,2000,0.0,0.0
2025-06-13 03:05:00+00:00,22.649999618530273,22.649999618530273,22.649999618530273,22.649999618530273,5000,0.0,0.0
2025-06-13 03:10:00+00:00,22.600000381469727,22.600000381469727,22.600000381469727,22.600000381469727,2000,0.0,0.0
2025-06-13 03:20:00+00:00,22.75,22.799999237060547,22.649999618530273,22.649999618530273,5010,0.0,0.0
2025-06-13 03:30:00+00:00,22.799999237060547,22.799999237060547,22.799999237060547,22.799999237060547,1000,0.0,0.0
2025-06-13 03:35:00+00:00,22.649999618530273,22.649999618530273,22.649999618530273,22.649999618530273,2012,0.0,0.0
2025-06-13 04:00:00+00:00,22.649999618530273,22.649999618530273,22.600000381469727,22.600000381469727,19807,0.0,0.0
2025-06-13 04:05:00+00:00,22.600000381469727,22.600000381469727,22.600000381469727,22.600000381469727,8000,0.0,0.0
2025-06-13 04:10:00+00:00,22.700000762939453,22.75,22.700000762939453,22.75,4000,0.0,0.0
2025-06-13 04:20:00+00:00,22.700000762939453,22.700000762939453,22.700000762939453,22.700000762939453,2000,0.0,0.0
2025-06-13 04:30:00+00:00,22.600000381469727,22.600000381469727,22.600000381469727,22.600000381469727,2001,0.0,0.0
2025-06-13 04:40:00+00:00,22.700000762939453,22.700000762939453,22.700000762939453,22.700000762939453,1084,0.0,0.0
2025-06-13 04:50:00+00:00,22.600000381469727,22.600000381469727,22.600000381469727,22.600000381469727,15032,0.0,0.0
2025-06-13 04:55:00+00:00,22.600000381469727,22.600000381469727,22.549999237060547,22.600000381469727,15000,0.0,0.0
2025-06-13 05:00:00+00:00,22.700000762939453,22.700000762939453,22.700000762939453,22.700000762939453,3000,0.0,0.0
2025-06-13 05:05:00+00:00,22.700000762939453,22.700000762939453,22.700000762939453,22.700000762939453,2000,0.0,0.0
2025-06-13 05:15:00+00:00,22.600000381469727,22.600000381469727,22.600000381469727,22.600000381469727,3186,0.0,0.0
2025-06-13 05:20:00+00:00,22.600000381469727,22.600000381469727,22.600000381469727,22.600000381469727,1403,0.0,0.0
2025-06-16 01:00:00+00:00,22.600000381469727,22.600000381469727,22.100000381469727,22.100000381469727,0,0.0,0.0
2025-06-16 01:05:00+00:00,22.200000762939453,22.25,22.200000762939453,22.25,12195,0.0,0.0
2025-06-16 01:10:00+00:00,22.399999618530273,22.399999618530273,22.399999618530273,22.399999618530273,5164,0.0,0.0
2025-06-16 01:15:00+00:00,22.399999618530273,22.399999618530273,22.399999618530273,22.399999618530273,1001,0.0,0.0
2025-06-16 01:20:00+00:00,22.5,22.5,22.399999618530273,22.399999618530273,4000,0.0,0.0
2025-06-16 01:30:00+00:00,22.5,22.549999237060547,22.5,22.549999237060547,2000,0.0,0.0
2025-06-16 01:45:00+00:00,22.399999618530273,22.399999618530273,22.399999618530273,22.399999618530273,1300,0.0,0.0
2025-06-16 02:05:00+00:00,22.399999618530273,22.399999618530273,22.399999618530273,22.399999618530273,2000,0.0,0.0
2025-06-16 02:10:00+00:00,22.5,22.5,22.5,22.5,1000,0.0,0.0
2025-06-16 02:45:00+00:00,22.399999618530273,22.399999618530273,22.399999618530273,22.399999618530273,3002,0.0,0.0
2025-06-16 03:15:00+00:00,22.399999618530273,22.450000762939453,22.399999618530273,22.450000762939453,5000,0.0,0.0
2025-06-16 03:20:00+00:00,22.5,22.5,22.5,22.5,1000,0.0,0.0
2025-06-16 03:35:00+00:00,22.399999618530273,22.399999618530273,22.200000762939453,22.200000762939453,30001,0.0,0.0
2025-06-16 03:40:00+00:00,22.450000762939453,22.450000762939453,22.450000762939453,22.450000762939453,1000,0.0,0.0
2025-06-16 03:50:00+00:00,22.450000762939453,22.5,22.450000762939453,22.5,5000,0.0,0.0
2025-06-16 04:00:00+00:00,22.549999237060547,22.549999237060547,22.549999237060547,22.549999237060547,1001,0.0,0.0
2025-06-16 04:15:00+00:00,22.5,22.5,22.5,22.5,2000,0.0,0.0
2025-06-16 04:20:00+00:00,22.450000762939453,22.549999237060547,22.450000762939453,22.549999237060547,13002,0.0,0.0
2025-06-16 05:05:00+00:00,22.549999237060547,22.549999237060547,22.549999237060547,22.549999237060547,1000,0.0,0.0
2025-06-16 05:10:00+00:00,22.549999237060547,22.549999237060547,22.549999237060547,22.549999237060547,1901,0.0,0.0
2025-06-17 01:00:00+00:00,22.399999618530273,22.450000762939453,22.399999618530273,22.450000762939453,0,0.0,0.0
2025-06-17 01:05:00+00:00,22.399999618530273,22.5,22.399999618530273,22.5,12021,0.0,0.0
2025-06-17 01:10:00+00:00,22.549999237060547,22.549999237060547,22.549999237060547,22.549999237060547,1001,0.0,0.0
2025-06-17 01:35:00+00:00,22.5,22.5,22.5,22.5,1002,0.0,0.0
2025-06-17 01:40:00+00:00,22.5,22.5,22.5,22.5,1002,0.0,0.0
2025-06-17 01:45:00+00:00,22.5,22.5,22.5,22.5,1331,0.0,0.0
2025-06-17 01:55:00+00:00,22.450000762939453,22.5,22.450000762939453,22.5,7000,0.0,0.0
2025-06-17 02:00:00+00:00,22.5,22.5,22.450000762939453,22.450000762939453,6001,0.0,0.0
2025-06-17 02:10:00+00:00,22.450000762939453,22.450000762939453,22.350000381469727,22.350000381469727,19121,0.0,0.0
2025-06-17 02:15:00+00:00,22.350000381469727,22.350000381469727,22.350000381469727,22.350000381469727,1000,0.0,0.0
2025-06-17 02:20:00+00:00,22.350000381469727,22.399999618530273,22.350000381469727,22.399999618530273,3000,0.0,0.0
2025-06-17 02:25:00+00:00,22.399999618530273,22.399999618530273,22.399999618530273,22.399999618530273,1000,0.0,0.0
2025-06-17 02:35:00+00:00,22.350000381469727,22.350000381469727,22.350000381469727,22.350000381469727,3000,0.0,0.0
2025-06-17 02:40:00+00:00,22.399999618530273,22.399999618530273,22.399999618530273,22.399999618530273,1000,0.0,0.0
2025-06-17 02:45:00+00:00,22.299999237060547,22.299999237060547,22.299999237060547,22.299999237060547,10000,0.0,0.0
2025-06-17 02:50:00+00:00,22.399999618530273,22.399999618530273,22.399999618530273,22.399999618530273,2000,0.0,0.0
2025-06-17 02:55:00+00:00,22.25,22.25,22.25,22.25,14000,0.0,0.0
2025-06-17 03:00:00+00:00,22.25,22.350000381469727,22.25,22.350000381469727,12000,0.0,0.0
2025-06-17 03:10:00+00:00,22.350000381469727,22.350000381469727,22.350000381469727,22.350000381469727,2005,0.0,0.0
2025-06-17 03:25:00+00:00,22.299999237060547,22.299999237060547,22.299999237060547,22.299999237060547,1006,0.0,0.0
2025-06-17 03:35:00+00:00,22.350000381469727,22.350000381469727,22.350000381469727,22.350000381469727,1000,0.0,0.0
2025-06-17 03:40:00+00:00,22.350000381469727,22.350000381469727,22.350000381469727,22.350000381469727,5000,0.0,0.0
2025-06-17 03:50:00+00:00,22.399999618530273,22.399999618530273,22.399999618530273,22.399999618530273,1100,0.0,0.0
2025-06-17 04:20:00+00:00,22.350000381469727,22.350000381469727,22.350000381469727,22.350000381469727,1000,0.0,0.0
2025-06-17 04:25:00+00:00,22.299999237060547,22.299999237060547,22.299999237060547,22.299999237060547,1000,0.0,0.0
2025-06-17 04:30:00+00:00,22.299999237060547,22.350000381469727,22.299999237060547,22.350000381469727,2012,0.0,0.0
2025-06-17 04:40:00+00:00,22.299999237060547,22.299999237060547,22.299999237060547,22.299999237060547,2000,0.0,0.0
2025-06-17 04:50:00+00:00,22.25,22.25,22.25,22.25,20000,0.0,0.0
2025-06-17 05:00:00+00:00,22.299999237060547,22.299999237060547,22.299999237060547,22.299999237060547,1001,0.0,0.0
2025-06-17 05:05:00+00:00,22.299999237060547,22.299999237060547,22.299999237060547,22.299999237060547,1000,0.0,0.0
2025-06-17 05:10:00+00:00,22.350000381469727,22.350000381469727,22.350000381469727,22.350000381469727,3001,0.0,0.0
2025-06-17 05:15:00+00:00,22.299999237060547,22.350000381469727,22.299999237060547,22.350000381469727,6027,0.0,0.0
2025-06-18 01:00:00+00:00,22.399999618530273,22.399999618530273,22.399999618530273,22.399999618530273,1000,0.0,0.0
2025-06-18 01:05:00+00:00,22.25,22.25,22.25,22.25,3597,0.0,0.0
2025-06-18 01:15:00+00:00,22.25,22.25,22.25,22.25,2000,0.0,0.0
2025-06-18 01:35:00+00:00,22.25,22.25,22.25,22.25,2000,0.0,0.0
2025-06-18 01:40:00+00:00,22.299999237060547,22.299999237060547,22.299999237060547,22.299999237060547,1001,0.0,0.0
2025-06-18 02:10:00+00:00,22.299999237060547,22.350000381469727,22.299999237060547,22.350000381469727,5000,0.0,0.0
2025-06-18 02:30:00+00:00,22.350000381469727,22.350000381469727,22.350000381469727,22.350000381469727,1100,0.0,0.0
2025-06-18 02:35:00+00:00,22.399999618530273,22.450000762939453,22.399999618530273,22.450000762939453,11000,0.0,0.0
2025-06-18 02:40:00+00:00,22.450000762939453,22.450000762939453,22.450000762939453,22.450000762939453,2000,0.0,0.0
2025-06-18 02:45:00+00:00,22.450000762939453,22.450000762939453,22.399999618530273,22.399999618530273,7000,0.0,0.0
2025-06-18 02:50:00+00:00,22.5,22.5,22.5,22.5,10000,0.0,0.0
2025-06-18 02:55:00+00:00,22.5,22.600000381469727,22.5,22.600000381469727,5500,0.0,0.0
2025-06-18 03:15:00+00:00,22.600000381469727,22.600000381469727,22.600000381469727,22.600000381469727,2000,0.0,0.0
2025-06-18 03:30:00+00:00,22.600000381469727,22.649999618530273,22.600000381469727,22.649999618530273,4000,0.0,0.0
2025-06-18 03:45:00+00:00,22.600000381469727,22.600000381469727,22.600000381469727,22.600000381469727,1000,0.0,0.0
2025-06-18 04:00:00+00:00,22.549999237060547,22.549999237060547,22.549999237060547,22.549999237060547,1000,0.0,0.0
2025-06-18 04:05:00+00:00,22.5,22.5,22.450000762939453,22.450000762939453,12000,0.0,0.0
2025-06-18 04:10:00+00:00,22.5,22.549999237060547,22.5,22.549999237060547,2000,0.0,0.0
2025-06-18 04:30:00+00:00,22.399999618530273,22.5,22.399999618530273,22.5,3000,0.0,0.0
2025-06-18 05:00:00+00:00,22.350000381469727,22.350000381469727,22.299999237060547,22.299999237060547,3006,0.0,0.0
2025-06-18 05:05:00+00:00,22.299999237060547,22.299999237060547,22.299999237060547,22.299999237060547,2000,0.0,0.0
2025-06-18 05:10:00+00:00,22.350000381469727,22.450000762939453,22.299999237060547,22.299999237060547,5000,0.0,0.0
2025-06-18 05:15:00+00:00,22.299999237060547,22.299999237060547,22.25,22.25,2000,0.0,0.0
2025-06-18 05:20:00+00:00,22.350000381469727,22.450000762939453,22.350000381469727,22.450000762939453,2403,0.0,0.0
2025-06-19 01:00:00+00:00,22.450000762939453,22.450000762939453,22.450000762939453,22.450000762939453,0,0.0,0.0
2025-06-19 01:05:00+00:00,22.450000762939453,22.450000762939453,22.450000762939453,22.450000762939453,4000,0.0,0.0
2025-06-19 01:10:00+00:00,22.399999618530273,22.399999618530273,22.399999618530273,22.399999618530273,0,0.0,0.0
2025-06-19 01:15:00+00:00,22.399999618530273,22.399999618530273,22.350000381469727,22.399999618530273,12155,0.0,0.0
2025-06-19 01:25:00+00:00,22.350000381469727,22.350000381469727,22.350000381469727,22.350000381469727,1050,0.0,0.0
2025-06-19 01:30:00+00:00,22.299999237060547,22.299999237060547,22.299999237060547,22.299999237060547,3001,0.0,0.0
2025-06-19 01:35:00+00:00,22.299999237060547,22.299999237060547,22.299999237060547,22.299999237060547,2000,0.0,0.0
2025-06-19 01:40:00+00:00,22.25,22.299999237060547,22.25,22.299999237060547,8000,0.0,0.0
2025-06-19 01:45:00+00:00,22.25,22.25,22.200000762939453,22.200000762939453,34000,0.0,0.0
2025-06-19 01:50:00+00:00,22.350000381469727,22.5,22.350000381469727,22.5,6000,0.0,0.0
2025-06-19 01:55:00+00:00,22.25,22.350000381469727,22.25,22.350000381469727,6002,0.0,0.0
2025-06-19 02:00:00+00:00,22.399999618530273,22.399999618530273,22.399999618530273,22.399999618530273,3000,0.0,0.0
2025-06-19 02:10:00+00:00,22.450000762939453,22.450000762939453,22.450000762939453,22.450000762939453,1000,0.0,0.0
2025-06-19 02:15:00+00:00,22.299999237060547,22.299999237060547,22.299999237060547,22.299999237060547,1000,0.0,0.0
2025-06-19 02:20:00+00:00,22.299999237060547,22.299999237060547,22.299999237060547,22.299999237060547,1005,0.0,0.0
2025-06-19 02:30:00+00:00,22.299999237060547,22.399999618530273,22.299999237060547,22.399999618530273,3000,0.0,0.0
2025-06-19 02:35:00+00:00,22.25,22.25,22.25,22.25,5000,0.0,0.0
2025-06-19 02:50:00+00:00,22.299999237060547,22.299999237060547,22.299999237060547,22.299999237060547,1000,0.0,0.0
2025-06-19 03:00:00+00:00,22.299999237060547,22.299999237060547,22.299999237060547,22.299999237060547,1000,0.0,0.0
2025-06-19 03:05:00+00:00,22.25,22.350000381469727,22.25,22.350000381469727,12000,0.0,0.0
2025-06-19 03:10:00+00:00,22.399999618530273,22.399999618530273,22.399999618530273,22.399999618530273,2000,0.0,0.0
2025-06-19 03:20:00+00:00,22.200000762939453,22.350000381469727,22.200000762939453,22.350000381469727,3050,0.0,0.0
2025-06-19 03:35:00+00:00,22.299999237060547,22.299999237060547,22.299999237060547,22.299999237060547,5000,0.0,0.0
2025-06-19 03:40:00+00:00,22.350000381469727,22.350000381469727,22.350000381469727,22.350000381469727,1000,0.0,0.0
2025-06-19 03:45:00+00:00,22.399999618530273,22.399999618530273,22.399999618530273,22.399999618530273,1001,0.0,0.0
2025-06-19 04:25:00+00:00,22.299999237060547,22.299999237060547,22.299999237060547,22.299999237060547,1000,0.0,0.0
2025-06-19 04:40:00+00:00,22.299999237060547,22.299999237060547,22.299999237060547,22.299999237060547,5000,0.0,0.0
2025-06-19 04:45:00+00:00,22.299999237060547,22.299999237060547,22.299999237060547,22.299999237060547,1001,0.0,0.0
2025-06-19 04:50:00+00:00,22.399999618530273,22.399999618530273,22.399999618530273,22.399999618530273,1100,0.0,0.0
2025-06-19 05:00:00+00:00,22.399999618530273,22.399999618530273,22.399999618530273,22.399999618530273,1000,0.0,0.0
2025-06-19 05:05:00+00:00,22.399999618530273,22.399999618530273,22.399999618530273,22.399999618530273,2000,0.0,0.0
2025-06-19 05:15:00+00:00,22.350000381469727,22.350000381469727,22.350000381469727,22.350000381469727,2000,0.0,0.0
2025-06-19 05:20:00+00:00,22.25,22.25,22.25,22.25,1202,0.0,0.0
2025-06-20 01:00:00+00:00,22.399999618530273,22.399999618530273,22.299999237060547,22.299999237060547,0,0.0,0.0
2025-06-20 01:05:00+00:00,22.350000381469727,22.600000381469727,22.350000381469727,22.549999237060547,20000,0.0,0.0
2025-06-20 01:10:00+00:00,22.549999237060547,22.549999237060547,22.5,22.5,3000,0.0,0.0
2025-06-20 01:15:00+00:00,22.5,22.5,22.450000762939453,22.450000762939453,2000,0.0,0.0
2025-06-20 01:20:00+00:00,22.549999237060547,22.549999237060547,22.399999618530273,22.399999618530273,3000,0.0,0.0
2025-06-20 01:25:00+00:00,22.299999237060547,22.299999237060547,22.299999237060547,22.299999237060547,3000,0.0,0.0
2025-06-20 01:30:00+00:00,22.25,22.25,22.100000381469727,22.100000381469727,18000,0.0,0.0
2025-06-20 01:35:00+00:00,22.100000381469727,22.100000381469727,22.0,22.0,6000,0.0,0.0
2025-06-20 01:40:00+00:00,22.049999237060547,22.049999237060547,22.049999237060547,22.049999237060547,3000,0.0,0.0
2025-06-20 01:45:00+00:00,22.0,22.200000762939453,22.0,22.200000762939453,30150,0.0,0.0
2025-06-20 01:50:00+00:00,22.200000762939453,22.25,22.200000762939453,22.25,8002,0.0,0.0
2025-06-20 02:15:00+00:00,22.100000381469727,22.100000381469727,22.049999237060547,22.049999237060547,11000,0.0,0.0
2025-06-20 02:20:00+00:00,22.049999237060547,22.25,22.0,22.100000381469727,14067,0.0,0.0
2025-06-20 02:25:00+00:00,22.25,22.399999618530273,22.25,22.399999618530273,12000,0.0,0.0
2025-06-20 02:30:00+00:00,22.399999618530273,22.5,22.399999618530273,22.5,5201,0.0,0.0
2025-06-20 02:40:00+00:00,22.450000762939453,22.450000762939453,22.399999618530273,22.399999618530273,11015,0.0,0.0
2025-06-20 02:55:00+00:00,22.399999618530273,22.399999618530273,22.299999237060547,22.299999237060547,3000,0.0,0.0
2025-06-20 03:20:00+00:00,22.299999237060547,22.299999237060547,22.299999237060547,22.299999237060547,1000,0.0,0.0
2025-06-20 03:40:00+00:00,22.200000762939453,22.200000762939453,22.200000762939453,22.200000762939453,2104,0.0,0.0
2025-06-20 03:45:00+00:00,22.200000762939453,22.200000762939453,22.200000762939453,22.200000762939453,3000,0.0,0.0
2025-06-20 03:50:00+00:00,22.299999237060547,22.299999237060547,22.299999237060547,22.299999237060547,1002,0.0,0.0
2025-06-20 04:05:00+00:00,22.25,22.25,22.25,22.25,1000,0.0,0.0
2025-06-20 04:50:00+00:00,22.25,22.25,22.25,22.25,1300,0.0,0.0
2025-06-20 04:55:00+00:00,22.25,22.25,22.25,22.25,1001,0.0,0.0
2025-06-20 05:10:00+00:00,22.25,22.299999237060547,22.25,22.25,3000,0.0,0.0
2025-06-20 05:15:00+00:00,22.25,22.299999237060547,22.200000762939453,22.200000762939453,9200,0.0,0.0
2025-06-20 05:20:00+00:00,22.149999618530273,22.399999618530273,22.100000381469727,22.399999618530273,25202,0.0,0.0
2025-06-23 01:00:00+00:00,22.100000381469727,22.100000381469727,21.799999237060547,21.799999237060547,0,0.0,0.0
2025-06-23 01:10:00+00:00,21.899999618530273,22.049999237060547,21.850000381469727,21.850000381469727,8031,0.0,0.0
2025-06-23 01:15:00+00:00,21.850000381469727,21.850000381469727,21.850000381469727,21.850000381469727,11000,0.0,0.0
2025-06-23 01:20:00+00:00,21.899999618530273,21.899999618530273,21.75,21.75,8000,0.0,0.0
2025-06-23 01:30:00+00:00,21.899999618530273,21.899999618530273,21.700000762939453,21.700000762939453,8010,0.0,0.0
2025-06-23 01:35:00+00:00,21.700000762939453,21.700000762939453,21.649999618530273,21.649999618530273,2000,0.0,0.0
2025-06-23 01:40:00+00:00,21.75,21.75,21.75,21.75,1000,0.0,0.0
2025-06-23 01:45:00+00:00,21.75,21.75,21.75,21.75,1001,0.0,0.0
2025-06-23 01:50:00+00:00,21.75,21.850000381469727,21.700000762939453,21.700000762939453,4000,0.0,0.0
2025-06-23 01:55:00+00:00,21.700000762939453,21.700000762939453,21.700000762939453,21.700000762939453,2051,0.0,0.0
2025-06-23 02:15:00+00:00,21.700000762939453,21.700000762939453,21.700000762939453,21.700000762939453,2000,0.0,0.0
2025-06-23 02:20:00+00:00,21.75,21.899999618530273,21.75,21.899999618530273,2050,0.0,0.0
2025-06-23 02:35:00+00:00,21.799999237060547,21.799999237060547,21.799999237060547,21.799999237060547,5000,0.0,0.0
2025-06-23 02:40:00+00:00,21.850000381469727,21.850000381469727,21.850000381469727,21.850000381469727,1010,0.0,0.0
2025-06-23 02:55:00+00:00,21.700000762939453,21.700000762939453,21.700000762939453,21.700000762939453,1499,0.0,0.0
2025-06-23 03:20:00+00:00,21.700000762939453,21.700000762939453,21.700000762939453,21.700000762939453,1000,0.0,0.0
2025-06-23 03:30:00+00:00,21.799999237060547,21.799999237060547,21.799999237060547,21.799999237060547,1000,0.0,0.0
2025-06-23 03:35:00+00:00,21.75,21.799999237060547,21.75,21.799999237060547,6000,0.0,0.0
2025-06-23 03:40:00+00:00,21.799999237060547,21.799999237060547,21.799999237060547,21.799999237060547,1000,0.0,0.0
2025-06-23 03:55:00+00:00,21.799999237060547,21.799999237060547,21.799999237060547,21.799999237060547,5000,0.0,0.0
2025-06-23 04:00:00+00:00,21.799999237060547,21.799999237060547,21.799999237060547,21.799999237060547,1101,0.0,0.0
2025-06-23 04:25:00+00:00,21.700000762939453,21.700000762939453,21.700000762939453,21.700000762939453,1000,0.0,0.0
2025-06-23 04:30:00+00:00,21.700000762939453,21.700000762939453,21.700000762939453,21.700000762939453,1001,0.0,0.0
2025-06-23 04:35:00+00:00,21.75,21.75,21.700000762939453,21.700000762939453,8005,0.0,0.0
2025-06-23 04:40:00+00:00,21.700000762939453,21.799999237060547,21.700000762939453,21.799999237060547,10000,0.0,0.0
2025-06-23 04:50:00+00:00,21.850000381469727,21.850000381469727,21.850000381469727,21.850000381469727,2011,0.0,0.0
2025-06-23 04:55:00+00:00,21.75,21.75,21.75,21.75,1000,0.0,0.0
2025-06-23 05:00:00+00:00,21.850000381469727,21.850000381469727,21.850000381469727,21.850000381469727,1000,0.0,0.0
2025-06-23 05:05:00+00:00,21.799999237060547,21.799999237060547,21.799999237060547,21.799999237060547,3053,0.0,0.0
2025-06-23 05:20:00+00:00,21.75,21.75,21.350000381469727,21.75,116359,0.0,0.0
2025-06-24 01:00:00+00:00,21.75,21.850000381469727,21.75,21.850000381469727,0,0.0,0.0
2025-06-24 01:05:00+00:00,21.899999618530273,22.0,21.899999618530273,22.0,11002,0.0,0.0
2025-06-24 01:10:00+00:00,22.0,22.0,22.0,22.0,1000,0.0,0.0
2025-06-24 01:15:00+00:00,22.0,22.0,22.0,22.0,1155,0.0,0.0
2025-06-24 01:25:00+00:00,22.0,22.0,22.0,22.0,1000,0.0,0.0
2025-06-24 01:30:00+00:00,21.950000762939453,22.0,21.950000762939453,22.0,6000,0.0,0.0
2025-06-24 01:40:00+00:00,22.049999237060547,22.100000381469727,22.0,22.100000381469727,9100,0.0,0.0
2025-06-24 01:45:00+00:00,22.100000381469727,22.100000381469727,22.100000381469727,22.100000381469727,1000,0.0,0.0
2025-06-24 01:50:00+00:00,22.100000381469727,22.100000381469727,22.100000381469727,22.100000381469727,1605,0.0,0.0
2025-06-24 01:55:00+00:00,22.100000381469727,22.100000381469727,22.100000381469727,22.100000381469727,1300,0.0,0.0
2025-06-24 02:00:00+00:00,22.049999237060547,22.049999237060547,22.049999237060547,22.049999237060547,1000,0.0,0.0
2025-06-24 02:05:00+00:00,22.049999237060547,22.049999237060547,22.049999237060547,22.049999237060547,1000,0.0,0.0
2025-06-24 02:10:00+00:00,22.0,22.049999237060547,22.0,22.0,7000,0.0,0.0
2025-06-24 02:15:00+00:00,22.049999237060547,22.049999237060547,22.049999237060547,22.049999237060547,4000,0.0,0.0
2025-06-24 02:20:00+00:00,22.049999237060547,22.049999237060547,22.049999237060547,22.049999237060547,1000,0.0,0.0
2025-06-24 02:30:00+00:00,22.049999237060547,22.049999237060547,22.049999237060547,22.049999237060547,1015,0.0,0.0
2025-06-24 02:45:00+00:00,21.899999618530273,21.899999618530273,21.850000381469727,21.850000381469727,10042,0.0,0.0
2025-06-24 02:50:00+00:00,21.850000381469727,21.850000381469727,21.850000381469727,21.850000381469727,3000,0.0,0.0
2025-06-24 02:55:00+00:00,21.899999618530273,21.899999618530273,21.899999618530273,21.899999618530273,1000,0.0,0.0
2025-06-24 03:00:00+00:00,21.950000762939453,21.950000762939453,21.850000381469727,21.950000762939453,11269,0.0,0.0
2025-06-24 03:15:00+00:00,21.899999618530273,21.899999618530273,21.899999618530273,21.899999618530273,7000,0.0,0.0
2025-06-24 03:20:00+00:00,22.0,22.0,22.0,22.0,3000,0.0,0.0
2025-06-24 03:30:00+00:00,22.0,22.0,22.0,22.0,2000,0.0,0.0
2025-06-24 03:35:00+00:00,22.0,22.0,22.0,22.0,1000,0.0,0.0
2025-06-24 03:40:00+00:00,21.850000381469727,21.850000381469727,21.850000381469727,21.850000381469727,1000,0.0,0.0
2025-06-24 03:45:00+00:00,21.899999618530273,21.899999618530273,21.899999618530273,21.899999618530273,9000,0.0,0.0
2025-06-24 03:50:00+00:00,22.0,22.0,22.0,22.0,2000,0.0,0.0
2025-06-24 04:20:00+00:00,21.899999618530273,21.899999618530273,21.850000381469727,21.850000381469727,8000,0.0,0.0
2025-06-24 04:30:00+00:00,21.850000381469727,21.850000381469727,21.850000381469727,21.850000381469727,1000,0.0,0.0
2025-06-24 04:35:00+00:00,21.899999618530273,21.899999618530273,21.899999618530273,21.899999618530273,2001,0.0,0.0
2025-06-24 04:40:00+00:00,21.950000762939453,21.950000762939453,21.950000762939453,21.950000762939453,1000,0.0,0.0
2025-06-24 04:45:00+00:00,21.850000381469727,21.850000381469727,21.850000381469727,21.850000381469727,1000,0.0,0.0
2025-06-24 04:55:00+00:00,21.850000381469727,21.850000381469727,21.850000381469727,21.850000381469727,2000,0.0,0.0
2025-06-24 05:00:00+00:00,21.899999618530273,21.899999618530273,21.899999618530273,21.899999618530273,2287,0.0,0.0
2025-06-24 05:05:00+00:00,21.850000381469727,21.899999618530273,21.850000381469727,21.899999618530273,3014,0.0,0.0
2025-06-24 05:20:00+00:00,21.950000762939453,21.950000762939453,21.950000762939453,21.950000762939453,1601,0.0,0.0
2025-06-25 01:00:00+00:00,22.049999237060547,22.049999237060547,22.049999237060547,22.049999237060547,0,0.0,0.0
2025-06-25 01:05:00+00:00,22.049999237060547,22.049999237060547,22.049999237060547,22.049999237060547,3000,0.0,0.0
2025-06-25 01:15:00+00:00,22.049999237060547,22.049999237060547,22.049999237060547,22.049999237060547,3008,0.0,0.0
2025-06-25 01:25:00+00:00,22.049999237060547,22.049999237060547,22.049999237060547,22.049999237060547,1000,0.0,0.0
2025-06-25 01:30:00+00:00,22.0,22.0,22.0,22.0,2000,0.0,0.0
2025-06-25 01:50:00+00:00,22.0,22.0,22.0,22.0,1000,0.0,0.0
2025-06-25 01:55:00+00:00,21.950000762939453,22.0,21.950000762939453,22.0,2000,0.0,0.0
2025-06-25 02:00:00+00:00,22.049999237060547,22.049999237060547,22.049999237060547,22.049999237060547,1000,0.0,0.0
2025-06-25 02:05:00+00:00,22.0,22.0,22.0,22.0,1001,0.0,0.0
2025-06-25 02:15:00+00:00,22.049999237060547,22.049999237060547,22.049999237060547,22.049999237060547,2010,0.0,0.0
2025-06-25 02:25:00+00:00,22.049999237060547,22.100000381469727,22.049999237060547,22.100000381469727,2000,0.0,0.0
2025-06-25 02:30:00+00:00,22.100000381469727,22.100000381469727,22.049999237060547,22.049999237060547,2100,0.0,0.0
2025-06-25 02:40:00+00:00,22.049999237060547,22.049999237060547,22.049999237060547,22.049999237060547,1020,0.0,0.0
2025-06-25 02:55:00+00:00,22.049999237060547,22.049999237060547,22.049999237060547,22.049999237060547,1010,0.0,0.0
2025-06-25 03:05:00+00:00,22.100000381469727,22.100000381469727,22.100000381469727,22.100000381469727,2000,0.0,0.0
2025-06-25 03:10:00+00:00,22.100000381469727,22.149999618530273,22.100000381469727,22.149999618530273,2000,0.0,0.0
2025-06-25 03:35:00+00:00,22.100000381469727,22.200000762939453,22.100000381469727,22.200000762939453,37992,0.0,0.0
2025-06-25 03:40:00+00:00,22.25,22.299999237060547,22.25,22.299999237060547,5010,0.0,0.0
2025-06-25 03:45:00+00:00,22.200000762939453,22.200000762939453,22.200000762939453,22.200000762939453,1000,0.0,0.0
2025-06-25 03:50:00+00:00,22.200000762939453,22.200000762939453,22.200000762939453,22.200000762939453,1000,0.0,0.0
2025-06-25 04:00:00+00:00,22.25,22.299999237060547,22.25,22.299999237060547,2008,0.0,0.0
2025-06-25 04:50:00+00:00,22.149999618530273,22.149999618530273,22.149999618530273,22.149999618530273,1000,0.0,0.0
2025-06-25 04:55:00+00:00,22.149999618530273,22.149999618530273,22.100000381469727,22.100000381469727,2000,0.0,0.0
2025-06-25 05:05:00+00:00,22.200000762939453,22.200000762939453,22.200000762939453,22.200000762939453,1000,0.0,0.0
2025-06-25 05:10:00+00:00,22.200000762939453,22.200000762939453,22.200000762939453,22.200000762939453,1001,0.0,0.0
2025-06-25 05:20:00+00:00,22.200000762939453,22.200000762939453,22.200000762939453,22.200000762939453,5282,0.0,0.0
2025-06-26 01:00:00+00:00,22.200000762939453,22.200000762939453,22.200000762939453,22.200000762939453,0,0.0,0.0
2025-06-26 01:05:00+00:00,22.299999237060547,22.299999237060547,22.25,22.25,6000,0.0,0.0
2025-06-26 01:10:00+00:00,22.350000381469727,22.350000381469727,22.350000381469727,22.350000381469727,3000,0.0,0.0
2025-06-26 01:15:00+00:00,22.350000381469727,22.399999618530273,22.350000381469727,22.399999618530273,5000,0.0,0.0
2025-06-26 01:20:00+00:00,22.399999618530273,22.399999618530273,22.299999237060547,22.299999237060547,6000,0.0,0.0
2025-06-26 01:25:00+00:00,22.450000762939453,22.450000762939453,22.399999618530273,22.399999618530273,2020,0.0,0.0
2025-06-26 01:30:00+00:00,22.450000762939453,22.450000762939453,22.450000762939453,22.450000762939453,1000,0.0,0.0
2025-06-26 01:40:00+00:00,22.399999618530273,22.399999618530273,22.399999618530273,22.399999618530273,1000,0.0,0.0
2025-06-26 01:45:00+00:00,22.299999237060547,22.299999237060547,22.299999237060547,22.299999237060547,3000,0.0,0.0
2025-06-26 01:50:00+00:00,22.399999618530273,22.399999618530273,22.399999618530273,22.399999618530273,1100,0.0,0.0
2025-06-26 02:00:00+00:00,22.299999237060547,22.299999237060547,22.299999237060547,22.299999237060547,1000,0.0,0.0
2025-06-26 02:10:00+00:00,22.399999618530273,22.399999618530273,22.399999618530273,22.399999618530273,1000,0.0,0.0
2025-06-26 02:15:00+00:00,22.450000762939453,22.450000762939453,22.450000762939453,22.450000762939453,1000,0.0,0.0
2025-06-26 02:20:00+00:00,22.450000762939453,22.450000762939453,22.399999618530273,22.399999618530273,9000,0.0,0.0
2025-06-26 02:25:00+00:00,22.5,22.5,22.5,22.5,1000,0.0,0.0
2025-06-26 02:30:00+00:00,22.5,22.5,22.5,22.5,2000,0.0,0.0
2025-06-26 02:40:00+00:00,22.399999618530273,22.450000762939453,22.399999618530273,22.450000762939453,3060,0.0,0.0
2025-06-26 02:50:00+00:00,22.450000762939453,22.450000762939453,22.450000762939453,22.450000762939453,2001,0.0,0.0
2025-06-26 03:10:00+00:00,22.450000762939453,22.450000762939453,22.399999618530273,22.450000762939453,3029,0.0,0.0
2025-06-26 03:25:00+00:00,22.450000762939453,22.450000762939453,22.450000762939453,22.450000762939453,2245,0.0,0.0
2025-06-26 03:30:00+00:00,22.399999618530273,22.399999618530273,22.399999618530273,22.399999618530273,4000,0.0,0.0
2025-06-26 03:40:00+00:00,22.450000762939453,22.450000762939453,22.450000762939453,22.450000762939453,1000,0.0,0.0
2025-06-26 03:45:00+00:00,22.450000762939453,22.450000762939453,22.450000762939453,22.450000762939453,3000,0.0,0.0
2025-06-26 03:50:00+00:00,22.450000762939453,22.450000762939453,22.450000762939453,22.450000762939453,1000,0.0,0.0
2025-06-26 04:15:00+00:00,22.450000762939453,22.450000762939453,22.450000762939453,22.450000762939453,1000,0.0,0.0
2025-06-26 04:25:00+00:00,22.350000381469727,22.350000381469727,22.350000381469727,22.350000381469727,4201,0.0,0.0
2025-06-26 04:30:00+00:00,22.399999618530273,22.399999618530273,22.399999618530273,22.399999618530273,2000,0.0,0.0
2025-06-26 04:50:00+00:00,22.450000762939453,22.450000762939453,22.450000762939453,22.450000762939453,1071,0.0,0.0
2025-06-26 05:15:00+00:00,22.350000381469727,22.350000381469727,22.25,22.25,8000,0.0,0.0
2025-06-26 05:20:00+00:00,22.399999618530273,22.450000762939453,22.399999618530273,22.450000762939453,3404,0.0,0.0
2025-06-27 01:00:00+00:00,22.399999618530273,22.450000762939453,22.399999618530273,22.450000762939453,0,0.0,0.0
2025-06-27 01:05:00+00:00,22.450000762939453,22.450000762939453,22.450000762939453,22.450000762939453,1005,0.0,0.0
2025-06-27 01:10:00+00:00,22.5,22.549999237060547,22.450000762939453,22.549999237060547,18000,0.0,0.0
2025-06-27 01:15:00+00:00,22.450000762939453,22.450000762939453,22.450000762939453,22.450000762939453,1001,0.0,0.0
2025-06-27 01:20:00+00:00,22.600000381469727,22.600000381469727,22.399999618530273,22.399999618530273,7010,0.0,0.0
2025-06-27 01:30:00+00:00,22.399999618530273,22.399999618530273,22.399999618530273,22.399999618530273,1000,0.0,0.0
2025-06-27 01:35:00+00:00,22.5,22.5,22.5,22.5,2000,0.0,0.0
2025-06-27 01:50:00+00:00,22.399999618530273,22.399999618530273,22.399999618530273,22.399999618530273,1000,0.0,0.0
2025-06-27 02:00:00+00:00,22.450000762939453,22.450000762939453,22.450000762939453,22.450000762939453,1000,0.0,0.0
2025-06-27 02:05:00+00:00,22.450000762939453,22.450000762939453,22.450000762939453,22.450000762939453,2000,0.0,0.0
2025-06-27 02:10:00+00:00,22.450000762939453,22.450000762939453,22.450000762939453,22.450000762939453,1000,0.0,0.0
2025-06-27 02:15:00+00:00,22.450000762939453,22.450000762939453,22.450000762939453,22.450000762939453,1000,0.0,0.0
2025-06-27 02:20:00+00:00,22.399999618530273,22.399999618530273,22.399999618530273,22.399999618530273,2000,0.0,0.0
2025-06-27 02:30:00+00:00,22.5,22.5,22.5,22.5,1001,0.0,0.0
2025-06-27 02:35:00+00:00,22.350000381469727,22.350000381469727,22.350000381469727,22.350000381469727,1002,0.0,0.0
2025-06-27 03:00:00+00:00,22.399999618530273,22.5,22.399999618530273,22.5,11114,0.0,0.0
2025-06-27 03:05:00+00:00,22.5,22.5,22.5,22.5,14400,0.0,0.0
2025-06-27 03:10:00+00:00,22.549999237060547,22.549999237060547,22.5,22.5,5000,0.0,0.0
2025-06-27 03:15:00+00:00,22.549999237060547,22.549999237060547,22.549999237060547,22.549999237060547,1000,0.0,0.0
2025-06-27 03:20:00+00:00,22.399999618530273,22.549999237060547,22.399999618530273,22.549999237060547,2001,0.0,0.0
2025-06-27 03:25:00+00:00,22.399999618530273,22.399999618530273,22.399999618530273,22.399999618530273,2000,0.0,0.0
2025-06-27 03:30:00+00:00,22.399999618530273,22.399999618530273,22.399999618530273,22.399999618530273,2002,0.0,0.0
2025-06-27 03:50:00+00:00,22.399999618530273,22.399999618530273,22.399999618530273,22.399999618530273,2057,0.0,0.0
2025-06-27 04:00:00+00:00,22.5,22.5,22.5,22.5,2001,0.0,0.0
2025-06-27 04:20:00+00:00,22.5,22.5,22.5,22.5,1000,0.0,0.0
2025-06-27 04:25:00+00:00,22.399999618530273,22.399999618530273,22.399999618530273,22.399999618530273,10000,0.0,0.0
2025-06-27 04:30:00+00:00,22.5,22.549999237060547,22.5,22.549999237060547,4000,0.0,0.0
2025-06-27 04:35:00+00:00,22.450000762939453,22.450000762939453,22.450000762939453,22.450000762939453,2000,0.0,0.0
2025-06-27 04:40:00+00:00,22.600000381469727,22.600000381469727,22.600000381469727,22.600000381469727,3015,0.0,0.0
2025-06-27 04:50:00+00:00,22.549999237060547,22.549999237060547,22.5,22.5,5000,0.0,0.0
2025-06-27 05:00:00+00:00,22.600000381469727,22.600000381469727,22.5,22.5,12000,0.0,0.0
2025-06-27 05:10:00+00:00,22.600000381469727,22.600000381469727,22.549999237060547,22.549999237060547,4489,0.0,0.0
2025-06-27 05:20:00+00:00,22.549999237060547,22.600000381469727,22.549999237060547,22.600000381469727,3601,0.0,0.0
2025-06-30 01:00:00+00:00,22.399999618530273,22.450000762939453,22.399999618530273,22.450000762939453,0,0.0,0.0
2025-06-30 01:05:00+00:00,22.450000762939453,22.450000762939453,22.450000762939453,22.450000762939453,2012,0.0,0.0
2025-06-30 01:15:00+00:00,22.450000762939453,22.450000762939453,22.399999618530273,22.399999618530273,6208,0.0,0.0
2025-06-30 01:30:00+00:00,22.350000381469727,22.5,22.350000381469727,22.5,7000,0.0,0.0
2025-06-30 01:40:00+00:00,22.5,22.5,22.5,22.5,1034,0.0,0.0
2025-06-30 02:10:00+00:00,22.5,22.5,22.5,22.5,1000,0.0,0.0
2025-06-30 02:40:00+00:00,22.350000381469727,22.350000381469727,22.350000381469727,22.350000381469727,2001,0.0,0.0
2025-06-30 02:55:00+00:00,22.350000381469727,22.350000381469727,22.350000381469727,22.350000381469727,3000,0.0,0.0
2025-06-30 03:00:00+00:00,22.399999618530273,22.399999618530273,22.399999618530273,22.399999618530273,1000,0.0,0.0
2025-06-30 03:10:00+00:00,22.350000381469727,22.350000381469727,22.350000381469727,22.350000381469727,1001,0.0,0.0
2025-06-30 03:35:00+00:00,22.350000381469727,22.350000381469727,22.350000381469727,22.350000381469727,7000,0.0,0.0
2025-06-30 03:40:00+00:00,22.399999618530273,22.399999618530273,22.399999618530273,22.399999618530273,1280,0.0,0.0
2025-06-30 04:35:00+00:00,22.299999237060547,22.299999237060547,22.299999237060547,22.299999237060547,1013,0.0,0.0
2025-06-30 04:40:00+00:00,22.299999237060547,22.299999237060547,22.299999237060547,22.299999237060547,5019,0.0,0.0
2025-06-30 04:50:00+00:00,22.299999237060547,22.299999237060547,22.299999237060547,22.299999237060547,1000,0.0,0.0
2025-06-30 05:00:00+00:00,22.25,22.350000381469727,22.25,22.25,3000,0.0,0.0
2025-06-30 05:10:00+00:00,22.350000381469727,22.350000381469727,22.350000381469727,22.350000381469727,1040,0.0,0.0
2025-06-30 05:20:00+00:00,22.25,22.25,22.25,22.25,2408,0.0,0.0
2025-07-01 01:00:00+00:00,22.25,22.5,22.25,22.399999618530273,0,0.0,0.0
2025-07-01 01:05:00+00:00,22.5,22.600000381469727,22.5,22.549999237060547,13001,0.0,0.0
2025-07-01 01:10:00+00:00,22.600000381469727,22.649999618530273,22.600000381469727,22.649999618530273,8000,0.0,0.0
2025-07-01 01:15:00+00:00,22.649999618530273,22.649999618530273,22.649999618530273,22.649999618530273,1000,0.0,0.0
2025-07-01 01:20:00+00:00,22.649999618530273,22.649999618530273,22.649999618530273,22.649999618530273,5000,0.0,0.0
2025-07-01 01:30:00+00:00,22.649999618530273,22.649999618530273,22.649999618530273,22.649999618530273,2000,0.0,0.0
2025-07-01 01:35:00+00:00,22.649999618530273,22.649999618530273,22.649999618530273,22.649999618530273,3000,0.0,0.0
2025-07-01 01:40:00+00:00,22.649999618530273,22.700000762939453,22.649999618530273,22.700000762939453,11000,0.0,0.0
2025-07-01 01:45:00+00:00,22.700000762939453,22.700000762939453,22.700000762939453,22.700000762939453,1000,0.0,0.0
2025-07-01 01:50:00+00:00,22.700000762939453,22.700000762939453,22.700000762939453,22.700000762939453,9050,0.0,0.0
2025-07-01 01:55:00+00:00,22.700000762939453,22.700000762939453,22.700000762939453,22.700000762939453,4000,0.0,0.0
2025-07-01 02:00:00+00:00,22.700000762939453,22.75,22.700000762939453,22.75,4000,0.0,0.0
2025-07-01 02:05:00+00:00,22.700000762939453,22.700000762939453,22.700000762939453,22.700000762939453,5000,0.0,0.0
2025-07-01 02:10:00+00:00,22.75,22.75,22.75,22.75,8001,0.0,0.0
2025-07-01 02:15:00+00:00,22.75,22.75,22.75,22.75,1020,0.0,0.0
2025-07-01 02:20:00+00:00,22.75,22.75,22.700000762939453,22.700000762939453,3000,0.0,0.0
2025-07-01 02:35:00+00:00,22.600000381469727,22.600000381469727,22.600000381469727,22.600000381469727,10001,0.0,0.0
2025-07-01 02:40:00+00:00,22.75,22.75,22.75,22.75,2000,0.0,0.0
2025-07-01 02:45:00+00:00,22.75,22.75,22.75,22.75,1001,0.0,0.0
2025-07-01 02:50:00+00:00,22.75,22.75,22.75,22.75,1008,0.0,0.0
2025-07-01 03:05:00+00:00,22.600000381469727,22.600000381469727,22.600000381469727,22.600000381469727,1000,0.0,0.0
2025-07-01 03:10:00+00:00,22.700000762939453,22.700000762939453,22.700000762939453,22.700000762939453,1010,0.0,0.0
2025-07-01 03:15:00+00:00,22.700000762939453,22.700000762939453,22.700000762939453,22.700000762939453,1000,0.0,0.0
2025-07-01 03:25:00+00:00,22.700000762939453,22.700000762939453,22.700000762939453,22.700000762939453,1286,0.0,0.0
2025-07-01 03:35:00+00:00,22.600000381469727,22.600000381469727,22.549999237060547,22.549999237060547,3000,0.0,0.0
2025-07-01 03:45:00+00:00,22.75,22.75,22.75,22.75,1745,0.0,0.0
2025-07-01 04:05:00+00:00,22.700000762939453,22.700000762939453,22.700000762939453,22.700000762939453,2000,0.0,0.0
2025-07-01 04:10:00+00:00,22.75,22.75,22.700000762939453,22.75,10251,0.0,0.0
2025-07-01 04:15:00+00:00,22.75,22.75,22.75,22.75,1000,0.0,0.0
2025-07-01 04:20:00+00:00,22.75,22.75,22.75,22.75,2003,0.0,0.0
2025-07-01 04:45:00+00:00,22.649999618530273,22.649999618530273,22.649999618530273,22.649999618530273,5000,0.0,0.0
2025-07-01 04:50:00+00:00,22.600000381469727,22.600000381469727,22.5,22.5,6000,0.0,0.0
2025-07-01 04:55:00+00:00,22.5,22.600000381469727,22.399999618530273,22.399999618530273,11000,0.0,0.0
2025-07-01 05:00:00+00:00,22.399999618530273,22.649999618530273,22.399999618530273,22.399999618530273,9000,0.0,0.0
2025-07-01 05:05:00+00:00,22.399999618530273,22.5,22.350000381469727,22.5,7000,0.0,0.0
2025-07-01 05:10:00+00:00,22.350000381469727,22.649999618530273,22.299999237060547,22.299999237060547,11100,0.0,0.0
2025-07-01 05:15:00+00:00,22.350000381469727,22.350000381469727,22.350000381469727,22.350000381469727,8000,0.0,0.0
2025-07-01 05:20:00+00:00,22.350000381469727,22.5,22.299999237060547,22.5,8001,0.0,0.0
2025-07-02 01:00:00+00:00,22.450000762939453,22.450000762939453,22.450000762939453,22.450000762939453,0,0.0,0.0
2025-07-02 01:05:00+00:00,22.350000381469727,22.450000762939453,22.350000381469727,22.450000762939453,12020,0.0,0.0
2025-07-02 01:10:00+00:00,22.5,22.5,22.25,22.5,15001,0.0,0.0
2025-07-02 01:20:00+00:00,22.549999237060547,22.600000381469727,22.5,22.600000381469727,5000,0.0,0.0
2025-07-02 01:30:00+00:00,22.549999237060547,22.549999237060547,22.549999237060547,22.549999237060547,1000,0.0,0.0
2025-07-02 01:35:00+00:00,22.549999237060547,22.549999237060547,22.450000762939453,22.450000762939453,2000,0.0,0.0
2025-07-02 01:40:00+00:00,22.549999237060547,22.549999237060547,22.549999237060547,22.549999237060547,4000,0.0,0.0
2025-07-02 01:50:00+00:00,22.549999237060547,22.549999237060547,22.549999237060547,22.549999237060547,1000,0.0,0.0
2025-07-02 02:10:00+00:00,22.549999237060547,22.549999237060547,22.549999237060547,22.549999237060547,3000,0.0,0.0
2025-07-02 02:30:00+00:00,22.5,22.5,22.5,22.5,1000,0.0,0.0
2025-07-02 02:40:00+00:00,22.600000381469727,22.600000381469727,22.600000381469727,22.600000381469727,2000,0.0,0.0
2025-07-02 02:50:00+00:00,22.600000381469727,22.600000381469727,22.600000381469727,22.600000381469727,1020,0.0,0.0
2025-07-02 03:10:00+00:00,22.399999618530273,22.399999618530273,22.399999618530273,22.399999618530273,1000,0.0,0.0
2025-07-02 03:30:00+00:00,22.399999618530273,22.399999618530273,22.399999618530273,22.399999618530273,2000,0.0,0.0
2025-07-02 03:35:00+00:00,22.399999618530273,22.399999618530273,22.399999618530273,22.399999618530273,1000,0.0,0.0
2025-07-02 03:45:00+00:00,22.299999237060547,22.299999237060547,22.299999237060547,22.299999237060547,1000,0.0,0.0
2025-07-02 03:50:00+00:00,22.549999237060547,22.549999237060547,22.549999237060547,22.549999237060547,1000,0.0,0.0
2025-07-02 04:20:00+00:00,22.5,22.5,22.5,22.5,2000,0.0,0.0
2025-07-02 04:30:00+00:00,22.450000762939453,22.450000762939453,22.450000762939453,22.450000762939453,1000,0.0,0.0
2025-07-02 04:35:00+00:00,22.350000381469727,22.399999618530273,22.350000381469727,22.399999618530273,7089,0.0,0.0
2025-07-02 04:40:00+00:00,22.450000762939453,22.450000762939453,22.299999237060547,22.299999237060547,5000,0.0,0.0
2025-07-02 04:45:00+00:00,22.399999618530273,22.549999237060547,22.299999237060547,22.350000381469727,6000,0.0,0.0
2025-07-02 04:50:00+00:00,22.350000381469727,22.549999237060547,22.350000381469727,22.350000381469727,6001,0.0,0.0
2025-07-02 04:55:00+00:00,22.350000381469727,22.350000381469727,22.350000381469727,22.350000381469727,5000,0.0,0.0
2025-07-02 05:00:00+00:00,22.5,22.549999237060547,22.350000381469727,22.350000381469727,6001,0.0,0.0
2025-07-02 05:05:00+00:00,22.350000381469727,22.350000381469727,22.350000381469727,22.350000381469727,4000,0.0,0.0
2025-07-02 05:10:00+00:00,22.350000381469727,22.549999237060547,22.350000381469727,22.350000381469727,5000,0.0,0.0
2025-07-02 05:15:00+00:00,22.350000381469727,22.5,22.350000381469727,22.350000381469727,5415,0.0,0.0
2025-07-02 05:20:00+00:00,22.350000381469727,22.399999618530273,22.350000381469727,22.399999618530273,5151,0.0,0.0
2025-05-05 01:00:00+00:00,23.850000381469727,23.850000381469727,23.700000762939453,23.700000762939453,0,0.0,0.0
2025-05-05 01:05:00+00:00,23.649999618530273,23.649999618530273,23.600000381469727,23.600000381469727,11059,0.0,0.0
2025-05-05 01:10:00+00:00,23.600000381469727,23.600000381469727,23.549999237060547,23.600000381469727,15246,0.0,0.0
2025-05-05 01:15:00+00:00,23.600000381469727,23.600000381469727,23.549999237060547,23.600000381469727,11019,0.0,0.0
2025-05-05 01:20:00+00:00,23.549999237060547,23.549999237060547,23.399999618530273,23.399999618530273,17126,0.0,0.0
2025-05-05 01:25:00+00:00,23.450000762939453,23.600000381469727,23.450000762939453,23.600000381469727,4000,0.0,0.0
2025-05-05 01:30:00+00:00,23.399999618530273,23.399999618530273,23.200000762939453,23.200000762939453,36099,0.0,0.0
2025-05-05 01:35:00+00:00,23.200000762939453,23.25,23.200000762939453,23.200000762939453,20119,0.0,0.0
2025-05-05 01:40:00+00:00,23.200000762939453,23.200000762939453,23.149999618530273,23.149999618530273,6000,0.0,0.0
2025-05-05 01:45:00+00:00,23.149999618530273,23.149999618530273,23.100000381469727,23.100000381469727,9000,0.0,0.0
2025-05-05 01:50:00+00:00,23.100000381469727,23.100000381469727,23.100000381469727,23.100000381469727,2011,0.0,0.0
2025-05-05 01:55:00+00:00,23.100000381469727,23.100000381469727,23.100000381469727,23.100000381469727,1000,0.0,0.0
2025-05-05 02:00:00+00:00,23.049999237060547,23.100000381469727,23.049999237060547,23.049999237060547,12000,0.0,0.0
2025-05-05 02:05:00+00:00,23.100000381469727,23.100000381469727,23.0,23.049999237060547,27301,0.0,0.0
2025-05-05 02:10:00+00:00,23.0,23.049999237060547,23.0,23.049999237060547,4000,0.0,0.0
2025-05-05 02:15:00+00:00,23.0,23.0,22.799999237060547,22.799999237060547,15090,0.0,0.0
2025-05-05 02:25:00+00:00,22.899999618530273,22.899999618530273,22.899999618530273,22.899999618530273,2000,0.0,0.0
2025-05-05 02:30:00+00:00,22.899999618530273,22.899999618530273,22.850000381469727,22.850000381469727,6209,0.0,0.0
2025-05-05 02:35:00+00:00,22.899999618530273,22.899999618530273,22.899999618530273,22.899999618530273,2001,0.0,0.0
2025-05-05 02:40:00+00:00,22.899999618530273,22.899999618530273,22.850000381469727,22.899999618530273,3000,0.0,0.0
2025-05-05 02:45:00+00:00,22.899999618530273,22.899999618530273,22.899999618530273,22.899999618530273,5000,0.0,0.0
2025-05-05 02:50:00+00:00,22.850000381469727,22.850000381469727,22.850000381469727,22.850000381469727,8003,0.0,0.0
2025-05-05 03:00:00+00:00,22.850000381469727,22.850000381469727,22.850000381469727,22.850000381469727,1440,0.0,0.0
2025-05-05 03:10:00+00:00,22.850000381469727,22.850000381469727,22.850000381469727,22.850000381469727,1000,0.0,0.0
2025-05-05 03:15:00+00:00,22.850000381469727,22.899999618530273,22.850000381469727,22.899999618530273,6000,0.0,0.0
2025-05-05 03:20:00+00:00,22.899999618530273,22.899999618530273,22.899999618530273,22.899999618530273,2000,0.0,0.0
2025-05-05 03:25:00+00:00,23.0,23.0,23.0,23.0,1000,0.0,0.0
2025-05-05 03:30:00+00:00,23.0,23.0,22.950000762939453,22.950000762939453,2000,0.0,0.0
2025-05-05 03:35:00+00:00,23.0,23.0,23.0,23.0,2000,0.0,0.0
2025-05-05 03:40:00+00:00,23.0,23.0,23.0,23.0,1050,0.0,0.0
2025-05-05 03:45:00+00:00,23.0,23.0,23.0,23.0,1007,0.0,0.0
2025-05-05 03:55:00+00:00,23.0,23.0,23.0,23.0,1000,0.0,0.0
2025-05-05 04:05:00+00:00,23.100000381469727,23.100000381469727,23.0,23.100000381469727,3000,0.0,0.0
2025-05-05 04:10:00+00:00,23.0,23.0,23.0,23.0,1000,0.0,0.0
2025-05-05 04:15:00+00:00,23.0,23.0,23.0,23.0,1001,0.0,0.0
2025-05-05 04:30:00+00:00,23.049999237060547,23.149999618530273,23.049999237060547,23.149999618530273,5000,0.0,0.0
2025-05-05 04:40:00+00:00,23.149999618530273,23.149999618530273,23.149999618530273,23.149999618530273,1000,0.0,0.0
2025-05-05 04:50:00+00:00,23.100000381469727,23.100000381469727,23.100000381469727,23.100000381469727,3000,0.0,0.0
2025-05-05 04:55:00+00:00,23.100000381469727,23.100000381469727,23.100000381469727,23.100000381469727,2000,0.0,0.0
2025-05-05 05:00:00+00:00,23.0,23.0,23.0,23.0,9000,0.0,0.0
2025-05-05 05:05:00+00:00,23.0,23.0,22.950000762939453,23.0,28000,0.0,0.0
2025-05-05 05:10:00+00:00,23.0,23.0,23.0,23.0,10000,0.0,0.0
2025-05-05 05:15:00+00:00,23.0,23.0,23.0,23.0,3831,0.0,0.0
2025-05-06 01:00:00+00:00,23.049999237060547,23.200000762939453,23.049999237060547,23.100000381469727,0,0.0,0.0
2025-05-06 01:05:00+00:00,23.100000381469727,23.100000381469727,23.049999237060547,23.049999237060547,6021,0.0,0.0
2025-05-06 01:10:00+00:00,23.049999237060547,23.200000762939453,23.049999237060547,23.200000762939453,19000,0.0,0.0
2025-05-06 01:15:00+00:00,23.200000762939453,23.25,22.950000762939453,22.950000762939453,50000,0.0,0.0
2025-05-06 01:20:00+00:00,22.950000762939453,23.100000381469727,22.950000762939453,23.100000381469727,9057,0.0,0.0
2025-05-06 01:30:00+00:00,23.049999237060547,23.049999237060547,22.950000762939453,22.950000762939453,5002,0.0,0.0
2025-05-06 01:35:00+00:00,22.950000762939453,22.950000762939453,22.950000762939453,22.950000762939453,20119,0.0,0.0
2025-05-06 01:40:00+00:00,22.899999618530273,22.899999618530273,22.850000381469727,22.850000381469727,6001,0.0,0.0
2025-05-06 01:45:00+00:00,22.850000381469727,22.850000381469727,22.850000381469727,22.850000381469727,4001,0.0,0.0
2025-05-06 01:50:00+00:00,22.850000381469727,22.850000381469727,22.799999237060547,22.799999237060547,42172,0.0,0.0
2025-05-06 01:55:00+00:00,22.850000381469727,22.850000381469727,22.649999618530273,22.649999618530273,61101,0.0,0.0
2025-05-06 02:00:00+00:00,22.700000762939453,22.899999618530273,22.700000762939453,22.899999618530273,39000,0.0,0.0
2025-05-06 02:05:00+00:00,22.899999618530273,22.899999618530273,22.899999618530273,22.899999618530273,10000,0.0,0.0
2025-05-06 02:10:00+00:00,22.850000381469727,22.899999618530273,22.75,22.899999618530273,59000,0.0,0.0
2025-05-06 02:15:00+00:00,22.899999618530273,22.899999618530273,22.850000381469727,22.850000381469727,17000,0.0,0.0
2025-05-06 02:25:00+00:00,22.850000381469727,22.950000762939453,22.850000381469727,22.950000762939453,20001,0.0,0.0
2025-05-06 02:30:00+00:00,22.950000762939453,22.950000762939453,22.950000762939453,22.950000762939453,2000,0.0,0.0
2025-05-06 02:35:00+00:00,22.850000381469727,22.850000381469727,22.799999237060547,22.799999237060547,19000,0.0,0.0
2025-05-06 02:40:00+00:00,22.799999237060547,22.899999618530273,22.799999237060547,22.899999618530273,20000,0.0,0.0
2025-05-06 02:50:00+00:00,22.850000381469727,22.850000381469727,22.799999237060547,22.799999237060547,3000,0.0,0.0
2025-05-06 02:55:00+00:00,22.850000381469727,22.850000381469727,22.850000381469727,22.850000381469727,24000,0.0,0.0
2025-05-06 03:00:00+00:00,22.899999618530273,22.950000762939453,22.899999618530273,22.950000762939453,23000,0.0,0.0
2025-05-06 03:10:00+00:00,22.899999618530273,22.899999618530273,22.899999618530273,22.899999618530273,6070,0.0,0.0
2025-05-06 03:20:00+00:00,22.850000381469727,22.850000381469727,22.850000381469727,22.850000381469727,10162,0.0,0.0
2025-05-06 03:25:00+00:00,22.850000381469727,22.850000381469727,22.799999237060547,22.799999237060547,2000,0.0,0.0
2025-05-06 03:30:00+00:00,22.899999618530273,22.899999618530273,22.899999618530273,22.899999618530273,5002,0.0,0.0
2025-05-06 03:35:00+00:00,22.899999618530273,22.950000762939453,22.899999618530273,22.950000762939453,29000,0.0,0.0
2025-05-06 03:40:00+00:00,23.0,23.0,22.950000762939453,22.950000762939453,13000,0.0,0.0
2025-05-06 03:50:00+00:00,22.899999618530273,22.899999618530273,22.899999618530273,22.899999618530273,2000,0.0,0.0
2025-05-06 03:55:00+00:00,22.899999618530273,22.899999618530273,22.899999618530273,22.899999618530273,9000,0.0,0.0
2025-05-06 04:00:00+00:00,22.950000762939453,22.950000762939453,22.950000762939453,22.950000762939453,11000,0.0,0.0
2025-05-06 04:05:00+00:00,22.899999618530273,22.899999618530273,22.899999618530273,22.899999618530273,1000,0.0,0.0
2025-05-06 04:10:00+00:00,22.899999618530273,22.899999618530273,22.899999618530273,22.899999618530273,6000,0.0,0.0
2025-05-06 04:15:00+00:00,22.899999618530273,22.899999618530273,22.899999618530273,22.899999618530273,1000,0.0,0.0
2025-05-06 04:20:00+00:00,22.850000381469727,22.850000381469727,22.850000381469727,22.850000381469727,1000,0.0,0.0
2025-05-06 04:30:00+00:00,22.850000381469727,22.850000381469727,22.799999237060547,22.799999237060547,26548,0.0,0.0
2025-05-06 04:35:00+00:00,22.850000381469727,22.850000381469727,22.799999237060547,22.799999237060547,2000,0.0,0.0
2025-05-06 04:40:00+00:00,22.799999237060547,22.799999237060547,22.799999237060547,22.799999237060547,22000,0.0,0.0
2025-05-06 04:45:00+00:00,22.799999237060547,22.799999237060547,22.799999237060547,22.799999237060547,12361,0.0,0.0
2025-05-06 04:50:00+00:00,22.75,22.799999237060547,22.75,22.799999237060547,20000,0.0,0.0
2025-05-06 04:55:00+00:00,22.799999237060547,22.799999237060547,22.75,22.75,3000,0.0,0.0
2025-05-06 05:00:00+00:00,22.75,22.799999237060547,22.75,22.799999237060547,5000,0.0,0.0
2025-05-06 05:05:00+00:00,22.799999237060547,22.850000381469727,22.799999237060547,22.850000381469727,20000,0.0,0.0
2025-05-06 05:10:00+00:00,22.850000381469727,22.850000381469727,22.799999237060547,22.799999237060547,3000,0.0,0.0
2025-05-06 05:15:00+00:00,22.799999237060547,22.799999237060547,22.799999237060547,22.799999237060547,5000,0.0,0.0
2025-05-06 05:20:00+00:00,22.799999237060547,22.799999237060547,22.799999237060547,22.799999237060547,12820,0.0,0.0
2025-05-07 01:00:00+00:00,22.899999618530273,23.0,22.899999618530273,23.0,0,0.0,0.0
2025-05-07 01:05:00+00:00,23.0,23.049999237060547,22.899999618530273,22.950000762939453,28031,0.0,0.0
2025-05-07 01:10:00+00:00,22.950000762939453,23.200000762939453,22.950000762939453,23.049999237060547,42000,0.0,0.0
2025-05-07 01:15:00+00:00,23.100000381469727,23.100000381469727,23.049999237060547,23.100000381469727,12000,0.0,0.0
2025-05-07 01:20:00+00:00,23.100000381469727,23.100000381469727,23.100000381469727,23.100000381469727,6000,0.0,0.0
2025-05-07 01:25:00+00:00,23.049999237060547,23.049999237060547,22.899999618530273,22.899999618530273,41071,0.0,0.0
2025-05-07 01:30:00+00:00,22.950000762939453,22.950000762939453,22.850000381469727,22.850000381469727,3000,0.0,0.0
2025-05-07 01:35:00+00:00,22.850000381469727,22.850000381469727,22.850000381469727,22.850000381469727,1000,0.0,0.0
2025-05-07 01:40:00+00:00,22.850000381469727,22.850000381469727,22.850000381469727,22.850000381469727,1001,0.0,0.0
2025-05-07 01:50:00+00:00,22.850000381469727,22.950000762939453,22.850000381469727,22.950000762939453,3000,0.0,0.0
2025-05-07 01:55:00+00:00,22.850000381469727,22.850000381469727,22.850000381469727,22.850000381469727,1001,0.0,0.0
2025-05-07 02:00:00+00:00,23.0,23.200000762939453,23.0,23.149999618530273,37241,0.0,0.0
2025-05-07 02:10:00+00:00,23.149999618530273,23.149999618530273,23.149999618530273,23.149999618530273,7000,0.0,0.0
2025-05-07 02:15:00+00:00,23.049999237060547,23.100000381469727,23.0,23.100000381469727,16071,0.0,0.0
2025-05-07 02:25:00+00:00,23.0,23.0,23.0,23.0,1000,0.0,0.0
2025-05-07 02:30:00+00:00,23.100000381469727,23.200000762939453,23.100000381469727,23.200000762939453,10000,0.0,0.0
2025-05-07 02:35:00+00:00,23.200000762939453,23.200000762939453,23.200000762939453,23.200000762939453,6000,0.0,0.0
2025-05-07 02:40:00+00:00,23.200000762939453,23.200000762939453,23.200000762939453,23.200000762939453,1000,0.0,0.0
2025-05-07 02:45:00+00:00,23.200000762939453,23.200000762939453,23.200000762939453,23.200000762939453,1000,0.0,0.0
2025-05-07 02:50:00+00:00,23.200000762939453,23.200000762939453,23.149999618530273,23.149999618530273,17000,0.0,0.0
2025-05-07 02:55:00+00:00,23.149999618530273,23.149999618530273,23.049999237060547,23.049999237060547,12535,0.0,0.0
2025-05-07 03:00:00+00:00,23.049999237060547,23.25,23.0,23.049999237060547,66000,0.0,0.0
2025-05-07 03:10:00+00:00,23.0,23.0,23.0,23.0,1000,0.0,0.0
2025-05-07 03:25:00+00:00,23.0,23.100000381469727,23.0,23.100000381469727,6000,0.0,0.0
2025-05-07 03:30:00+00:00,23.049999237060547,23.049999237060547,23.0,23.0,24000,0.0,0.0
2025-05-07 03:40:00+00:00,22.950000762939453,22.950000762939453,22.950000762939453,22.950000762939453,10018,0.0,0.0
2025-05-07 03:45:00+00:00,22.950000762939453,22.950000762939453,22.950000762939453,22.950000762939453,1020,0.0,0.0
2025-05-07 03:50:00+00:00,22.950000762939453,23.0,22.950000762939453,23.0,2000,0.0,0.0
2025-05-07 03:55:00+00:00,22.950000762939453,22.950000762939453,22.950000762939453,22.950000762939453,1000,0.0,0.0
2025-05-07 04:00:00+00:00,23.0,23.100000381469727,23.0,23.049999237060547,5000,0.0,0.0
2025-05-07 04:05:00+00:00,23.049999237060547,23.049999237060547,23.049999237060547,23.049999237060547,5000,0.0,0.0
2025-05-07 04:10:00+00:00,22.899999618530273,22.899999618530273,22.899999618530273,22.899999618530273,1000,0.0,0.0
2025-05-07 04:25:00+00:00,22.899999618530273,23.0,22.899999618530273,23.0,2000,0.0,0.0
2025-05-07 04:35:00+00:00,22.950000762939453,22.950000762939453,22.950000762939453,22.950000762939453,1000,0.0,0.0
2025-05-07 04:40:00+00:00,22.950000762939453,22.950000762939453,22.950000762939453,22.950000762939453,1000,0.0,0.0
2025-05-07 04:55:00+00:00,22.950000762939453,22.950000762939453,22.950000762939453,22.950000762939453,2000,0.0,0.0
2025-05-07 05:00:00+00:00,22.950000762939453,23.0,22.950000762939453,22.950000762939453,4000,0.0,0.0
2025-05-07 05:05:00+00:00,23.0,23.0,22.950000762939453,22.950000762939453,3000,0.0,0.0
2025-05-07 05:10:00+00:00,22.950000762939453,22.950000762939453,22.950000762939453,22.950000762939453,2013,0.0,0.0
2025-05-07 05:15:00+00:00,22.950000762939453,23.0,22.950000762939453,22.950000762939453,9210,0.0,0.0
2025-05-07 05:20:00+00:00,23.0,23.0,22.899999618530273,22.950000762939453,9781,0.0,0.0
2025-05-08 01:00:00+00:00,23.0,23.149999618530273,23.0,23.100000381469727,0,0.0,0.0
2025-05-08 01:10:00+00:00,23.100000381469727,23.200000762939453,23.100000381469727,23.200000762939453,34052,0.0,0.0
2025-05-08 01:15:00+00:00,23.200000762939453,23.200000762939453,23.200000762939453,23.200000762939453,55342,0.0,0.0
2025-05-08 02:30:00+00:00,23.100000381469727,23.100000381469727,23.100000381469727,23.100000381469727,0,0.0,0.0
2025-05-08 02:35:00+00:00,23.100000381469727,23.100000381469727,23.100000381469727,23.100000381469727,100290,0.0,0.0
2025-05-08 02:55:00+00:00,23.049999237060547,23.049999237060547,23.049999237060547,23.049999237060547,12000,0.0,0.0
2025-05-08 03:10:00+00:00,23.049999237060547,23.049999237060547,23.049999237060547,23.049999237060547,6247,0.0,0.0
2025-05-08 03:40:00+00:00,23.0,23.049999237060547,23.0,23.049999237060547,9011,0.0,0.0
2025-05-08 03:45:00+00:00,23.049999237060547,23.049999237060547,23.049999237060547,23.049999237060547,2000,0.0,0.0
2025-05-08 03:50:00+00:00,23.049999237060547,23.049999237060547,23.049999237060547,23.049999237060547,1000,0.0,0.0
2025-05-08 04:00:00+00:00,23.049999237060547,23.049999237060547,23.049999237060547,23.049999237060547,1020,0.0,0.0
2025-05-08 04:05:00+00:00,23.049999237060547,23.049999237060547,23.049999237060547,23.049999237060547,3000,0.0,0.0
2025-05-08 04:10:00+00:00,23.049999237060547,23.049999237060547,23.0,23.049999237060547,4000,0.0,0.0
2025-05-08 04:15:00+00:00,23.049999237060547,23.049999237060547,23.049999237060547,23.049999237060547,10000,0.0,0.0
2025-05-08 04:20:00+00:00,23.100000381469727,23.100000381469727,23.100000381469727,23.100000381469727,1000,0.0,0.0
2025-05-08 04:30:00+00:00,23.100000381469727,23.100000381469727,23.100000381469727,23.100000381469727,1000,0.0,0.0
2025-05-08 04:35:00+00:00,23.049999237060547,23.049999237060547,23.0,23.0,45204,0.0,0.0
2025-05-08 04:40:00+00:00,23.0,23.0,23.0,23.0,1000,0.0,0.0
2025-05-08 04:45:00+00:00,23.100000381469727,23.100000381469727,23.100000381469727,23.100000381469727,1000,0.0,0.0
2025-05-08 05:00:00+00:00,23.049999237060547,23.049999237060547,23.049999237060547,23.049999237060547,2000,0.0,0.0
2025-05-08 05:10:00+00:00,23.0,23.0,23.0,23.0,7020,0.0,0.0
2025-05-08 05:15:00+00:00,23.0,23.049999237060547,23.0,23.049999237060547,17000,0.0,0.0
2025-05-08 05:20:00+00:00,23.0,23.049999237060547,23.0,23.049999237060547,2000,0.0,0.0
2025-05-09 01:00:00+00:00,23.100000381469727,23.25,23.100000381469727,23.25,0,0.0,0.0
2025-05-09 01:05:00+00:00,23.100000381469727,23.100000381469727,23.100000381469727,23.100000381469727,1002,0.0,0.0
2025-05-09 01:10:00+00:00,23.100000381469727,23.100000381469727,23.100000381469727,23.100000381469727,1000,0.0,0.0
2025-05-09 01:15:00+00:00,23.100000381469727,23.100000381469727,23.049999237060547,23.049999237060547,12001,0.0,0.0
2025-05-09 01:20:00+00:00,23.049999237060547,23.049999237060547,22.950000762939453,22.950000762939453,8200,0.0,0.0
2025-05-09 01:25:00+00:00,23.049999237060547,23.049999237060547,23.049999237060547,23.049999237060547,3000,0.0,0.0
2025-05-09 01:30:00+00:00,23.049999237060547,23.049999237060547,23.049999237060547,23.049999237060547,5001,0.0,0.0
2025-05-09 01:40:00+00:00,23.100000381469727,23.100000381469727,23.100000381469727,23.100000381469727,3000,0.0,0.0
2025-05-09 01:45:00+00:00,23.049999237060547,23.049999237060547,23.049999237060547,23.049999237060547,10020,0.0,0.0
2025-05-09 01:50:00+00:00,23.049999237060547,23.049999237060547,23.0,23.0,7020,0.0,0.0
2025-05-09 01:55:00+00:00,23.0,23.0,23.0,23.0,1000,0.0,0.0
2025-05-09 02:00:00+00:00,23.100000381469727,23.100000381469727,23.100000381469727,23.100000381469727,7062,0.0,0.0
2025-05-09 02:05:00+00:00,23.149999618530273,23.25,23.149999618530273,23.25,3210,0.0,0.0
2025-05-09 02:15:00+00:00,23.200000762939453,23.200000762939453,23.200000762939453,23.200000762939453,1999,0.0,0.0
2025-05-09 02:20:00+00:00,23.200000762939453,23.350000381469727,23.100000381469727,23.100000381469727,24000,0.0,0.0
2025-05-09 02:30:00+00:00,23.100000381469727,23.100000381469727,23.100000381469727,23.100000381469727,1000,0.0,0.0
2025-05-09 02:40:00+00:00,23.100000381469727,23.100000381469727,23.100000381469727,23.100000381469727,1000,0.0,0.0
2025-05-09 03:05:00+00:00,23.100000381469727,23.100000381469727,23.100000381469727,23.100000381469727,2000,0.0,0.0
2025-05-09 03:15:00+00:00,23.100000381469727,23.100000381469727,23.049999237060547,23.049999237060547,0,0.0,0.0
2025-05-09 03:20:00+00:00,23.049999237060547,23.049999237060547,23.049999237060547,23.049999237060547,100567,0.0,0.0
2025-05-09 03:35:00+00:00,23.100000381469727,23.100000381469727,23.100000381469727,23.100000381469727,1000,0.0,0.0
2025-05-09 03:45:00+00:00,23.049999237060547,23.049999237060547,23.049999237060547,23.049999237060547,2101,0.0,0.0
2025-05-09 03:50:00+00:00,23.049999237060547,23.049999237060547,23.049999237060547,23.049999237060547,10001,0.0,0.0
2025-05-09 04:00:00+00:00,23.100000381469727,23.100000381469727,23.100000381469727,23.100000381469727,2000,0.0,0.0
2025-05-09 04:15:00+00:00,23.100000381469727,23.100000381469727,23.100000381469727,23.100000381469727,2500,0.0,0.0
2025-05-09 04:30:00+00:00,23.100000381469727,23.100000381469727,23.100000381469727,23.100000381469727,3000,0.0,0.0
2025-05-09 04:40:00+00:00,23.100000381469727,23.100000381469727,23.100000381469727,23.100000381469727,2000,0.0,0.0
2025-05-09 04:45:00+00:00,23.100000381469727,23.100000381469727,23.100000381469727,23.100000381469727,2000,0.0,0.0
2025-05-09 04:50:00+00:00,23.149999618530273,23.149999618530273,23.149999618530273,23.149999618530273,5000,0.0,0.0
2025-05-09 04:55:00+00:00,23.149999618530273,23.149999618530273,23.149999618530273,23.149999618530273,1020,0.0,0.0
2025-05-09 05:00:00+00:00,23.149999618530273,23.149999618530273,23.149999618530273,23.149999618530273,2000,0.0,0.0
2025-05-09 05:05:00+00:00,23.149999618530273,23.149999618530273,23.149999618530273,23.149999618530273,3000,0.0,0.0
2025-05-09 05:10:00+00:00,23.100000381469727,23.100000381469727,23.100000381469727,23.100000381469727,4208,0.0,0.0
2025-05-12 01:00:00+00:00,23.200000762939453,23.299999237060547,23.200000762939453,23.299999237060547,0,0.0,0.0
2025-05-12 01:10:00+00:00,23.25,23.25,23.200000762939453,23.200000762939453,18030,0.0,0.0
2025-05-12 01:15:00+00:00,23.200000762939453,23.200000762939453,23.200000762939453,23.200000762939453,10151,0.0,0.0
2025-05-12 01:20:00+00:00,23.25,23.25,23.25,23.25,1257,0.0,0.0
2025-05-12 01:35:00+00:00,23.25,23.399999618530273,23.25,23.399999618530273,26000,0.0,0.0
2025-05-12 01:40:00+00:00,23.399999618530273,23.399999618530273,23.399999618530273,23.399999618530273,4001,0.0,0.0
2025-05-12 01:45:00+00:00,23.399999618530273,23.399999618530273,23.399999618530273,23.399999618530273,12000,0.0,0.0
2025-05-12 01:50:00+00:00,23.399999618530273,23.399999618530273,23.399999618530273,23.399999618530273,1029,0.0,0.0
2025-05-12 01:55:00+00:00,23.450000762939453,23.450000762939453,23.450000762939453,23.450000762939453,2000,0.0,0.0
2025-05-12 02:05:00+00:00,23.450000762939453,23.450000762939453,23.450000762939453,23.450000762939453,11050,0.0,0.0
2025-05-12 02:15:00+00:00,23.450000762939453,23.450000762939453,23.450000762939453,23.450000762939453,2031,0.0,0.0
2025-05-12 02:30:00+00:00,23.450000762939453,23.450000762939453,23.450000762939453,23.450000762939453,3102,0.0,0.0
2025-05-12 02:35:00+00:00,23.450000762939453,23.450000762939453,23.450000762939453,23.450000762939453,1302,0.0,0.0
2025-05-12 02:40:00+00:00,23.450000762939453,23.450000762939453,23.450000762939453,23.450000762939453,4131,0.0,0.0
2025-05-12 02:45:00+00:00,23.450000762939453,23.450000762939453,23.450000762939453,23.450000762939453,1000,0.0,0.0
2025-05-12 03:00:00+00:00,23.450000762939453,23.450000762939453,23.450000762939453,23.450000762939453,2280,0.0,0.0
2025-05-12 03:05:00+00:00,23.450000762939453,23.450000762939453,23.450000762939453,23.450000762939453,3001,0.0,0.0
2025-05-12 03:15:00+00:00,23.450000762939453,23.450000762939453,23.450000762939453,23.450000762939453,2001,0.0,0.0
2025-05-12 03:20:00+00:00,23.450000762939453,23.450000762939453,23.450000762939453,23.450000762939453,1001,0.0,0.0
2025-05-12 03:30:00+00:00,23.450000762939453,23.450000762939453,23.450000762939453,23.450000762939453,1102,0.0,0.0
2025-05-12 03:40:00+00:00,23.399999618530273,23.399999618530273,23.399999618530273,23.399999618530273,1001,0.0,0.0
2025-05-12 03:55:00+00:00,23.399999618530273,23.399999618530273,23.299999237060547,23.299999237060547,30001,0.0,0.0
2025-05-12 04:10:00+00:00,23.399999618530273,23.399999618530273,23.399999618530273,23.399999618530273,3095,0.0,0.0
2025-05-12 04:30:00+00:00,23.399999618530273,23.450000762939453,23.399999618530273,23.450000762939453,6053,0.0,0.0
2025-05-12 04:40:00+00:00,23.5,23.5,23.5,23.5,4001,0.0,0.0
2025-05-12 04:45:00+00:00,23.5,23.5,23.399999618530273,23.399999618530273,4248,0.0,0.0
2025-05-12 04:55:00+00:00,23.5,23.549999237060547,23.5,23.549999237060547,6051,0.0,0.0
2025-05-12 05:00:00+00:00,23.450000762939453,23.450000762939453,23.450000762939453,23.450000762939453,1000,0.0,0.0
2025-05-12 05:10:00+00:00,23.5,23.5,23.5,23.5,1000,0.0,0.0
2025-05-12 05:15:00+00:00,23.5,23.549999237060547,23.450000762939453,23.549999237060547,4221,0.0,0.0
2025-05-12 05:20:00+00:00,23.549999237060547,23.549999237060547,23.549999237060547,23.549999237060547,1031,0.0,0.0
2025-05-13 01:00:00+00:00,23.600000381469727,23.850000381469727,23.600000381469727,23.850000381469727,0,0.0,0.0
2025-05-13 01:05:00+00:00,23.899999618530273,24.0,23.799999237060547,23.799999237060547,13134,0.0,0.0
2025-05-13 01:10:00+00:00,23.899999618530273,23.899999618530273,23.75,23.75,4000,0.0,0.0
2025-05-13 01:15:00+00:00,23.799999237060547,23.799999237060547,23.799999237060547,23.799999237060547,3000,0.0,0.0
2025-05-13 01:20:00+00:00,23.799999237060547,23.950000762939453,23.75,23.75,339014,0.0,0.0
2025-05-13 01:25:00+00:00,23.850000381469727,23.850000381469727,23.799999237060547,23.799999237060547,26000,0.0,0.0
2025-05-13 01:30:00+00:00,23.850000381469727,23.850000381469727,23.799999237060547,23.850000381469727,13000,0.0,0.0
2025-05-13 01:35:00+00:00,23.850000381469727,23.899999618530273,23.850000381469727,23.899999618530273,5000,0.0,0.0
2025-05-13 01:45:00+00:00,23.899999618530273,23.899999618530273,23.850000381469727,23.850000381469727,5002,0.0,0.0
2025-05-13 01:55:00+00:00,23.799999237060547,23.799999237060547,23.799999237060547,23.799999237060547,6000,0.0,0.0
2025-05-13 02:00:00+00:00,23.799999237060547,23.799999237060547,23.799999237060547,23.799999237060547,3000,0.0,0.0
2025-05-13 02:05:00+00:00,23.850000381469727,23.850000381469727,23.75,23.75,6204,0.0,0.0
2025-05-13 02:10:00+00:00,23.700000762939453,23.700000762939453,23.700000762939453,23.700000762939453,1000,0.0,0.0
2025-05-13 02:15:00+00:00,23.700000762939453,23.700000762939453,23.700000762939453,23.700000762939453,3000,0.0,0.0
2025-05-13 02:20:00+00:00,23.700000762939453,23.700000762939453,23.700000762939453,23.700000762939453,11000,0.0,0.0
2025-05-13 02:30:00+00:00,23.700000762939453,23.700000762939453,23.700000762939453,23.700000762939453,1250,0.0,0.0
2025-05-13 02:40:00+00:00,23.700000762939453,23.700000762939453,23.700000762939453,23.700000762939453,2001,0.0,0.0
2025-05-13 02:50:00+00:00,23.700000762939453,23.700000762939453,23.700000762939453,23.700000762939453,1000,0.0,0.0
2025-05-13 03:00:00+00:00,23.649999618530273,23.649999618530273,23.649999618530273,23.649999618530273,9010,0.0,0.0
2025-05-13 03:05:00+00:00,23.649999618530273,23.649999618530273,23.649999618530273,23.649999618530273,1000,0.0,0.0
2025-05-13 03:10:00+00:00,23.600000381469727,23.600000381469727,23.600000381469727,23.600000381469727,14000,0.0,0.0
2025-05-13 03:15:00+00:00,23.549999237060547,23.549999237060547,23.549999237060547,23.549999237060547,5212,0.0,0.0
2025-05-13 03:20:00+00:00,23.5,23.549999237060547,23.5,23.549999237060547,23503,0.0,0.0
2025-05-13 03:25:00+00:00,23.5,23.5,23.5,23.5,1000,0.0,0.0
2025-05-13 03:55:00+00:00,23.5,23.5,23.5,23.5,6016,0.0,0.0
2025-05-13 04:00:00+00:00,23.5,23.5,23.5,23.5,15404,0.0,0.0
2025-05-13 04:05:00+00:00,23.450000762939453,23.450000762939453,23.450000762939453,23.450000762939453,5000,0.0,0.0
2025-05-13 04:10:00+00:00,23.5,23.5,23.5,23.5,1001,0.0,0.0
2025-05-13 04:15:00+00:00,23.450000762939453,23.450000762939453,23.450000762939453,23.450000762939453,4009,0.0,0.0
2025-05-13 04:25:00+00:00,23.399999618530273,23.399999618530273,23.399999618530273,23.399999618530273,1002,0.0,0.0
2025-05-13 04:30:00+00:00,23.5,23.5,23.200000762939453,23.200000762939453,26352,0.0,0.0
2025-05-13 04:35:00+00:00,23.299999237060547,23.350000381469727,23.100000381469727,23.350000381469727,41378,0.0,0.0
2025-05-13 04:40:00+00:00,23.299999237060547,23.299999237060547,23.299999237060547,23.299999237060547,1004,0.0,0.0
2025-05-13 04:50:00+00:00,23.299999237060547,23.299999237060547,23.299999237060547,23.299999237060547,2107,0.0,0.0
2025-05-13 04:55:00+00:00,23.299999237060547,23.299999237060547,23.25,23.25,9200,0.0,0.0
2025-05-13 05:00:00+00:00,23.25,23.25,23.25,23.25,3000,0.0,0.0
2025-05-13 05:05:00+00:00,23.299999237060547,23.299999237060547,23.299999237060547,23.299999237060547,3000,0.0,0.0
2025-05-13 05:10:00+00:00,23.299999237060547,23.299999237060547,23.299999237060547,23.299999237060547,4000,0.0,0.0
2025-05-13 05:15:00+00:00,23.299999237060547,23.350000381469727,23.299999237060547,23.350000381469727,7000,0.0,0.0
2025-05-13 05:20:00+00:00,23.25,23.399999618530273,23.25,23.399999618530273,5208,0.0,0.0
2025-05-14 01:00:00+00:00,23.5,23.600000381469727,23.5,23.549999237060547,0,0.0,0.0
2025-05-14 01:05:00+00:00,23.549999237060547,23.549999237060547,23.549999237060547,23.549999237060547,6138,0.0,0.0
2025-05-14 01:15:00+00:00,23.549999237060547,23.600000381469727,23.549999237060547,23.600000381469727,12000,0.0,0.0
2025-05-14 01:20:00+00:00,23.600000381469727,23.600000381469727,23.600000381469727,23.600000381469727,2000,0.0,0.0
2025-05-14 01:25:00+00:00,23.600000381469727,23.600000381469727,23.600000381469727,23.600000381469727,2000,0.0,0.0
2025-05-14 01:30:00+00:00,23.600000381469727,23.600000381469727,23.600000381469727,23.600000381469727,1294,0.0,0.0
2025-05-14 01:35:00+00:00,23.600000381469727,23.600000381469727,23.600000381469727,23.600000381469727,1000,0.0,0.0
2025-05-14 01:40:00+00:00,23.600000381469727,23.600000381469727,23.600000381469727,23.600000381469727,10000,0.0,0.0
2025-05-14 01:45:00+00:00,23.600000381469727,23.600000381469727,23.549999237060547,23.549999237060547,10000,0.0,0.0
2025-05-14 01:50:00+00:00,23.600000381469727,23.600000381469727,23.600000381469727,23.600000381469727,1007,0.0,0.0
2025-05-14 02:00:00+00:00,23.549999237060547,23.549999237060547,23.549999237060547,23.549999237060547,2012,0.0,0.0
2025-05-14 02:10:00+00:00,23.600000381469727,23.600000381469727,23.600000381469727,23.600000381469727,2000,0.0,0.0
2025-05-14 02:15:00+00:00,23.549999237060547,23.549999237060547,23.549999237060547,23.549999237060547,11001,0.0,0.0
2025-05-14 02:25:00+00:00,23.549999237060547,23.549999237060547,23.549999237060547,23.549999237060547,15000,0.0,0.0
2025-05-14 02:35:00+00:00,23.5,23.5,23.5,23.5,6000,0.0,0.0
2025-05-14 02:40:00+00:00,23.5,23.549999237060547,23.5,23.549999237060547,44000,0.0,0.0
2025-05-14 02:45:00+00:00,23.549999237060547,23.549999237060547,23.549999237060547,23.549999237060547,7001,0.0,0.0
2025-05-14 03:05:00+00:00,23.600000381469727,23.649999618530273,23.600000381469727,23.649999618530273,13000,0.0,0.0
2025-05-14 03:15:00+00:00,23.649999618530273,23.649999618530273,23.649999618530273,23.649999618530273,4000,0.0,0.0
2025-05-14 03:20:00+00:00,23.649999618530273,23.649999618530273,23.649999618530273,23.649999618530273,3002,0.0,0.0
2025-05-14 03:25:00+00:00,23.700000762939453,23.700000762939453,23.700000762939453,23.700000762939453,1000,0.0,0.0
2025-05-14 03:35:00+00:00,23.649999618530273,23.649999618530273,23.649999618530273,23.649999618530273,2000,0.0,0.0
2025-05-14 03:45:00+00:00,23.649999618530273,23.649999618530273,23.600000381469727,23.600000381469727,2000,0.0,0.0
2025-05-14 03:50:00+00:00,23.649999618530273,23.649999618530273,23.649999618530273,23.649999618530273,2000,0.0,0.0
2025-05-14 04:00:00+00:00,23.600000381469727,23.600000381469727,23.600000381469727,23.600000381469727,1000,0.0,0.0
2025-05-14 04:05:00+00:00,23.649999618530273,23.700000762939453,23.600000381469727,23.600000381469727,6000,0.0,0.0
2025-05-14 04:10:00+00:00,23.600000381469727,23.649999618530273,23.600000381469727,23.649999618530273,3000,0.0,0.0
2025-05-14 04:20:00+00:00,23.649999618530273,23.649999618530273,23.649999618530273,23.649999618530273,1020,0.0,0.0
2025-05-14 04:25:00+00:00,23.649999618530273,23.649999618530273,23.649999618530273,23.649999618530273,7026,0.0,0.0
2025-05-14 04:30:00+00:00,23.649999618530273,23.75,23.649999618530273,23.75,12020,0.0,0.0
2025-05-14 04:35:00+00:00,23.75,23.75,23.75,23.75,2037,0.0,0.0
2025-05-14 04:40:00+00:00,23.75,23.75,23.75,23.75,10013,0.0,0.0
2025-05-14 04:45:00+00:00,23.700000762939453,23.700000762939453,23.700000762939453,23.700000762939453,3112,0.0,0.0
2025-05-14 04:55:00+00:00,23.75,23.75,23.75,23.75,6061,0.0,0.0
2025-05-14 05:00:00+00:00,23.75,23.75,23.75,23.75,4248,0.0,0.0
2025-05-14 05:05:00+00:00,23.75,23.799999237060547,23.700000762939453,23.799999237060547,18177,0.0,0.0
2025-05-14 05:10:00+00:00,23.799999237060547,23.799999237060547,23.75,23.799999237060547,6054,0.0,0.0
2025-05-14 05:20:00+00:00,23.799999237060547,23.799999237060547,23.799999237060547,23.799999237060547,6403,0.0,0.0
2025-05-15 01:00:00+00:00,23.850000381469727,23.850000381469727,23.75,23.850000381469727,0,0.0,0.0
2025-05-15 01:05:00+00:00,23.850000381469727,23.950000762939453,23.850000381469727,23.899999618530273,19000,0.0,0.0
2025-05-15 01:10:00+00:00,23.950000762939453,24.0,23.950000762939453,24.0,5219,0.0,0.0
2025-05-15 01:15:00+00:00,24.0,24.0,23.899999618530273,23.899999618530273,3018,0.0,0.0
2025-05-15 01:20:00+00:00,23.950000762939453,23.950000762939453,23.850000381469727,23.850000381469727,10000,0.0,0.0
2025-05-15 01:25:00+00:00,23.850000381469727,23.850000381469727,23.700000762939453,23.700000762939453,28107,0.0,0.0
2025-05-15 01:30:00+00:00,23.799999237060547,23.850000381469727,23.799999237060547,23.850000381469727,2000,0.0,0.0
2025-05-15 01:35:00+00:00,23.700000762939453,23.700000762939453,23.700000762939453,23.700000762939453,1000,0.0,0.0
2025-05-15 01:40:00+00:00,23.799999237060547,23.799999237060547,23.799999237060547,23.799999237060547,1000,0.0,0.0
2025-05-15 01:50:00+00:00,23.75,23.75,23.75,23.75,2102,0.0,0.0
2025-05-15 02:00:00+00:00,23.700000762939453,23.700000762939453,23.649999618530273,23.649999618530273,6000,0.0,0.0
2025-05-15 02:05:00+00:00,23.700000762939453,23.700000762939453,23.700000762939453,23.700000762939453,1000,0.0,0.0
2025-05-15 02:10:00+00:00,23.700000762939453,23.700000762939453,23.700000762939453,23.700000762939453,1000,0.0,0.0
2025-05-15 02:15:00+00:00,23.700000762939453,23.700000762939453,23.700000762939453,23.700000762939453,4000,0.0,0.0
2025-05-15 02:20:00+00:00,23.75,23.75,23.75,23.75,1001,0.0,0.0
2025-05-15 02:55:00+00:00,23.75,23.75,23.649999618530273,23.700000762939453,20243,0.0,0.0
2025-05-15 03:00:00+00:00,23.700000762939453,23.700000762939453,23.649999618530273,23.649999618530273,3021,0.0,0.0
2025-05-15 03:05:00+00:00,23.649999618530273,23.649999618530273,23.649999618530273,23.649999618530273,6000,0.0,0.0
2025-05-15 03:20:00+00:00,23.649999618530273,23.649999618530273,23.649999618530273,23.649999618530273,1000,0.0,0.0
2025-05-15 03:35:00+00:00,23.649999618530273,23.649999618530273,23.600000381469727,23.600000381469727,9000,0.0,0.0
2025-05-15 03:40:00+00:00,23.600000381469727,23.600000381469727,23.549999237060547,23.549999237060547,6000,0.0,0.0
2025-05-15 03:50:00+00:00,23.600000381469727,23.600000381469727,23.600000381469727,23.600000381469727,2000,0.0,0.0
2025-05-15 04:00:00+00:00,23.649999618530273,23.649999618530273,23.649999618530273,23.649999618530273,1000,0.0,0.0
2025-05-15 04:05:00+00:00,23.600000381469727,23.600000381469727,23.600000381469727,23.600000381469727,1000,0.0,0.0
2025-05-15 04:10:00+00:00,23.600000381469727,23.600000381469727,23.600000381469727,23.600000381469727,1000,0.0,0.0
2025-05-15 04:15:00+00:00,23.600000381469727,23.600000381469727,23.600000381469727,23.600000381469727,5055,0.0,0.0
2025-05-15 04:20:00+00:00,23.549999237060547,23.549999237060547,23.549999237060547,23.549999237060547,3000,0.0,0.0
2025-05-15 04:25:00+00:00,23.549999237060547,23.549999237060547,23.549999237060547,23.549999237060547,1000,0.0,0.0
2025-05-15 04:30:00+00:00,23.549999237060547,23.649999618530273,23.549999237060547,23.649999618530273,5067,0.0,0.0
2025-05-15 04:40:00+00:00,23.549999237060547,23.549999237060547,23.549999237060547,23.549999237060547,1000,0.0,0.0
2025-05-15 04:45:00+00:00,23.549999237060547,23.549999237060547,23.549999237060547,23.549999237060547,6000,0.0,0.0
2025-05-15 04:50:00+00:00,23.600000381469727,23.600000381469727,23.600000381469727,23.600000381469727,1031,0.0,0.0
2025-05-15 05:10:00+00:00,23.600000381469727,23.600000381469727,23.600000381469727,23.600000381469727,6000,0.0,0.0
2025-05-15 05:15:00+00:00,23.600000381469727,23.600000381469727,23.600000381469727,23.600000381469727,2000,0.0,0.0
2025-05-15 05:20:00+00:00,23.600000381469727,23.600000381469727,23.600000381469727,23.600000381469727,1417,0.0,0.0
2025-05-16 01:00:00+00:00,23.75,23.75,23.600000381469727,23.600000381469727,0,0.0,0.0
2025-05-16 01:15:00+00:00,23.600000381469727,23.600000381469727,23.600000381469727,23.600000381469727,1097,0.0,0.0
2025-05-16 01:20:00+00:00,23.600000381469727,23.600000381469727,23.600000381469727,23.600000381469727,1000,0.0,0.0
2025-05-16 01:25:00+00:00,23.600000381469727,23.600000381469727,23.600000381469727,23.600000381469727,1001,0.0,0.0
2025-05-16 01:55:00+00:00,23.600000381469727,23.600000381469727,23.600000381469727,23.600000381469727,1000,0.0,0.0
2025-05-16 02:00:00+00:00,23.600000381469727,23.600000381469727,23.600000381469727,23.600000381469727,2144,0.0,0.0
2025-05-16 02:10:00+00:00,23.600000381469727,23.600000381469727,23.600000381469727,23.600000381469727,5026,0.0,0.0
2025-05-16 02:20:00+00:00,23.600000381469727,23.600000381469727,23.600000381469727,23.600000381469727,5000,0.0,0.0
2025-05-16 02:25:00+00:00,23.600000381469727,23.600000381469727,23.549999237060547,23.549999237060547,6040,0.0,0.0
2025-05-16 02:30:00+00:00,23.649999618530273,23.649999618530273,23.649999618530273,23.649999618530273,1095,0.0,0.0
2025-05-16 02:45:00+00:00,23.600000381469727,23.600000381469727,23.600000381469727,23.600000381469727,3001,0.0,0.0
2025-05-16 03:20:00+00:00,23.600000381469727,23.649999618530273,23.600000381469727,23.649999618530273,2000,0.0,0.0
2025-05-16 03:30:00+00:00,23.600000381469727,23.649999618530273,23.600000381469727,23.649999618530273,5000,0.0,0.0
2025-05-16 03:35:00+00:00,23.649999618530273,23.649999618530273,23.600000381469727,23.600000381469727,15009,0.0,0.0
2025-05-16 03:40:00+00:00,23.649999618530273,23.649999618530273,23.600000381469727,23.600000381469727,4000,0.0,0.0
2025-05-16 03:45:00+00:00,23.649999618530273,23.649999618530273,23.649999618530273,23.649999618530273,3000,0.0,0.0
2025-05-16 03:50:00+00:00,23.649999618530273,23.649999618530273,23.600000381469727,23.600000381469727,4035,0.0,0.0
2025-05-16 03:55:00+00:00,23.600000381469727,23.600000381469727,23.600000381469727,23.600000381469727,2000,0.0,0.0
2025-05-16 04:00:00+00:00,23.649999618530273,23.649999618530273,23.649999618530273,23.649999618530273,1001,0.0,0.0
2025-05-16 04:35:00+00:00,23.600000381469727,23.600000381469727,23.600000381469727,23.600000381469727,3000,0.0,0.0
2025-05-16 04:40:00+00:00,23.600000381469727,23.600000381469727,23.600000381469727,23.600000381469727,1000,0.0,0.0
2025-05-16 04:45:00+00:00,23.600000381469727,23.600000381469727,23.600000381469727,23.600000381469727,4001,0.0,0.0
2025-05-16 04:50:00+00:00,23.649999618530273,23.649999618530273,23.649999618530273,23.649999618530273,1056,0.0,0.0
2025-05-16 05:10:00+00:00,23.649999618530273,23.649999618530273,23.600000381469727,23.600000381469727,3000,0.0,0.0
2025-05-16 05:15:00+00:00,23.600000381469727,23.600000381469727,23.600000381469727,23.600000381469727,1200,0.0,0.0
2025-05-16 05:20:00+00:00,23.600000381469727,23.600000381469727,23.549999237060547,23.549999237060547,3367,0.0,0.0
2025-05-19 01:00:00+00:00,23.600000381469727,23.600000381469727,23.399999618530273,23.399999618530273,0,0.0,0.0
2025-05-19 01:05:00+00:00,23.399999618530273,23.399999618530273,23.399999618530273,23.399999618530273,12015,0.0,0.0
2025-05-19 01:10:00+00:00,23.5,23.5,23.350000381469727,23.350000381469727,3085,0.0,0.0
2025-05-19 01:15:00+00:00,23.350000381469727,23.350000381469727,23.350000381469727,23.350000381469727,1000,0.0,0.0
2025-05-19 01:20:00+00:00,23.299999237060547,23.350000381469727,23.25,23.350000381469727,9013,0.0,0.0
2025-05-19 01:30:00+00:00,23.450000762939453,23.450000762939453,23.450000762939453,23.450000762939453,2000,0.0,0.0
2025-05-19 01:35:00+00:00,23.299999237060547,23.299999237060547,23.299999237060547,23.299999237060547,2000,0.0,0.0
2025-05-19 01:40:00+00:00,23.299999237060547,23.299999237060547,23.299999237060547,23.299999237060547,1200,0.0,0.0
2025-05-19 02:15:00+00:00,23.299999237060547,23.299999237060547,23.299999237060547,23.299999237060547,4299,0.0,0.0
2025-05-19 02:20:00+00:00,23.350000381469727,23.350000381469727,23.350000381469727,23.350000381469727,1000,0.0,0.0
2025-05-19 02:25:00+00:00,23.299999237060547,23.299999237060547,23.299999237060547,23.299999237060547,9000,0.0,0.0
2025-05-19 02:30:00+00:00,23.299999237060547,23.299999237060547,23.299999237060547,23.299999237060547,4286,0.0,0.0
2025-05-19 02:40:00+00:00,23.299999237060547,23.299999237060547,23.299999237060547,23.299999237060547,1001,0.0,0.0
2025-05-19 02:50:00+00:00,23.299999237060547,23.299999237060547,23.299999237060547,23.299999237060547,1000,0.0,0.0
2025-05-19 03:05:00+00:00,23.25,23.25,23.200000762939453,23.200000762939453,11000,0.0,0.0
2025-05-19 03:10:00+00:00,23.350000381469727,23.350000381469727,23.350000381469727,23.350000381469727,2000,0.0,0.0
2025-05-19 03:20:00+00:00,23.200000762939453,23.200000762939453,23.149999618530273,23.149999618530273,10010,0.0,0.0
2025-05-19 03:25:00+00:00,23.200000762939453,23.200000762939453,23.200000762939453,23.200000762939453,2070,0.0,0.0
2025-05-19 03:30:00+00:00,23.200000762939453,23.200000762939453,23.149999618530273,23.149999618530273,4346,0.0,0.0
2025-05-19 03:35:00+00:00,23.100000381469727,23.100000381469727,23.100000381469727,23.100000381469727,1000,0.0,0.0
2025-05-19 03:40:00+00:00,23.200000762939453,23.200000762939453,23.200000762939453,23.200000762939453,2000,0.0,0.0
2025-05-19 03:45:00+00:00,23.100000381469727,23.100000381469727,23.100000381469727,23.100000381469727,4350,0.0,0.0
2025-05-19 03:50:00+00:00,23.100000381469727,23.100000381469727,23.100000381469727,23.100000381469727,1000,0.0,0.0
2025-05-19 03:55:00+00:00,23.049999237060547,23.049999237060547,23.049999237060547,23.049999237060547,1000,0.0,0.0
2025-05-19 04:00:00+00:00,23.200000762939453,23.200000762939453,23.200000762939453,23.200000762939453,1000,0.0,0.0
2025-05-19 04:05:00+00:00,23.100000381469727,23.100000381469727,23.049999237060547,23.049999237060547,7000,0.0,0.0
2025-05-19 04:10:00+00:00,23.100000381469727,23.100000381469727,23.049999237060547,23.049999237060547,2000,0.0,0.0
2025-05-19 04:20:00+00:00,23.049999237060547,23.049999237060547,23.049999237060547,23.049999237060547,2000,0.0,0.0
2025-05-19 04:25:00+00:00,23.049999237060547,23.049999237060547,23.049999237060547,23.049999237060547,5000,0.0,0.0
2025-05-19 04:30:00+00:00,23.100000381469727,23.100000381469727,23.100000381469727,23.100000381469727,1102,0.0,0.0
2025-05-19 04:35:00+00:00,23.049999237060547,23.049999237060547,23.049999237060547,23.049999237060547,2000,0.0,0.0
2025-05-19 04:45:00+00:00,23.100000381469727,23.100000381469727,23.049999237060547,23.049999237060547,3100,0.0,0.0
2025-05-19 04:50:00+00:00,23.100000381469727,23.100000381469727,23.049999237060547,23.100000381469727,33000,0.0,0.0
2025-05-19 04:55:00+00:00,23.100000381469727,23.200000762939453,23.100000381469727,23.200000762939453,7000,0.0,0.0
2025-05-19 05:10:00+00:00,23.200000762939453,23.200000762939453,23.200000762939453,23.200000762939453,1001,0.0,0.0
2025-05-19 05:20:00+00:00,23.200000762939453,23.25,23.200000762939453,23.25,2000,0.0,0.0
2025-05-20 01:00:00+00:00,23.25,23.25,23.25,23.25,0,0.0,0.0
2025-05-20 01:30:00+00:00,23.149999618530273,23.149999618530273,23.149999618530273,23.149999618530273,5000,0.0,0.0
2025-05-20 01:40:00+00:00,23.100000381469727,23.100000381469727,23.100000381469727,23.100000381469727,3156,0.0,0.0
2025-05-20 02:20:00+00:00,23.149999618530273,23.149999618530273,23.149999618530273,23.149999618530273,2000,0.0,0.0
2025-05-20 02:25:00+00:00,23.049999237060547,23.100000381469727,23.049999237060547,23.100000381469727,3000,0.0,0.0
2025-05-20 02:30:00+00:00,23.100000381469727,23.100000381469727,23.100000381469727,23.100000381469727,2000,0.0,0.0
2025-05-20 02:35:00+00:00,23.100000381469727,23.100000381469727,23.100000381469727,23.100000381469727,1002,0.0,0.0
2025-05-20 02:45:00+00:00,23.100000381469727,23.100000381469727,23.100000381469727,23.100000381469727,1000,0.0,0.0
2025-05-20 02:50:00+00:00,23.100000381469727,23.100000381469727,23.100000381469727,23.100000381469727,1000,0.0,0.0
2025-05-20 02:55:00+00:00,23.049999237060547,23.149999618530273,23.049999237060547,23.149999618530273,5500,0.0,0.0
2025-05-20 03:05:00+00:00,23.200000762939453,23.200000762939453,23.200000762939453,23.200000762939453,1000,0.0,0.0
2025-05-20 03:10:00+00:00,23.200000762939453,23.25,23.200000762939453,23.25,25000,0.0,0.0
2025-05-20 03:15:00+00:00,23.200000762939453,23.200000762939453,23.200000762939453,23.200000762939453,1000,0.0,0.0
2025-05-20 03:20:00+00:00,23.200000762939453,23.200000762939453,23.200000762939453,23.200000762939453,3000,0.0,0.0
2025-05-20 03:25:00+00:00,23.149999618530273,23.149999618530273,23.100000381469727,23.100000381469727,6000,0.0,0.0
2025-05-20 03:30:00+00:00,23.149999618530273,23.200000762939453,23.149999618530273,23.149999618530273,3017,0.0,0.0
2025-05-20 04:20:00+00:00,23.049999237060547,23.049999237060547,23.049999237060547,23.049999237060547,2095,0.0,0.0
2025-05-20 04:25:00+00:00,23.049999237060547,23.049999237060547,23.0,23.0,20100,0.0,0.0
2025-05-20 04:30:00+00:00,23.100000381469727,23.149999618530273,23.100000381469727,23.149999618530273,4000,0.0,0.0
2025-05-20 04:35:00+00:00,23.149999618530273,23.200000762939453,23.100000381469727,23.100000381469727,22000,0.0,0.0
2025-05-20 04:40:00+00:00,23.200000762939453,23.200000762939453,23.200000762939453,23.200000762939453,3000,0.0,0.0
2025-05-20 04:50:00+00:00,23.25,23.25,23.25,23.25,1015,0.0,0.0
2025-05-20 05:00:00+00:00,23.25,23.25,23.200000762939453,23.200000762939453,4100,0.0,0.0
2025-05-20 05:05:00+00:00,23.200000762939453,23.200000762939453,23.200000762939453,23.200000762939453,1000,0.0,0.0
2025-05-20 05:10:00+00:00,23.25,23.25,23.100000381469727,23.100000381469727,7000,0.0,0.0
2025-05-20 05:15:00+00:00,23.100000381469727,23.100000381469727,23.100000381469727,23.100000381469727,4000,0.0,0.0
2025-05-20 05:20:00+00:00,23.100000381469727,23.100000381469727,23.100000381469727,23.100000381469727,1532,0.0,0.0
2025-05-21 01:00:00+00:00,23.25,23.25,23.25,23.25,0,0.0,0.0
2025-05-21 01:05:00+00:00,23.299999237060547,23.350000381469727,23.299999237060547,23.350000381469727,2406,0.0,0.0
2025-05-21 01:15:00+00:00,23.399999618530273,23.450000762939453,23.399999618530273,23.450000762939453,7001,0.0,0.0
2025-05-21 01:25:00+00:00,23.450000762939453,23.450000762939453,23.450000762939453,23.450000762939453,4000,0.0,0.0
2025-05-21 01:30:00+00:00,23.5,23.5,23.5,23.5,1000,0.0,0.0
2025-05-21 01:35:00+00:00,23.450000762939453,23.450000762939453,23.450000762939453,23.450000762939453,1021,0.0,0.0
2025-05-21 01:40:00+00:00,23.5,23.5,23.5,23.5,3000,0.0,0.0
2025-05-21 01:45:00+00:00,23.5,23.5,23.5,23.5,1000,0.0,0.0
2025-05-21 01:50:00+00:00,23.5,23.5,23.5,23.5,1000,0.0,0.0
2025-05-21 01:55:00+00:00,23.450000762939453,23.450000762939453,23.450000762939453,23.450000762939453,1001,0.0,0.0
2025-05-21 02:00:00+00:00,23.450000762939453,23.450000762939453,23.450000762939453,23.450000762939453,2000,0.0,0.0
2025-05-21 02:05:00+00:00,23.299999237060547,23.299999237060547,23.299999237060547,23.299999237060547,2204,0.0,0.0
2025-05-21 02:15:00+00:00,23.299999237060547,23.299999237060547,23.299999237060547,23.299999237060547,1000,0.0,0.0
2025-05-21 02:20:00+00:00,23.299999237060547,23.299999237060547,23.299999237060547,23.299999237060547,20027,0.0,0.0
2025-05-21 02:30:00+00:00,23.450000762939453,23.450000762939453,23.450000762939453,23.450000762939453,4000,0.0,0.0
2025-05-21 02:55:00+00:00,23.450000762939453,23.450000762939453,23.450000762939453,23.450000762939453,1000,0.0,0.0
2025-05-21 03:00:00+00:00,23.450000762939453,23.450000762939453,23.450000762939453,23.450000762939453,3000,0.0,0.0
2025-05-21 03:05:00+00:00,23.450000762939453,23.450000762939453,23.450000762939453,23.450000762939453,1000,0.0,0.0
2025-05-21 03:10:00+00:00,23.5,23.5,23.5,23.5,1000,0.0,0.0
2025-05-21 03:15:00+00:00,23.5,23.5,23.5,23.5,1000,0.0,0.0
2025-05-21 03:20:00+00:00,23.5,23.5,23.5,23.5,1000,0.0,0.0
2025-05-21 03:25:00+00:00,23.5,23.5,23.5,23.5,1000,0.0,0.0
2025-05-21 03:30:00+00:00,23.5,23.5,23.5,23.5,16000,0.0,0.0
2025-05-21 03:35:00+00:00,23.5,23.5,23.5,23.5,2000,0.0,0.0
2025-05-21 03:40:00+00:00,23.549999237060547,23.549999237060547,23.549999237060547,23.549999237060547,5000,0.0,0.0
2025-05-21 03:45:00+00:00,23.5,23.5,23.5,23.5,2000,0.0,0.0
2025-05-21 03:50:00+00:00,23.600000381469727,23.600000381469727,23.600000381469727,23.600000381469727,1000,0.0,0.0
2025-05-21 04:05:00+00:00,23.549999237060547,23.549999237060547,23.549999237060547,23.549999237060547,1000,0.0,0.0
2025-05-21 04:10:00+00:00,23.600000381469727,23.600000381469727,23.600000381469727,23.600000381469727,1002,0.0,0.0
2025-05-21 04:15:00+00:00,23.600000381469727,23.600000381469727,23.549999237060547,23.549999237060547,12050,0.0,0.0
2025-05-21 04:20:00+00:00,23.600000381469727,23.649999618530273,23.600000381469727,23.649999618530273,17000,0.0,0.0
2025-05-21 04:30:00+00:00,23.700000762939453,23.700000762939453,23.649999618530273,23.649999618530273,4100,0.0,0.0
2025-05-21 04:40:00+00:00,23.700000762939453,23.700000762939453,23.700000762939453,23.700000762939453,2000,0.0,0.0
2025-05-21 05:00:00+00:00,23.649999618530273,23.649999618530273,23.649999618530273,23.649999618530273,3000,0.0,0.0
2025-05-21 05:05:00+00:00,23.600000381469727,23.600000381469727,23.600000381469727,23.600000381469727,1000,0.0,0.0
2025-05-21 05:10:00+00:00,23.649999618530273,23.75,23.649999618530273,23.75,33110,0.0,0.0
2025-05-21 05:15:00+00:00,23.799999237060547,23.799999237060547,23.799999237060547,23.799999237060547,18000,0.0,0.0
2025-05-21 05:20:00+00:00,23.75,23.799999237060547,23.75,23.75,4000,0.0,0.0
2025-05-22 01:00:00+00:00,23.75,23.75,23.75,23.75,0,0.0,0.0
2025-05-22 01:05:00+00:00,23.5,23.75,23.5,23.75,2030,0.0,0.0
2025-05-22 01:10:00+00:00,23.5,23.5,23.5,23.5,2000,0.0,0.0
2025-05-22 01:15:00+00:00,23.549999237060547,23.549999237060547,23.5,23.5,4000,0.0,0.0
2025-05-22 01:20:00+00:00,23.5,23.5,23.5,23.5,4000,0.0,0.0
2025-05-22 01:30:00+00:00,23.5,23.5,23.5,23.5,1209,0.0,0.0
2025-05-22 01:40:00+00:00,23.5,23.5,23.5,23.5,2251,0.0,0.0
2025-05-22 01:50:00+00:00,23.450000762939453,23.450000762939453,23.450000762939453,23.450000762939453,2390,0.0,0.0
2025-05-22 02:00:00+00:00,23.399999618530273,23.399999618530273,23.299999237060547,23.299999237060547,3000,0.0,0.0
2025-05-22 02:10:00+00:00,23.399999618530273,23.399999618530273,23.399999618530273,23.399999618530273,1000,0.0,0.0
2025-05-22 02:15:00+00:00,23.399999618530273,23.450000762939453,23.399999618530273,23.450000762939453,12000,0.0,0.0
2025-05-22 02:20:00+00:00,23.5,23.5,23.5,23.5,5000,0.0,0.0
2025-05-22 02:30:00+00:00,23.5,23.5,23.5,23.5,2000,0.0,0.0
2025-05-22 02:40:00+00:00,23.600000381469727,23.649999618530273,23.600000381469727,23.649999618530273,4011,0.0,0.0
2025-05-22 02:55:00+00:00,23.549999237060547,23.549999237060547,23.549999237060547,23.549999237060547,5000,0.0,0.0
2025-05-22 03:00:00+00:00,23.649999618530273,23.649999618530273,23.649999618530273,23.649999618530273,1000,0.0,0.0
2025-05-22 03:15:00+00:00,23.600000381469727,23.600000381469727,23.600000381469727,23.600000381469727,5000,0.0,0.0
2025-05-22 03:25:00+00:00,23.649999618530273,23.649999618530273,23.649999618530273,23.649999618530273,1000,0.0,0.0
2025-05-22 03:35:00+00:00,23.649999618530273,23.649999618530273,23.649999618530273,23.649999618530273,1009,0.0,0.0
2025-05-22 04:20:00+00:00,23.649999618530273,23.649999618530273,23.649999618530273,23.649999618530273,1000,0.0,0.0
2025-05-22 04:30:00+00:00,23.549999237060547,23.549999237060547,23.549999237060547,23.549999237060547,0,0.0,0.0
2025-05-22 04:40:00+00:00,23.649999618530273,23.649999618530273,23.549999237060547,23.549999237060547,70950,0.0,0.0
2025-05-22 04:50:00+00:00,23.549999237060547,23.549999237060547,23.399999618530273,23.450000762939453,11083,0.0,0.0
2025-05-22 05:00:00+00:00,23.600000381469727,23.649999618530273,23.600000381469727,23.649999618530273,2002,0.0,0.0
2025-05-22 05:20:00+00:00,23.5,23.5,23.5,23.5,2017,0.0,0.0
2025-05-23 01:00:00+00:00,23.450000762939453,23.549999237060547,23.450000762939453,23.549999237060547,0,0.0,0.0
2025-05-23 01:05:00+00:00,23.5,23.549999237060547,23.5,23.549999237060547,2009,0.0,0.0
2025-05-23 01:10:00+00:00,23.5,23.5,23.5,23.5,2000,0.0,0.0
2025-05-23 01:20:00+00:00,23.5,23.5,23.5,23.5,3018,0.0,0.0
2025-05-23 01:35:00+00:00,23.450000762939453,23.450000762939453,23.450000762939453,23.450000762939453,4002,0.0,0.0
2025-05-23 01:40:00+00:00,23.5,23.5,23.5,23.5,1070,0.0,0.0
2025-05-23 02:05:00+00:00,23.450000762939453,23.450000762939453,23.450000762939453,23.450000762939453,1000,0.0,0.0
2025-05-23 02:10:00+00:00,23.450000762939453,23.450000762939453,23.450000762939453,23.450000762939453,2000,0.0,0.0
2025-05-23 02:25:00+00:00,23.450000762939453,23.450000762939453,23.450000762939453,23.450000762939453,1001,0.0,0.0
2025-05-23 02:35:00+00:00,23.450000762939453,23.450000762939453,23.450000762939453,23.450000762939453,1000,0.0,0.0
2025-05-23 02:40:00+00:00,23.399999618530273,23.399999618530273,23.399999618530273,23.399999618530273,7004,0.0,0.0
2025-05-23 02:50:00+00:00,23.5,23.5,23.5,23.5,2716,0.0,0.0
2025-05-23 04:30:00+00:00,23.399999618530273,23.399999618530273,23.399999618530273,23.399999618530273,4000,0.0,0.0
2025-05-23 04:40:00+00:00,23.450000762939453,23.450000762939453,23.450000762939453,23.450000762939453,1051,0.0,0.0
2025-05-23 04:55:00+00:00,23.350000381469727,23.350000381469727,23.350000381469727,23.350000381469727,6101,0.0,0.0
2025-05-23 05:00:00+00:00,23.350000381469727,23.450000762939453,23.350000381469727,23.450000762939453,3221,0.0,0.0
2025-05-23 05:10:00+00:00,23.399999618530273,23.399999618530273,23.399999618530273,23.399999618530273,1000,0.0,0.0
2025-05-23 05:15:00+00:00,23.350000381469727,23.399999618530273,23.350000381469727,23.399999618530273,2000,0.0,0.0
2025-05-23 05:20:00+00:00,23.450000762939453,23.450000762939453,23.450000762939453,23.450000762939453,3207,0.0,0.0
2025-05-26 01:00:00+00:00,23.549999237060547,23.549999237060547,23.299999237060547,23.299999237060547,0,0.0,0.0
2025-05-26 01:05:00+00:00,23.350000381469727,23.350000381469727,23.350000381469727,23.350000381469727,3042,0.0,0.0
2025-05-26 01:10:00+00:00,23.350000381469727,23.350000381469727,23.350000381469727,23.350000381469727,1000,0.0,0.0
2025-05-26 01:20:00+00:00,23.399999618530273,23.399999618530273,23.399999618530273,23.399999618530273,1000,0.0,0.0
2025-05-26 01:25:00+00:00,23.350000381469727,23.350000381469727,23.350000381469727,23.350000381469727,2000,0.0,0.0
2025-05-26 01:30:00+00:00,23.350000381469727,23.350000381469727,23.299999237060547,23.350000381469727,55000,0.0,0.0
2025-05-26 01:35:00+00:00,23.350000381469727,23.399999618530273,23.350000381469727,23.399999618530273,5000,0.0,0.0
2025-05-26 01:40:00+00:00,23.350000381469727,23.549999237060547,23.350000381469727,23.399999618530273,9467,0.0,0.0
2025-05-26 01:45:00+00:00,23.5,23.5,23.5,23.5,2000,0.0,0.0
2025-05-26 01:50:00+00:00,23.450000762939453,23.600000381469727,23.450000762939453,23.450000762939453,8000,0.0,0.0
2025-05-26 01:55:00+00:00,23.450000762939453,23.450000762939453,23.450000762939453,23.450000762939453,4000,0.0,0.0
2025-05-26 02:00:00+00:00,23.450000762939453,23.549999237060547,23.450000762939453,23.549999237060547,2000,0.0,0.0
2025-05-26 02:10:00+00:00,23.399999618530273,23.399999618530273,23.399999618530273,23.399999618530273,11038,0.0,0.0
2025-05-26 02:15:00+00:00,23.399999618530273,23.399999618530273,23.399999618530273,23.399999618530273,9000,0.0,0.0
2025-05-26 02:20:00+00:00,23.450000762939453,23.450000762939453,23.450000762939453,23.450000762939453,3000,0.0,0.0
2025-05-26 02:25:00+00:00,23.450000762939453,23.450000762939453,23.450000762939453,23.450000762939453,3000,0.0,0.0
2025-05-26 02:30:00+00:00,23.450000762939453,23.450000762939453,23.450000762939453,23.450000762939453,2000,0.0,0.0
2025-05-26 02:35:00+00:00,23.450000762939453,23.450000762939453,23.450000762939453,23.450000762939453,5000,0.0,0.0
2025-05-26 02:40:00+00:00,23.5,23.5,23.5,23.5,4000,0.0,0.0
2025-05-26 02:50:00+00:00,23.549999237060547,23.549999237060547,23.549999237060547,23.549999237060547,1000,0.0,0.0
2025-05-26 03:10:00+00:00,23.5,23.5,23.5,23.5,1050,0.0,0.0
2025-05-26 03:20:00+00:00,23.5,23.5,23.5,23.5,1000,0.0,0.0
2025-05-26 03:30:00+00:00,23.5,23.5,23.5,23.5,1000,0.0,0.0
2025-05-26 03:40:00+00:00,23.450000762939453,23.450000762939453,23.450000762939453,23.450000762939453,4000,0.0,0.0
2025-05-26 03:50:00+00:00,23.5,23.5,23.5,23.5,1045,0.0,0.0
2025-05-26 03:55:00+00:00,23.450000762939453,23.450000762939453,23.450000762939453,23.450000762939453,2015,0.0,0.0
2025-05-26 04:10:00+00:00,23.450000762939453,23.450000762939453,23.450000762939453,23.450000762939453,3000,0.0,0.0
2025-05-26 04:20:00+00:00,23.5,23.5,23.5,23.5,2050,0.0,0.0
2025-05-26 04:35:00+00:00,23.5,23.5,23.5,23.5,2001,0.0,0.0
2025-05-26 04:40:00+00:00,23.450000762939453,23.450000762939453,23.399999618530273,23.399999618530273,25000,0.0,0.0
2025-05-26 04:45:00+00:00,23.399999618530273,23.399999618530273,23.399999618530273,23.399999618530273,11000,0.0,0.0
2025-05-26 04:50:00+00:00,23.450000762939453,23.5,23.450000762939453,23.450000762939453,7000,0.0,0.0
2025-05-26 05:00:00+00:00,23.450000762939453,23.450000762939453,23.450000762939453,23.450000762939453,1000,0.0,0.0
2025-05-26 05:10:00+00:00,23.399999618530273,23.399999618530273,23.399999618530273,23.399999618530273,3234,0.0,0.0
2025-05-26 05:15:00+00:00,23.399999618530273,23.399999618530273,23.399999618530273,23.399999618530273,4000,0.0,0.0
2025-05-26 05:20:00+00:00,23.399999618530273,23.399999618530273,23.399999618530273,23.399999618530273,5462,0.0,0.0
2025-05-27 01:00:00+00:00,23.5,23.5,23.5,23.5,0,0.0,0.0
2025-05-27 01:05:00+00:00,23.350000381469727,23.350000381469727,23.350000381469727,23.350000381469727,1003,0.0,0.0
2025-05-27 01:10:00+00:00,23.350000381469727,23.350000381469727,23.350000381469727,23.350000381469727,5000,0.0,0.0
2025-05-27 01:15:00+00:00,23.399999618530273,23.399999618530273,23.399999618530273,23.399999618530273,2000,0.0,0.0
2025-05-27 01:25:00+00:00,23.5,23.5,23.5,23.5,1001,0.0,0.0
2025-05-27 01:35:00+00:00,23.450000762939453,23.450000762939453,23.450000762939453,23.450000762939453,1000,0.0,0.0
2025-05-27 01:45:00+00:00,23.350000381469727,23.350000381469727,23.350000381469727,23.350000381469727,1000,0.0,0.0
2025-05-27 01:50:00+00:00,23.350000381469727,23.350000381469727,23.350000381469727,23.350000381469727,4000,0.0,0.0
2025-05-27 02:00:00+00:00,23.450000762939453,23.450000762939453,23.450000762939453,23.450000762939453,1000,0.0,0.0
2025-05-27 02:05:00+00:00,23.350000381469727,23.350000381469727,23.299999237060547,23.299999237060547,7000,0.0,0.0
2025-05-27 02:10:00+00:00,23.299999237060547,23.399999618530273,23.25,23.399999618530273,5000,0.0,0.0
2025-05-27 02:15:00+00:00,23.350000381469727,23.350000381469727,23.350000381469727,23.350000381469727,2000,0.0,0.0
2025-05-27 02:20:00+00:00,23.350000381469727,23.399999618530273,23.350000381469727,23.399999618530273,2000,0.0,0.0
2025-05-27 02:25:00+00:00,23.350000381469727,23.350000381469727,23.200000762939453,23.200000762939453,13000,0.0,0.0
2025-05-27 02:30:00+00:00,23.350000381469727,23.399999618530273,23.350000381469727,23.399999618530273,2000,0.0,0.0
2025-05-27 02:40:00+00:00,23.350000381469727,23.350000381469727,23.350000381469727,23.350000381469727,1281,0.0,0.0
2025-05-27 03:15:00+00:00,23.25,23.25,23.25,23.25,1050,0.0,0.0
2025-05-27 03:40:00+00:00,23.299999237060547,23.299999237060547,23.299999237060547,23.299999237060547,1005,0.0,0.0
2025-05-27 03:55:00+00:00,23.299999237060547,23.299999237060547,23.299999237060547,23.299999237060547,3000,0.0,0.0
2025-05-27 04:00:00+00:00,23.350000381469727,23.350000381469727,23.299999237060547,23.299999237060547,9000,0.0,0.0
2025-05-27 04:10:00+00:00,23.25,23.25,23.25,23.25,5000,0.0,0.0
2025-05-27 04:20:00+00:00,23.299999237060547,23.299999237060547,23.25,23.25,3022,0.0,0.0
2025-05-27 04:25:00+00:00,23.25,23.25,23.200000762939453,23.200000762939453,6000,0.0,0.0
2025-05-27 04:30:00+00:00,23.200000762939453,23.200000762939453,23.200000762939453,23.200000762939453,1000,0.0,0.0
2025-05-27 04:35:00+00:00,23.200000762939453,23.200000762939453,23.200000762939453,23.200000762939453,1000,0.0,0.0
2025-05-27 04:40:00+00:00,23.200000762939453,23.299999237060547,23.200000762939453,23.299999237060547,4000,0.0,0.0
2025-05-27 04:45:00+00:00,23.299999237060547,23.299999237060547,23.299999237060547,23.299999237060547,1110,0.0,0.0
2025-05-27 05:15:00+00:00,23.200000762939453,23.25,23.200000762939453,23.25,7000,0.0,0.0
2025-05-27 05:20:00+00:00,23.299999237060547,23.299999237060547,23.299999237060547,23.299999237060547,2048,0.0,0.0
2025-05-28 01:00:00+00:00,23.399999618530273,23.399999618530273,23.399999618530273,23.399999618530273,0,0.0,0.0
2025-05-28 01:25:00+00:00,23.399999618530273,23.399999618530273,23.350000381469727,23.350000381469727,4051,0.0,0.0
2025-05-28 01:45:00+00:00,23.299999237060547,23.299999237060547,23.299999237060547,23.299999237060547,1000,0.0,0.0
2025-05-28 01:50:00+00:00,23.350000381469727,23.350000381469727,23.350000381469727,23.350000381469727,2261,0.0,0.0
2025-05-28 02:05:00+00:00,23.350000381469727,23.350000381469727,23.350000381469727,23.350000381469727,1009,0.0,0.0
2025-05-28 02:15:00+00:00,23.350000381469727,23.350000381469727,23.350000381469727,23.350000381469727,2000,0.0,0.0
2025-05-28 02:35:00+00:00,23.350000381469727,23.350000381469727,23.350000381469727,23.350000381469727,1000,0.0,0.0
2025-05-28 02:40:00+00:00,23.350000381469727,23.350000381469727,23.350000381469727,23.350000381469727,2000,0.0,0.0
2025-05-28 02:45:00+00:00,23.350000381469727,23.350000381469727,23.350000381469727,23.350000381469727,10000,0.0,0.0
2025-05-28 02:50:00+00:00,23.399999618530273,23.399999618530273,23.399999618530273,23.399999618530273,1020,0.0,0.0
2025-05-28 03:10:00+00:00,23.399999618530273,23.399999618530273,23.299999237060547,23.299999237060547,4001,0.0,0.0
2025-05-28 03:15:00+00:00,23.350000381469727,23.350000381469727,23.299999237060547,23.299999237060547,7000,0.0,0.0
2025-05-28 03:20:00+00:00,23.399999618530273,23.399999618530273,23.399999618530273,23.399999618530273,1000,0.0,0.0
2025-05-28 03:30:00+00:00,23.399999618530273,23.399999618530273,23.399999618530273,23.399999618530273,1000,0.0,0.0
2025-05-28 03:45:00+00:00,23.350000381469727,23.350000381469727,23.350000381469727,23.350000381469727,4008,0.0,0.0
2025-05-28 03:50:00+00:00,23.399999618530273,23.399999618530273,23.399999618530273,23.399999618530273,1001,0.0,0.0
2025-05-28 04:05:00+00:00,23.399999618530273,23.399999618530273,23.399999618530273,23.399999618530273,1210,0.0,0.0
2025-05-28 04:35:00+00:00,23.25,23.25,23.200000762939453,23.200000762939453,8361,0.0,0.0
2025-05-28 04:40:00+00:00,23.149999618530273,23.149999618530273,23.149999618530273,23.149999618530273,1000,0.0,0.0
2025-05-28 04:45:00+00:00,23.25,23.299999237060547,23.25,23.299999237060547,2000,0.0,0.0
2025-05-28 04:50:00+00:00,23.299999237060547,23.299999237060547,23.149999618530273,23.149999618530273,3001,0.0,0.0
2025-05-28 04:55:00+00:00,23.25,23.25,23.25,23.25,1001,0.0,0.0
2025-05-28 05:00:00+00:00,23.299999237060547,23.299999237060547,23.200000762939453,23.25,3000,0.0,0.0
2025-05-28 05:05:00+00:00,23.299999237060547,23.299999237060547,23.299999237060547,23.299999237060547,2283,0.0,0.0
2025-05-29 01:00:00+00:00,23.399999618530273,23.399999618530273,23.399999618530273,23.399999618530273,0,0.0,0.0
2025-05-29 01:05:00+00:00,23.350000381469727,23.350000381469727,23.350000381469727,23.350000381469727,1002,0.0,0.0
2025-05-29 01:10:00+00:00,23.350000381469727,23.350000381469727,23.350000381469727,23.350000381469727,1001,0.0,0.0
2025-05-29 01:20:00+00:00,23.25,23.25,23.25,23.25,1000,0.0,0.0
2025-05-29 01:25:00+00:00,23.200000762939453,23.200000762939453,23.149999618530273,23.149999618530273,4009,0.0,0.0
2025-05-29 01:30:00+00:00,23.100000381469727,23.100000381469727,23.100000381469727,23.100000381469727,2000,0.0,0.0
2025-05-29 01:35:00+00:00,23.100000381469727,23.100000381469727,23.100000381469727,23.100000381469727,3000,0.0,0.0
2025-05-29 01:40:00+00:00,23.200000762939453,23.200000762939453,23.200000762939453,23.200000762939453,1000,0.0,0.0
2025-05-29 01:50:00+00:00,23.200000762939453,23.200000762939453,23.200000762939453,23.200000762939453,1000,0.0,0.0
2025-05-29 01:55:00+00:00,23.25,23.25,23.25,23.25,1000,0.0,0.0
2025-05-29 02:10:00+00:00,23.25,23.25,23.25,23.25,1001,0.0,0.0
2025-05-29 02:35:00+00:00,23.100000381469727,23.100000381469727,23.100000381469727,23.100000381469727,6050,0.0,0.0
2025-05-29 02:40:00+00:00,23.100000381469727,23.100000381469727,23.049999237060547,23.049999237060547,16050,0.0,0.0
2025-05-29 02:45:00+00:00,23.0,23.049999237060547,23.0,23.0,12010,0.0,0.0
2025-05-29 02:50:00+00:00,23.100000381469727,23.100000381469727,23.100000381469727,23.100000381469727,4000,0.0,0.0
2025-05-29 03:00:00+00:00,23.149999618530273,23.149999618530273,23.149999618530273,23.149999618530273,1000,0.0,0.0
2025-05-29 03:15:00+00:00,23.0,23.0,23.0,23.0,27000,0.0,0.0
2025-05-29 03:25:00+00:00,23.0,23.149999618530273,23.0,23.149999618530273,1000,0.0,0.0
2025-05-29 03:30:00+00:00,23.149999618530273,23.25,23.149999618530273,23.25,5102,0.0,0.0
2025-05-29 03:40:00+00:00,23.25,23.25,23.25,23.25,1002,0.0,0.0
2025-05-29 03:55:00+00:00,23.100000381469727,23.100000381469727,23.100000381469727,23.100000381469727,1000,0.0,0.0
2025-05-29 04:00:00+00:00,23.200000762939453,23.299999237060547,23.149999618530273,23.149999618530273,7001,0.0,0.0
2025-05-29 04:05:00+00:00,23.200000762939453,23.25,23.200000762939453,23.25,2001,0.0,0.0
2025-05-29 04:10:00+00:00,23.299999237060547,23.299999237060547,23.299999237060547,23.299999237060547,2101,0.0,0.0
2025-05-29 04:25:00+00:00,23.200000762939453,23.200000762939453,23.149999618530273,23.200000762939453,8006,0.0,0.0
2025-05-29 04:30:00+00:00,23.25,23.25,23.25,23.25,1000,0.0,0.0
2025-05-29 04:45:00+00:00,23.100000381469727,23.200000762939453,23.100000381469727,23.200000762939453,2000,0.0,0.0
2025-05-29 04:55:00+00:00,23.149999618530273,23.25,23.149999618530273,23.25,3000,0.0,0.0
2025-05-29 05:00:00+00:00,23.299999237060547,23.299999237060547,23.299999237060547,23.299999237060547,1000,0.0,0.0
2025-05-29 05:05:00+00:00,23.200000762939453,23.200000762939453,23.200000762939453,23.200000762939453,3000,0.0,0.0
2025-05-29 05:10:00+00:00,23.25,23.299999237060547,23.25,23.299999237060547,2000,0.0,0.0
2025-05-29 05:15:00+00:00,23.200000762939453,23.25,23.200000762939453,23.200000762939453,3000,0.0,0.0
2025-05-29 05:20:00+00:00,23.25,23.25,23.25,23.25,1000,0.0,0.0
2025-06-02 01:00:00+00:00,23.200000762939453,23.200000762939453,23.0,23.0,0,0.0,0.0
2025-06-02 01:15:00+00:00,23.0,23.0,22.799999237060547,22.799999237060547,9102,0.0,0.0
2025-06-02 01:20:00+00:00,22.799999237060547,22.799999237060547,22.799999237060547,22.799999237060547,3045,0.0,0.0
2025-06-02 01:25:00+00:00,22.799999237060547,22.799999237060547,22.75,22.75,5165,0.0,0.0
2025-06-02 01:35:00+00:00,22.75,22.75,22.75,22.75,1000,0.0,0.0
2025-06-02 01:40:00+00:00,22.75,22.75,22.700000762939453,22.700000762939453,2000,0.0,0.0
2025-06-02 01:45:00+00:00,22.700000762939453,22.700000762939453,22.700000762939453,22.700000762939453,9001,0.0,0.0
2025-06-02 01:55:00+00:00,22.700000762939453,22.700000762939453,22.649999618530273,22.649999618530273,2000,0.0,0.0
2025-06-02 02:00:00+00:00,22.700000762939453,22.700000762939453,22.700000762939453,22.700000762939453,1000,0.0,0.0
2025-06-02 02:05:00+00:00,22.75,22.75,22.75,22.75,1234,0.0,0.0
2025-06-02 02:10:00+00:00,22.75,22.75,22.75,22.75,1000,0.0,0.0
2025-06-02 02:15:00+00:00,22.700000762939453,22.700000762939453,22.700000762939453,22.700000762939453,1000,0.0,0.0
2025-06-02 02:20:00+00:00,22.75,22.75,22.700000762939453,22.700000762939453,4000,0.0,0.0
2025-06-02 02:25:00+00:00,22.75,22.75,22.75,22.75,5000,0.0,0.0
2025-06-02 02:30:00+00:00,22.799999237060547,22.850000381469727,22.75,22.75,4000,0.0,0.0
2025-06-02 02:35:00+00:00,22.700000762939453,22.700000762939453,22.700000762939453,22.700000762939453,3000,0.0,0.0
2025-06-02 02:40:00+00:00,22.799999237060547,22.850000381469727,22.799999237060547,22.850000381469727,2000,0.0,0.0
2025-06-02 02:50:00+00:00,22.75,22.75,22.700000762939453,22.700000762939453,5061,0.0,0.0
2025-06-02 02:55:00+00:00,22.700000762939453,22.700000762939453,22.700000762939453,22.700000762939453,1000,0.0,0.0
2025-06-02 03:00:00+00:00,22.75,22.75,22.700000762939453,22.700000762939453,7000,0.0,0.0
2025-06-02 03:10:00+00:00,22.75,22.75,22.75,22.75,1020,0.0,0.0
2025-06-02 03:15:00+00:00,22.649999618530273,22.700000762939453,22.649999618530273,22.700000762939453,0,0.0,0.0
2025-06-02 03:20:00+00:00,22.700000762939453,22.75,22.700000762939453,22.75,84682,0.0,0.0
2025-06-02 03:25:00+00:00,22.649999618530273,22.649999618530273,22.649999618530273,22.649999618530273,11000,0.0,0.0
2025-06-02 03:30:00+00:00,22.649999618530273,22.649999618530273,22.649999618530273,22.649999618530273,3000,0.0,0.0
2025-06-02 03:45:00+00:00,22.649999618530273,22.700000762939453,22.649999618530273,22.700000762939453,3000,0.0,0.0
2025-06-02 04:10:00+00:00,22.700000762939453,22.700000762939453,22.700000762939453,22.700000762939453,2101,0.0,0.0
2025-06-02 04:30:00+00:00,22.700000762939453,22.700000762939453,22.700000762939453,22.700000762939453,4000,0.0,0.0
2025-06-02 04:40:00+00:00,22.700000762939453,22.75,22.700000762939453,22.75,2050,0.0,0.0
2025-06-02 04:45:00+00:00,22.799999237060547,22.799999237060547,22.799999237060547,22.799999237060547,1000,0.0,0.0
2025-06-02 04:50:00+00:00,22.75,22.75,22.75,22.75,1100,0.0,0.0
2025-06-02 05:00:00+00:00,22.75,22.75,22.75,22.75,1006,0.0,0.0
2025-06-02 05:15:00+00:00,22.75,22.75,22.75,22.75,2000,0.0,0.0
2025-06-02 05:20:00+00:00,22.799999237060547,22.850000381469727,22.75,22.850000381469727,8394,0.0,0.0
2025-06-03 01:00:00+00:00,22.799999237060547,22.799999237060547,22.799999237060547,22.799999237060547,0,0.0,0.0
2025-06-03 01:05:00+00:00,22.799999237060547,22.799999237060547,22.799999237060547,22.799999237060547,5001,0.0,0.0
2025-06-03 01:10:00+00:00,22.799999237060547,22.850000381469727,22.799999237060547,22.850000381469727,9000,0.0,0.0
2025-06-03 01:20:00+00:00,22.899999618530273,22.899999618530273,22.899999618530273,22.899999618530273,3000,0.0,0.0
2025-06-03 01:25:00+00:00,22.799999237060547,22.799999237060547,22.799999237060547,22.799999237060547,1000,0.0,0.0
2025-06-03 01:30:00+00:00,22.75,22.850000381469727,22.75,22.850000381469727,2155,0.0,0.0
2025-06-03 01:35:00+00:00,22.850000381469727,22.850000381469727,22.850000381469727,22.850000381469727,4000,0.0,0.0
2025-06-03 01:50:00+00:00,22.899999618530273,22.950000762939453,22.899999618530273,22.950000762939453,3000,0.0,0.0
2025-06-03 01:55:00+00:00,22.950000762939453,22.950000762939453,22.950000762939453,22.950000762939453,2000,0.0,0.0
2025-06-03 02:00:00+00:00,22.950000762939453,22.950000762939453,22.850000381469727,22.850000381469727,7001,0.0,0.0
2025-06-03 02:10:00+00:00,22.899999618530273,22.899999618530273,22.75,22.75,4001,0.0,0.0
2025-06-03 02:20:00+00:00,22.899999618530273,22.899999618530273,22.899999618530273,22.899999618530273,1020,0.0,0.0
2025-06-03 02:30:00+00:00,22.799999237060547,22.799999237060547,22.799999237060547,22.799999237060547,2000,0.0,0.0
2025-06-03 03:10:00+00:00,22.799999237060547,22.799999237060547,22.799999237060547,22.799999237060547,1000,0.0,0.0
2025-06-03 03:15:00+00:00,22.75,22.75,22.75,22.75,1000,0.0,0.0
2025-06-03 03:25:00+00:00,22.799999237060547,22.799999237060547,22.799999237060547,22.799999237060547,7000,0.0,0.0
2025-06-03 03:35:00+00:00,22.799999237060547,22.799999237060547,22.799999237060547,22.799999237060547,2000,0.0,0.0
2025-06-03 03:40:00+00:00,22.899999618530273,22.899999618530273,22.899999618530273,22.899999618530273,1000,0.0,0.0
2025-06-03 03:50:00+00:00,22.899999618530273,22.899999618530273,22.899999618530273,22.899999618530273,1000,0.0,0.0
2025-06-03 04:00:00+00:00,22.799999237060547,22.799999237060547,22.799999237060547,22.799999237060547,1000,0.0,0.0
2025-06-03 04:05:00+00:00,22.799999237060547,22.799999237060547,22.799999237060547,22.799999237060547,1000,0.0,0.0
2025-06-03 04:15:00+00:00,22.799999237060547,22.799999237060547,22.799999237060547,22.799999237060547,1000,0.0,0.0
2025-06-03 04:20:00+00:00,22.899999618530273,22.899999618530273,22.799999237060547,22.799999237060547,2000,0.0,0.0
2025-06-03 04:25:00+00:00,22.799999237060547,22.799999237060547,22.799999237060547,22.799999237060547,1000,0.0,0.0
2025-06-03 04:35:00+00:00,22.799999237060547,22.799999237060547,22.799999237060547,22.799999237060547,5000,0.0,0.0
2025-06-03 04:40:00+00:00,22.850000381469727,22.850000381469727,22.799999237060547,22.799999237060547,2000,0.0,0.0
2025-06-03 04:45:00+00:00,22.799999237060547,22.799999237060547,22.799999237060547,22.799999237060547,1000,0.0,0.0
2025-06-03 04:50:00+00:00,22.799999237060547,22.799999237060547,22.799999237060547,22.799999237060547,5000,0.0,0.0
2025-06-03 05:00:00+00:00,22.850000381469727,22.850000381469727,22.799999237060547,22.799999237060547,3000,0.0,0.0
2025-06-03 05:05:00+00:00,22.850000381469727,22.850000381469727,22.850000381469727,22.850000381469727,1000,0.0,0.0
2025-06-03 05:10:00+00:00,22.850000381469727,22.850000381469727,22.850000381469727,22.850000381469727,1002,0.0,0.0
2025-06-03 05:15:00+00:00,22.799999237060547,22.799999237060547,22.799999237060547,22.799999237060547,1001,0.0,0.0
2025-06-03 05:20:00+00:00,22.850000381469727,22.850000381469727,22.799999237060547,22.799999237060547,3241,0.0,0.0
2025-06-04 01:00:00+00:00,22.950000762939453,23.100000381469727,22.950000762939453,23.100000381469727,0,0.0,0.0
2025-06-04 01:05:00+00:00,23.149999618530273,23.149999618530273,23.149999618530273,23.149999618530273,1003,0.0,0.0
2025-06-04 01:10:00+00:00,23.100000381469727,23.149999618530273,23.100000381469727,23.149999618530273,2000,0.0,0.0
2025-06-04 01:40:00+00:00,23.100000381469727,23.100000381469727,23.049999237060547,23.049999237060547,10000,0.0,0.0
2025-06-04 01:50:00+00:00,23.049999237060547,23.049999237060547,23.049999237060547,23.049999237060547,0,0.0,0.0
2025-06-04 02:00:00+00:00,23.100000381469727,23.100000381469727,23.100000381469727,23.100000381469727,20023,0.0,0.0
2025-06-04 02:10:00+00:00,23.100000381469727,23.100000381469727,23.100000381469727,23.100000381469727,1080,0.0,0.0
2025-06-04 02:15:00+00:00,23.100000381469727,23.149999618530273,23.100000381469727,23.149999618530273,9001,0.0,0.0
2025-06-04 02:20:00+00:00,23.149999618530273,23.149999618530273,23.149999618530273,23.149999618530273,2004,0.0,0.0
2025-06-04 02:30:00+00:00,23.149999618530273,23.200000762939453,23.149999618530273,23.149999618530273,9179,0.0,0.0
2025-06-04 02:35:00+00:00,23.149999618530273,23.149999618530273,23.149999618530273,23.149999618530273,1000,0.0,0.0
2025-06-04 02:40:00+00:00,23.200000762939453,23.200000762939453,23.200000762939453,23.200000762939453,2000,0.0,0.0
2025-06-04 03:00:00+00:00,23.149999618530273,23.149999618530273,23.149999618530273,23.149999618530273,1109,0.0,0.0
2025-06-04 03:05:00+00:00,23.200000762939453,23.200000762939453,23.200000762939453,23.200000762939453,1000,0.0,0.0
2025-06-04 03:10:00+00:00,23.200000762939453,23.200000762939453,23.200000762939453,23.200000762939453,3000,0.0,0.0
2025-06-04 03:20:00+00:00,23.200000762939453,23.200000762939453,23.200000762939453,23.200000762939453,26135,0.0,0.0
2025-06-04 03:25:00+00:00,23.25,23.25,23.25,23.25,4020,0.0,0.0
2025-06-04 03:30:00+00:00,23.200000762939453,23.25,23.200000762939453,23.25,4000,0.0,0.0
2025-06-04 03:40:00+00:00,23.200000762939453,23.200000762939453,23.200000762939453,23.200000762939453,1000,0.0,0.0
2025-06-04 03:50:00+00:00,23.100000381469727,23.100000381469727,23.100000381469727,23.100000381469727,3000,0.0,0.0
2025-06-04 04:00:00+00:00,23.100000381469727,23.100000381469727,22.950000762939453,22.950000762939453,29015,0.0,0.0
2025-06-04 04:05:00+00:00,23.0,23.0,23.0,23.0,1357,0.0,0.0
2025-06-04 04:10:00+00:00,23.049999237060547,23.200000762939453,23.049999237060547,23.200000762939453,4000,0.0,0.0
2025-06-04 04:20:00+00:00,23.200000762939453,23.200000762939453,23.200000762939453,23.200000762939453,3000,0.0,0.0
2025-06-04 04:30:00+00:00,23.200000762939453,23.200000762939453,23.200000762939453,23.200000762939453,3000,0.0,0.0
2025-06-04 04:35:00+00:00,23.200000762939453,23.200000762939453,23.200000762939453,23.200000762939453,1000,0.0,0.0
2025-06-04 04:40:00+00:00,23.200000762939453,23.200000762939453,23.200000762939453,23.200000762939453,3065,0.0,0.0
2025-06-04 05:05:00+00:00,23.200000762939453,23.200000762939453,23.200000762939453,23.200000762939453,1180,0.0,0.0
2025-06-04 05:10:00+00:00,23.200000762939453,23.200000762939453,23.200000762939453,23.200000762939453,1000,0.0,0.0
2025-06-04 05:15:00+00:00,23.100000381469727,23.100000381469727,23.100000381469727,23.100000381469727,4000,0.0,0.0
2025-06-04 05:20:00+00:00,23.049999237060547,23.049999237060547,23.049999237060547,23.049999237060547,1213,0.0,0.0
2025-06-05 01:00:00+00:00,23.100000381469727,23.100000381469727,23.100000381469727,23.100000381469727,0,0.0,0.0
2025-06-05 01:05:00+00:00,23.100000381469727,23.100000381469727,23.100000381469727,23.100000381469727,1013,0.0,0.0
2025-06-05 01:15:00+00:00,23.100000381469727,23.100000381469727,23.100000381469727,23.100000381469727,1128,0.0,0.0
2025-06-05 01:20:00+00:00,23.100000381469727,23.100000381469727,23.100000381469727,23.100000381469727,5000,0.0,0.0
2025-06-05 01:30:00+00:00,23.100000381469727,23.100000381469727,23.100000381469727,23.100000381469727,1000,0.0,0.0
2025-06-05 01:35:00+00:00,23.049999237060547,23.049999237060547,23.049999237060547,23.049999237060547,17000,0.0,0.0
2025-06-05 01:45:00+00:00,23.100000381469727,23.149999618530273,23.100000381469727,23.149999618530273,8000,0.0,0.0
2025-06-05 01:50:00+00:00,23.100000381469727,23.25,23.100000381469727,23.25,5000,0.0,0.0
2025-06-05 02:00:00+00:00,23.25,23.25,23.25,23.25,1000,0.0,0.0
2025-06-05 02:05:00+00:00,23.200000762939453,23.200000762939453,23.149999618530273,23.149999618530273,2201,0.0,0.0
2025-06-05 02:15:00+00:00,23.100000381469727,23.100000381469727,23.0,23.0,37000,0.0,0.0
2025-06-05 02:20:00+00:00,23.0,23.149999618530273,23.0,23.149999618530273,4000,0.0,0.0
2025-06-05 02:30:00+00:00,23.200000762939453,23.200000762939453,23.200000762939453,23.200000762939453,3000,0.0,0.0
2025-06-05 02:40:00+00:00,23.200000762939453,23.200000762939453,23.200000762939453,23.200000762939453,1100,0.0,0.0
2025-06-05 03:10:00+00:00,23.200000762939453,23.200000762939453,23.200000762939453,23.200000762939453,1015,0.0,0.0
2025-06-05 04:05:00+00:00,23.100000381469727,23.100000381469727,23.100000381469727,23.100000381469727,6000,0.0,0.0
2025-06-05 04:10:00+00:00,23.200000762939453,23.200000762939453,23.200000762939453,23.200000762939453,1006,0.0,0.0
2025-06-05 04:25:00+00:00,23.100000381469727,23.100000381469727,23.100000381469727,23.100000381469727,1030,0.0,0.0
2025-06-05 04:35:00+00:00,23.049999237060547,23.049999237060547,23.049999237060547,23.049999237060547,3362,0.0,0.0
2025-06-05 04:40:00+00:00,23.149999618530273,23.149999618530273,23.049999237060547,23.049999237060547,4001,0.0,0.0
2025-06-05 04:45:00+00:00,23.100000381469727,23.100000381469727,23.100000381469727,23.100000381469727,1001,0.0,0.0
2025-06-05 05:10:00+00:00,23.0,23.0,23.0,23.0,1000,0.0,0.0
2025-06-05 05:15:00+00:00,23.049999237060547,23.049999237060547,23.049999237060547,23.049999237060547,8000,0.0,0.0
2025-06-05 05:20:00+00:00,23.0,23.0,23.0,23.0,1802,0.0,0.0
2025-06-06 01:00:00+00:00,23.100000381469727,23.100000381469727,23.100000381469727,23.100000381469727,0,0.0,0.0
2025-06-06 01:05:00+00:00,23.049999237060547,23.049999237060547,23.0,23.0,6013,0.0,0.0
2025-06-06 01:10:00+00:00,23.100000381469727,23.350000381469727,23.100000381469727,23.100000381469727,18000,0.0,0.0
2025-06-06 01:20:00+00:00,23.299999237060547,23.350000381469727,23.299999237060547,23.350000381469727,2020,0.0,0.0
2025-06-06 01:30:00+00:00,23.350000381469727,23.350000381469727,23.350000381469727,23.350000381469727,1000,0.0,0.0
2025-06-06 01:35:00+00:00,23.149999618530273,23.149999618530273,23.100000381469727,23.100000381469727,2038,0.0,0.0
2025-06-06 01:40:00+00:00,23.149999618530273,23.149999618530273,23.149999618530273,23.149999618530273,2000,0.0,0.0
2025-06-06 01:50:00+00:00,23.100000381469727,23.100000381469727,23.100000381469727,23.100000381469727,3000,0.0,0.0
2025-06-06 02:00:00+00:00,23.299999237060547,23.350000381469727,23.299999237060547,23.350000381469727,14000,0.0,0.0
2025-06-06 02:05:00+00:00,23.299999237060547,23.299999237060547,23.299999237060547,23.299999237060547,3000,0.0,0.0
2025-06-06 02:10:00+00:00,23.299999237060547,23.299999237060547,23.299999237060547,23.299999237060547,2000,0.0,0.0
2025-06-06 02:20:00+00:00,23.299999237060547,23.299999237060547,23.299999237060547,23.299999237060547,1000,0.0,0.0
2025-06-06 02:35:00+00:00,23.100000381469727,23.100000381469727,23.100000381469727,23.100000381469727,1002,0.0,0.0
2025-06-06 03:00:00+00:00,23.299999237060547,23.299999237060547,23.299999237060547,23.299999237060547,17000,0.0,0.0
2025-06-06 03:20:00+00:00,23.299999237060547,23.299999237060547,23.299999237060547,23.299999237060547,2000,0.0,0.0
2025-06-06 03:25:00+00:00,23.200000762939453,23.200000762939453,23.200000762939453,23.200000762939453,1000,0.0,0.0
2025-06-06 03:30:00+00:00,23.25,23.25,23.200000762939453,23.200000762939453,2001,0.0,0.0
2025-06-06 04:00:00+00:00,23.25,23.350000381469727,23.25,23.350000381469727,13104,0.0,0.0
2025-06-06 04:05:00+00:00,23.299999237060547,23.299999237060547,23.299999237060547,23.299999237060547,1000,0.0,0.0
2025-06-06 04:10:00+00:00,23.350000381469727,23.350000381469727,23.350000381469727,23.350000381469727,3015,0.0,0.0
2025-06-06 04:15:00+00:00,23.350000381469727,23.350000381469727,23.350000381469727,23.350000381469727,1001,0.0,0.0
2025-06-06 04:35:00+00:00,23.299999237060547,23.350000381469727,23.299999237060547,23.350000381469727,4001,0.0,0.0
2025-06-06 04:50:00+00:00,23.299999237060547,23.299999237060547,23.25,23.25,3030,0.0,0.0
2025-06-06 05:05:00+00:00,23.25,23.25,23.25,23.25,0,0.0,0.0
2025-06-06 05:15:00+00:00,23.25,23.25,23.200000762939453,23.200000762939453,109225,0.0,0.0
2025-06-06 05:20:00+00:00,23.25,23.25,23.25,23.25,14202,0.0,0.0
2025-06-09 01:00:00+00:00,23.299999237060547,23.299999237060547,23.25,23.25,0,0.0,0.0
2025-06-09 01:10:00+00:00,23.200000762939453,23.299999237060547,23.0,23.299999237060547,44000,0.0,0.0
2025-06-09 01:15:00+00:00,23.049999237060547,23.149999618530273,23.049999237060547,23.149999618530273,6000,0.0,0.0
2025-06-09 01:20:00+00:00,23.149999618530273,23.200000762939453,23.149999618530273,23.200000762939453,6000,0.0,0.0
2025-06-09 01:25:00+00:00,23.100000381469727,23.100000381469727,23.100000381469727,23.100000381469727,1000,0.0,0.0
2025-06-09 01:30:00+00:00,23.100000381469727,23.200000762939453,23.0,23.0,15000,0.0,0.0
2025-06-09 01:35:00+00:00,23.0,23.0,23.0,23.0,14279,0.0,0.0
2025-06-09 01:40:00+00:00,23.100000381469727,23.25,22.950000762939453,22.950000762939453,16010,0.0,0.0
2025-06-09 01:50:00+00:00,23.0,23.049999237060547,22.950000762939453,23.049999237060547,9000,0.0,0.0
2025-06-09 01:55:00+00:00,22.950000762939453,23.0,22.899999618530273,23.0,16096,0.0,0.0
2025-06-09 02:00:00+00:00,23.0,23.149999618530273,22.950000762939453,22.950000762939453,23353,0.0,0.0
2025-06-09 02:05:00+00:00,22.899999618530273,22.950000762939453,22.850000381469727,22.850000381469727,8000,0.0,0.0
2025-06-09 02:10:00+00:00,22.850000381469727,22.850000381469727,22.850000381469727,22.850000381469727,1000,0.0,0.0
2025-06-09 02:20:00+00:00,22.850000381469727,22.950000762939453,22.850000381469727,22.950000762939453,11000,0.0,0.0
2025-06-09 02:25:00+00:00,22.850000381469727,22.850000381469727,22.850000381469727,22.850000381469727,1000,0.0,0.0
2025-06-09 02:30:00+00:00,22.950000762939453,22.950000762939453,22.950000762939453,22.950000762939453,2001,0.0,0.0
2025-06-09 02:35:00+00:00,22.899999618530273,22.899999618530273,22.850000381469727,22.850000381469727,2000,0.0,0.0
2025-06-09 02:40:00+00:00,22.799999237060547,22.799999237060547,22.799999237060547,22.799999237060547,1000,0.0,0.0
2025-06-09 02:45:00+00:00,22.850000381469727,22.850000381469727,22.850000381469727,22.850000381469727,1000,0.0,0.0
2025-06-09 02:50:00+00:00,22.950000762939453,22.950000762939453,22.799999237060547,22.799999237060547,6000,0.0,0.0
2025-06-09 02:55:00+00:00,22.850000381469727,22.850000381469727,22.850000381469727,22.850000381469727,2000,0.0,0.0
2025-06-09 03:00:00+00:00,22.950000762939453,23.100000381469727,22.950000762939453,23.049999237060547,17000,0.0,0.0
2025-06-09 03:10:00+00:00,23.049999237060547,23.049999237060547,23.0,23.049999237060547,6001,0.0,0.0
2025-06-09 03:20:00+00:00,23.0,23.0,23.0,23.0,1001,0.0,0.0
2025-06-09 03:35:00+00:00,22.899999618530273,22.899999618530273,22.899999618530273,22.899999618530273,4045,0.0,0.0
2025-06-09 04:00:00+00:00,22.899999618530273,23.049999237060547,22.899999618530273,23.049999237060547,11500,0.0,0.0
2025-06-09 04:15:00+00:00,22.850000381469727,22.850000381469727,22.850000381469727,22.850000381469727,1001,0.0,0.0
2025-06-09 04:25:00+00:00,22.850000381469727,22.850000381469727,22.850000381469727,22.850000381469727,1001,0.0,0.0
2025-06-09 04:40:00+00:00,23.0,23.0,23.0,23.0,1041,0.0,0.0
2025-06-09 04:50:00+00:00,23.0,23.0,22.899999618530273,22.899999618530273,3000,0.0,0.0
2025-06-09 04:55:00+00:00,22.899999618530273,22.899999618530273,22.899999618530273,22.899999618530273,1000,0.0,0.0
2025-06-09 05:00:00+00:00,22.899999618530273,22.899999618530273,22.899999618530273,22.899999618530273,1148,0.0,0.0
2025-06-09 05:15:00+00:00,22.899999618530273,22.899999618530273,22.899999618530273,22.899999618530273,1000,0.0,0.0
2025-06-09 05:20:00+00:00,22.899999618530273,22.899999618530273,22.850000381469727,22.850000381469727,2403,0.0,0.0
2025-06-10 01:00:00+00:00,23.0,23.0,23.0,23.0,0,0.0,0.0
2025-06-10 01:20:00+00:00,23.0,23.049999237060547,23.0,23.049999237060547,13001,0.0,0.0
2025-06-10 01:30:00+00:00,23.100000381469727,23.149999618530273,23.100000381469727,23.100000381469727,7000,0.0,0.0
2025-06-10 01:40:00+00:00,23.100000381469727,23.100000381469727,23.100000381469727,23.100000381469727,6000,0.0,0.0
2025-06-10 01:45:00+00:00,23.100000381469727,23.100000381469727,23.100000381469727,23.100000381469727,3000,0.0,0.0
2025-06-10 01:50:00+00:00,23.149999618530273,23.149999618530273,23.149999618530273,23.149999618530273,5000,0.0,0.0
2025-06-10 01:55:00+00:00,23.149999618530273,23.149999618530273,23.149999618530273,23.149999618530273,12000,0.0,0.0
2025-06-10 02:00:00+00:00,23.200000762939453,23.200000762939453,23.100000381469727,23.100000381469727,6000,0.0,0.0
2025-06-10 02:05:00+00:00,23.149999618530273,23.25,23.149999618530273,23.200000762939453,12519,0.0,0.0
2025-06-10 02:10:00+00:00,23.149999618530273,23.25,23.149999618530273,23.25,4000,0.0,0.0
2025-06-10 02:15:00+00:00,23.200000762939453,23.200000762939453,23.200000762939453,23.200000762939453,2000,0.0,0.0
2025-06-10 02:20:00+00:00,23.200000762939453,23.200000762939453,23.200000762939453,23.200000762939453,1000,0.0,0.0
2025-06-10 02:25:00+00:00,23.200000762939453,23.200000762939453,23.200000762939453,23.200000762939453,3001,0.0,0.0
2025-06-10 02:30:00+00:00,23.25,23.25,23.25,23.25,2050,0.0,0.0
2025-06-10 02:40:00+00:00,23.25,23.25,23.25,23.25,1000,0.0,0.0
2025-06-10 02:45:00+00:00,23.25,23.25,23.25,23.25,1025,0.0,0.0
2025-06-10 02:50:00+00:00,23.25,23.25,23.25,23.25,1000,0.0,0.0
2025-06-10 03:05:00+00:00,23.200000762939453,23.200000762939453,23.200000762939453,23.200000762939453,5000,0.0,0.0
2025-06-10 03:25:00+00:00,23.100000381469727,23.100000381469727,23.100000381469727,23.100000381469727,20038,0.0,0.0
2025-06-10 03:35:00+00:00,23.200000762939453,23.200000762939453,23.200000762939453,23.200000762939453,8000,0.0,0.0
2025-06-10 03:40:00+00:00,23.25,23.25,23.25,23.25,2461,0.0,0.0
2025-06-10 03:55:00+00:00,23.149999618530273,23.149999618530273,23.149999618530273,23.149999618530273,5000,0.0,0.0
2025-06-10 04:00:00+00:00,23.200000762939453,23.200000762939453,23.100000381469727,23.100000381469727,3000,0.0,0.0
2025-06-10 04:30:00+00:00,23.100000381469727,23.100000381469727,23.100000381469727,23.100000381469727,2039,0.0,0.0
2025-06-10 04:40:00+00:00,23.100000381469727,23.200000762939453,23.100000381469727,23.200000762939453,17009,0.0,0.0
2025-06-10 05:05:00+00:00,23.100000381469727,23.149999618530273,23.100000381469727,23.149999618530273,7000,0.0,0.0
2025-06-10 05:10:00+00:00,23.149999618530273,23.149999618530273,23.149999618530273,23.149999618530273,1000,0.0,0.0
2025-06-10 05:20:00+00:00,23.200000762939453,23.200000762939453,23.200000762939453,23.200000762939453,9010,0.0,0.0
2025-06-11 01:00:00+00:00,23.100000381469727,23.100000381469727,23.049999237060547,23.049999237060547,0,0.0,0.0
2025-06-11 01:10:00+00:00,23.0,23.0,23.0,23.0,1000,0.0,0.0
2025-06-11 01:15:00+00:00,23.049999237060547,23.049999237060547,23.049999237060547,23.049999237060547,3000,0.0,0.0
2025-06-11 01:25:00+00:00,23.049999237060547,23.049999237060547,23.049999237060547,23.049999237060547,6020,0.0,0.0
2025-06-11 01:30:00+00:00,23.100000381469727,23.100000381469727,23.100000381469727,23.100000381469727,1003,0.0,0.0
2025-06-11 01:40:00+00:00,23.100000381469727,23.100000381469727,23.100000381469727,23.100000381469727,3000,0.0,0.0
2025-06-11 01:45:00+00:00,23.049999237060547,23.049999237060547,23.049999237060547,23.049999237060547,4000,0.0,0.0
2025-06-11 01:50:00+00:00,23.0,23.0,23.0,23.0,1000,0.0,0.0
2025-06-11 02:00:00+00:00,23.100000381469727,23.100000381469727,23.100000381469727,23.100000381469727,2000,0.0,0.0
2025-06-11 02:05:00+00:00,23.0,23.0,22.950000762939453,22.950000762939453,20000,0.0,0.0
2025-06-11 02:10:00+00:00,23.049999237060547,23.100000381469727,23.049999237060547,23.100000381469727,3022,0.0,0.0
2025-06-11 02:20:00+00:00,23.100000381469727,23.100000381469727,23.100000381469727,23.100000381469727,1020,0.0,0.0
2025-06-11 02:40:00+00:00,23.100000381469727,23.100000381469727,23.100000381469727,23.100000381469727,1146,0.0,0.0
2025-06-11 02:55:00+00:00,23.0,23.0,23.0,23.0,2000,0.0,0.0
2025-06-11 03:00:00+00:00,23.0,23.0,22.899999618530273,22.899999618530273,34000,0.0,0.0
2025-06-11 03:05:00+00:00,22.899999618530273,22.899999618530273,22.899999618530273,22.899999618530273,1000,0.0,0.0
2025-06-11 03:10:00+00:00,23.0,23.0,23.0,23.0,6020,0.0,0.0
2025-06-11 03:15:00+00:00,22.850000381469727,22.850000381469727,22.850000381469727,22.850000381469727,1000,0.0,0.0
2025-06-11 03:20:00+00:00,22.899999618530273,22.899999618530273,22.899999618530273,22.899999618530273,3000,0.0,0.0
2025-06-11 03:25:00+00:00,22.899999618530273,22.950000762939453,22.899999618530273,22.950000762939453,0,0.0,0.0
2025-06-11 03:30:00+00:00,22.950000762939453,23.0,22.950000762939453,23.0,107245,0.0,0.0
2025-06-11 03:40:00+00:00,23.0,23.0,23.0,23.0,1008,0.0,0.0
2025-06-11 03:45:00+00:00,22.899999618530273,22.899999618530273,22.899999618530273,22.899999618530273,2000,0.0,0.0
2025-06-11 03:55:00+00:00,23.0,23.0,23.0,23.0,17000,0.0,0.0
2025-06-11 04:00:00+00:00,23.0,23.049999237060547,23.0,23.049999237060547,3000,0.0,0.0
2025-06-11 04:20:00+00:00,23.049999237060547,23.049999237060547,23.049999237060547,23.049999237060547,4000,0.0,0.0
2025-06-11 04:30:00+00:00,23.100000381469727,23.100000381469727,23.100000381469727,23.100000381469727,1000,0.0,0.0
2025-06-11 04:40:00+00:00,23.049999237060547,23.049999237060547,23.049999237060547,23.049999237060547,1000,0.0,0.0
2025-06-12 01:00:00+00:00,23.100000381469727,23.100000381469727,22.950000762939453,22.950000762939453,4013,0.0,0.0
2025-06-12 01:10:00+00:00,22.950000762939453,22.950000762939453,22.950000762939453,22.950000762939453,6000,0.0,0.0
2025-06-12 01:20:00+00:00,23.0,23.0,23.0,23.0,5000,0.0,0.0
2025-06-12 01:30:00+00:00,23.0,23.0,23.0,23.0,2001,0.0,0.0
2025-06-12 01:45:00+00:00,22.950000762939453,22.950000762939453,22.950000762939453,22.950000762939453,1120,0.0,0.0
2025-06-12 01:55:00+00:00,22.950000762939453,22.950000762939453,22.950000762939453,22.950000762939453,3000,0.0,0.0
2025-06-12 02:00:00+00:00,22.950000762939453,22.950000762939453,22.899999618530273,22.899999618530273,4000,0.0,0.0
2025-06-12 02:05:00+00:00,22.899999618530273,22.899999618530273,22.899999618530273,22.899999618530273,2001,0.0,0.0
2025-06-12 02:10:00+00:00,22.950000762939453,22.950000762939453,22.950000762939453,22.950000762939453,1000,0.0,0.0
2025-06-12 02:20:00+00:00,22.950000762939453,22.950000762939453,22.950000762939453,22.950000762939453,2011,0.0,0.0
2025-06-12 02:35:00+00:00,22.950000762939453,22.950000762939453,22.950000762939453,22.950000762939453,1300,0.0,0.0
2025-06-12 02:50:00+00:00,22.950000762939453,22.950000762939453,22.950000762939453,22.950000762939453,1036,0.0,0.0
2025-06-12 03:10:00+00:00,23.0,23.049999237060547,23.0,23.049999237060547,13050,0.0,0.0
2025-06-12 03:25:00+00:00,22.950000762939453,23.049999237060547,22.950000762939453,23.049999237060547,5000,0.0,0.0
2025-06-12 03:30:00+00:00,23.049999237060547,23.049999237060547,23.049999237060547,23.049999237060547,1000,0.0,0.0
2025-06-12 03:40:00+00:00,23.049999237060547,23.049999237060547,23.049999237060547,23.049999237060547,1000,0.0,0.0
2025-06-12 03:45:00+00:00,22.950000762939453,22.950000762939453,22.899999618530273,22.899999618530273,15000,0.0,0.0
2025-06-12 03:50:00+00:00,23.0,23.0,23.0,23.0,3001,0.0,0.0
2025-06-12 04:25:00+00:00,22.899999618530273,22.899999618530273,22.899999618530273,22.899999618530273,1000,0.0,0.0
2025-06-12 04:45:00+00:00,22.899999618530273,22.899999618530273,22.899999618530273,22.899999618530273,1000,0.0,0.0
2025-06-12 05:00:00+00:00,22.950000762939453,22.950000762939453,22.950000762939453,22.950000762939453,1000,0.0,0.0
2025-06-12 05:05:00+00:00,22.899999618530273,22.899999618530273,22.899999618530273,22.899999618530273,1000,0.0,0.0
2025-06-12 05:10:00+00:00,22.950000762939453,22.950000762939453,22.950000762939453,22.950000762939453,1000,0.0,0.0
2025-06-12 05:20:00+00:00,22.950000762939453,22.950000762939453,22.950000762939453,22.950000762939453,1204,0.0,0.0
2025-06-13 01:00:00+00:00,22.799999237060547,22.799999237060547,22.799999237060547,22.799999237060547,0,0.0,0.0
2025-06-13 01:05:00+00:00,22.700000762939453,22.799999237060547,22.649999618530273,22.799999237060547,26015,0.0,0.0
2025-06-13 01:10:00+00:00,22.850000381469727,22.850000381469727,22.700000762939453,22.700000762939453,4000,0.0,0.0
2025-06-13 01:20:00+00:00,22.850000381469727,22.850000381469727,22.649999618530273,22.649999618530273,15000,0.0,0.0
2025-06-13 01:25:00+00:00,22.649999618530273,22.649999618530273,22.600000381469727,22.600000381469727,9012,0.0,0.0
2025-06-13 01:30:00+00:00,22.75,22.75,22.649999618530273,22.649999618530273,3008,0.0,0.0
2025-06-13 01:35:00+00:00,22.649999618530273,22.649999618530273,22.649999618530273,22.649999618530273,1001,0.0,0.0
2025-06-13 01:40:00+00:00,22.799999237060547,22.799999237060547,22.799999237060547,22.799999237060547,2000,0.0,0.0
2025-06-13 01:45:00+00:00,22.799999237060547,22.799999237060547,22.799999237060547,22.799999237060547,1000,0.0,0.0
2025-06-13 01:50:00+00:00,22.799999237060547,22.799999237060547,22.799999237060547,22.799999237060547,1000,0.0,0.0
2025-06-13 01:55:00+00:00,22.799999237060547,22.799999237060547,22.799999237060547,22.799999237060547,9000,0.0,0.0
2025-06-13 02:00:00+00:00,22.799999237060547,22.799999237060547,22.799999237060547,22.799999237060547,5000,0.0,0.0
2025-06-13 02:20:00+00:00,22.899999618530273,22.899999618530273,22.799999237060547,22.799999237060547,5000,0.0,0.0
2025-06-13 02:30:00+00:00,22.75,22.75,22.649999618530273,22.649999618530273,17001,0.0,0.0
2025-06-13 02:35:00+00:00,22.649999618530273,22.649999618530273,22.649999618530273,22.649999618530273,9000,0.0,0.0
2025-06-13 02:40:00+00:00,22.600000381469727,22.600000381469727,22.600000381469727,22.600000381469727,5103,0.0,0.0
2025-06-13 02:50:00+00:00,22.600000381469727,22.600000381469727,22.600000381469727,22.600000381469727,1000,0.0,0.0
2025-06-13 02:55:00+00:00,22.700000762939453,22.700000762939453,22.649999618530273,22.649999618530273,9000,0.0,0.0
2025-06-13 03:00:00+00:00,22.75,22.75,22.75,22.75,2000,0.0,0.0
2025-06-13 03:05:00+00:00,22.649999618530273,22.649999618530273,22.649999618530273,22.649999618530273,5000,0.0,0.0
2025-06-13 03:10:00+00:00,22.600000381469727,22.600000381469727,22.600000381469727,22.600000381469727,2000,0.0,0.0
2025-06-13 03:20:00+00:00,22.75,22.799999237060547,22.649999618530273,22.649999618530273,5010,0.0,0.0
2025-06-13 03:30:00+00:00,22.799999237060547,22.799999237060547,22.799999237060547,22.799999237060547,1000,0.0,0.0
2025-06-13 03:35:00+00:00,22.649999618530273,22.649999618530273,22.649999618530273,22.649999618530273,2012,0.0,0.0
2025-06-13 04:00:00+00:00,22.649999618530273,22.649999618530273,22.600000381469727,22.600000381469727,19807,0.0,0.0
2025-06-13 04:05:00+00:00,22.600000381469727,22.600000381469727,22.600000381469727,22.600000381469727,8000,0.0,0.0
2025-06-13 04:10:00+00:00,22.700000762939453,22.75,22.700000762939453,22.75,4000,0.0,0.0
2025-06-13 04:20:00+00:00,22.700000762939453,22.700000762939453,22.700000762939453,22.700000762939453,2000,0.0,0.0
2025-06-13 04:30:00+00:00,22.600000381469727,22.600000381469727,22.600000381469727,22.600000381469727,2001,0.0,0.0
2025-06-13 04:40:00+00:00,22.700000762939453,22.700000762939453,22.700000762939453,22.700000762939453,1084,0.0,0.0
2025-06-13 04:50:00+00:00,22.600000381469727,22.600000381469727,22.600000381469727,22.600000381469727,15032,0.0,0.0
2025-06-13 04:55:00+00:00,22.600000381469727,22.600000381469727,22.549999237060547,22.600000381469727,15000,0.0,0.0
2025-06-13 05:00:00+00:00,22.700000762939453,22.700000762939453,22.700000762939453,22.700000762939453,3000,0.0,0.0
2025-06-13 05:05:00+00:00,22.700000762939453,22.700000762939453,22.700000762939453,22.700000762939453,2000,0.0,0.0
2025-06-13 05:15:00+00:00,22.600000381469727,22.600000381469727,22.600000381469727,22.600000381469727,3186,0.0,0.0
2025-06-13 05:20:00+00:00,22.600000381469727,22.600000381469727,22.600000381469727,22.600000381469727,1403,0.0,0.0
2025-06-16 01:00:00+00:00,22.600000381469727,22.600000381469727,22.100000381469727,22.100000381469727,0,0.0,0.0
2025-06-16 01:05:00+00:00,22.200000762939453,22.25,22.200000762939453,22.25,12195,0.0,0.0
2025-06-16 01:10:00+00:00,22.399999618530273,22.399999618530273,22.399999618530273,22.399999618530273,5164,0.0,0.0
2025-06-16 01:15:00+00:00,22.399999618530273,22.399999618530273,22.399999618530273,22.399999618530273,1001,0.0,0.0
2025-06-16 01:20:00+00:00,22.5,22.5,22.399999618530273,22.399999618530273,4000,0.0,0.0
2025-06-16 01:30:00+00:00,22.5,22.549999237060547,22.5,22.549999237060547,2000,0.0,0.0
2025-06-16 01:45:00+00:00,22.399999618530273,22.399999618530273,22.399999618530273,22.399999618530273,1300,0.0,0.0
2025-06-16 02:05:00+00:00,22.399999618530273,22.399999618530273,22.399999618530273,22.399999618530273,2000,0.0,0.0
2025-06-16 02:10:00+00:00,22.5,22.5,22.5,22.5,1000,0.0,0.0
2025-06-16 02:45:00+00:00,22.399999618530273,22.399999618530273,22.399999618530273,22.399999618530273,3002,0.0,0.0
2025-06-16 03:15:00+00:00,22.399999618530273,22.450000762939453,22.399999618530273,22.450000762939453,5000,0.0,0.0
2025-06-16 03:20:00+00:00,22.5,22.5,22.5,22.5,1000,0.0,0.0
2025-06-16 03:35:00+00:00,22.399999618530273,22.399999618530273,22.200000762939453,22.200000762939453,30001,0.0,0.0
2025-06-16 03:40:00+00:00,22.450000762939453,22.450000762939453,22.450000762939453,22.450000762939453,1000,0.0,0.0
2025-06-16 03:50:00+00:00,22.450000762939453,22.5,22.450000762939453,22.5,5000,0.0,0.0
2025-06-16 04:00:00+00:00,22.549999237060547,22.549999237060547,22.549999237060547,22.549999237060547,1001,0.0,0.0
2025-06-16 04:15:00+00:00,22.5,22.5,22.5,22.5,2000,0.0,0.0
2025-06-16 04:20:00+00:00,22.450000762939453,22.549999237060547,22.450000762939453,22.549999237060547,13002,0.0,0.0
2025-06-16 05:05:00+00:00,22.549999237060547,22.549999237060547,22.549999237060547,22.549999237060547,1000,0.0,0.0
2025-06-16 05:10:00+00:00,22.549999237060547,22.549999237060547,22.549999237060547,22.549999237060547,1901,0.0,0.0
2025-06-17 01:00:00+00:00,22.399999618530273,22.450000762939453,22.399999618530273,22.450000762939453,0,0.0,0.0
2025-06-17 01:05:00+00:00,22.399999618530273,22.5,22.399999618530273,22.5,12021,0.0,0.0
2025-06-17 01:10:00+00:00,22.549999237060547,22.549999237060547,22.549999237060547,22.549999237060547,1001,0.0,0.0
2025-06-17 01:35:00+00:00,22.5,22.5,22.5,22.5,1002,0.0,0.0
2025-06-17 01:40:00+00:00,22.5,22.5,22.5,22.5,1002,0.0,0.0
2025-06-17 01:45:00+00:00,22.5,22.5,22.5,22.5,1331,0.0,0.0
2025-06-17 01:55:00+00:00,22.450000762939453,22.5,22.450000762939453,22.5,7000,0.0,0.0
2025-06-17 02:00:00+00:00,22.5,22.5,22.450000762939453,22.450000762939453,6001,0.0,0.0
2025-06-17 02:10:00+00:00,22.450000762939453,22.450000762939453,22.350000381469727,22.350000381469727,19121,0.0,0.0
2025-06-17 02:15:00+00:00,22.350000381469727,22.350000381469727,22.350000381469727,22.350000381469727,1000,0.0,0.0
2025-06-17 02:20:00+00:00,22.350000381469727,22.399999618530273,22.350000381469727,22.399999618530273,3000,0.0,0.0
2025-06-17 02:25:00+00:00,22.399999618530273,22.399999618530273,22.399999618530273,22.399999618530273,1000,0.0,0.0
2025-06-17 02:35:00+00:00,22.350000381469727,22.350000381469727,22.350000381469727,22.350000381469727,3000,0.0,0.0
2025-06-17 02:40:00+00:00,22.399999618530273,22.399999618530273,22.399999618530273,22.399999618530273,1000,0.0,0.0
2025-06-17 02:45:00+00:00,22.299999237060547,22.299999237060547,22.299999237060547,22.299999237060547,10000,0.0,0.0
2025-06-17 02:50:00+00:00,22.399999618530273,22.399999618530273,22.399999618530273,22.399999618530273,2000,0.0,0.0
2025-06-17 02:55:00+00:00,22.25,22.25,22.25,22.25,14000,0.0,0.0
2025-06-17 03:00:00+00:00,22.25,22.350000381469727,22.25,22.350000381469727,12000,0.0,0.0
2025-06-17 03:10:00+00:00,22.350000381469727,22.350000381469727,22.350000381469727,22.350000381469727,2005,0.0,0.0
2025-06-17 03:25:00+00:00,22.299999237060547,22.299999237060547,22.299999237060547,22.299999237060547,1006,0.0,0.0
2025-06-17 03:35:00+00:00,22.350000381469727,22.350000381469727,22.350000381469727,22.350000381469727,1000,0.0,0.0
2025-06-17 03:40:00+00:00,22.350000381469727,22.350000381469727,22.350000381469727,22.350000381469727,5000,0.0,0.0
2025-06-17 03:50:00+00:00,22.399999618530273,22.399999618530273,22.399999618530273,22.399999618530273,1100,0.0,0.0
2025-06-17 04:20:00+00:00,22.350000381469727,22.350000381469727,22.350000381469727,22.350000381469727,1000,0.0,0.0
2025-06-17 04:25:00+00:00,22.299999237060547,22.299999237060547,22.299999237060547,22.299999237060547,1000,0.0,0.0
2025-06-17 04:30:00+00:00,22.299999237060547,22.350000381469727,22.299999237060547,22.350000381469727,2012,0.0,0.0
2025-06-17 04:40:00+00:00,22.299999237060547,22.299999237060547,22.299999237060547,22.299999237060547,2000,0.0,0.0
2025-06-17 04:50:00+00:00,22.25,22.25,22.25,22.25,20000,0.0,0.0
2025-06-17 05:00:00+00:00,22.299999237060547,22.299999237060547,22.299999237060547,22.299999237060547,1001,0.0,0.0
2025-06-17 05:05:00+00:00,22.299999237060547,22.299999237060547,22.299999237060547,22.299999237060547,1000,0.0,0.0
2025-06-17 05:10:00+00:00,22.350000381469727,22.350000381469727,22.350000381469727,22.350000381469727,3001,0.0,0.0
2025-06-17 05:15:00+00:00,22.299999237060547,22.350000381469727,22.299999237060547,22.350000381469727,6027,0.0,0.0
2025-06-18 01:00:00+00:00,22.399999618530273,22.399999618530273,22.399999618530273,22.399999618530273,1000,0.0,0.0
2025-06-18 01:05:00+00:00,22.25,22.25,22.25,22.25,3597,0.0,0.0
2025-06-18 01:15:00+00:00,22.25,22.25,22.25,22.25,2000,0.0,0.0
2025-06-18 01:35:00+00:00,22.25,22.25,22.25,22.25,2000,0.0,0.0
2025-06-18 01:40:00+00:00,22.299999237060547,22.299999237060547,22.299999237060547,22.299999237060547,1001,0.0,0.0
2025-06-18 02:10:00+00:00,22.299999237060547,22.350000381469727,22.299999237060547,22.350000381469727,5000,0.0,0.0
2025-06-18 02:30:00+00:00,22.350000381469727,22.350000381469727,22.350000381469727,22.350000381469727,1100,0.0,0.0
2025-06-18 02:35:00+00:00,22.399999618530273,22.450000762939453,22.399999618530273,22.450000762939453,11000,0.0,0.0
2025-06-18 02:40:00+00:00,22.450000762939453,22.450000762939453,22.450000762939453,22.450000762939453,2000,0.0,0.0
2025-06-18 02:45:00+00:00,22.450000762939453,22.450000762939453,22.399999618530273,22.399999618530273,7000,0.0,0.0
2025-06-18 02:50:00+00:00,22.5,22.5,22.5,22.5,10000,0.0,0.0
2025-06-18 02:55:00+00:00,22.5,22.600000381469727,22.5,22.600000381469727,5500,0.0,0.0
2025-06-18 03:15:00+00:00,22.600000381469727,22.600000381469727,22.600000381469727,22.600000381469727,2000,0.0,0.0
2025-06-18 03:30:00+00:00,22.600000381469727,22.649999618530273,22.600000381469727,22.649999618530273,4000,0.0,0.0
2025-06-18 03:45:00+00:00,22.600000381469727,22.600000381469727,22.600000381469727,22.600000381469727,1000,0.0,0.0
2025-06-18 04:00:00+00:00,22.549999237060547,22.549999237060547,22.549999237060547,22.549999237060547,1000,0.0,0.0
2025-06-18 04:05:00+00:00,22.5,22.5,22.450000762939453,22.450000762939453,12000,0.0,0.0
2025-06-18 04:10:00+00:00,22.5,22.549999237060547,22.5,22.549999237060547,2000,0.0,0.0
2025-06-18 04:30:00+00:00,22.399999618530273,22.5,22.399999618530273,22.5,3000,0.0,0.0
2025-06-18 05:00:00+00:00,22.350000381469727,22.350000381469727,22.299999237060547,22.299999237060547,3006,0.0,0.0
2025-06-18 05:05:00+00:00,22.299999237060547,22.299999237060547,22.299999237060547,22.299999237060547,2000,0.0,0.0
2025-06-18 05:10:00+00:00,22.350000381469727,22.450000762939453,22.299999237060547,22.299999237060547,5000,0.0,0.0
2025-06-18 05:15:00+00:00,22.299999237060547,22.299999237060547,22.25,22.25,2000,0.0,0.0
2025-06-18 05:20:00+00:00,22.350000381469727,22.450000762939453,22.350000381469727,22.450000762939453,2403,0.0,0.0
2025-06-19 01:00:00+00:00,22.450000762939453,22.450000762939453,22.450000762939453,22.450000762939453,0,0.0,0.0
2025-06-19 01:05:00+00:00,22.450000762939453,22.450000762939453,22.450000762939453,22.450000762939453,4000,0.0,0.0
2025-06-19 01:10:00+00:00,22.399999618530273,22.399999618530273,22.399999618530273,22.399999618530273,0,0.0,0.0
2025-06-19 01:15:00+00:00,22.399999618530273,22.399999618530273,22.350000381469727,22.399999618530273,12155,0.0,0.0
2025-06-19 01:25:00+00:00,22.350000381469727,22.350000381469727,22.350000381469727,22.350000381469727,1050,0.0,0.0
2025-06-19 01:30:00+00:00,22.299999237060547,22.299999237060547,22.299999237060547,22.299999237060547,3001,0.0,0.0
2025-06-19 01:35:00+00:00,22.299999237060547,22.299999237060547,22.299999237060547,22.299999237060547,2000,0.0,0.0
2025-06-19 01:40:00+00:00,22.25,22.299999237060547,22.25,22.299999237060547,8000,0.0,0.0
2025-06-19 01:45:00+00:00,22.25,22.25,22.200000762939453,22.200000762939453,34000,0.0,0.0
2025-06-19 01:50:00+00:00,22.350000381469727,22.5,22.350000381469727,22.5,6000,0.0,0.0
2025-06-19 01:55:00+00:00,22.25,22.350000381469727,22.25,22.350000381469727,6002,0.0,0.0
2025-06-19 02:00:00+00:00,22.399999618530273,22.399999618530273,22.399999618530273,22.399999618530273,3000,0.0,0.0
2025-06-19 02:10:00+00:00,22.450000762939453,22.450000762939453,22.450000762939453,22.450000762939453,1000,0.0,0.0
2025-06-19 02:15:00+00:00,22.299999237060547,22.299999237060547,22.299999237060547,22.299999237060547,1000,0.0,0.0
2025-06-19 02:20:00+00:00,22.299999237060547,22.299999237060547,22.299999237060547,22.299999237060547,1005,0.0,0.0
2025-06-19 02:30:00+00:00,22.299999237060547,22.399999618530273,22.299999237060547,22.399999618530273,3000,0.0,0.0
2025-06-19 02:35:00+00:00,22.25,22.25,22.25,22.25,5000,0.0,0.0
2025-06-19 02:50:00+00:00,22.299999237060547,22.299999237060547,22.299999237060547,22.299999237060547,1000,0.0,0.0
2025-06-19 03:00:00+00:00,22.299999237060547,22.299999237060547,22.299999237060547,22.299999237060547,1000,0.0,0.0
2025-06-19 03:05:00+00:00,22.25,22.350000381469727,22.25,22.350000381469727,12000,0.0,0.0
2025-06-19 03:10:00+00:00,22.399999618530273,22.399999618530273,22.399999618530273,22.399999618530273,2000,0.0,0.0
2025-06-19 03:20:00+00:00,22.200000762939453,22.350000381469727,22.200000762939453,22.350000381469727,3050,0.0,0.0
2025-06-19 03:35:00+00:00,22.299999237060547,22.299999237060547,22.299999237060547,22.299999237060547,5000,0.0,0.0
2025-06-19 03:40:00+00:00,22.350000381469727,22.350000381469727,22.350000381469727,22.350000381469727,1000,0.0,0.0
2025-06-19 03:45:00+00:00,22.399999618530273,22.399999618530273,22.399999618530273,22.399999618530273,1001,0.0,0.0
2025-06-19 04:25:00+00:00,22.299999237060547,22.299999237060547,22.299999237060547,22.299999237060547,1000,0.0,0.0
2025-06-19 04:40:00+00:00,22.299999237060547,22.299999237060547,22.299999237060547,22.299999237060547,5000,0.0,0.0
2025-06-19 04:45:00+00:00,22.299999237060547,22.299999237060547,22.299999237060547,22.299999237060547,1001,0.0,0.0
2025-06-19 04:50:00+00:00,22.399999618530273,22.399999618530273,22.399999618530273,22.399999618530273,1100,0.0,0.0
2025-06-19 05:00:00+00:00,22.399999618530273,22.399999618530273,22.399999618530273,22.399999618530273,1000,0.0,0.0
2025-06-19 05:05:00+00:00,22.399999618530273,22.399999618530273,22.399999618530273,22.399999618530273,2000,0.0,0.0
2025-06-19 05:15:00+00:00,22.350000381469727,22.350000381469727,22.350000381469727,22.350000381469727,2000,0.0,0.0
2025-06-19 05:20:00+00:00,22.25,22.25,22.25,22.25,1202,0.0,0.0
2025-06-20 01:00:00+00:00,22.399999618530273,22.399999618530273,22.299999237060547,22.299999237060547,0,0.0,0.0
2025-06-20 01:05:00+00:00,22.350000381469727,22.600000381469727,22.350000381469727,22.549999237060547,20000,0.0,0.0
2025-06-20 01:10:00+00:00,22.549999237060547,22.549999237060547,22.5,22.5,3000,0.0,0.0
2025-06-20 01:15:00+00:00,22.5,22.5,22.450000762939453,22.450000762939453,2000,0.0,0.0
2025-06-20 01:20:00+00:00,22.549999237060547,22.549999237060547,22.399999618530273,22.399999618530273,3000,0.0,0.0
2025-06-20 01:25:00+00:00,22.299999237060547,22.299999237060547,22.299999237060547,22.299999237060547,3000,0.0,0.0
2025-06-20 01:30:00+00:00,22.25,22.25,22.100000381469727,22.100000381469727,18000,0.0,0.0
2025-06-20 01:35:00+00:00,22.100000381469727,22.100000381469727,22.0,22.0,6000,0.0,0.0
2025-06-20 01:40:00+00:00,22.049999237060547,22.049999237060547,22.049999237060547,22.049999237060547,3000,0.0,0.0
2025-06-20 01:45:00+00:00,22.0,22.200000762939453,22.0,22.200000762939453,30150,0.0,0.0
2025-06-20 01:50:00+00:00,22.200000762939453,22.25,22.200000762939453,22.25,8002,0.0,0.0
2025-06-20 02:15:00+00:00,22.100000381469727,22.100000381469727,22.049999237060547,22.049999237060547,11000,0.0,0.0
2025-06-20 02:20:00+00:00,22.049999237060547,22.25,22.0,22.100000381469727,14067,0.0,0.0
2025-06-20 02:25:00+00:00,22.25,22.399999618530273,22.25,22.399999618530273,12000,0.0,0.0
2025-06-20 02:30:00+00:00,22.399999618530273,22.5,22.399999618530273,22.5,5201,0.0,0.0
2025-06-20 02:40:00+00:00,22.450000762939453,22.450000762939453,22.399999618530273,22.399999618530273,11015,0.0,0.0
2025-06-20 02:55:00+00:00,22.399999618530273,22.399999618530273,22.299999237060547,22.299999237060547,3000,0.0,0.0
2025-06-20 03:20:00+00:00,22.299999237060547,22.299999237060547,22.299999237060547,22.299999237060547,1000,0.0,0.0
2025-06-20 03:40:00+00:00,22.200000762939453,22.200000762939453,22.200000762939453,22.200000762939453,2104,0.0,0.0
2025-06-20 03:45:00+00:00,22.200000762939453,22.200000762939453,22.200000762939453,22.200000762939453,3000,0.0,0.0
2025-06-20 03:50:00+00:00,22.299999237060547,22.299999237060547,22.299999237060547,22.299999237060547,1002,0.0,0.0
2025-06-20 04:05:00+00:00,22.25,22.25,22.25,22.25,1000,0.0,0.0
2025-06-20 04:50:00+00:00,22.25,22.25,22.25,22.25,1300,0.0,0.0
2025-06-20 04:55:00+00:00,22.25,22.25,22.25,22.25,1001,0.0,0.0
2025-06-20 05:10:00+00:00,22.25,22.299999237060547,22.25,22.25,3000,0.0,0.0
2025-06-20 05:15:00+00:00,22.25,22.299999237060547,22.200000762939453,22.200000762939453,9200,0.0,0.0
2025-06-20 05:20:00+00:00,22.149999618530273,22.399999618530273,22.100000381469727,22.399999618530273,25202,0.0,0.0
2025-06-23 01:00:00+00:00,22.100000381469727,22.100000381469727,21.799999237060547,21.799999237060547,0,0.0,0.0
2025-06-23 01:10:00+00:00,21.899999618530273,22.049999237060547,21.850000381469727,21.850000381469727,8031,0.0,0.0
2025-06-23 01:15:00+00:00,21.850000381469727,21.850000381469727,21.850000381469727,21.850000381469727,11000,0.0,0.0
2025-06-23 01:20:00+00:00,21.899999618530273,21.899999618530273,21.75,21.75,8000,0.0,0.0
2025-06-23 01:30:00+00:00,21.899999618530273,21.899999618530273,21.700000762939453,21.700000762939453,8010,0.0,0.0
2025-06-23 01:35:00+00:00,21.700000762939453,21.700000762939453,21.649999618530273,21.649999618530273,2000,0.0,0.0
2025-06-23 01:40:00+00:00,21.75,21.75,21.75,21.75,1000,0.0,0.0
2025-06-23 01:45:00+00:00,21.75,21.75,21.75,21.75,1001,0.0,0.0
2025-06-23 01:50:00+00:00,21.75,21.850000381469727,21.700000762939453,21.700000762939453,4000,0.0,0.0
2025-06-23 01:55:00+00:00,21.700000762939453,21.700000762939453,21.700000762939453,21.700000762939453,2051,0.0,0.0
2025-06-23 02:15:00+00:00,21.700000762939453,21.700000762939453,21.700000762939453,21.700000762939453,2000,0.0,0.0
2025-06-23 02:20:00+00:00,21.75,21.899999618530273,21.75,21.899999618530273,2050,0.0,0.0
2025-06-23 02:35:00+00:00,21.799999237060547,21.799999237060547,21.799999237060547,21.799999237060547,5000,0.0,0.0
2025-06-23 02:40:00+00:00,21.850000381469727,21.850000381469727,21.850000381469727,21.850000381469727,1010,0.0,0.0
2025-06-23 02:55:00+00:00,21.700000762939453,21.700000762939453,21.700000762939453,21.700000762939453,1499,0.0,0.0
2025-06-23 03:20:00+00:00,21.700000762939453,21.700000762939453,21.700000762939453,21.700000762939453,1000,0.0,0.0
2025-06-23 03:30:00+00:00,21.799999237060547,21.799999237060547,21.799999237060547,21.799999237060547,1000,0.0,0.0
2025-06-23 03:35:00+00:00,21.75,21.799999237060547,21.75,21.799999237060547,6000,0.0,0.0
2025-06-23 03:40:00+00:00,21.799999237060547,21.799999237060547,21.799999237060547,21.799999237060547,1000,0.0,0.0
2025-06-23 03:55:00+00:00,21.799999237060547,21.799999237060547,21.799999237060547,21.799999237060547,5000,0.0,0.0
2025-06-23 04:00:00+00:00,21.799999237060547,21.799999237060547,21.799999237060547,21.799999237060547,1101,0.0,0.0
2025-06-23 04:25:00+00:00,21.700000762939453,21.700000762939453,21.700000762939453,21.700000762939453,1000,0.0,0.0
2025-06-23 04:30:00+00:00,21.700000762939453,21.700000762939453,21.700000762939453,21.700000762939453,1001,0.0,0.0
2025-06-23 04:35:00+00:00,21.75,21.75,21.700000762939453,21.700000762939453,8005,0.0,0.0
2025-06-23 04:40:00+00:00,21.700000762939453,21.799999237060547,21.700000762939453,21.799999237060547,10000,0.0,0.0
2025-06-23 04:50:00+00:00,21.850000381469727,21.850000381469727,21.850000381469727,21.850000381469727,2011,0.0,0.0
2025-06-23 04:55:00+00:00,21.75,21.75,21.75,21.75,1000,0.0,0.0
2025-06-23 05:00:00+00:00,21.850000381469727,21.850000381469727,21.850000381469727,21.850000381469727,1000,0.0,0.0
2025-06-23 05:05:00+00:00,21.799999237060547,21.799999237060547,21.799999237060547,21.799999237060547,3053,0.0,0.0
2025-06-23 05:20:00+00:00,21.75,21.75,21.350000381469727,21.75,116359,0.0,0.0
2025-06-24 01:00:00+00:00,21.75,21.850000381469727,21.75,21.850000381469727,0,0.0,0.0
2025-06-24 01:05:00+00:00,21.899999618530273,22.0,21.899999618530273,22.0,11002,0.0,0.0
2025-06-24 01:10:00+00:00,22.0,22.0,22.0,22.0,1000,0.0,0.0
2025-06-24 01:15:00+00:00,22.0,22.0,22.0,22.0,1155,0.0,0.0
2025-06-24 01:25:00+00:00,22.0,22.0,22.0,22.0,1000,0.0,0.0
2025-06-24 01:30:00+00:00,21.950000762939453,22.0,21.950000762939453,22.0,6000,0.0,0.0
2025-06-24 01:40:00+00:00,22.049999237060547,22.100000381469727,22.0,22.100000381469727,9100,0.0,0.0
2025-06-24 01:45:00+00:00,22.100000381469727,22.100000381469727,22.100000381469727,22.100000381469727,1000,0.0,0.0
2025-06-24 01:50:00+00:00,22.100000381469727,22.100000381469727,22.100000381469727,22.100000381469727,1605,0.0,0.0
2025-06-24 01:55:00+00:00,22.100000381469727,22.100000381469727,22.100000381469727,22.100000381469727,1300,0.0,0.0
2025-06-24 02:00:00+00:00,22.049999237060547,22.049999237060547,22.049999237060547,22.049999237060547,1000,0.0,0.0
2025-06-24 02:05:00+00:00,22.049999237060547,22.049999237060547,22.049999237060547,22.049999237060547,1000,0.0,0.0
2025-06-24 02:10:00+00:00,22.0,22.049999237060547,22.0,22.0,7000,0.0,0.0
2025-06-24 02:15:00+00:00,22.049999237060547,22.049999237060547,22.049999237060547,22.049999237060547,4000,0.0,0.0
2025-06-24 02:20:00+00:00,22.049999237060547,22.049999237060547,22.049999237060547,22.049999237060547,1000,0.0,0.0
2025-06-24 02:30:00+00:00,22.049999237060547,22.049999237060547,22.049999237060547,22.049999237060547,1015,0.0,0.0
2025-06-24 02:45:00+00:00,21.899999618530273,21.899999618530273,21.850000381469727,21.850000381469727,10042,0.0,0.0
2025-06-24 02:50:00+00:00,21.850000381469727,21.850000381469727,21.850000381469727,21.850000381469727,3000,0.0,0.0
2025-06-24 02:55:00+00:00,21.899999618530273,21.899999618530273,21.899999618530273,21.899999618530273,1000,0.0,0.0
2025-06-24 03:00:00+00:00,21.950000762939453,21.950000762939453,21.850000381469727,21.950000762939453,11269,0.0,0.0
2025-06-24 03:15:00+00:00,21.899999618530273,21.899999618530273,21.899999618530273,21.899999618530273,7000,0.0,0.0
2025-06-24 03:20:00+00:00,22.0,22.0,22.0,22.0,3000,0.0,0.0
2025-06-24 03:30:00+00:00,22.0,22.0,22.0,22.0,2000,0.0,0.0
2025-06-24 03:35:00+00:00,22.0,22.0,22.0,22.0,1000,0.0,0.0
2025-06-24 03:40:00+00:00,21.850000381469727,21.850000381469727,21.850000381469727,21.850000381469727,1000,0.0,0.0
2025-06-24 03:45:00+00:00,21.899999618530273,21.899999618530273,21.899999618530273,21.899999618530273,9000,0.0,0.0
2025-06-24 03:50:00+00:00,22.0,22.0,22.0,22.0,2000,0.0,0.0
2025-06-24 04:20:00+00:00,21.899999618530273,21.899999618530273,21.850000381469727,21.850000381469727,8000,0.0,0.0
2025-06-24 04:30:00+00:00,21.850000381469727,21.850000381469727,21.850000381469727,21.850000381469727,1000,0.0,0.0
2025-06-24 04:35:00+00:00,21.899999618530273,21.899999618530273,21.899999618530273,21.899999618530273,2001,0.0,0.0
2025-06-24 04:40:00+00:00,21.950000762939453,21.950000762939453,21.950000762939453,21.950000762939453,1000,0.0,0.0
2025-06-24 04:45:00+00:00,21.850000381469727,21.850000381469727,21.850000381469727,21.850000381469727,1000,0.0,0.0
2025-06-24 04:55:00+00:00,21.850000381469727,21.850000381469727,21.850000381469727,21.850000381469727,2000,0.0,0.0
2025-06-24 05:00:00+00:00,21.899999618530273,21.899999618530273,21.899999618530273,21.899999618530273,2287,0.0,0.0
2025-06-24 05:05:00+00:00,21.850000381469727,21.899999618530273,21.850000381469727,21.899999618530273,3014,0.0,0.0
2025-06-24 05:20:00+00:00,21.950000762939453,21.950000762939453,21.950000762939453,21.950000762939453,1601,0.0,0.0
2025-06-25 01:00:00+00:00,22.049999237060547,22.049999237060547,22.049999237060547,22.049999237060547,0,0.0,0.0
2025-06-25 01:05:00+00:00,22.049999237060547,22.049999237060547,22.049999237060547,22.049999237060547,3000,0.0,0.0
2025-06-25 01:15:00+00:00,22.049999237060547,22.049999237060547,22.049999237060547,22.049999237060547,3008,0.0,0.0
2025-06-25 01:25:00+00:00,22.049999237060547,22.049999237060547,22.049999237060547,22.049999237060547,1000,0.0,0.0
2025-06-25 01:30:00+00:00,22.0,22.0,22.0,22.0,2000,0.0,0.0
2025-06-25 01:50:00+00:00,22.0,22.0,22.0,22.0,1000,0.0,0.0
2025-06-25 01:55:00+00:00,21.950000762939453,22.0,21.950000762939453,22.0,2000,0.0,0.0
2025-06-25 02:00:00+00:00,22.049999237060547,22.049999237060547,22.049999237060547,22.049999237060547,1000,0.0,0.0
2025-06-25 02:05:00+00:00,22.0,22.0,22.0,22.0,1001,0.0,0.0
2025-06-25 02:15:00+00:00,22.049999237060547,22.049999237060547,22.049999237060547,22.049999237060547,2010,0.0,0.0
2025-06-25 02:25:00+00:00,22.049999237060547,22.100000381469727,22.049999237060547,22.100000381469727,2000,0.0,0.0
2025-06-25 02:30:00+00:00,22.100000381469727,22.100000381469727,22.049999237060547,22.049999237060547,2100,0.0,0.0
2025-06-25 02:40:00+00:00,22.049999237060547,22.049999237060547,22.049999237060547,22.049999237060547,1020,0.0,0.0
2025-06-25 02:55:00+00:00,22.049999237060547,22.049999237060547,22.049999237060547,22.049999237060547,1010,0.0,0.0
2025-06-25 03:05:00+00:00,22.100000381469727,22.100000381469727,22.100000381469727,22.100000381469727,2000,0.0,0.0
2025-06-25 03:10:00+00:00,22.100000381469727,22.149999618530273,22.100000381469727,22.149999618530273,2000,0.0,0.0
2025-06-25 03:35:00+00:00,22.100000381469727,22.200000762939453,22.100000381469727,22.200000762939453,37992,0.0,0.0
2025-06-25 03:40:00+00:00,22.25,22.299999237060547,22.25,22.299999237060547,5010,0.0,0.0
2025-06-25 03:45:00+00:00,22.200000762939453,22.200000762939453,22.200000762939453,22.200000762939453,1000,0.0,0.0
2025-06-25 03:50:00+00:00,22.200000762939453,22.200000762939453,22.200000762939453,22.200000762939453,1000,0.0,0.0
2025-06-25 04:00:00+00:00,22.25,22.299999237060547,22.25,22.299999237060547,2008,0.0,0.0
2025-06-25 04:50:00+00:00,22.149999618530273,22.149999618530273,22.149999618530273,22.149999618530273,1000,0.0,0.0
2025-06-25 04:55:00+00:00,22.149999618530273,22.149999618530273,22.100000381469727,22.100000381469727,2000,0.0,0.0
2025-06-25 05:05:00+00:00,22.200000762939453,22.200000762939453,22.200000762939453,22.200000762939453,1000,0.0,0.0
2025-06-25 05:10:00+00:00,22.200000762939453,22.200000762939453,22.200000762939453,22.200000762939453,1001,0.0,0.0
2025-06-25 05:20:00+00:00,22.200000762939453,22.200000762939453,22.200000762939453,22.200000762939453,5282,0.0,0.0
2025-06-26 01:00:00+00:00,22.200000762939453,22.200000762939453,22.200000762939453,22.200000762939453,0,0.0,0.0
2025-06-26 01:05:00+00:00,22.299999237060547,22.299999237060547,22.25,22.25,6000,0.0,0.0
2025-06-26 01:10:00+00:00,22.350000381469727,22.350000381469727,22.350000381469727,22.350000381469727,3000,0.0,0.0
2025-06-26 01:15:00+00:00,22.350000381469727,22.399999618530273,22.350000381469727,22.399999618530273,5000,0.0,0.0
2025-06-26 01:20:00+00:00,22.399999618530273,22.399999618530273,22.299999237060547,22.299999237060547,6000,0.0,0.0
2025-06-26 01:25:00+00:00,22.450000762939453,22.450000762939453,22.399999618530273,22.399999618530273,2020,0.0,0.0
2025-06-26 01:30:00+00:00,22.450000762939453,22.450000762939453,22.450000762939453,22.450000762939453,1000,0.0,0.0
2025-06-26 01:40:00+00:00,22.399999618530273,22.399999618530273,22.399999618530273,22.399999618530273,1000,0.0,0.0
2025-06-26 01:45:00+00:00,22.299999237060547,22.299999237060547,22.299999237060547,22.299999237060547,3000,0.0,0.0
2025-06-26 01:50:00+00:00,22.399999618530273,22.399999618530273,22.399999618530273,22.399999618530273,1100,0.0,0.0
2025-06-26 02:00:00+00:00,22.299999237060547,22.299999237060547,22.299999237060547,22.299999237060547,1000,0.0,0.0
2025-06-26 02:10:00+00:00,22.399999618530273,22.399999618530273,22.399999618530273,22.399999618530273,1000,0.0,0.0
2025-06-26 02:15:00+00:00,22.450000762939453,22.450000762939453,22.450000762939453,22.450000762939453,1000,0.0,0.0
2025-06-26 02:20:00+00:00,22.450000762939453,22.450000762939453,22.399999618530273,22.399999618530273,9000,0.0,0.0
2025-06-26 02:25:00+00:00,22.5,22.5,22.5,22.5,1000,0.0,0.0
2025-06-26 02:30:00+00:00,22.5,22.5,22.5,22.5,2000,0.0,0.0
2025-06-26 02:40:00+00:00,22.399999618530273,22.450000762939453,22.399999618530273,22.450000762939453,3060,0.0,0.0
2025-06-26 02:50:00+00:00,22.450000762939453,22.450000762939453,22.450000762939453,22.450000762939453,2001,0.0,0.0
2025-06-26 03:10:00+00:00,22.450000762939453,22.450000762939453,22.399999618530273,22.450000762939453,3029,0.0,0.0
2025-06-26 03:25:00+00:00,22.450000762939453,22.450000762939453,22.450000762939453,22.450000762939453,2245,0.0,0.0
2025-06-26 03:30:00+00:00,22.399999618530273,22.399999618530273,22.399999618530273,22.399999618530273,4000,0.0,0.0
2025-06-26 03:40:00+00:00,22.450000762939453,22.450000762939453,22.450000762939453,22.450000762939453,1000,0.0,0.0
2025-06-26 03:45:00+00:00,22.450000762939453,22.450000762939453,22.450000762939453,22.450000762939453,3000,0.0,0.0
2025-06-26 03:50:00+00:00,22.450000762939453,22.450000762939453,22.450000762939453,22.450000762939453,1000,0.0,0.0
2025-06-26 04:15:00+00:00,22.450000762939453,22.450000762939453,22.450000762939453,22.450000762939453,1000,0.0,0.0
2025-06-26 04:25:00+00:00,22.350000381469727,22.350000381469727,22.350000381469727,22.350000381469727,4201,0.0,0.0
2025-06-26 04:30:00+00:00,22.399999618530273,22.399999618530273,22.399999618530273,22.399999618530273,2000,0.0,0.0
2025-06-26 04:50:00+00:00,22.450000762939453,22.450000762939453,22.450000762939453,22.450000762939453,1071,0.0,0.0
2025-06-26 05:15:00+00:00,22.350000381469727,22.350000381469727,22.25,22.25,8000,0.0,0.0
2025-06-26 05:20:00+00:00,22.399999618530273,22.450000762939453,22.399999618530273,22.450000762939453,3404,0.0,0.0
2025-06-27 01:00:00+00:00,22.399999618530273,22.450000762939453,22.399999618530273,22.450000762939453,0,0.0,0.0
2025-06-27 01:05:00+00:00,22.450000762939453,22.450000762939453,22.450000762939453,22.450000762939453,1005,0.0,0.0
2025-06-27 01:10:00+00:00,22.5,22.549999237060547,22.450000762939453,22.549999237060547,18000,0.0,0.0
2025-06-27 01:15:00+00:00,22.450000762939453,22.450000762939453,22.450000762939453,22.450000762939453,1001,0.0,0.0
2025-06-27 01:20:00+00:00,22.600000381469727,22.600000381469727,22.399999618530273,22.399999618530273,7010,0.0,0.0
2025-06-27 01:30:00+00:00,22.399999618530273,22.399999618530273,22.399999618530273,22.399999618530273,1000,0.0,0.0
2025-06-27 01:35:00+00:00,22.5,22.5,22.5,22.5,2000,0.0,0.0
2025-06-27 01:50:00+00:00,22.399999618530273,22.399999618530273,22.399999618530273,22.399999618530273,1000,0.0,0.0
2025-06-27 02:00:00+00:00,22.450000762939453,22.450000762939453,22.450000762939453,22.450000762939453,1000,0.0,0.0
2025-06-27 02:05:00+00:00,22.450000762939453,22.450000762939453,22.450000762939453,22.450000762939453,2000,0.0,0.0
2025-06-27 02:10:00+00:00,22.450000762939453,22.450000762939453,22.450000762939453,22.450000762939453,1000,0.0,0.0
2025-06-27 02:15:00+00:00,22.450000762939453,22.450000762939453,22.450000762939453,22.450000762939453,1000,0.0,0.0
2025-06-27 02:20:00+00:00,22.399999618530273,22.399999618530273,22.399999618530273,22.399999618530273,2000,0.0,0.0
2025-06-27 02:30:00+00:00,22.5,22.5,22.5,22.5,1001,0.0,0.0
2025-06-27 02:35:00+00:00,22.350000381469727,22.350000381469727,22.350000381469727,22.350000381469727,1002,0.0,0.0
2025-06-27 03:00:00+00:00,22.399999618530273,22.5,22.399999618530273,22.5,11114,0.0,0.0
2025-06-27 03:05:00+00:00,22.5,22.5,22.5,22.5,14400,0.0,0.0
2025-06-27 03:10:00+00:00,22.549999237060547,22.549999237060547,22.5,22.5,5000,0.0,0.0
2025-06-27 03:15:00+00:00,22.549999237060547,22.549999237060547,22.549999237060547,22.549999237060547,1000,0.0,0.0
2025-06-27 03:20:00+00:00,22.399999618530273,22.549999237060547,22.399999618530273,22.549999237060547,2001,0.0,0.0
2025-06-27 03:25:00+00:00,22.399999618530273,22.399999618530273,22.399999618530273,22.399999618530273,2000,0.0,0.0
2025-06-27 03:30:00+00:00,22.399999618530273,22.399999618530273,22.399999618530273,22.399999618530273,2002,0.0,0.0
2025-06-27 03:50:00+00:00,22.399999618530273,22.399999618530273,22.399999618530273,22.399999618530273,2057,0.0,0.0
2025-06-27 04:00:00+00:00,22.5,22.5,22.5,22.5,2001,0.0,0.0
2025-06-27 04:20:00+00:00,22.5,22.5,22.5,22.5,1000,0.0,0.0
2025-06-27 04:25:00+00:00,22.399999618530273,22.399999618530273,22.399999618530273,22.399999618530273,10000,0.0,0.0
2025-06-27 04:30:00+00:00,22.5,22.549999237060547,22.5,22.549999237060547,4000,0.0,0.0
2025-06-27 04:35:00+00:00,22.450000762939453,22.450000762939453,22.450000762939453,22.450000762939453,2000,0.0,0.0
2025-06-27 04:40:00+00:00,22.600000381469727,22.600000381469727,22.600000381469727,22.600000381469727,3015,0.0,0.0
2025-06-27 04:50:00+00:00,22.549999237060547,22.549999237060547,22.5,22.5,5000,0.0,0.0
2025-06-27 05:00:00+00:00,22.600000381469727,22.600000381469727,22.5,22.5,12000,0.0,0.0
2025-06-27 05:10:00+00:00,22.600000381469727,22.600000381469727,22.549999237060547,22.549999237060547,4489,0.0,0.0
2025-06-27 05:20:00+00:00,22.549999237060547,22.600000381469727,22.549999237060547,22.600000381469727,3601,0.0,0.0
2025-06-30 01:00:00+00:00,22.399999618530273,22.450000762939453,22.399999618530273,22.450000762939453,0,0.0,0.0
2025-06-30 01:05:00+00:00,22.450000762939453,22.450000762939453,22.450000762939453,22.450000762939453,2012,0.0,0.0
2025-06-30 01:15:00+00:00,22.450000762939453,22.450000762939453,22.399999618530273,22.399999618530273,6208,0.0,0.0
2025-06-30 01:30:00+00:00,22.350000381469727,22.5,22.350000381469727,22.5,7000,0.0,0.0
2025-06-30 01:40:00+00:00,22.5,22.5,22.5,22.5,1034,0.0,0.0
2025-06-30 02:10:00+00:00,22.5,22.5,22.5,22.5,1000,0.0,0.0
2025-06-30 02:40:00+00:00,22.350000381469727,22.350000381469727,22.350000381469727,22.350000381469727,2001,0.0,0.0
2025-06-30 02:55:00+00:00,22.350000381469727,22.350000381469727,22.350000381469727,22.350000381469727,3000,0.0,0.0
2025-06-30 03:00:00+00:00,22.399999618530273,22.399999618530273,22.399999618530273,22.399999618530273,1000,0.0,0.0
2025-06-30 03:10:00+00:00,22.350000381469727,22.350000381469727,22.350000381469727,22.350000381469727,1001,0.0,0.0
2025-06-30 03:35:00+00:00,22.350000381469727,22.350000381469727,22.350000381469727,22.350000381469727,7000,0.0,0.0
2025-06-30 03:40:00+00:00,22.399999618530273,22.399999618530273,22.399999618530273,22.399999618530273,1280,0.0,0.0
2025-06-30 04:35:00+00:00,22.299999237060547,22.299999237060547,22.299999237060547,22.299999237060547,1013,0.0,0.0
2025-06-30 04:40:00+00:00,22.299999237060547,22.299999237060547,22.299999237060547,22.299999237060547,5019,0.0,0.0
2025-06-30 04:50:00+00:00,22.299999237060547,22.299999237060547,22.299999237060547,22.299999237060547,1000,0.0,0.0
2025-06-30 05:00:00+00:00,22.25,22.350000381469727,22.25,22.25,3000,0.0,0.0
2025-06-30 05:10:00+00:00,22.350000381469727,22.350000381469727,22.350000381469727,22.350000381469727,1040,0.0,0.0
2025-06-30 05:20:00+00:00,22.25,22.25,22.25,22.25,2408,0.0,0.0
2025-07-01 01:00:00+00:00,22.25,22.5,22.25,22.399999618530273,0,0.0,0.0
2025-07-01 01:05:00+00:00,22.5,22.600000381469727,22.5,22.549999237060547,13001,0.0,0.0
2025-07-01 01:10:00+00:00,22.600000381469727,22.649999618530273,22.600000381469727,22.649999618530273,8000,0.0,0.0
2025-07-01 01:15:00+00:00,22.649999618530273,22.649999618530273,22.649999618530273,22.649999618530273,1000,0.0,0.0
2025-07-01 01:20:00+00:00,22.649999618530273,22.649999618530273,22.649999618530273,22.649999618530273,5000,0.0,0.0
2025-07-01 01:30:00+00:00,22.649999618530273,22.649999618530273,22.649999618530273,22.649999618530273,2000,0.0,0.0
2025-07-01 01:35:00+00:00,22.649999618530273,22.649999618530273,22.649999618530273,22.649999618530273,3000,0.0,0.0
2025-07-01 01:40:00+00:00,22.649999618530273,22.700000762939453,22.649999618530273,22.700000762939453,11000,0.0,0.0
2025-07-01 01:45:00+00:00,22.700000762939453,22.700000762939453,22.700000762939453,22.700000762939453,1000,0.0,0.0
2025-07-01 01:50:00+00:00,22.700000762939453,22.700000762939453,22.700000762939453,22.700000762939453,9050,0.0,0.0
2025-07-01 01:55:00+00:00,22.700000762939453,22.700000762939453,22.700000762939453,22.700000762939453,4000,0.0,0.0
2025-07-01 02:00:00+00:00,22.700000762939453,22.75,22.700000762939453,22.75,4000,0.0,0.0
2025-07-01 02:05:00+00:00,22.700000762939453,22.700000762939453,22.700000762939453,22.700000762939453,5000,0.0,0.0
2025-07-01 02:10:00+00:00,22.75,22.75,22.75,22.75,8001,0.0,0.0
2025-07-01 02:15:00+00:00,22.75,22.75,22.75,22.75,1020,0.0,0.0
2025-07-01 02:20:00+00:00,22.75,22.75,22.700000762939453,22.700000762939453,3000,0.0,0.0
2025-07-01 02:35:00+00:00,22.600000381469727,22.600000381469727,22.600000381469727,22.600000381469727,10001,0.0,0.0
2025-07-01 02:40:00+00:00,22.75,22.75,22.75,22.75,2000,0.0,0.0
2025-07-01 02:45:00+00:00,22.75,22.75,22.75,22.75,1001,0.0,0.0
2025-07-01 02:50:00+00:00,22.75,22.75,22.75,22.75,1008,0.0,0.0
2025-07-01 03:05:00+00:00,22.600000381469727,22.600000381469727,22.600000381469727,22.600000381469727,1000,0.0,0.0
2025-07-01 03:10:00+00:00,22.700000762939453,22.700000762939453,22.700000762939453,22.700000762939453,1010,0.0,0.0
2025-07-01 03:15:00+00:00,22.700000762939453,22.700000762939453,22.700000762939453,22.700000762939453,1000,0.0,0.0
2025-07-01 03:25:00+00:00,22.700000762939453,22.700000762939453,22.700000762939453,22.700000762939453,1286,0.0,0.0
2025-07-01 03:35:00+00:00,22.600000381469727,22.600000381469727,22.549999237060547,22.549999237060547,3000,0.0,0.0
2025-07-01 03:45:00+00:00,22.75,22.75,22.75,22.75,1745,0.0,0.0
2025-07-01 04:05:00+00:00,22.700000762939453,22.700000762939453,22.700000762939453,22.700000762939453,2000,0.0,0.0
2025-07-01 04:10:00+00:00,22.75,22.75,22.700000762939453,22.75,10251,0.0,0.0
2025-07-01 04:15:00+00:00,22.75,22.75,22.75,22.75,1000,0.0,0.0
2025-07-01 04:20:00+00:00,22.75,22.75,22.75,22.75,2003,0.0,0.0
2025-07-01 04:45:00+00:00,22.649999618530273,22.649999618530273,22.649999618530273,22.649999618530273,5000,0.0,0.0
2025-07-01 04:50:00+00:00,22.600000381469727,22.600000381469727,22.5,22.5,6000,0.0,0.0
2025-07-01 04:55:00+00:00,22.5,22.600000381469727,22.399999618530273,22.399999618530273,11000,0.0,0.0
2025-07-01 05:00:00+00:00,22.399999618530273,22.649999618530273,22.399999618530273,22.399999618530273,9000,0.0,0.0
2025-07-01 05:05:00+00:00,22.399999618530273,22.5,22.350000381469727,22.5,7000,0.0,0.0
2025-07-01 05:10:00+00:00,22.350000381469727,22.649999618530273,22.299999237060547,22.299999237060547,11100,0.0,0.0
2025-07-01 05:15:00+00:00,22.350000381469727,22.350000381469727,22.350000381469727,22.350000381469727,8000,0.0,0.0
2025-07-01 05:20:00+00:00,22.350000381469727,22.5,22.299999237060547,22.5,8001,0.0,0.0
2025-07-02 01:00:00+00:00,22.450000762939453,22.450000762939453,22.450000762939453,22.450000762939453,0,0.0,0.0
2025-07-02 01:05:00+00:00,22.350000381469727,22.450000762939453,22.350000381469727,22.450000762939453,12020,0.0,0.0
2025-07-02 01:10:00+00:00,22.5,22.5,22.25,22.5,15001,0.0,0.0
2025-07-02 01:20:00+00:00,22.549999237060547,22.600000381469727,22.5,22.600000381469727,5000,0.0,0.0
2025-07-02 01:30:00+00:00,22.549999237060547,22.549999237060547,22.549999237060547,22.549999237060547,1000,0.0,0.0
2025-07-02 01:35:00+00:00,22.549999237060547,22.549999237060547,22.450000762939453,22.450000762939453,2000,0.0,0.0
2025-07-02 01:40:00+00:00,22.549999237060547,22.549999237060547,22.549999237060547,22.549999237060547,4000,0.0,0.0
2025-07-02 01:50:00+00:00,22.549999237060547,22.549999237060547,22.549999237060547,22.549999237060547,1000,0.0,0.0
2025-07-02 02:10:00+00:00,22.549999237060547,22.549999237060547,22.549999237060547,22.549999237060547,3000,0.0,0.0
2025-07-02 02:30:00+00:00,22.5,22.5,22.5,22.5,1000,0.0,0.0
2025-07-02 02:40:00+00:00,22.600000381469727,22.600000381469727,22.600000381469727,22.600000381469727,2000,0.0,0.0
2025-07-02 02:50:00+00:00,22.600000381469727,22.600000381469727,22.600000381469727,22.600000381469727,1020,0.0,0.0
2025-07-02 03:10:00+00:00,22.399999618530273,22.399999618530273,22.399999618530273,22.399999618530273,1000,0.0,0.0
2025-07-02 03:30:00+00:00,22.399999618530273,22.399999618530273,22.399999618530273,22.399999618530273,2000,0.0,0.0
2025-07-02 03:35:00+00:00,22.399999618530273,22.399999618530273,22.399999618530273,22.399999618530273,1000,0.0,0.0
2025-07-02 03:45:00+00:00,22.299999237060547,22.299999237060547,22.299999237060547,22.299999237060547,1000,0.0,0.0
2025-07-02 03:50:00+00:00,22.549999237060547,22.549999237060547,22.549999237060547,22.549999237060547,1000,0.0,0.0
2025-07-02 04:20:00+00:00,22.5,22.5,22.5,22.5,2000,0.0,0.0
2025-07-02 04:30:00+00:00,22.450000762939453,22.450000762939453,22.450000762939453,22.450000762939453,1000,0.0,0.0
2025-07-02 04:35:00+00:00,22.350000381469727,22.399999618530273,22.350000381469727,22.399999618530273,7089,0.0,0.0
2025-07-02 04:40:00+00:00,22.450000762939453,22.450000762939453,22.299999237060547,22.299999237060547,5000,0.0,0.0
2025-07-02 04:45:00+00:00,22.399999618530273,22.549999237060547,22.299999237060547,22.350000381469727,6000,0.0,0.0
2025-07-02 04:50:00+00:00,22.350000381469727,22.549999237060547,22.350000381469727,22.350000381469727,6001,0.0,0.0
2025-07-02 04:55:00+00:00,22.350000381469727,22.350000381469727,22.350000381469727,22.350000381469727,5000,0.0,0.0
2025-07-02 05:00:00+00:00,22.5,22.549999237060547,22.350000381469727,22.350000381469727,6001,0.0,0.0
2025-07-02 05:05:00+00:00,22.350000381469727,22.350000381469727,22.350000381469727,22.350000381469727,4000,0.0,0.0
2025-07-02 05:10:00+00:00,22.350000381469727,22.549999237060547,22.350000381469727,22.350000381469727,5000,0.0,0.0
2025-07-02 05:15:00+00:00,22.350000381469727,22.5,22.350000381469727,22.350000381469727,5415,0.0,0.0
2025-07-02 05:20:00+00:00,22.350000381469727,22.399999618530273,22.350000381469727,22.399999618530273,5151,0.0,0.0
2025-07-03 01:00:00+00:00,22.399999618530273,22.399999618530273,22.399999618530273,22.399999618530273,0,0.0,0.0
2025-07-03 01:20:00+00:00,22.399999618530273,22.399999618530273,22.399999618530273,22.399999618530273,10000,0.0,0.0
2025-07-03 01:25:00+00:00,22.399999618530273,22.399999618530273,22.299999237060547,22.299999237060547,17101,0.0,0.0
2025-07-03 01:30:00+00:00,22.5,22.549999237060547,22.5,22.549999237060547,10000,0.0,0.0
2025-07-03 01:35:00+00:00,22.549999237060547,22.549999237060547,22.549999237060547,22.549999237060547,15000,0.0,0.0
2025-07-03 01:40:00+00:00,22.549999237060547,22.600000381469727,22.549999237060547,22.600000381469727,9000,0.0,0.0
2025-07-03 01:45:00+00:00,22.600000381469727,22.600000381469727,22.600000381469727,22.600000381469727,3000,0.0,0.0
2025-07-03 01:50:00+00:00,22.649999618530273,22.649999618530273,22.649999618530273,22.649999618530273,1000,0.0,0.0
2025-07-03 01:55:00+00:00,22.649999618530273,22.649999618530273,22.649999618530273,22.649999618530273,3000,0.0,0.0
2025-07-03 02:00:00+00:00,22.700000762939453,22.700000762939453,22.700000762939453,22.700000762939453,1000,0.0,0.0
2025-07-03 02:05:00+00:00,22.700000762939453,22.700000762939453,22.649999618530273,22.649999618530273,28015,0.0,0.0
2025-07-03 02:10:00+00:00,22.700000762939453,22.75,22.700000762939453,22.75,4000,0.0,0.0
2025-07-03 02:15:00+00:00,22.649999618530273,22.649999618530273,22.649999618530273,22.649999618530273,8000,0.0,0.0
2025-07-03 02:20:00+00:00,22.649999618530273,22.649999618530273,22.649999618530273,22.649999618530273,2000,0.0,0.0
2025-07-03 02:25:00+00:00,22.700000762939453,22.700000762939453,22.700000762939453,22.700000762939453,1000,0.0,0.0
2025-07-03 02:30:00+00:00,22.75,22.799999237060547,22.75,22.799999237060547,2184,0.0,0.0
2025-07-03 02:35:00+00:00,22.75,22.75,22.75,22.75,5100,0.0,0.0
2025-07-03 02:40:00+00:00,22.799999237060547,22.799999237060547,22.799999237060547,22.799999237060547,1057,0.0,0.0
2025-07-03 02:50:00+00:00,22.75,22.75,22.75,22.75,4116,0.0,0.0
2025-07-03 03:05:00+00:00,22.799999237060547,22.799999237060547,22.799999237060547,22.799999237060547,1000,0.0,0.0
2025-07-03 03:10:00+00:00,22.75,22.75,22.700000762939453,22.700000762939453,2017,0.0,0.0
2025-07-03 03:50:00+00:00,22.700000762939453,22.75,22.700000762939453,22.75,2251,0.0,0.0
2025-07-03 04:40:00+00:00,22.600000381469727,22.600000381469727,22.600000381469727,22.600000381469727,1000,0.0,0.0
2025-07-03 04:45:00+00:00,22.600000381469727,22.600000381469727,22.600000381469727,22.600000381469727,1000,0.0,0.0
2025-07-03 04:50:00+00:00,22.649999618530273,22.700000762939453,22.649999618530273,22.700000762939453,8100,0.0,0.0
2025-07-03 05:00:00+00:00,22.649999618530273,22.649999618530273,22.600000381469727,22.600000381469727,13000,0.0,0.0
2025-07-03 05:05:00+00:00,22.649999618530273,22.75,22.649999618530273,22.75,23000,0.0,0.0
2025-07-03 05:10:00+00:00,22.75,22.75,22.75,22.75,6000,0.0,0.0
2025-07-03 05:15:00+00:00,22.700000762939453,22.700000762939453,22.700000762939453,22.700000762939453,1000,0.0,0.0
2025-07-03 05:20:00+00:00,22.649999618530273,22.700000762939453,22.649999618530273,22.700000762939453,15003,0.0,0.0
2025-05-06 01:00:00+00:00,23.049999237060547,23.200000762939453,23.049999237060547,23.100000381469727,0,0.0,0.0
2025-05-06 01:05:00+00:00,23.100000381469727,23.100000381469727,23.049999237060547,23.049999237060547,6021,0.0,0.0
2025-05-06 01:10:00+00:00,23.049999237060547,23.200000762939453,23.049999237060547,23.200000762939453,19000,0.0,0.0
2025-05-06 01:15:00+00:00,23.200000762939453,23.25,22.950000762939453,22.950000762939453,50000,0.0,0.0
2025-05-06 01:20:00+00:00,22.950000762939453,23.100000381469727,22.950000762939453,23.100000381469727,9057,0.0,0.0
2025-05-06 01:30:00+00:00,23.049999237060547,23.049999237060547,22.950000762939453,22.950000762939453,5002,0.0,0.0
2025-05-06 01:35:00+00:00,22.950000762939453,22.950000762939453,22.950000762939453,22.950000762939453,20119,0.0,0.0
2025-05-06 01:40:00+00:00,22.899999618530273,22.899999618530273,22.850000381469727,22.850000381469727,6001,0.0,0.0
2025-05-06 01:45:00+00:00,22.850000381469727,22.850000381469727,22.850000381469727,22.850000381469727,4001,0.0,0.0
2025-05-06 01:50:00+00:00,22.850000381469727,22.850000381469727,22.799999237060547,22.799999237060547,42172,0.0,0.0
2025-05-06 01:55:00+00:00,22.850000381469727,22.850000381469727,22.649999618530273,22.649999618530273,61101,0.0,0.0
2025-05-06 02:00:00+00:00,22.700000762939453,22.899999618530273,22.700000762939453,22.899999618530273,39000,0.0,0.0
2025-05-06 02:05:00+00:00,22.899999618530273,22.899999618530273,22.899999618530273,22.899999618530273,10000,0.0,0.0
2025-05-06 02:10:00+00:00,22.850000381469727,22.899999618530273,22.75,22.899999618530273,59000,0.0,0.0
2025-05-06 02:15:00+00:00,22.899999618530273,22.899999618530273,22.850000381469727,22.850000381469727,17000,0.0,0.0
2025-05-06 02:25:00+00:00,22.850000381469727,22.950000762939453,22.850000381469727,22.950000762939453,20001,0.0,0.0
2025-05-06 02:30:00+00:00,22.950000762939453,22.950000762939453,22.950000762939453,22.950000762939453,2000,0.0,0.0
2025-05-06 02:35:00+00:00,22.850000381469727,22.850000381469727,22.799999237060547,22.799999237060547,19000,0.0,0.0
2025-05-06 02:40:00+00:00,22.799999237060547,22.899999618530273,22.799999237060547,22.899999618530273,20000,0.0,0.0
2025-05-06 02:50:00+00:00,22.850000381469727,22.850000381469727,22.799999237060547,22.799999237060547,3000,0.0,0.0
2025-05-06 02:55:00+00:00,22.850000381469727,22.850000381469727,22.850000381469727,22.850000381469727,24000,0.0,0.0
2025-05-06 03:00:00+00:00,22.899999618530273,22.950000762939453,22.899999618530273,22.950000762939453,23000,0.0,0.0
2025-05-06 03:10:00+00:00,22.899999618530273,22.899999618530273,22.899999618530273,22.899999618530273,6070,0.0,0.0
2025-05-06 03:20:00+00:00,22.850000381469727,22.850000381469727,22.850000381469727,22.850000381469727,10162,0.0,0.0
2025-05-06 03:25:00+00:00,22.850000381469727,22.850000381469727,22.799999237060547,22.799999237060547,2000,0.0,0.0
2025-05-06 03:30:00+00:00,22.899999618530273,22.899999618530273,22.899999618530273,22.899999618530273,5002,0.0,0.0
2025-05-06 03:35:00+00:00,22.899999618530273,22.950000762939453,22.899999618530273,22.950000762939453,29000,0.0,0.0
2025-05-06 03:40:00+00:00,23.0,23.0,22.950000762939453,22.950000762939453,13000,0.0,0.0
2025-05-06 03:50:00+00:00,22.899999618530273,22.899999618530273,22.899999618530273,22.899999618530273,2000,0.0,0.0
2025-05-06 03:55:00+00:00,22.899999618530273,22.899999618530273,22.899999618530273,22.899999618530273,9000,0.0,0.0
2025-05-06 04:00:00+00:00,22.950000762939453,22.950000762939453,22.950000762939453,22.950000762939453,11000,0.0,0.0
2025-05-06 04:05:00+00:00,22.899999618530273,22.899999618530273,22.899999618530273,22.899999618530273,1000,0.0,0.0
2025-05-06 04:10:00+00:00,22.899999618530273,22.899999618530273,22.899999618530273,22.899999618530273,6000,0.0,0.0
2025-05-06 04:15:00+00:00,22.899999618530273,22.899999618530273,22.899999618530273,22.899999618530273,1000,0.0,0.0
2025-05-06 04:20:00+00:00,22.850000381469727,22.850000381469727,22.850000381469727,22.850000381469727,1000,0.0,0.0
2025-05-06 04:30:00+00:00,22.850000381469727,22.850000381469727,22.799999237060547,22.799999237060547,26548,0.0,0.0
2025-05-06 04:35:00+00:00,22.850000381469727,22.850000381469727,22.799999237060547,22.799999237060547,2000,0.0,0.0
2025-05-06 04:40:00+00:00,22.799999237060547,22.799999237060547,22.799999237060547,22.799999237060547,22000,0.0,0.0
2025-05-06 04:45:00+00:00,22.799999237060547,22.799999237060547,22.799999237060547,22.799999237060547,12361,0.0,0.0
2025-05-06 04:50:00+00:00,22.75,22.799999237060547,22.75,22.799999237060547,20000,0.0,0.0
2025-05-06 04:55:00+00:00,22.799999237060547,22.799999237060547,22.75,22.75,3000,0.0,0.0
2025-05-06 05:00:00+00:00,22.75,22.799999237060547,22.75,22.799999237060547,5000,0.0,0.0
2025-05-06 05:05:00+00:00,22.799999237060547,22.850000381469727,22.799999237060547,22.850000381469727,20000,0.0,0.0
2025-05-06 05:10:00+00:00,22.850000381469727,22.850000381469727,22.799999237060547,22.799999237060547,3000,0.0,0.0
2025-05-06 05:15:00+00:00,22.799999237060547,22.799999237060547,22.799999237060547,22.799999237060547,5000,0.0,0.0
2025-05-06 05:20:00+00:00,22.799999237060547,22.799999237060547,22.799999237060547,22.799999237060547,12820,0.0,0.0
2025-05-07 01:00:00+00:00,22.899999618530273,23.0,22.899999618530273,23.0,0,0.0,0.0
2025-05-07 01:05:00+00:00,23.0,23.049999237060547,22.899999618530273,22.950000762939453,28031,0.0,0.0
2025-05-07 01:10:00+00:00,22.950000762939453,23.200000762939453,22.950000762939453,23.049999237060547,42000,0.0,0.0
2025-05-07 01:15:00+00:00,23.100000381469727,23.100000381469727,23.049999237060547,23.100000381469727,12000,0.0,0.0
2025-05-07 01:20:00+00:00,23.100000381469727,23.100000381469727,23.100000381469727,23.100000381469727,6000,0.0,0.0
2025-05-07 01:25:00+00:00,23.049999237060547,23.049999237060547,22.899999618530273,22.899999618530273,41071,0.0,0.0
2025-05-07 01:30:00+00:00,22.950000762939453,22.950000762939453,22.850000381469727,22.850000381469727,3000,0.0,0.0
2025-05-07 01:35:00+00:00,22.850000381469727,22.850000381469727,22.850000381469727,22.850000381469727,1000,0.0,0.0
2025-05-07 01:40:00+00:00,22.850000381469727,22.850000381469727,22.850000381469727,22.850000381469727,1001,0.0,0.0
2025-05-07 01:50:00+00:00,22.850000381469727,22.950000762939453,22.850000381469727,22.950000762939453,3000,0.0,0.0
2025-05-07 01:55:00+00:00,22.850000381469727,22.850000381469727,22.850000381469727,22.850000381469727,1001,0.0,0.0
2025-05-07 02:00:00+00:00,23.0,23.200000762939453,23.0,23.149999618530273,37241,0.0,0.0
2025-05-07 02:10:00+00:00,23.149999618530273,23.149999618530273,23.149999618530273,23.149999618530273,7000,0.0,0.0
2025-05-07 02:15:00+00:00,23.049999237060547,23.100000381469727,23.0,23.100000381469727,16071,0.0,0.0
2025-05-07 02:25:00+00:00,23.0,23.0,23.0,23.0,1000,0.0,0.0
2025-05-07 02:30:00+00:00,23.100000381469727,23.200000762939453,23.100000381469727,23.200000762939453,10000,0.0,0.0
2025-05-07 02:35:00+00:00,23.200000762939453,23.200000762939453,23.200000762939453,23.200000762939453,6000,0.0,0.0
2025-05-07 02:40:00+00:00,23.200000762939453,23.200000762939453,23.200000762939453,23.200000762939453,1000,0.0,0.0
2025-05-07 02:45:00+00:00,23.200000762939453,23.200000762939453,23.200000762939453,23.200000762939453,1000,0.0,0.0
2025-05-07 02:50:00+00:00,23.200000762939453,23.200000762939453,23.149999618530273,23.149999618530273,17000,0.0,0.0
2025-05-07 02:55:00+00:00,23.149999618530273,23.149999618530273,23.049999237060547,23.049999237060547,12535,0.0,0.0
2025-05-07 03:00:00+00:00,23.049999237060547,23.25,23.0,23.049999237060547,66000,0.0,0.0
2025-05-07 03:10:00+00:00,23.0,23.0,23.0,23.0,1000,0.0,0.0
2025-05-07 03:25:00+00:00,23.0,23.100000381469727,23.0,23.100000381469727,6000,0.0,0.0
2025-05-07 03:30:00+00:00,23.049999237060547,23.049999237060547,23.0,23.0,24000,0.0,0.0
2025-05-07 03:40:00+00:00,22.950000762939453,22.950000762939453,22.950000762939453,22.950000762939453,10018,0.0,0.0
2025-05-07 03:45:00+00:00,22.950000762939453,22.950000762939453,22.950000762939453,22.950000762939453,1020,0.0,0.0
2025-05-07 03:50:00+00:00,22.950000762939453,23.0,22.950000762939453,23.0,2000,0.0,0.0
2025-05-07 03:55:00+00:00,22.950000762939453,22.950000762939453,22.950000762939453,22.950000762939453,1000,0.0,0.0
2025-05-07 04:00:00+00:00,23.0,23.100000381469727,23.0,23.049999237060547,5000,0.0,0.0
2025-05-07 04:05:00+00:00,23.049999237060547,23.049999237060547,23.049999237060547,23.049999237060547,5000,0.0,0.0
2025-05-07 04:10:00+00:00,22.899999618530273,22.899999618530273,22.899999618530273,22.899999618530273,1000,0.0,0.0
2025-05-07 04:25:00+00:00,22.899999618530273,23.0,22.899999618530273,23.0,2000,0.0,0.0
2025-05-07 04:35:00+00:00,22.950000762939453,22.950000762939453,22.950000762939453,22.950000762939453,1000,0.0,0.0
2025-05-07 04:40:00+00:00,22.950000762939453,22.950000762939453,22.950000762939453,22.950000762939453,1000,0.0,0.0
2025-05-07 04:55:00+00:00,22.950000762939453,22.950000762939453,22.950000762939453,22.950000762939453,2000,0.0,0.0
2025-05-07 05:00:00+00:00,22.950000762939453,23.0,22.950000762939453,22.950000762939453,4000,0.0,0.0
2025-05-07 05:05:00+00:00,23.0,23.0,22.950000762939453,22.950000762939453,3000,0.0,0.0
2025-05-07 05:10:00+00:00,22.950000762939453,22.950000762939453,22.950000762939453,22.950000762939453,2013,0.0,0.0
2025-05-07 05:15:00+00:00,22.950000762939453,23.0,22.950000762939453,22.950000762939453,9210,0.0,0.0
2025-05-07 05:20:00+00:00,23.0,23.0,22.899999618530273,22.950000762939453,9781,0.0,0.0
2025-05-08 01:00:00+00:00,23.0,23.149999618530273,23.0,23.100000381469727,0,0.0,0.0
2025-05-08 01:10:00+00:00,23.100000381469727,23.200000762939453,23.100000381469727,23.200000762939453,34052,0.0,0.0
2025-05-08 01:15:00+00:00,23.200000762939453,23.200000762939453,23.200000762939453,23.200000762939453,55342,0.0,0.0
2025-05-08 01:30:00+00:00,23.100000381469727,23.100000381469727,23.100000381469727,23.100000381469727,0,0.0,0.0
2025-05-08 01:45:00+00:00,23.100000381469727,23.149999618530273,23.049999237060547,23.149999618530273,18001,0.0,0.0
2025-05-08 02:15:00+00:00,23.149999618530273,23.149999618530273,23.149999618530273,23.149999618530273,1000,0.0,0.0
2025-05-08 02:20:00+00:00,23.100000381469727,23.100000381469727,23.100000381469727,23.100000381469727,1000,0.0,0.0
2025-05-08 02:25:00+00:00,23.149999618530273,23.149999618530273,23.149999618530273,23.149999618530273,4000,0.0,0.0
2025-05-08 02:30:00+00:00,23.100000381469727,23.100000381469727,23.100000381469727,23.100000381469727,1000,0.0,0.0
2025-05-08 02:35:00+00:00,23.100000381469727,23.100000381469727,23.100000381469727,23.100000381469727,2050,0.0,0.0
2025-05-08 02:55:00+00:00,23.049999237060547,23.049999237060547,23.049999237060547,23.049999237060547,12000,0.0,0.0
2025-05-08 03:10:00+00:00,23.049999237060547,23.049999237060547,23.049999237060547,23.049999237060547,6247,0.0,0.0
2025-05-08 03:25:00+00:00,23.049999237060547,23.049999237060547,23.049999237060547,23.049999237060547,2010,0.0,0.0
2025-05-08 03:40:00+00:00,23.0,23.049999237060547,23.0,23.049999237060547,7001,0.0,0.0
2025-05-08 03:45:00+00:00,23.049999237060547,23.049999237060547,23.049999237060547,23.049999237060547,2000,0.0,0.0
2025-05-08 03:50:00+00:00,23.049999237060547,23.049999237060547,23.049999237060547,23.049999237060547,1000,0.0,0.0
2025-05-08 04:00:00+00:00,23.049999237060547,23.049999237060547,23.049999237060547,23.049999237060547,1020,0.0,0.0
2025-05-08 04:05:00+00:00,23.049999237060547,23.049999237060547,23.049999237060547,23.049999237060547,3000,0.0,0.0
2025-05-08 04:10:00+00:00,23.049999237060547,23.049999237060547,23.0,23.049999237060547,4000,0.0,0.0
2025-05-08 04:15:00+00:00,23.049999237060547,23.049999237060547,23.049999237060547,23.049999237060547,10000,0.0,0.0
2025-05-08 04:20:00+00:00,23.100000381469727,23.100000381469727,23.100000381469727,23.100000381469727,1000,0.0,0.0
2025-05-08 04:30:00+00:00,23.100000381469727,23.100000381469727,23.100000381469727,23.100000381469727,1000,0.0,0.0
2025-05-08 04:35:00+00:00,23.049999237060547,23.049999237060547,23.0,23.0,45204,0.0,0.0
2025-05-08 04:40:00+00:00,23.0,23.0,23.0,23.0,1000,0.0,0.0
2025-05-08 04:45:00+00:00,23.100000381469727,23.100000381469727,23.100000381469727,23.100000381469727,1000,0.0,0.0
2025-05-08 05:00:00+00:00,23.049999237060547,23.049999237060547,23.049999237060547,23.049999237060547,2000,0.0,0.0
2025-05-08 05:10:00+00:00,23.0,23.0,23.0,23.0,7020,0.0,0.0
2025-05-08 05:15:00+00:00,23.0,23.049999237060547,23.0,23.049999237060547,17000,0.0,0.0
2025-05-08 05:20:00+00:00,23.0,23.049999237060547,23.0,23.049999237060547,2000,0.0,0.0
2025-05-09 01:00:00+00:00,23.100000381469727,23.25,23.100000381469727,23.25,0,0.0,0.0
2025-05-09 01:05:00+00:00,23.100000381469727,23.100000381469727,23.100000381469727,23.100000381469727,1002,0.0,0.0
2025-05-09 01:10:00+00:00,23.100000381469727,23.100000381469727,23.100000381469727,23.100000381469727,1000,0.0,0.0
2025-05-09 01:15:00+00:00,23.100000381469727,23.100000381469727,23.049999237060547,23.049999237060547,12001,0.0,0.0
2025-05-09 01:20:00+00:00,23.049999237060547,23.049999237060547,22.950000762939453,22.950000762939453,8200,0.0,0.0
2025-05-09 01:25:00+00:00,23.049999237060547,23.049999237060547,23.049999237060547,23.049999237060547,3000,0.0,0.0
2025-05-09 01:30:00+00:00,23.049999237060547,23.049999237060547,23.049999237060547,23.049999237060547,5001,0.0,0.0
2025-05-09 01:40:00+00:00,23.100000381469727,23.100000381469727,23.100000381469727,23.100000381469727,3000,0.0,0.0
2025-05-09 01:45:00+00:00,23.049999237060547,23.049999237060547,23.049999237060547,23.049999237060547,10020,0.0,0.0
2025-05-09 01:50:00+00:00,23.049999237060547,23.049999237060547,23.0,23.0,7020,0.0,0.0
2025-05-09 01:55:00+00:00,23.0,23.0,23.0,23.0,1000,0.0,0.0
2025-05-09 02:00:00+00:00,23.100000381469727,23.100000381469727,23.100000381469727,23.100000381469727,7062,0.0,0.0
2025-05-09 02:05:00+00:00,23.149999618530273,23.25,23.149999618530273,23.25,3210,0.0,0.0
2025-05-09 02:15:00+00:00,23.200000762939453,23.200000762939453,23.200000762939453,23.200000762939453,1999,0.0,0.0
2025-05-09 02:20:00+00:00,23.200000762939453,23.350000381469727,23.100000381469727,23.100000381469727,24000,0.0,0.0
2025-05-09 02:30:00+00:00,23.100000381469727,23.100000381469727,23.100000381469727,23.100000381469727,1000,0.0,0.0
2025-05-09 02:40:00+00:00,23.100000381469727,23.100000381469727,23.100000381469727,23.100000381469727,1000,0.0,0.0
2025-05-09 03:05:00+00:00,23.100000381469727,23.100000381469727,23.100000381469727,23.100000381469727,2000,0.0,0.0
2025-05-09 03:15:00+00:00,23.100000381469727,23.100000381469727,23.049999237060547,23.049999237060547,2045,0.0,0.0
2025-05-09 03:20:00+00:00,23.049999237060547,23.049999237060547,23.049999237060547,23.049999237060547,1007,0.0,0.0
2025-05-09 03:35:00+00:00,23.100000381469727,23.100000381469727,23.100000381469727,23.100000381469727,1000,0.0,0.0
2025-05-09 03:45:00+00:00,23.049999237060547,23.049999237060547,23.049999237060547,23.049999237060547,2101,0.0,0.0
2025-05-09 03:50:00+00:00,23.049999237060547,23.049999237060547,23.049999237060547,23.049999237060547,10001,0.0,0.0
2025-05-09 04:00:00+00:00,23.100000381469727,23.100000381469727,23.100000381469727,23.100000381469727,2000,0.0,0.0
2025-05-09 04:15:00+00:00,23.100000381469727,23.100000381469727,23.100000381469727,23.100000381469727,2500,0.0,0.0
2025-05-09 04:30:00+00:00,23.100000381469727,23.100000381469727,23.100000381469727,23.100000381469727,3000,0.0,0.0
2025-05-09 04:40:00+00:00,23.100000381469727,23.100000381469727,23.100000381469727,23.100000381469727,2000,0.0,0.0
2025-05-09 04:45:00+00:00,23.100000381469727,23.100000381469727,23.100000381469727,23.100000381469727,2000,0.0,0.0
2025-05-09 04:50:00+00:00,23.149999618530273,23.149999618530273,23.149999618530273,23.149999618530273,5000,0.0,0.0
2025-05-09 04:55:00+00:00,23.149999618530273,23.149999618530273,23.149999618530273,23.149999618530273,1020,0.0,0.0
2025-05-09 05:00:00+00:00,23.149999618530273,23.149999618530273,23.149999618530273,23.149999618530273,2000,0.0,0.0
2025-05-09 05:05:00+00:00,23.149999618530273,23.149999618530273,23.149999618530273,23.149999618530273,3000,0.0,0.0
2025-05-09 05:10:00+00:00,23.100000381469727,23.100000381469727,23.100000381469727,23.100000381469727,4208,0.0,0.0
2025-05-12 01:00:00+00:00,23.200000762939453,23.299999237060547,23.200000762939453,23.299999237060547,0,0.0,0.0
2025-05-12 01:10:00+00:00,23.25,23.25,23.200000762939453,23.200000762939453,18030,0.0,0.0
2025-05-12 01:15:00+00:00,23.200000762939453,23.200000762939453,23.200000762939453,23.200000762939453,10151,0.0,0.0
2025-05-12 01:20:00+00:00,23.25,23.25,23.25,23.25,1257,0.0,0.0
2025-05-12 01:35:00+00:00,23.25,23.399999618530273,23.25,23.399999618530273,26000,0.0,0.0
2025-05-12 01:40:00+00:00,23.399999618530273,23.399999618530273,23.399999618530273,23.399999618530273,4001,0.0,0.0
2025-05-12 01:45:00+00:00,23.399999618530273,23.399999618530273,23.399999618530273,23.399999618530273,12000,0.0,0.0
2025-05-12 01:50:00+00:00,23.399999618530273,23.399999618530273,23.399999618530273,23.399999618530273,1029,0.0,0.0
2025-05-12 01:55:00+00:00,23.450000762939453,23.450000762939453,23.450000762939453,23.450000762939453,2000,0.0,0.0
2025-05-12 02:05:00+00:00,23.450000762939453,23.450000762939453,23.450000762939453,23.450000762939453,11050,0.0,0.0
2025-05-12 02:15:00+00:00,23.450000762939453,23.450000762939453,23.450000762939453,23.450000762939453,2031,0.0,0.0
2025-05-12 02:30:00+00:00,23.450000762939453,23.450000762939453,23.450000762939453,23.450000762939453,3102,0.0,0.0
2025-05-12 02:35:00+00:00,23.450000762939453,23.450000762939453,23.450000762939453,23.450000762939453,1302,0.0,0.0
2025-05-12 02:40:00+00:00,23.450000762939453,23.450000762939453,23.450000762939453,23.450000762939453,4131,0.0,0.0
2025-05-12 02:45:00+00:00,23.450000762939453,23.450000762939453,23.450000762939453,23.450000762939453,1000,0.0,0.0
2025-05-12 03:00:00+00:00,23.450000762939453,23.450000762939453,23.450000762939453,23.450000762939453,2280,0.0,0.0
2025-05-12 03:05:00+00:00,23.450000762939453,23.450000762939453,23.450000762939453,23.450000762939453,3001,0.0,0.0
2025-05-12 03:15:00+00:00,23.450000762939453,23.450000762939453,23.450000762939453,23.450000762939453,2001,0.0,0.0
2025-05-12 03:20:00+00:00,23.450000762939453,23.450000762939453,23.450000762939453,23.450000762939453,1001,0.0,0.0
2025-05-12 03:30:00+00:00,23.450000762939453,23.450000762939453,23.450000762939453,23.450000762939453,1102,0.0,0.0
2025-05-12 03:40:00+00:00,23.399999618530273,23.399999618530273,23.399999618530273,23.399999618530273,1001,0.0,0.0
2025-05-12 03:55:00+00:00,23.399999618530273,23.399999618530273,23.299999237060547,23.299999237060547,30001,0.0,0.0
2025-05-12 04:10:00+00:00,23.399999618530273,23.399999618530273,23.399999618530273,23.399999618530273,3095,0.0,0.0
2025-05-12 04:30:00+00:00,23.399999618530273,23.450000762939453,23.399999618530273,23.450000762939453,6053,0.0,0.0
2025-05-12 04:40:00+00:00,23.5,23.5,23.5,23.5,4001,0.0,0.0
2025-05-12 04:45:00+00:00,23.5,23.5,23.399999618530273,23.399999618530273,4248,0.0,0.0
2025-05-12 04:55:00+00:00,23.5,23.549999237060547,23.5,23.549999237060547,6051,0.0,0.0
2025-05-12 05:00:00+00:00,23.450000762939453,23.450000762939453,23.450000762939453,23.450000762939453,1000,0.0,0.0
2025-05-12 05:10:00+00:00,23.5,23.5,23.5,23.5,1000,0.0,0.0
2025-05-12 05:15:00+00:00,23.5,23.549999237060547,23.450000762939453,23.549999237060547,4221,0.0,0.0
2025-05-12 05:20:00+00:00,23.549999237060547,23.549999237060547,23.549999237060547,23.549999237060547,1031,0.0,0.0
2025-05-13 01:00:00+00:00,23.600000381469727,23.850000381469727,23.600000381469727,23.850000381469727,17000,0.0,0.0
2025-05-13 01:05:00+00:00,23.899999618530273,24.0,23.799999237060547,23.799999237060547,13134,0.0,0.0
2025-05-13 01:10:00+00:00,23.899999618530273,23.899999618530273,23.75,23.75,4000,0.0,0.0
2025-05-13 01:15:00+00:00,23.799999237060547,23.799999237060547,23.799999237060547,23.799999237060547,3000,0.0,0.0
2025-05-13 01:20:00+00:00,23.799999237060547,23.950000762939453,23.75,23.75,339014,0.0,0.0
2025-05-13 01:25:00+00:00,23.850000381469727,23.850000381469727,23.799999237060547,23.799999237060547,26000,0.0,0.0
2025-05-13 01:30:00+00:00,23.850000381469727,23.850000381469727,23.799999237060547,23.850000381469727,13000,0.0,0.0
2025-05-13 01:35:00+00:00,23.850000381469727,23.899999618530273,23.850000381469727,23.899999618530273,5000,0.0,0.0
2025-05-13 01:45:00+00:00,23.899999618530273,23.899999618530273,23.850000381469727,23.850000381469727,5002,0.0,0.0
2025-05-13 01:55:00+00:00,23.799999237060547,23.799999237060547,23.799999237060547,23.799999237060547,6000,0.0,0.0
2025-05-13 02:00:00+00:00,23.799999237060547,23.799999237060547,23.799999237060547,23.799999237060547,3000,0.0,0.0
2025-05-13 02:05:00+00:00,23.850000381469727,23.850000381469727,23.75,23.75,6204,0.0,0.0
2025-05-13 02:10:00+00:00,23.700000762939453,23.700000762939453,23.700000762939453,23.700000762939453,1000,0.0,0.0
2025-05-13 02:15:00+00:00,23.700000762939453,23.700000762939453,23.700000762939453,23.700000762939453,3000,0.0,0.0
2025-05-13 02:20:00+00:00,23.700000762939453,23.700000762939453,23.700000762939453,23.700000762939453,11000,0.0,0.0
2025-05-13 02:30:00+00:00,23.700000762939453,23.700000762939453,23.700000762939453,23.700000762939453,1250,0.0,0.0
2025-05-13 02:40:00+00:00,23.700000762939453,23.700000762939453,23.700000762939453,23.700000762939453,2001,0.0,0.0
2025-05-13 02:50:00+00:00,23.700000762939453,23.700000762939453,23.700000762939453,23.700000762939453,1000,0.0,0.0
2025-05-13 03:00:00+00:00,23.649999618530273,23.649999618530273,23.649999618530273,23.649999618530273,9010,0.0,0.0
2025-05-13 03:05:00+00:00,23.649999618530273,23.649999618530273,23.649999618530273,23.649999618530273,1000,0.0,0.0
2025-05-13 03:10:00+00:00,23.600000381469727,23.600000381469727,23.600000381469727,23.600000381469727,14000,0.0,0.0
2025-05-13 03:15:00+00:00,23.549999237060547,23.549999237060547,23.549999237060547,23.549999237060547,23214,0.0,0.0
2025-05-13 03:20:00+00:00,23.5,23.549999237060547,23.5,23.549999237060547,5501,0.0,0.0
2025-05-13 03:25:00+00:00,23.5,23.5,23.5,23.5,1000,0.0,0.0
2025-05-13 03:55:00+00:00,23.5,23.5,23.5,23.5,6016,0.0,0.0
2025-05-13 04:00:00+00:00,23.5,23.5,23.5,23.5,15404,0.0,0.0
2025-05-13 04:05:00+00:00,23.450000762939453,23.450000762939453,23.450000762939453,23.450000762939453,5000,0.0,0.0
2025-05-13 04:10:00+00:00,23.5,23.5,23.5,23.5,1001,0.0,0.0
2025-05-13 04:15:00+00:00,23.450000762939453,23.450000762939453,23.450000762939453,23.450000762939453,4009,0.0,0.0
2025-05-13 04:25:00+00:00,23.399999618530273,23.399999618530273,23.399999618530273,23.399999618530273,1002,0.0,0.0
2025-05-13 04:30:00+00:00,23.5,23.5,23.200000762939453,23.200000762939453,26352,0.0,0.0
2025-05-13 04:35:00+00:00,23.299999237060547,23.350000381469727,23.100000381469727,23.350000381469727,41378,0.0,0.0
2025-05-13 04:40:00+00:00,23.299999237060547,23.299999237060547,23.299999237060547,23.299999237060547,1004,0.0,0.0
2025-05-13 04:50:00+00:00,23.299999237060547,23.299999237060547,23.299999237060547,23.299999237060547,2107,0.0,0.0
2025-05-13 04:55:00+00:00,23.299999237060547,23.299999237060547,23.25,23.25,9200,0.0,0.0
2025-05-13 05:00:00+00:00,23.25,23.25,23.25,23.25,3000,0.0,0.0
2025-05-13 05:05:00+00:00,23.299999237060547,23.299999237060547,23.299999237060547,23.299999237060547,3000,0.0,0.0
2025-05-13 05:10:00+00:00,23.299999237060547,23.299999237060547,23.299999237060547,23.299999237060547,4000,0.0,0.0
2025-05-13 05:15:00+00:00,23.299999237060547,23.350000381469727,23.299999237060547,23.350000381469727,7000,0.0,0.0
2025-05-13 05:20:00+00:00,23.25,23.399999618530273,23.25,23.399999618530273,5208,0.0,0.0
2025-05-14 01:00:00+00:00,23.5,23.600000381469727,23.5,23.549999237060547,9000,0.0,0.0
2025-05-14 01:05:00+00:00,23.549999237060547,23.549999237060547,23.549999237060547,23.549999237060547,6138,0.0,0.0
2025-05-14 01:15:00+00:00,23.549999237060547,23.600000381469727,23.549999237060547,23.600000381469727,12000,0.0,0.0
2025-05-14 01:20:00+00:00,23.600000381469727,23.600000381469727,23.600000381469727,23.600000381469727,2000,0.0,0.0
2025-05-14 01:25:00+00:00,23.600000381469727,23.600000381469727,23.600000381469727,23.600000381469727,2000,0.0,0.0
2025-05-14 01:30:00+00:00,23.600000381469727,23.600000381469727,23.600000381469727,23.600000381469727,1294,0.0,0.0
2025-05-14 01:35:00+00:00,23.600000381469727,23.600000381469727,23.600000381469727,23.600000381469727,1000,0.0,0.0
2025-05-14 01:40:00+00:00,23.600000381469727,23.600000381469727,23.600000381469727,23.600000381469727,10000,0.0,0.0
2025-05-14 01:45:00+00:00,23.600000381469727,23.600000381469727,23.549999237060547,23.549999237060547,10000,0.0,0.0
2025-05-14 01:50:00+00:00,23.600000381469727,23.600000381469727,23.600000381469727,23.600000381469727,1007,0.0,0.0
2025-05-14 02:00:00+00:00,23.549999237060547,23.549999237060547,23.549999237060547,23.549999237060547,2012,0.0,0.0
2025-05-14 02:10:00+00:00,23.600000381469727,23.600000381469727,23.600000381469727,23.600000381469727,2000,0.0,0.0
2025-05-14 02:15:00+00:00,23.549999237060547,23.549999237060547,23.549999237060547,23.549999237060547,11001,0.0,0.0
2025-05-14 02:25:00+00:00,23.549999237060547,23.549999237060547,23.549999237060547,23.549999237060547,15000,0.0,0.0
2025-05-14 02:35:00+00:00,23.5,23.5,23.5,23.5,6000,0.0,0.0
2025-05-14 02:40:00+00:00,23.5,23.549999237060547,23.5,23.549999237060547,44000,0.0,0.0
2025-05-14 02:45:00+00:00,23.549999237060547,23.549999237060547,23.549999237060547,23.549999237060547,7001,0.0,0.0
2025-05-14 03:05:00+00:00,23.600000381469727,23.649999618530273,23.600000381469727,23.649999618530273,13000,0.0,0.0
2025-05-14 03:15:00+00:00,23.649999618530273,23.649999618530273,23.649999618530273,23.649999618530273,4000,0.0,0.0
2025-05-14 03:20:00+00:00,23.649999618530273,23.649999618530273,23.649999618530273,23.649999618530273,3002,0.0,0.0
2025-05-14 03:25:00+00:00,23.700000762939453,23.700000762939453,23.700000762939453,23.700000762939453,1000,0.0,0.0
2025-05-14 03:35:00+00:00,23.649999618530273,23.649999618530273,23.649999618530273,23.649999618530273,2000,0.0,0.0
2025-05-14 03:45:00+00:00,23.649999618530273,23.649999618530273,23.600000381469727,23.600000381469727,2000,0.0,0.0
2025-05-14 03:50:00+00:00,23.649999618530273,23.649999618530273,23.649999618530273,23.649999618530273,2000,0.0,0.0
2025-05-14 04:00:00+00:00,23.600000381469727,23.600000381469727,23.600000381469727,23.600000381469727,1000,0.0,0.0
2025-05-14 04:05:00+00:00,23.649999618530273,23.700000762939453,23.600000381469727,23.600000381469727,6000,0.0,0.0
2025-05-14 04:10:00+00:00,23.600000381469727,23.649999618530273,23.600000381469727,23.649999618530273,3000,0.0,0.0
2025-05-14 04:20:00+00:00,23.649999618530273,23.649999618530273,23.649999618530273,23.649999618530273,1020,0.0,0.0
2025-05-14 04:25:00+00:00,23.649999618530273,23.649999618530273,23.649999618530273,23.649999618530273,7026,0.0,0.0
2025-05-14 04:30:00+00:00,23.649999618530273,23.75,23.649999618530273,23.75,12020,0.0,0.0
2025-05-14 04:35:00+00:00,23.75,23.75,23.75,23.75,2037,0.0,0.0
2025-05-14 04:40:00+00:00,23.75,23.75,23.75,23.75,10013,0.0,0.0
2025-05-14 04:45:00+00:00,23.700000762939453,23.700000762939453,23.700000762939453,23.700000762939453,3112,0.0,0.0
2025-05-14 04:55:00+00:00,23.75,23.75,23.75,23.75,6061,0.0,0.0
2025-05-14 05:00:00+00:00,23.75,23.75,23.75,23.75,4248,0.0,0.0
2025-05-14 05:05:00+00:00,23.75,23.799999237060547,23.700000762939453,23.799999237060547,18177,0.0,0.0
2025-05-14 05:10:00+00:00,23.799999237060547,23.799999237060547,23.75,23.799999237060547,6054,0.0,0.0
2025-05-14 05:20:00+00:00,23.799999237060547,23.799999237060547,23.799999237060547,23.799999237060547,6403,0.0,0.0
2025-05-15 01:00:00+00:00,23.850000381469727,23.850000381469727,23.75,23.850000381469727,0,0.0,0.0
2025-05-15 01:05:00+00:00,23.850000381469727,23.950000762939453,23.850000381469727,23.899999618530273,19000,0.0,0.0
2025-05-15 01:10:00+00:00,23.950000762939453,24.0,23.950000762939453,24.0,5219,0.0,0.0
2025-05-15 01:15:00+00:00,24.0,24.0,23.899999618530273,23.899999618530273,3018,0.0,0.0
2025-05-15 01:20:00+00:00,23.950000762939453,23.950000762939453,23.850000381469727,23.850000381469727,10000,0.0,0.0
2025-05-15 01:25:00+00:00,23.850000381469727,23.850000381469727,23.700000762939453,23.700000762939453,28107,0.0,0.0
2025-05-15 01:30:00+00:00,23.799999237060547,23.850000381469727,23.799999237060547,23.850000381469727,2000,0.0,0.0
2025-05-15 01:35:00+00:00,23.700000762939453,23.700000762939453,23.700000762939453,23.700000762939453,1000,0.0,0.0
2025-05-15 01:40:00+00:00,23.799999237060547,23.799999237060547,23.799999237060547,23.799999237060547,1000,0.0,0.0
2025-05-15 01:50:00+00:00,23.75,23.75,23.75,23.75,2102,0.0,0.0
2025-05-15 02:00:00+00:00,23.700000762939453,23.700000762939453,23.649999618530273,23.649999618530273,6000,0.0,0.0
2025-05-15 02:05:00+00:00,23.700000762939453,23.700000762939453,23.700000762939453,23.700000762939453,1000,0.0,0.0
2025-05-15 02:10:00+00:00,23.700000762939453,23.700000762939453,23.700000762939453,23.700000762939453,1000,0.0,0.0
2025-05-15 02:15:00+00:00,23.700000762939453,23.700000762939453,23.700000762939453,23.700000762939453,4000,0.0,0.0
2025-05-15 02:20:00+00:00,23.75,23.75,23.75,23.75,1001,0.0,0.0
2025-05-15 02:55:00+00:00,23.75,23.75,23.649999618530273,23.700000762939453,20243,0.0,0.0
2025-05-15 03:00:00+00:00,23.700000762939453,23.700000762939453,23.649999618530273,23.649999618530273,3021,0.0,0.0
2025-05-15 03:05:00+00:00,23.649999618530273,23.649999618530273,23.649999618530273,23.649999618530273,6000,0.0,0.0
2025-05-15 03:20:00+00:00,23.649999618530273,23.649999618530273,23.649999618530273,23.649999618530273,1000,0.0,0.0
2025-05-15 03:35:00+00:00,23.649999618530273,23.649999618530273,23.600000381469727,23.600000381469727,9000,0.0,0.0
2025-05-15 03:40:00+00:00,23.600000381469727,23.600000381469727,23.549999237060547,23.549999237060547,6000,0.0,0.0
2025-05-15 03:50:00+00:00,23.600000381469727,23.600000381469727,23.600000381469727,23.600000381469727,2000,0.0,0.0
2025-05-15 04:00:00+00:00,23.649999618530273,23.649999618530273,23.649999618530273,23.649999618530273,1000,0.0,0.0
2025-05-15 04:05:00+00:00,23.600000381469727,23.600000381469727,23.600000381469727,23.600000381469727,1000,0.0,0.0
2025-05-15 04:10:00+00:00,23.600000381469727,23.600000381469727,23.600000381469727,23.600000381469727,1000,0.0,0.0
2025-05-15 04:15:00+00:00,23.600000381469727,23.600000381469727,23.600000381469727,23.600000381469727,5055,0.0,0.0
2025-05-15 04:20:00+00:00,23.549999237060547,23.549999237060547,23.549999237060547,23.549999237060547,3000,0.0,0.0
2025-05-15 04:25:00+00:00,23.549999237060547,23.549999237060547,23.549999237060547,23.549999237060547,1000,0.0,0.0
2025-05-15 04:30:00+00:00,23.549999237060547,23.649999618530273,23.549999237060547,23.649999618530273,5067,0.0,0.0
2025-05-15 04:40:00+00:00,23.549999237060547,23.549999237060547,23.549999237060547,23.549999237060547,1000,0.0,0.0
2025-05-15 04:45:00+00:00,23.549999237060547,23.549999237060547,23.549999237060547,23.549999237060547,6000,0.0,0.0
2025-05-15 04:50:00+00:00,23.600000381469727,23.600000381469727,23.600000381469727,23.600000381469727,1031,0.0,0.0
2025-05-15 05:10:00+00:00,23.600000381469727,23.600000381469727,23.600000381469727,23.600000381469727,6000,0.0,0.0
2025-05-15 05:15:00+00:00,23.600000381469727,23.600000381469727,23.600000381469727,23.600000381469727,2000,0.0,0.0
2025-05-15 05:20:00+00:00,23.600000381469727,23.600000381469727,23.600000381469727,23.600000381469727,1417,0.0,0.0
2025-05-16 01:00:00+00:00,23.75,23.75,23.600000381469727,23.600000381469727,0,0.0,0.0
2025-05-16 01:15:00+00:00,23.600000381469727,23.600000381469727,23.600000381469727,23.600000381469727,1097,0.0,0.0
2025-05-16 01:20:00+00:00,23.600000381469727,23.600000381469727,23.600000381469727,23.600000381469727,1000,0.0,0.0
2025-05-16 01:25:00+00:00,23.600000381469727,23.600000381469727,23.600000381469727,23.600000381469727,1001,0.0,0.0
2025-05-16 01:55:00+00:00,23.600000381469727,23.600000381469727,23.600000381469727,23.600000381469727,1000,0.0,0.0
2025-05-16 02:00:00+00:00,23.600000381469727,23.600000381469727,23.600000381469727,23.600000381469727,2144,0.0,0.0
2025-05-16 02:10:00+00:00,23.600000381469727,23.600000381469727,23.600000381469727,23.600000381469727,5026,0.0,0.0
2025-05-16 02:20:00+00:00,23.600000381469727,23.600000381469727,23.600000381469727,23.600000381469727,5000,0.0,0.0
2025-05-16 02:25:00+00:00,23.600000381469727,23.600000381469727,23.549999237060547,23.549999237060547,6040,0.0,0.0
2025-05-16 02:30:00+00:00,23.649999618530273,23.649999618530273,23.649999618530273,23.649999618530273,1095,0.0,0.0
2025-05-16 02:45:00+00:00,23.600000381469727,23.600000381469727,23.600000381469727,23.600000381469727,3001,0.0,0.0
2025-05-16 03:20:00+00:00,23.600000381469727,23.649999618530273,23.600000381469727,23.649999618530273,2000,0.0,0.0
2025-05-16 03:30:00+00:00,23.600000381469727,23.649999618530273,23.600000381469727,23.649999618530273,5000,0.0,0.0
2025-05-16 03:35:00+00:00,23.649999618530273,23.649999618530273,23.600000381469727,23.600000381469727,15009,0.0,0.0
2025-05-16 03:40:00+00:00,23.649999618530273,23.649999618530273,23.600000381469727,23.600000381469727,4000,0.0,0.0
2025-05-16 03:45:00+00:00,23.649999618530273,23.649999618530273,23.649999618530273,23.649999618530273,3000,0.0,0.0
2025-05-16 03:50:00+00:00,23.649999618530273,23.649999618530273,23.600000381469727,23.600000381469727,4035,0.0,0.0
2025-05-16 03:55:00+00:00,23.600000381469727,23.600000381469727,23.600000381469727,23.600000381469727,2000,0.0,0.0
2025-05-16 04:00:00+00:00,23.649999618530273,23.649999618530273,23.649999618530273,23.649999618530273,1001,0.0,0.0
2025-05-16 04:35:00+00:00,23.600000381469727,23.600000381469727,23.600000381469727,23.600000381469727,3000,0.0,0.0
2025-05-16 04:40:00+00:00,23.600000381469727,23.600000381469727,23.600000381469727,23.600000381469727,1000,0.0,0.0
2025-05-16 04:45:00+00:00,23.600000381469727,23.600000381469727,23.600000381469727,23.600000381469727,4001,0.0,0.0
2025-05-16 04:50:00+00:00,23.649999618530273,23.649999618530273,23.649999618530273,23.649999618530273,1056,0.0,0.0
2025-05-16 05:10:00+00:00,23.649999618530273,23.649999618530273,23.600000381469727,23.600000381469727,3000,0.0,0.0
2025-05-16 05:15:00+00:00,23.600000381469727,23.600000381469727,23.600000381469727,23.600000381469727,1200,0.0,0.0
2025-05-16 05:20:00+00:00,23.600000381469727,23.600000381469727,23.549999237060547,23.549999237060547,3367,0.0,0.0
2025-05-19 01:00:00+00:00,23.600000381469727,23.600000381469727,23.399999618530273,23.399999618530273,0,0.0,0.0
2025-05-19 01:05:00+00:00,23.399999618530273,23.399999618530273,23.399999618530273,23.399999618530273,12015,0.0,0.0
2025-05-19 01:10:00+00:00,23.5,23.5,23.350000381469727,23.350000381469727,3085,0.0,0.0
2025-05-19 01:15:00+00:00,23.350000381469727,23.350000381469727,23.350000381469727,23.350000381469727,1000,0.0,0.0
2025-05-19 01:20:00+00:00,23.299999237060547,23.350000381469727,23.25,23.350000381469727,9013,0.0,0.0
2025-05-19 01:30:00+00:00,23.450000762939453,23.450000762939453,23.450000762939453,23.450000762939453,2000,0.0,0.0
2025-05-19 01:35:00+00:00,23.299999237060547,23.299999237060547,23.299999237060547,23.299999237060547,2000,0.0,0.0
2025-05-19 01:40:00+00:00,23.299999237060547,23.299999237060547,23.299999237060547,23.299999237060547,1200,0.0,0.0
2025-05-19 02:15:00+00:00,23.299999237060547,23.299999237060547,23.299999237060547,23.299999237060547,4299,0.0,0.0
2025-05-19 02:20:00+00:00,23.350000381469727,23.350000381469727,23.350000381469727,23.350000381469727,1000,0.0,0.0
2025-05-19 02:25:00+00:00,23.299999237060547,23.299999237060547,23.299999237060547,23.299999237060547,9000,0.0,0.0
2025-05-19 02:30:00+00:00,23.299999237060547,23.299999237060547,23.299999237060547,23.299999237060547,4286,0.0,0.0
2025-05-19 02:40:00+00:00,23.299999237060547,23.299999237060547,23.299999237060547,23.299999237060547,1001,0.0,0.0
2025-05-19 02:50:00+00:00,23.299999237060547,23.299999237060547,23.299999237060547,23.299999237060547,1000,0.0,0.0
2025-05-19 03:05:00+00:00,23.25,23.25,23.200000762939453,23.200000762939453,11000,0.0,0.0
2025-05-19 03:10:00+00:00,23.350000381469727,23.350000381469727,23.350000381469727,23.350000381469727,2000,0.0,0.0
2025-05-19 03:20:00+00:00,23.200000762939453,23.200000762939453,23.149999618530273,23.149999618530273,10010,0.0,0.0
2025-05-19 03:25:00+00:00,23.200000762939453,23.200000762939453,23.200000762939453,23.200000762939453,2070,0.0,0.0
2025-05-19 03:30:00+00:00,23.200000762939453,23.200000762939453,23.149999618530273,23.149999618530273,4346,0.0,0.0
2025-05-19 03:35:00+00:00,23.100000381469727,23.100000381469727,23.100000381469727,23.100000381469727,1000,0.0,0.0
2025-05-19 03:40:00+00:00,23.200000762939453,23.200000762939453,23.200000762939453,23.200000762939453,2000,0.0,0.0
2025-05-19 03:45:00+00:00,23.100000381469727,23.100000381469727,23.100000381469727,23.100000381469727,4350,0.0,0.0
2025-05-19 03:50:00+00:00,23.100000381469727,23.100000381469727,23.100000381469727,23.100000381469727,1000,0.0,0.0
2025-05-19 03:55:00+00:00,23.049999237060547,23.049999237060547,23.049999237060547,23.049999237060547,1000,0.0,0.0
2025-05-19 04:00:00+00:00,23.200000762939453,23.200000762939453,23.200000762939453,23.200000762939453,1000,0.0,0.0
2025-05-19 04:05:00+00:00,23.100000381469727,23.100000381469727,23.049999237060547,23.049999237060547,7000,0.0,0.0
2025-05-19 04:10:00+00:00,23.100000381469727,23.100000381469727,23.049999237060547,23.049999237060547,2000,0.0,0.0
2025-05-19 04:20:00+00:00,23.049999237060547,23.049999237060547,23.049999237060547,23.049999237060547,2000,0.0,0.0
2025-05-19 04:25:00+00:00,23.049999237060547,23.049999237060547,23.049999237060547,23.049999237060547,5000,0.0,0.0
2025-05-19 04:30:00+00:00,23.100000381469727,23.100000381469727,23.100000381469727,23.100000381469727,1102,0.0,0.0
2025-05-19 04:35:00+00:00,23.049999237060547,23.049999237060547,23.049999237060547,23.049999237060547,2000,0.0,0.0
2025-05-19 04:45:00+00:00,23.100000381469727,23.100000381469727,23.049999237060547,23.049999237060547,3100,0.0,0.0
2025-05-19 04:50:00+00:00,23.100000381469727,23.100000381469727,23.049999237060547,23.100000381469727,33000,0.0,0.0
2025-05-19 04:55:00+00:00,23.100000381469727,23.200000762939453,23.100000381469727,23.200000762939453,7000,0.0,0.0
2025-05-19 05:10:00+00:00,23.200000762939453,23.200000762939453,23.200000762939453,23.200000762939453,1001,0.0,0.0
2025-05-19 05:20:00+00:00,23.200000762939453,23.25,23.200000762939453,23.25,2000,0.0,0.0
2025-05-20 01:00:00+00:00,23.25,23.25,23.25,23.25,0,0.0,0.0
2025-05-20 01:30:00+00:00,23.149999618530273,23.149999618530273,23.149999618530273,23.149999618530273,5000,0.0,0.0
2025-05-20 01:40:00+00:00,23.100000381469727,23.100000381469727,23.100000381469727,23.100000381469727,3156,0.0,0.0
2025-05-20 02:20:00+00:00,23.149999618530273,23.149999618530273,23.149999618530273,23.149999618530273,2000,0.0,0.0
2025-05-20 02:25:00+00:00,23.049999237060547,23.100000381469727,23.049999237060547,23.100000381469727,3000,0.0,0.0
2025-05-20 02:30:00+00:00,23.100000381469727,23.100000381469727,23.100000381469727,23.100000381469727,2000,0.0,0.0
2025-05-20 02:35:00+00:00,23.100000381469727,23.100000381469727,23.100000381469727,23.100000381469727,1002,0.0,0.0
2025-05-20 02:45:00+00:00,23.100000381469727,23.100000381469727,23.100000381469727,23.100000381469727,1000,0.0,0.0
2025-05-20 02:50:00+00:00,23.100000381469727,23.100000381469727,23.100000381469727,23.100000381469727,1000,0.0,0.0
2025-05-20 02:55:00+00:00,23.049999237060547,23.149999618530273,23.049999237060547,23.149999618530273,5500,0.0,0.0
2025-05-20 03:05:00+00:00,23.200000762939453,23.200000762939453,23.200000762939453,23.200000762939453,1000,0.0,0.0
2025-05-20 03:10:00+00:00,23.200000762939453,23.25,23.200000762939453,23.25,25000,0.0,0.0
2025-05-20 03:15:00+00:00,23.200000762939453,23.200000762939453,23.200000762939453,23.200000762939453,1000,0.0,0.0
2025-05-20 03:20:00+00:00,23.200000762939453,23.200000762939453,23.200000762939453,23.200000762939453,3000,0.0,0.0
2025-05-20 03:25:00+00:00,23.149999618530273,23.149999618530273,23.100000381469727,23.100000381469727,6000,0.0,0.0
2025-05-20 03:30:00+00:00,23.149999618530273,23.200000762939453,23.149999618530273,23.149999618530273,3017,0.0,0.0
2025-05-20 04:20:00+00:00,23.049999237060547,23.049999237060547,23.049999237060547,23.049999237060547,2095,0.0,0.0
2025-05-20 04:25:00+00:00,23.049999237060547,23.049999237060547,23.0,23.0,20100,0.0,0.0
2025-05-20 04:30:00+00:00,23.100000381469727,23.149999618530273,23.100000381469727,23.149999618530273,4000,0.0,0.0
2025-05-20 04:35:00+00:00,23.149999618530273,23.200000762939453,23.100000381469727,23.100000381469727,22000,0.0,0.0
2025-05-20 04:40:00+00:00,23.200000762939453,23.200000762939453,23.200000762939453,23.200000762939453,3000,0.0,0.0
2025-05-20 04:50:00+00:00,23.25,23.25,23.25,23.25,1015,0.0,0.0
2025-05-20 05:00:00+00:00,23.25,23.25,23.200000762939453,23.200000762939453,4100,0.0,0.0
2025-05-20 05:05:00+00:00,23.200000762939453,23.200000762939453,23.200000762939453,23.200000762939453,1000,0.0,0.0
2025-05-20 05:10:00+00:00,23.25,23.25,23.100000381469727,23.100000381469727,7000,0.0,0.0
2025-05-20 05:15:00+00:00,23.100000381469727,23.100000381469727,23.100000381469727,23.100000381469727,4000,0.0,0.0
2025-05-20 05:20:00+00:00,23.100000381469727,23.100000381469727,23.100000381469727,23.100000381469727,1532,0.0,0.0
2025-05-21 01:00:00+00:00,23.25,23.25,23.25,23.25,0,0.0,0.0
2025-05-21 01:05:00+00:00,23.299999237060547,23.350000381469727,23.299999237060547,23.350000381469727,2406,0.0,0.0
2025-05-21 01:15:00+00:00,23.399999618530273,23.450000762939453,23.399999618530273,23.450000762939453,7001,0.0,0.0
2025-05-21 01:25:00+00:00,23.450000762939453,23.450000762939453,23.450000762939453,23.450000762939453,4000,0.0,0.0
2025-05-21 01:30:00+00:00,23.5,23.5,23.5,23.5,1000,0.0,0.0
2025-05-21 01:35:00+00:00,23.450000762939453,23.450000762939453,23.450000762939453,23.450000762939453,1021,0.0,0.0
2025-05-21 01:40:00+00:00,23.5,23.5,23.5,23.5,3000,0.0,0.0
2025-05-21 01:45:00+00:00,23.5,23.5,23.5,23.5,1000,0.0,0.0
2025-05-21 01:50:00+00:00,23.5,23.5,23.5,23.5,1000,0.0,0.0
2025-05-21 01:55:00+00:00,23.450000762939453,23.450000762939453,23.450000762939453,23.450000762939453,1001,0.0,0.0
2025-05-21 02:00:00+00:00,23.450000762939453,23.450000762939453,23.450000762939453,23.450000762939453,2000,0.0,0.0
2025-05-21 02:05:00+00:00,23.299999237060547,23.299999237060547,23.299999237060547,23.299999237060547,2204,0.0,0.0
2025-05-21 02:15:00+00:00,23.299999237060547,23.299999237060547,23.299999237060547,23.299999237060547,1000,0.0,0.0
2025-05-21 02:20:00+00:00,23.299999237060547,23.299999237060547,23.299999237060547,23.299999237060547,20027,0.0,0.0
2025-05-21 02:30:00+00:00,23.450000762939453,23.450000762939453,23.450000762939453,23.450000762939453,4000,0.0,0.0
2025-05-21 02:55:00+00:00,23.450000762939453,23.450000762939453,23.450000762939453,23.450000762939453,1000,0.0,0.0
2025-05-21 03:00:00+00:00,23.450000762939453,23.450000762939453,23.450000762939453,23.450000762939453,3000,0.0,0.0
2025-05-21 03:05:00+00:00,23.450000762939453,23.450000762939453,23.450000762939453,23.450000762939453,1000,0.0,0.0
2025-05-21 03:10:00+00:00,23.5,23.5,23.5,23.5,1000,0.0,0.0
2025-05-21 03:15:00+00:00,23.5,23.5,23.5,23.5,1000,0.0,0.0
2025-05-21 03:20:00+00:00,23.5,23.5,23.5,23.5,1000,0.0,0.0
2025-05-21 03:25:00+00:00,23.5,23.5,23.5,23.5,1000,0.0,0.0
2025-05-21 03:30:00+00:00,23.5,23.5,23.5,23.5,16000,0.0,0.0
2025-05-21 03:35:00+00:00,23.5,23.5,23.5,23.5,2000,0.0,0.0
2025-05-21 03:40:00+00:00,23.549999237060547,23.549999237060547,23.549999237060547,23.549999237060547,5000,0.0,0.0
2025-05-21 03:45:00+00:00,23.5,23.5,23.5,23.5,2000,0.0,0.0
2025-05-21 03:50:00+00:00,23.600000381469727,23.600000381469727,23.600000381469727,23.600000381469727,1000,0.0,0.0
2025-05-21 04:05:00+00:00,23.549999237060547,23.549999237060547,23.549999237060547,23.549999237060547,1000,0.0,0.0
2025-05-21 04:10:00+00:00,23.600000381469727,23.600000381469727,23.600000381469727,23.600000381469727,1002,0.0,0.0
2025-05-21 04:15:00+00:00,23.600000381469727,23.600000381469727,23.549999237060547,23.549999237060547,12050,0.0,0.0
2025-05-21 04:20:00+00:00,23.600000381469727,23.649999618530273,23.600000381469727,23.649999618530273,17000,0.0,0.0
2025-05-21 04:30:00+00:00,23.700000762939453,23.700000762939453,23.649999618530273,23.649999618530273,4100,0.0,0.0
2025-05-21 04:40:00+00:00,23.700000762939453,23.700000762939453,23.700000762939453,23.700000762939453,2000,0.0,0.0
2025-05-21 05:00:00+00:00,23.649999618530273,23.649999618530273,23.649999618530273,23.649999618530273,3000,0.0,0.0
2025-05-21 05:05:00+00:00,23.600000381469727,23.600000381469727,23.600000381469727,23.600000381469727,1000,0.0,0.0
2025-05-21 05:10:00+00:00,23.649999618530273,23.75,23.649999618530273,23.75,33110,0.0,0.0
2025-05-21 05:15:00+00:00,23.799999237060547,23.799999237060547,23.799999237060547,23.799999237060547,18000,0.0,0.0
2025-05-21 05:20:00+00:00,23.75,23.799999237060547,23.75,23.75,4000,0.0,0.0
2025-05-22 01:00:00+00:00,23.75,23.75,23.75,23.75,0,0.0,0.0
2025-05-22 01:05:00+00:00,23.5,23.75,23.5,23.75,2030,0.0,0.0
2025-05-22 01:10:00+00:00,23.5,23.5,23.5,23.5,2000,0.0,0.0
2025-05-22 01:15:00+00:00,23.549999237060547,23.549999237060547,23.5,23.5,4000,0.0,0.0
2025-05-22 01:20:00+00:00,23.5,23.5,23.5,23.5,4000,0.0,0.0
2025-05-22 01:30:00+00:00,23.5,23.5,23.5,23.5,1209,0.0,0.0
2025-05-22 01:40:00+00:00,23.5,23.5,23.5,23.5,2251,0.0,0.0
2025-05-22 01:50:00+00:00,23.450000762939453,23.450000762939453,23.450000762939453,23.450000762939453,2390,0.0,0.0
2025-05-22 02:00:00+00:00,23.399999618530273,23.399999618530273,23.299999237060547,23.299999237060547,3000,0.0,0.0
2025-05-22 02:10:00+00:00,23.399999618530273,23.399999618530273,23.399999618530273,23.399999618530273,1000,0.0,0.0
2025-05-22 02:15:00+00:00,23.399999618530273,23.450000762939453,23.399999618530273,23.450000762939453,12000,0.0,0.0
2025-05-22 02:20:00+00:00,23.5,23.5,23.5,23.5,5000,0.0,0.0
2025-05-22 02:30:00+00:00,23.5,23.5,23.5,23.5,2000,0.0,0.0
2025-05-22 02:40:00+00:00,23.600000381469727,23.649999618530273,23.600000381469727,23.649999618530273,4011,0.0,0.0
2025-05-22 02:55:00+00:00,23.549999237060547,23.549999237060547,23.549999237060547,23.549999237060547,5000,0.0,0.0
2025-05-22 03:00:00+00:00,23.649999618530273,23.649999618530273,23.649999618530273,23.649999618530273,1000,0.0,0.0
2025-05-22 03:15:00+00:00,23.600000381469727,23.600000381469727,23.600000381469727,23.600000381469727,5000,0.0,0.0
2025-05-22 03:25:00+00:00,23.649999618530273,23.649999618530273,23.649999618530273,23.649999618530273,1000,0.0,0.0
2025-05-22 03:35:00+00:00,23.649999618530273,23.649999618530273,23.649999618530273,23.649999618530273,1009,0.0,0.0
2025-05-22 04:20:00+00:00,23.649999618530273,23.649999618530273,23.649999618530273,23.649999618530273,1000,0.0,0.0
2025-05-22 04:30:00+00:00,23.549999237060547,23.549999237060547,23.549999237060547,23.549999237060547,1000,0.0,0.0
2025-05-22 04:40:00+00:00,23.649999618530273,23.649999618530273,23.549999237060547,23.549999237060547,4050,0.0,0.0
2025-05-22 04:50:00+00:00,23.549999237060547,23.549999237060547,23.399999618530273,23.450000762939453,11083,0.0,0.0
2025-05-22 05:00:00+00:00,23.600000381469727,23.649999618530273,23.600000381469727,23.649999618530273,2002,0.0,0.0
2025-05-22 05:20:00+00:00,23.5,23.5,23.5,23.5,2017,0.0,0.0
2025-05-23 01:00:00+00:00,23.450000762939453,23.549999237060547,23.450000762939453,23.549999237060547,0,0.0,0.0
2025-05-23 01:05:00+00:00,23.5,23.549999237060547,23.5,23.549999237060547,2009,0.0,0.0
2025-05-23 01:10:00+00:00,23.5,23.5,23.5,23.5,2000,0.0,0.0
2025-05-23 01:20:00+00:00,23.5,23.5,23.5,23.5,3018,0.0,0.0
2025-05-23 01:35:00+00:00,23.450000762939453,23.450000762939453,23.450000762939453,23.450000762939453,4002,0.0,0.0
2025-05-23 01:40:00+00:00,23.5,23.5,23.5,23.5,1070,0.0,0.0
2025-05-23 02:05:00+00:00,23.450000762939453,23.450000762939453,23.450000762939453,23.450000762939453,1000,0.0,0.0
2025-05-23 02:10:00+00:00,23.450000762939453,23.450000762939453,23.450000762939453,23.450000762939453,2000,0.0,0.0
2025-05-23 02:25:00+00:00,23.450000762939453,23.450000762939453,23.450000762939453,23.450000762939453,1001,0.0,0.0
2025-05-23 02:35:00+00:00,23.450000762939453,23.450000762939453,23.450000762939453,23.450000762939453,1000,0.0,0.0
2025-05-23 02:40:00+00:00,23.399999618530273,23.399999618530273,23.399999618530273,23.399999618530273,7004,0.0,0.0
2025-05-23 02:50:00+00:00,23.5,23.5,23.5,23.5,2716,0.0,0.0
2025-05-23 04:30:00+00:00,23.399999618530273,23.399999618530273,23.399999618530273,23.399999618530273,4000,0.0,0.0
2025-05-23 04:40:00+00:00,23.450000762939453,23.450000762939453,23.450000762939453,23.450000762939453,1051,0.0,0.0
2025-05-23 04:55:00+00:00,23.350000381469727,23.350000381469727,23.350000381469727,23.350000381469727,6101,0.0,0.0
2025-05-23 05:00:00+00:00,23.350000381469727,23.450000762939453,23.350000381469727,23.450000762939453,3221,0.0,0.0
2025-05-23 05:10:00+00:00,23.399999618530273,23.399999618530273,23.399999618530273,23.399999618530273,1000,0.0,0.0
2025-05-23 05:15:00+00:00,23.350000381469727,23.399999618530273,23.350000381469727,23.399999618530273,2000,0.0,0.0
2025-05-23 05:20:00+00:00,23.450000762939453,23.450000762939453,23.450000762939453,23.450000762939453,3207,0.0,0.0
2025-05-26 01:00:00+00:00,23.549999237060547,23.549999237060547,23.299999237060547,23.299999237060547,0,0.0,0.0
2025-05-26 01:05:00+00:00,23.350000381469727,23.350000381469727,23.350000381469727,23.350000381469727,3042,0.0,0.0
2025-05-26 01:10:00+00:00,23.350000381469727,23.350000381469727,23.350000381469727,23.350000381469727,1000,0.0,0.0
2025-05-26 01:20:00+00:00,23.399999618530273,23.399999618530273,23.399999618530273,23.399999618530273,1000,0.0,0.0
2025-05-26 01:25:00+00:00,23.350000381469727,23.350000381469727,23.350000381469727,23.350000381469727,2000,0.0,0.0
2025-05-26 01:30:00+00:00,23.350000381469727,23.350000381469727,23.299999237060547,23.350000381469727,55000,0.0,0.0
2025-05-26 01:35:00+00:00,23.350000381469727,23.399999618530273,23.350000381469727,23.399999618530273,5000,0.0,0.0
2025-05-26 01:40:00+00:00,23.350000381469727,23.549999237060547,23.350000381469727,23.399999618530273,9467,0.0,0.0
2025-05-26 01:45:00+00:00,23.5,23.5,23.5,23.5,2000,0.0,0.0
2025-05-26 01:50:00+00:00,23.450000762939453,23.600000381469727,23.450000762939453,23.450000762939453,8000,0.0,0.0
2025-05-26 01:55:00+00:00,23.450000762939453,23.450000762939453,23.450000762939453,23.450000762939453,4000,0.0,0.0
2025-05-26 02:00:00+00:00,23.450000762939453,23.549999237060547,23.450000762939453,23.549999237060547,2000,0.0,0.0
2025-05-26 02:10:00+00:00,23.399999618530273,23.399999618530273,23.399999618530273,23.399999618530273,11038,0.0,0.0
2025-05-26 02:15:00+00:00,23.399999618530273,23.399999618530273,23.399999618530273,23.399999618530273,9000,0.0,0.0
2025-05-26 02:20:00+00:00,23.450000762939453,23.450000762939453,23.450000762939453,23.450000762939453,3000,0.0,0.0
2025-05-26 02:25:00+00:00,23.450000762939453,23.450000762939453,23.450000762939453,23.450000762939453,3000,0.0,0.0
2025-05-26 02:30:00+00:00,23.450000762939453,23.450000762939453,23.450000762939453,23.450000762939453,2000,0.0,0.0
2025-05-26 02:35:00+00:00,23.450000762939453,23.450000762939453,23.450000762939453,23.450000762939453,5000,0.0,0.0
2025-05-26 02:40:00+00:00,23.5,23.5,23.5,23.5,4000,0.0,0.0
2025-05-26 02:50:00+00:00,23.549999237060547,23.549999237060547,23.549999237060547,23.549999237060547,1000,0.0,0.0
2025-05-26 03:10:00+00:00,23.5,23.5,23.5,23.5,1050,0.0,0.0
2025-05-26 03:20:00+00:00,23.5,23.5,23.5,23.5,1000,0.0,0.0
2025-05-26 03:30:00+00:00,23.5,23.5,23.5,23.5,1000,0.0,0.0
2025-05-26 03:40:00+00:00,23.450000762939453,23.450000762939453,23.450000762939453,23.450000762939453,4000,0.0,0.0
2025-05-26 03:50:00+00:00,23.5,23.5,23.5,23.5,1045,0.0,0.0
2025-05-26 03:55:00+00:00,23.450000762939453,23.450000762939453,23.450000762939453,23.450000762939453,2015,0.0,0.0
2025-05-26 04:10:00+00:00,23.450000762939453,23.450000762939453,23.450000762939453,23.450000762939453,3000,0.0,0.0
2025-05-26 04:20:00+00:00,23.5,23.5,23.5,23.5,2050,0.0,0.0
2025-05-26 04:35:00+00:00,23.5,23.5,23.5,23.5,2001,0.0,0.0
2025-05-26 04:40:00+00:00,23.450000762939453,23.450000762939453,23.399999618530273,23.399999618530273,25000,0.0,0.0
2025-05-26 04:45:00+00:00,23.399999618530273,23.399999618530273,23.399999618530273,23.399999618530273,11000,0.0,0.0
2025-05-26 04:50:00+00:00,23.450000762939453,23.5,23.450000762939453,23.450000762939453,7000,0.0,0.0
2025-05-26 05:00:00+00:00,23.450000762939453,23.450000762939453,23.450000762939453,23.450000762939453,1000,0.0,0.0
2025-05-26 05:10:00+00:00,23.399999618530273,23.399999618530273,23.399999618530273,23.399999618530273,3234,0.0,0.0
2025-05-26 05:15:00+00:00,23.399999618530273,23.399999618530273,23.399999618530273,23.399999618530273,4000,0.0,0.0
2025-05-26 05:20:00+00:00,23.399999618530273,23.399999618530273,23.399999618530273,23.399999618530273,5462,0.0,0.0
2025-05-27 01:00:00+00:00,23.5,23.5,23.5,23.5,0,0.0,0.0
2025-05-27 01:05:00+00:00,23.350000381469727,23.350000381469727,23.350000381469727,23.350000381469727,1003,0.0,0.0
2025-05-27 01:10:00+00:00,23.350000381469727,23.350000381469727,23.350000381469727,23.350000381469727,5000,0.0,0.0
2025-05-27 01:15:00+00:00,23.399999618530273,23.399999618530273,23.399999618530273,23.399999618530273,2000,0.0,0.0
2025-05-27 01:25:00+00:00,23.5,23.5,23.5,23.5,1001,0.0,0.0
2025-05-27 01:35:00+00:00,23.450000762939453,23.450000762939453,23.450000762939453,23.450000762939453,1000,0.0,0.0
2025-05-27 01:45:00+00:00,23.350000381469727,23.350000381469727,23.350000381469727,23.350000381469727,1000,0.0,0.0
2025-05-27 01:50:00+00:00,23.350000381469727,23.350000381469727,23.350000381469727,23.350000381469727,4000,0.0,0.0
2025-05-27 02:00:00+00:00,23.450000762939453,23.450000762939453,23.450000762939453,23.450000762939453,1000,0.0,0.0
2025-05-27 02:05:00+00:00,23.350000381469727,23.350000381469727,23.299999237060547,23.299999237060547,7000,0.0,0.0
2025-05-27 02:10:00+00:00,23.299999237060547,23.399999618530273,23.25,23.399999618530273,5000,0.0,0.0
2025-05-27 02:15:00+00:00,23.350000381469727,23.350000381469727,23.350000381469727,23.350000381469727,2000,0.0,0.0
2025-05-27 02:20:00+00:00,23.350000381469727,23.399999618530273,23.350000381469727,23.399999618530273,2000,0.0,0.0
2025-05-27 02:25:00+00:00,23.350000381469727,23.350000381469727,23.200000762939453,23.200000762939453,13000,0.0,0.0
2025-05-27 02:30:00+00:00,23.350000381469727,23.399999618530273,23.350000381469727,23.399999618530273,2000,0.0,0.0
2025-05-27 02:40:00+00:00,23.350000381469727,23.350000381469727,23.350000381469727,23.350000381469727,1281,0.0,0.0
2025-05-27 03:15:00+00:00,23.25,23.25,23.25,23.25,1050,0.0,0.0
2025-05-27 03:40:00+00:00,23.299999237060547,23.299999237060547,23.299999237060547,23.299999237060547,1005,0.0,0.0
2025-05-27 03:55:00+00:00,23.299999237060547,23.299999237060547,23.299999237060547,23.299999237060547,3000,0.0,0.0
2025-05-27 04:00:00+00:00,23.350000381469727,23.350000381469727,23.299999237060547,23.299999237060547,9000,0.0,0.0
2025-05-27 04:10:00+00:00,23.25,23.25,23.25,23.25,5000,0.0,0.0
2025-05-27 04:20:00+00:00,23.299999237060547,23.299999237060547,23.25,23.25,3022,0.0,0.0
2025-05-27 04:25:00+00:00,23.25,23.25,23.200000762939453,23.200000762939453,6000,0.0,0.0
2025-05-27 04:30:00+00:00,23.200000762939453,23.200000762939453,23.200000762939453,23.200000762939453,1000,0.0,0.0
2025-05-27 04:35:00+00:00,23.200000762939453,23.200000762939453,23.200000762939453,23.200000762939453,1000,0.0,0.0
2025-05-27 04:40:00+00:00,23.200000762939453,23.299999237060547,23.200000762939453,23.299999237060547,4000,0.0,0.0
2025-05-27 04:45:00+00:00,23.299999237060547,23.299999237060547,23.299999237060547,23.299999237060547,1110,0.0,0.0
2025-05-27 05:15:00+00:00,23.200000762939453,23.25,23.200000762939453,23.25,7000,0.0,0.0
2025-05-27 05:20:00+00:00,23.299999237060547,23.299999237060547,23.299999237060547,23.299999237060547,2048,0.0,0.0
2025-05-28 01:00:00+00:00,23.399999618530273,23.399999618530273,23.399999618530273,23.399999618530273,0,0.0,0.0
2025-05-28 01:25:00+00:00,23.399999618530273,23.399999618530273,23.350000381469727,23.350000381469727,4051,0.0,0.0
2025-05-28 01:45:00+00:00,23.299999237060547,23.299999237060547,23.299999237060547,23.299999237060547,1000,0.0,0.0
2025-05-28 01:50:00+00:00,23.350000381469727,23.350000381469727,23.350000381469727,23.350000381469727,2261,0.0,0.0
2025-05-28 02:05:00+00:00,23.350000381469727,23.350000381469727,23.350000381469727,23.350000381469727,1009,0.0,0.0
2025-05-28 02:15:00+00:00,23.350000381469727,23.350000381469727,23.350000381469727,23.350000381469727,2000,0.0,0.0
2025-05-28 02:35:00+00:00,23.350000381469727,23.350000381469727,23.350000381469727,23.350000381469727,1000,0.0,0.0
2025-05-28 02:40:00+00:00,23.350000381469727,23.350000381469727,23.350000381469727,23.350000381469727,2000,0.0,0.0
2025-05-28 02:45:00+00:00,23.350000381469727,23.350000381469727,23.350000381469727,23.350000381469727,10000,0.0,0.0
2025-05-28 02:50:00+00:00,23.399999618530273,23.399999618530273,23.399999618530273,23.399999618530273,1020,0.0,0.0
2025-05-28 03:10:00+00:00,23.399999618530273,23.399999618530273,23.299999237060547,23.299999237060547,4001,0.0,0.0
2025-05-28 03:15:00+00:00,23.350000381469727,23.350000381469727,23.299999237060547,23.299999237060547,7000,0.0,0.0
2025-05-28 03:20:00+00:00,23.399999618530273,23.399999618530273,23.399999618530273,23.399999618530273,1000,0.0,0.0
2025-05-28 03:30:00+00:00,23.399999618530273,23.399999618530273,23.399999618530273,23.399999618530273,1000,0.0,0.0
2025-05-28 03:45:00+00:00,23.350000381469727,23.350000381469727,23.350000381469727,23.350000381469727,4008,0.0,0.0
2025-05-28 03:50:00+00:00,23.399999618530273,23.399999618530273,23.399999618530273,23.399999618530273,1001,0.0,0.0
2025-05-28 04:05:00+00:00,23.399999618530273,23.399999618530273,23.399999618530273,23.399999618530273,1210,0.0,0.0
2025-05-28 04:35:00+00:00,23.25,23.25,23.200000762939453,23.200000762939453,8361,0.0,0.0
2025-05-28 04:40:00+00:00,23.149999618530273,23.149999618530273,23.149999618530273,23.149999618530273,1000,0.0,0.0
2025-05-28 04:45:00+00:00,23.25,23.299999237060547,23.25,23.299999237060547,2000,0.0,0.0
2025-05-28 04:50:00+00:00,23.299999237060547,23.299999237060547,23.149999618530273,23.149999618530273,3001,0.0,0.0
2025-05-28 04:55:00+00:00,23.25,23.25,23.25,23.25,1001,0.0,0.0
2025-05-28 05:00:00+00:00,23.299999237060547,23.299999237060547,23.200000762939453,23.25,3000,0.0,0.0
2025-05-28 05:05:00+00:00,23.299999237060547,23.299999237060547,23.299999237060547,23.299999237060547,2283,0.0,0.0
2025-05-29 01:00:00+00:00,23.399999618530273,23.399999618530273,23.399999618530273,23.399999618530273,0,0.0,0.0
2025-05-29 01:05:00+00:00,23.350000381469727,23.350000381469727,23.350000381469727,23.350000381469727,1002,0.0,0.0
2025-05-29 01:10:00+00:00,23.350000381469727,23.350000381469727,23.350000381469727,23.350000381469727,1001,0.0,0.0
2025-05-29 01:20:00+00:00,23.25,23.25,23.25,23.25,1000,0.0,0.0
2025-05-29 01:25:00+00:00,23.200000762939453,23.200000762939453,23.149999618530273,23.149999618530273,4009,0.0,0.0
2025-05-29 01:30:00+00:00,23.100000381469727,23.100000381469727,23.100000381469727,23.100000381469727,2000,0.0,0.0
2025-05-29 01:35:00+00:00,23.100000381469727,23.100000381469727,23.100000381469727,23.100000381469727,3000,0.0,0.0
2025-05-29 01:40:00+00:00,23.200000762939453,23.200000762939453,23.200000762939453,23.200000762939453,1000,0.0,0.0
2025-05-29 01:50:00+00:00,23.200000762939453,23.200000762939453,23.200000762939453,23.200000762939453,1000,0.0,0.0
2025-05-29 01:55:00+00:00,23.25,23.25,23.25,23.25,1000,0.0,0.0
2025-05-29 02:10:00+00:00,23.25,23.25,23.25,23.25,1001,0.0,0.0
2025-05-29 02:35:00+00:00,23.100000381469727,23.100000381469727,23.100000381469727,23.100000381469727,6050,0.0,0.0
2025-05-29 02:40:00+00:00,23.100000381469727,23.100000381469727,23.049999237060547,23.049999237060547,16050,0.0,0.0
2025-05-29 02:45:00+00:00,23.0,23.049999237060547,23.0,23.0,12010,0.0,0.0
2025-05-29 02:50:00+00:00,23.100000381469727,23.100000381469727,23.100000381469727,23.100000381469727,4000,0.0,0.0
2025-05-29 03:00:00+00:00,23.149999618530273,23.149999618530273,23.149999618530273,23.149999618530273,1000,0.0,0.0
2025-05-29 03:15:00+00:00,23.0,23.0,23.0,23.0,27000,0.0,0.0
2025-05-29 03:25:00+00:00,23.0,23.149999618530273,23.0,23.149999618530273,1000,0.0,0.0
2025-05-29 03:30:00+00:00,23.149999618530273,23.25,23.149999618530273,23.25,5102,0.0,0.0
2025-05-29 03:40:00+00:00,23.25,23.25,23.25,23.25,1002,0.0,0.0
2025-05-29 03:55:00+00:00,23.100000381469727,23.100000381469727,23.100000381469727,23.100000381469727,1000,0.0,0.0
2025-05-29 04:00:00+00:00,23.200000762939453,23.299999237060547,23.149999618530273,23.149999618530273,7001,0.0,0.0
2025-05-29 04:05:00+00:00,23.200000762939453,23.25,23.200000762939453,23.25,2001,0.0,0.0
2025-05-29 04:10:00+00:00,23.299999237060547,23.299999237060547,23.299999237060547,23.299999237060547,2101,0.0,0.0
2025-05-29 04:25:00+00:00,23.200000762939453,23.200000762939453,23.149999618530273,23.200000762939453,8006,0.0,0.0
2025-05-29 04:30:00+00:00,23.25,23.25,23.25,23.25,1000,0.0,0.0
2025-05-29 04:45:00+00:00,23.100000381469727,23.200000762939453,23.100000381469727,23.200000762939453,2000,0.0,0.0
2025-05-29 04:55:00+00:00,23.149999618530273,23.25,23.149999618530273,23.25,3000,0.0,0.0
2025-05-29 05:00:00+00:00,23.299999237060547,23.299999237060547,23.299999237060547,23.299999237060547,1000,0.0,0.0
2025-05-29 05:05:00+00:00,23.200000762939453,23.200000762939453,23.200000762939453,23.200000762939453,3000,0.0,0.0
2025-05-29 05:10:00+00:00,23.25,23.299999237060547,23.25,23.299999237060547,2000,0.0,0.0
2025-05-29 05:15:00+00:00,23.200000762939453,23.25,23.200000762939453,23.200000762939453,3000,0.0,0.0
2025-05-29 05:20:00+00:00,23.25,23.25,23.25,23.25,1000,0.0,0.0
2025-06-02 01:00:00+00:00,23.200000762939453,23.200000762939453,23.0,23.0,0,0.0,0.0
2025-06-02 01:15:00+00:00,23.0,23.0,22.799999237060547,22.799999237060547,9102,0.0,0.0
2025-06-02 01:20:00+00:00,22.799999237060547,22.799999237060547,22.799999237060547,22.799999237060547,3045,0.0,0.0
2025-06-02 01:25:00+00:00,22.799999237060547,22.799999237060547,22.75,22.75,5165,0.0,0.0
2025-06-02 01:35:00+00:00,22.75,22.75,22.75,22.75,1000,0.0,0.0
2025-06-02 01:40:00+00:00,22.75,22.75,22.700000762939453,22.700000762939453,2000,0.0,0.0
2025-06-02 01:45:00+00:00,22.700000762939453,22.700000762939453,22.700000762939453,22.700000762939453,9001,0.0,0.0
2025-06-02 01:55:00+00:00,22.700000762939453,22.700000762939453,22.649999618530273,22.649999618530273,2000,0.0,0.0
2025-06-02 02:00:00+00:00,22.700000762939453,22.700000762939453,22.700000762939453,22.700000762939453,1000,0.0,0.0
2025-06-02 02:05:00+00:00,22.75,22.75,22.75,22.75,1234,0.0,0.0
2025-06-02 02:10:00+00:00,22.75,22.75,22.75,22.75,1000,0.0,0.0
2025-06-02 02:15:00+00:00,22.700000762939453,22.700000762939453,22.700000762939453,22.700000762939453,1000,0.0,0.0
2025-06-02 02:20:00+00:00,22.75,22.75,22.700000762939453,22.700000762939453,4000,0.0,0.0
2025-06-02 02:25:00+00:00,22.75,22.75,22.75,22.75,5000,0.0,0.0
2025-06-02 02:30:00+00:00,22.799999237060547,22.850000381469727,22.75,22.75,4000,0.0,0.0
2025-06-02 02:35:00+00:00,22.700000762939453,22.700000762939453,22.700000762939453,22.700000762939453,3000,0.0,0.0
2025-06-02 02:40:00+00:00,22.799999237060547,22.850000381469727,22.799999237060547,22.850000381469727,2000,0.0,0.0
2025-06-02 02:50:00+00:00,22.75,22.75,22.700000762939453,22.700000762939453,5061,0.0,0.0
2025-06-02 02:55:00+00:00,22.700000762939453,22.700000762939453,22.700000762939453,22.700000762939453,1000,0.0,0.0
2025-06-02 03:00:00+00:00,22.75,22.75,22.700000762939453,22.700000762939453,7000,0.0,0.0
2025-06-02 03:10:00+00:00,22.75,22.75,22.75,22.75,1020,0.0,0.0
2025-06-02 03:15:00+00:00,22.649999618530273,22.700000762939453,22.649999618530273,22.700000762939453,0,0.0,0.0
2025-06-02 03:20:00+00:00,22.700000762939453,22.75,22.700000762939453,22.75,84682,0.0,0.0
2025-06-02 03:25:00+00:00,22.649999618530273,22.649999618530273,22.649999618530273,22.649999618530273,11000,0.0,0.0
2025-06-02 03:30:00+00:00,22.649999618530273,22.649999618530273,22.649999618530273,22.649999618530273,3000,0.0,0.0
2025-06-02 03:45:00+00:00,22.649999618530273,22.700000762939453,22.649999618530273,22.700000762939453,3000,0.0,0.0
2025-06-02 04:10:00+00:00,22.700000762939453,22.700000762939453,22.700000762939453,22.700000762939453,2101,0.0,0.0
2025-06-02 04:30:00+00:00,22.700000762939453,22.700000762939453,22.700000762939453,22.700000762939453,4000,0.0,0.0
2025-06-02 04:40:00+00:00,22.700000762939453,22.75,22.700000762939453,22.75,2050,0.0,0.0
2025-06-02 04:45:00+00:00,22.799999237060547,22.799999237060547,22.799999237060547,22.799999237060547,1000,0.0,0.0
2025-06-02 04:50:00+00:00,22.75,22.75,22.75,22.75,1100,0.0,0.0
2025-06-02 05:00:00+00:00,22.75,22.75,22.75,22.75,1006,0.0,0.0
2025-06-02 05:15:00+00:00,22.75,22.75,22.75,22.75,2000,0.0,0.0
2025-06-02 05:20:00+00:00,22.799999237060547,22.850000381469727,22.75,22.850000381469727,8394,0.0,0.0
2025-06-03 01:00:00+00:00,22.799999237060547,22.799999237060547,22.799999237060547,22.799999237060547,0,0.0,0.0
2025-06-03 01:05:00+00:00,22.799999237060547,22.799999237060547,22.799999237060547,22.799999237060547,5001,0.0,0.0
2025-06-03 01:10:00+00:00,22.799999237060547,22.850000381469727,22.799999237060547,22.850000381469727,9000,0.0,0.0
2025-06-03 01:20:00+00:00,22.899999618530273,22.899999618530273,22.899999618530273,22.899999618530273,3000,0.0,0.0
2025-06-03 01:25:00+00:00,22.799999237060547,22.799999237060547,22.799999237060547,22.799999237060547,1000,0.0,0.0
2025-06-03 01:30:00+00:00,22.75,22.850000381469727,22.75,22.850000381469727,2155,0.0,0.0
2025-06-03 01:35:00+00:00,22.850000381469727,22.850000381469727,22.850000381469727,22.850000381469727,4000,0.0,0.0
2025-06-03 01:50:00+00:00,22.899999618530273,22.950000762939453,22.899999618530273,22.950000762939453,3000,0.0,0.0
2025-06-03 01:55:00+00:00,22.950000762939453,22.950000762939453,22.950000762939453,22.950000762939453,2000,0.0,0.0
2025-06-03 02:00:00+00:00,22.950000762939453,22.950000762939453,22.850000381469727,22.850000381469727,7001,0.0,0.0
2025-06-03 02:10:00+00:00,22.899999618530273,22.899999618530273,22.75,22.75,4001,0.0,0.0
2025-06-03 02:20:00+00:00,22.899999618530273,22.899999618530273,22.899999618530273,22.899999618530273,1020,0.0,0.0
2025-06-03 02:30:00+00:00,22.799999237060547,22.799999237060547,22.799999237060547,22.799999237060547,2000,0.0,0.0
2025-06-03 03:10:00+00:00,22.799999237060547,22.799999237060547,22.799999237060547,22.799999237060547,1000,0.0,0.0
2025-06-03 03:15:00+00:00,22.75,22.75,22.75,22.75,1000,0.0,0.0
2025-06-03 03:25:00+00:00,22.799999237060547,22.799999237060547,22.799999237060547,22.799999237060547,7000,0.0,0.0
2025-06-03 03:35:00+00:00,22.799999237060547,22.799999237060547,22.799999237060547,22.799999237060547,2000,0.0,0.0
2025-06-03 03:40:00+00:00,22.899999618530273,22.899999618530273,22.899999618530273,22.899999618530273,1000,0.0,0.0
2025-06-03 03:50:00+00:00,22.899999618530273,22.899999618530273,22.899999618530273,22.899999618530273,1000,0.0,0.0
2025-06-03 04:00:00+00:00,22.799999237060547,22.799999237060547,22.799999237060547,22.799999237060547,1000,0.0,0.0
2025-06-03 04:05:00+00:00,22.799999237060547,22.799999237060547,22.799999237060547,22.799999237060547,1000,0.0,0.0
2025-06-03 04:15:00+00:00,22.799999237060547,22.799999237060547,22.799999237060547,22.799999237060547,1000,0.0,0.0
2025-06-03 04:20:00+00:00,22.899999618530273,22.899999618530273,22.799999237060547,22.799999237060547,2000,0.0,0.0
2025-06-03 04:25:00+00:00,22.799999237060547,22.799999237060547,22.799999237060547,22.799999237060547,1000,0.0,0.0
2025-06-03 04:35:00+00:00,22.799999237060547,22.799999237060547,22.799999237060547,22.799999237060547,5000,0.0,0.0
2025-06-03 04:40:00+00:00,22.850000381469727,22.850000381469727,22.799999237060547,22.799999237060547,2000,0.0,0.0
2025-06-03 04:45:00+00:00,22.799999237060547,22.799999237060547,22.799999237060547,22.799999237060547,1000,0.0,0.0
2025-06-03 04:50:00+00:00,22.799999237060547,22.799999237060547,22.799999237060547,22.799999237060547,5000,0.0,0.0
2025-06-03 05:00:00+00:00,22.850000381469727,22.850000381469727,22.799999237060547,22.799999237060547,3000,0.0,0.0
2025-06-03 05:05:00+00:00,22.850000381469727,22.850000381469727,22.850000381469727,22.850000381469727,1000,0.0,0.0
2025-06-03 05:10:00+00:00,22.850000381469727,22.850000381469727,22.850000381469727,22.850000381469727,1002,0.0,0.0
2025-06-03 05:15:00+00:00,22.799999237060547,22.799999237060547,22.799999237060547,22.799999237060547,1001,0.0,0.0
2025-06-03 05:20:00+00:00,22.850000381469727,22.850000381469727,22.799999237060547,22.799999237060547,3241,0.0,0.0
2025-06-04 01:00:00+00:00,22.950000762939453,23.100000381469727,22.950000762939453,23.100000381469727,4000,0.0,0.0
2025-06-04 01:05:00+00:00,23.149999618530273,23.149999618530273,23.149999618530273,23.149999618530273,1003,0.0,0.0
2025-06-04 01:10:00+00:00,23.100000381469727,23.149999618530273,23.100000381469727,23.149999618530273,2000,0.0,0.0
2025-06-04 01:40:00+00:00,23.100000381469727,23.100000381469727,23.049999237060547,23.049999237060547,10000,0.0,0.0
2025-06-04 01:50:00+00:00,23.049999237060547,23.049999237060547,23.049999237060547,23.049999237060547,0,0.0,0.0
2025-06-04 02:00:00+00:00,23.100000381469727,23.100000381469727,23.100000381469727,23.100000381469727,20023,0.0,0.0
2025-06-04 02:10:00+00:00,23.100000381469727,23.100000381469727,23.100000381469727,23.100000381469727,1080,0.0,0.0
2025-06-04 02:15:00+00:00,23.100000381469727,23.149999618530273,23.100000381469727,23.149999618530273,9001,0.0,0.0
2025-06-04 02:20:00+00:00,23.149999618530273,23.149999618530273,23.149999618530273,23.149999618530273,2004,0.0,0.0
2025-06-04 02:30:00+00:00,23.149999618530273,23.200000762939453,23.149999618530273,23.149999618530273,9179,0.0,0.0
2025-06-04 02:35:00+00:00,23.149999618530273,23.149999618530273,23.149999618530273,23.149999618530273,1000,0.0,0.0
2025-06-04 02:40:00+00:00,23.200000762939453,23.200000762939453,23.200000762939453,23.200000762939453,2000,0.0,0.0
2025-06-04 03:00:00+00:00,23.149999618530273,23.149999618530273,23.149999618530273,23.149999618530273,1109,0.0,0.0
2025-06-04 03:05:00+00:00,23.200000762939453,23.200000762939453,23.200000762939453,23.200000762939453,1000,0.0,0.0
2025-06-04 03:10:00+00:00,23.200000762939453,23.200000762939453,23.200000762939453,23.200000762939453,3000,0.0,0.0
2025-06-04 03:20:00+00:00,23.200000762939453,23.200000762939453,23.200000762939453,23.200000762939453,26135,0.0,0.0
2025-06-04 03:25:00+00:00,23.25,23.25,23.25,23.25,4020,0.0,0.0
2025-06-04 03:30:00+00:00,23.200000762939453,23.25,23.200000762939453,23.25,4000,0.0,0.0
2025-06-04 03:40:00+00:00,23.200000762939453,23.200000762939453,23.200000762939453,23.200000762939453,1000,0.0,0.0
2025-06-04 03:50:00+00:00,23.100000381469727,23.100000381469727,23.100000381469727,23.100000381469727,3000,0.0,0.0
2025-06-04 04:00:00+00:00,23.100000381469727,23.100000381469727,22.950000762939453,22.950000762939453,29015,0.0,0.0
2025-06-04 04:05:00+00:00,23.0,23.0,23.0,23.0,1357,0.0,0.0
2025-06-04 04:10:00+00:00,23.049999237060547,23.200000762939453,23.049999237060547,23.200000762939453,4000,0.0,0.0
2025-06-04 04:20:00+00:00,23.200000762939453,23.200000762939453,23.200000762939453,23.200000762939453,3000,0.0,0.0
2025-06-04 04:30:00+00:00,23.200000762939453,23.200000762939453,23.200000762939453,23.200000762939453,3000,0.0,0.0
2025-06-04 04:35:00+00:00,23.200000762939453,23.200000762939453,23.200000762939453,23.200000762939453,1000,0.0,0.0
2025-06-04 04:40:00+00:00,23.200000762939453,23.200000762939453,23.200000762939453,23.200000762939453,3065,0.0,0.0
2025-06-04 05:05:00+00:00,23.200000762939453,23.200000762939453,23.200000762939453,23.200000762939453,1180,0.0,0.0
2025-06-04 05:10:00+00:00,23.200000762939453,23.200000762939453,23.200000762939453,23.200000762939453,1000,0.0,0.0
2025-06-04 05:15:00+00:00,23.100000381469727,23.100000381469727,23.100000381469727,23.100000381469727,4000,0.0,0.0
2025-06-04 05:20:00+00:00,23.049999237060547,23.049999237060547,23.049999237060547,23.049999237060547,1213,0.0,0.0
2025-06-05 01:00:00+00:00,23.100000381469727,23.100000381469727,23.100000381469727,23.100000381469727,2000,0.0,0.0
2025-06-05 01:05:00+00:00,23.100000381469727,23.100000381469727,23.100000381469727,23.100000381469727,1013,0.0,0.0
2025-06-05 01:15:00+00:00,23.100000381469727,23.100000381469727,23.100000381469727,23.100000381469727,1128,0.0,0.0
2025-06-05 01:20:00+00:00,23.100000381469727,23.100000381469727,23.100000381469727,23.100000381469727,5000,0.0,0.0
2025-06-05 01:30:00+00:00,23.100000381469727,23.100000381469727,23.100000381469727,23.100000381469727,1000,0.0,0.0
2025-06-05 01:35:00+00:00,23.049999237060547,23.049999237060547,23.049999237060547,23.049999237060547,17000,0.0,0.0
2025-06-05 01:45:00+00:00,23.100000381469727,23.149999618530273,23.100000381469727,23.149999618530273,8000,0.0,0.0
2025-06-05 01:50:00+00:00,23.100000381469727,23.25,23.100000381469727,23.25,5000,0.0,0.0
2025-06-05 02:00:00+00:00,23.25,23.25,23.25,23.25,1000,0.0,0.0
2025-06-05 02:05:00+00:00,23.200000762939453,23.200000762939453,23.149999618530273,23.149999618530273,2201,0.0,0.0
2025-06-05 02:15:00+00:00,23.100000381469727,23.100000381469727,23.0,23.0,37000,0.0,0.0
2025-06-05 02:20:00+00:00,23.0,23.149999618530273,23.0,23.149999618530273,4000,0.0,0.0
2025-06-05 02:30:00+00:00,23.200000762939453,23.200000762939453,23.200000762939453,23.200000762939453,3000,0.0,0.0
2025-06-05 02:40:00+00:00,23.200000762939453,23.200000762939453,23.200000762939453,23.200000762939453,1100,0.0,0.0
2025-06-05 03:10:00+00:00,23.200000762939453,23.200000762939453,23.200000762939453,23.200000762939453,1015,0.0,0.0
2025-06-05 04:05:00+00:00,23.100000381469727,23.100000381469727,23.100000381469727,23.100000381469727,6000,0.0,0.0
2025-06-05 04:10:00+00:00,23.200000762939453,23.200000762939453,23.200000762939453,23.200000762939453,1006,0.0,0.0
2025-06-05 04:25:00+00:00,23.100000381469727,23.100000381469727,23.100000381469727,23.100000381469727,1030,0.0,0.0
2025-06-05 04:35:00+00:00,23.049999237060547,23.049999237060547,23.049999237060547,23.049999237060547,3362,0.0,0.0
2025-06-05 04:40:00+00:00,23.149999618530273,23.149999618530273,23.049999237060547,23.049999237060547,4001,0.0,0.0
2025-06-05 04:45:00+00:00,23.100000381469727,23.100000381469727,23.100000381469727,23.100000381469727,1001,0.0,0.0
2025-06-05 05:10:00+00:00,23.0,23.0,23.0,23.0,1000,0.0,0.0
2025-06-05 05:15:00+00:00,23.049999237060547,23.049999237060547,23.049999237060547,23.049999237060547,8000,0.0,0.0
2025-06-05 05:20:00+00:00,23.0,23.0,23.0,23.0,1802,0.0,0.0
2025-06-06 01:00:00+00:00,23.100000381469727,23.100000381469727,23.100000381469727,23.100000381469727,1000,0.0,0.0
2025-06-06 01:05:00+00:00,23.049999237060547,23.049999237060547,23.0,23.0,6013,0.0,0.0
2025-06-06 01:10:00+00:00,23.100000381469727,23.350000381469727,23.100000381469727,23.100000381469727,18000,0.0,0.0
2025-06-06 01:20:00+00:00,23.350000381469727,23.350000381469727,23.350000381469727,23.350000381469727,2020,0.0,0.0
2025-06-06 01:30:00+00:00,23.350000381469727,23.350000381469727,23.350000381469727,23.350000381469727,1000,0.0,0.0
2025-06-06 01:35:00+00:00,23.149999618530273,23.149999618530273,23.100000381469727,23.100000381469727,2038,0.0,0.0
2025-06-06 01:40:00+00:00,23.149999618530273,23.149999618530273,23.149999618530273,23.149999618530273,2000,0.0,0.0
2025-06-06 01:50:00+00:00,23.100000381469727,23.100000381469727,23.100000381469727,23.100000381469727,3000,0.0,0.0
2025-06-06 02:00:00+00:00,23.299999237060547,23.350000381469727,23.299999237060547,23.350000381469727,14000,0.0,0.0
2025-06-06 02:05:00+00:00,23.299999237060547,23.299999237060547,23.299999237060547,23.299999237060547,3000,0.0,0.0
2025-06-06 02:10:00+00:00,23.299999237060547,23.299999237060547,23.299999237060547,23.299999237060547,2000,0.0,0.0
2025-06-06 02:20:00+00:00,23.299999237060547,23.299999237060547,23.299999237060547,23.299999237060547,1000,0.0,0.0
2025-06-06 02:35:00+00:00,23.100000381469727,23.100000381469727,23.100000381469727,23.100000381469727,1002,0.0,0.0
2025-06-06 03:00:00+00:00,23.299999237060547,23.299999237060547,23.299999237060547,23.299999237060547,17000,0.0,0.0
2025-06-06 03:20:00+00:00,23.299999237060547,23.299999237060547,23.299999237060547,23.299999237060547,0,0.0,0.0
2025-06-06 03:25:00+00:00,23.200000762939453,23.200000762939453,23.200000762939453,23.200000762939453,76073,0.0,0.0
2025-06-06 03:30:00+00:00,23.25,23.25,23.200000762939453,23.200000762939453,2001,0.0,0.0
2025-06-06 04:00:00+00:00,23.25,23.350000381469727,23.25,23.350000381469727,13104,0.0,0.0
2025-06-06 04:05:00+00:00,23.299999237060547,23.299999237060547,23.299999237060547,23.299999237060547,1000,0.0,0.0
2025-06-06 04:10:00+00:00,23.350000381469727,23.350000381469727,23.350000381469727,23.350000381469727,3015,0.0,0.0
2025-06-06 04:15:00+00:00,23.350000381469727,23.350000381469727,23.350000381469727,23.350000381469727,1001,0.0,0.0
2025-06-06 04:35:00+00:00,23.299999237060547,23.350000381469727,23.299999237060547,23.350000381469727,4001,0.0,0.0
2025-06-06 04:50:00+00:00,23.299999237060547,23.299999237060547,23.25,23.25,3030,0.0,0.0
2025-06-06 05:05:00+00:00,23.25,23.25,23.25,23.25,2000,0.0,0.0
2025-06-06 05:15:00+00:00,23.25,23.25,23.200000762939453,23.200000762939453,4000,0.0,0.0
2025-06-06 05:20:00+00:00,23.25,23.25,23.25,23.25,14202,0.0,0.0
2025-06-09 01:00:00+00:00,23.299999237060547,23.299999237060547,23.25,23.25,0,0.0,0.0
2025-06-09 01:10:00+00:00,23.149999618530273,23.299999237060547,23.0,23.299999237060547,44166,0.0,0.0
2025-06-09 01:15:00+00:00,23.049999237060547,23.149999618530273,23.049999237060547,23.149999618530273,6000,0.0,0.0
2025-06-09 01:20:00+00:00,23.149999618530273,23.200000762939453,23.149999618530273,23.200000762939453,6000,0.0,0.0
2025-06-09 01:25:00+00:00,23.100000381469727,23.100000381469727,23.100000381469727,23.100000381469727,1000,0.0,0.0
2025-06-09 01:30:00+00:00,23.100000381469727,23.200000762939453,23.0,23.0,15000,0.0,0.0
2025-06-09 01:35:00+00:00,23.0,23.0,23.0,23.0,14279,0.0,0.0
2025-06-09 01:40:00+00:00,23.100000381469727,23.25,22.950000762939453,22.950000762939453,16010,0.0,0.0
2025-06-09 01:50:00+00:00,23.0,23.049999237060547,22.950000762939453,23.049999237060547,9000,0.0,0.0
2025-06-09 01:55:00+00:00,22.950000762939453,23.0,22.899999618530273,23.0,16096,0.0,0.0
2025-06-09 02:00:00+00:00,23.0,23.149999618530273,22.950000762939453,22.950000762939453,23353,0.0,0.0
2025-06-09 02:05:00+00:00,22.899999618530273,22.950000762939453,22.850000381469727,22.850000381469727,8000,0.0,0.0
2025-06-09 02:10:00+00:00,22.850000381469727,22.850000381469727,22.850000381469727,22.850000381469727,1000,0.0,0.0
2025-06-09 02:20:00+00:00,22.850000381469727,22.950000762939453,22.850000381469727,22.950000762939453,11000,0.0,0.0
2025-06-09 02:25:00+00:00,22.850000381469727,22.850000381469727,22.850000381469727,22.850000381469727,1000,0.0,0.0
2025-06-09 02:30:00+00:00,22.950000762939453,22.950000762939453,22.950000762939453,22.950000762939453,2001,0.0,0.0
2025-06-09 02:35:00+00:00,22.899999618530273,22.899999618530273,22.850000381469727,22.850000381469727,2000,0.0,0.0
2025-06-09 02:40:00+00:00,22.799999237060547,22.799999237060547,22.799999237060547,22.799999237060547,1000,0.0,0.0
2025-06-09 02:45:00+00:00,22.850000381469727,22.850000381469727,22.850000381469727,22.850000381469727,1000,0.0,0.0
2025-06-09 02:50:00+00:00,22.950000762939453,22.950000762939453,22.799999237060547,22.799999237060547,6000,0.0,0.0
2025-06-09 02:55:00+00:00,22.850000381469727,22.850000381469727,22.850000381469727,22.850000381469727,2000,0.0,0.0
2025-06-09 03:00:00+00:00,22.950000762939453,23.100000381469727,22.950000762939453,23.049999237060547,17000,0.0,0.0
2025-06-09 03:10:00+00:00,23.049999237060547,23.049999237060547,23.0,23.049999237060547,6001,0.0,0.0
2025-06-09 03:20:00+00:00,23.0,23.0,23.0,23.0,1001,0.0,0.0
2025-06-09 03:35:00+00:00,22.899999618530273,22.899999618530273,22.899999618530273,22.899999618530273,4045,0.0,0.0
2025-06-09 04:00:00+00:00,22.899999618530273,23.049999237060547,22.899999618530273,23.049999237060547,11500,0.0,0.0
2025-06-09 04:15:00+00:00,22.850000381469727,22.850000381469727,22.850000381469727,22.850000381469727,1001,0.0,0.0
2025-06-09 04:25:00+00:00,22.850000381469727,22.850000381469727,22.850000381469727,22.850000381469727,1002,0.0,0.0
2025-06-09 04:40:00+00:00,23.0,23.0,23.0,23.0,1040,0.0,0.0
2025-06-09 04:50:00+00:00,23.0,23.0,22.899999618530273,22.899999618530273,3000,0.0,0.0
2025-06-09 04:55:00+00:00,22.899999618530273,22.899999618530273,22.899999618530273,22.899999618530273,1000,0.0,0.0
2025-06-09 05:00:00+00:00,22.899999618530273,22.899999618530273,22.899999618530273,22.899999618530273,1148,0.0,0.0
2025-06-09 05:15:00+00:00,22.899999618530273,22.899999618530273,22.899999618530273,22.899999618530273,1000,0.0,0.0
2025-06-09 05:20:00+00:00,22.899999618530273,22.899999618530273,22.850000381469727,22.850000381469727,2403,0.0,0.0
2025-06-10 01:00:00+00:00,23.0,23.0,23.0,23.0,1755,0.0,0.0
2025-06-10 01:20:00+00:00,23.0,23.049999237060547,23.0,23.049999237060547,13001,0.0,0.0
2025-06-10 01:30:00+00:00,23.100000381469727,23.149999618530273,23.100000381469727,23.100000381469727,7000,0.0,0.0
2025-06-10 01:40:00+00:00,23.100000381469727,23.100000381469727,23.100000381469727,23.100000381469727,6000,0.0,0.0
2025-06-10 01:45:00+00:00,23.100000381469727,23.100000381469727,23.100000381469727,23.100000381469727,3000,0.0,0.0
2025-06-10 01:50:00+00:00,23.149999618530273,23.149999618530273,23.149999618530273,23.149999618530273,5000,0.0,0.0
2025-06-10 01:55:00+00:00,23.149999618530273,23.149999618530273,23.149999618530273,23.149999618530273,12000,0.0,0.0
2025-06-10 02:00:00+00:00,23.200000762939453,23.200000762939453,23.100000381469727,23.100000381469727,6000,0.0,0.0
2025-06-10 02:05:00+00:00,23.149999618530273,23.25,23.149999618530273,23.200000762939453,12519,0.0,0.0
2025-06-10 02:10:00+00:00,23.149999618530273,23.25,23.149999618530273,23.25,4000,0.0,0.0
2025-06-10 02:15:00+00:00,23.200000762939453,23.200000762939453,23.200000762939453,23.200000762939453,2000,0.0,0.0
2025-06-10 02:20:00+00:00,23.200000762939453,23.200000762939453,23.200000762939453,23.200000762939453,1000,0.0,0.0
2025-06-10 02:25:00+00:00,23.200000762939453,23.200000762939453,23.200000762939453,23.200000762939453,3001,0.0,0.0
2025-06-10 02:30:00+00:00,23.25,23.25,23.25,23.25,2050,0.0,0.0
2025-06-10 02:40:00+00:00,23.25,23.25,23.25,23.25,1000,0.0,0.0
2025-06-10 02:45:00+00:00,23.25,23.25,23.25,23.25,1025,0.0,0.0
2025-06-10 02:50:00+00:00,23.25,23.25,23.25,23.25,1000,0.0,0.0
2025-06-10 03:05:00+00:00,23.200000762939453,23.200000762939453,23.200000762939453,23.200000762939453,5000,0.0,0.0
2025-06-10 03:25:00+00:00,23.100000381469727,23.100000381469727,23.100000381469727,23.100000381469727,20038,0.0,0.0
2025-06-10 03:35:00+00:00,23.200000762939453,23.200000762939453,23.200000762939453,23.200000762939453,8000,0.0,0.0
2025-06-10 03:40:00+00:00,23.25,23.25,23.25,23.25,2461,0.0,0.0
2025-06-10 03:55:00+00:00,23.149999618530273,23.149999618530273,23.149999618530273,23.149999618530273,5000,0.0,0.0
2025-06-10 04:00:00+00:00,23.200000762939453,23.200000762939453,23.100000381469727,23.100000381469727,3000,0.0,0.0
2025-06-10 04:30:00+00:00,23.100000381469727,23.100000381469727,23.100000381469727,23.100000381469727,2039,0.0,0.0
2025-06-10 04:40:00+00:00,23.200000762939453,23.200000762939453,23.200000762939453,23.200000762939453,17009,0.0,0.0
2025-06-10 05:05:00+00:00,23.100000381469727,23.149999618530273,23.100000381469727,23.149999618530273,7000,0.0,0.0
2025-06-10 05:10:00+00:00,23.149999618530273,23.149999618530273,23.149999618530273,23.149999618530273,1000,0.0,0.0
2025-06-10 05:20:00+00:00,23.200000762939453,23.200000762939453,23.200000762939453,23.200000762939453,9010,0.0,0.0
2025-06-11 01:00:00+00:00,23.100000381469727,23.100000381469727,23.049999237060547,23.049999237060547,4014,0.0,0.0
2025-06-11 01:10:00+00:00,23.0,23.0,23.0,23.0,1000,0.0,0.0
2025-06-11 01:15:00+00:00,23.049999237060547,23.049999237060547,23.049999237060547,23.049999237060547,3000,0.0,0.0
2025-06-11 01:25:00+00:00,23.049999237060547,23.049999237060547,23.049999237060547,23.049999237060547,6020,0.0,0.0
2025-06-11 01:30:00+00:00,23.100000381469727,23.100000381469727,23.100000381469727,23.100000381469727,1003,0.0,0.0
2025-06-11 01:40:00+00:00,23.100000381469727,23.100000381469727,23.100000381469727,23.100000381469727,3000,0.0,0.0
2025-06-11 01:45:00+00:00,23.049999237060547,23.049999237060547,23.049999237060547,23.049999237060547,4000,0.0,0.0
2025-06-11 01:50:00+00:00,23.0,23.0,23.0,23.0,1000,0.0,0.0
2025-06-11 02:00:00+00:00,23.100000381469727,23.100000381469727,23.100000381469727,23.100000381469727,2000,0.0,0.0
2025-06-11 02:05:00+00:00,23.0,23.0,22.950000762939453,22.950000762939453,20000,0.0,0.0
2025-06-11 02:10:00+00:00,23.049999237060547,23.100000381469727,23.049999237060547,23.100000381469727,3022,0.0,0.0
2025-06-11 02:20:00+00:00,23.100000381469727,23.100000381469727,23.100000381469727,23.100000381469727,1020,0.0,0.0
2025-06-11 02:40:00+00:00,23.100000381469727,23.100000381469727,23.100000381469727,23.100000381469727,1146,0.0,0.0
2025-06-11 02:55:00+00:00,23.0,23.0,23.0,23.0,2000,0.0,0.0
2025-06-11 03:00:00+00:00,23.0,23.0,22.899999618530273,22.899999618530273,34000,0.0,0.0
2025-06-11 03:05:00+00:00,22.899999618530273,22.899999618530273,22.899999618530273,22.899999618530273,1000,0.0,0.0
2025-06-11 03:10:00+00:00,23.0,23.0,23.0,23.0,6020,0.0,0.0
2025-06-11 03:15:00+00:00,22.850000381469727,22.850000381469727,22.850000381469727,22.850000381469727,1000,0.0,0.0
2025-06-11 03:20:00+00:00,22.899999618530273,22.899999618530273,22.899999618530273,22.899999618530273,3000,0.0,0.0
2025-06-11 03:25:00+00:00,22.899999618530273,22.950000762939453,22.899999618530273,22.950000762939453,0,0.0,0.0
2025-06-11 03:30:00+00:00,22.950000762939453,23.0,22.950000762939453,23.0,107245,0.0,0.0
2025-06-11 03:40:00+00:00,23.0,23.0,23.0,23.0,1008,0.0,0.0
2025-06-11 03:45:00+00:00,22.899999618530273,22.899999618530273,22.899999618530273,22.899999618530273,2000,0.0,0.0
2025-06-11 03:55:00+00:00,23.0,23.0,23.0,23.0,17000,0.0,0.0
2025-06-11 04:00:00+00:00,23.0,23.049999237060547,23.0,23.049999237060547,3000,0.0,0.0
2025-06-11 04:20:00+00:00,23.049999237060547,23.049999237060547,23.049999237060547,23.049999237060547,4000,0.0,0.0
2025-06-11 04:30:00+00:00,23.100000381469727,23.100000381469727,23.100000381469727,23.100000381469727,1000,0.0,0.0
2025-06-11 04:40:00+00:00,23.049999237060547,23.049999237060547,23.049999237060547,23.049999237060547,1000,0.0,0.0
2025-06-11 04:55:00+00:00,23.049999237060547,23.049999237060547,23.049999237060547,23.049999237060547,1000,0.0,0.0
2025-06-11 05:00:00+00:00,23.0,23.0,23.0,23.0,5000,0.0,0.0
2025-06-11 05:10:00+00:00,23.0,23.0,22.950000762939453,23.0,5200,0.0,0.0
2025-06-11 05:20:00+00:00,22.950000762939453,22.950000762939453,22.950000762939453,22.950000762939453,4202,0.0,0.0
2025-06-12 01:00:00+00:00,23.100000381469727,23.100000381469727,22.950000762939453,22.950000762939453,4013,0.0,0.0
2025-06-12 01:10:00+00:00,22.950000762939453,22.950000762939453,22.950000762939453,22.950000762939453,6000,0.0,0.0
2025-06-12 01:20:00+00:00,23.0,23.0,23.0,23.0,5000,0.0,0.0
2025-06-12 01:30:00+00:00,23.0,23.0,23.0,23.0,2001,0.0,0.0
2025-06-12 01:45:00+00:00,22.950000762939453,22.950000762939453,22.950000762939453,22.950000762939453,1120,0.0,0.0
2025-06-12 01:55:00+00:00,22.950000762939453,22.950000762939453,22.950000762939453,22.950000762939453,3000,0.0,0.0
2025-06-12 02:00:00+00:00,22.950000762939453,22.950000762939453,22.899999618530273,22.899999618530273,4000,0.0,0.0
2025-06-12 02:05:00+00:00,22.899999618530273,22.899999618530273,22.899999618530273,22.899999618530273,2001,0.0,0.0
2025-06-12 02:10:00+00:00,22.950000762939453,22.950000762939453,22.950000762939453,22.950000762939453,1000,0.0,0.0
2025-06-12 02:20:00+00:00,22.950000762939453,22.950000762939453,22.950000762939453,22.950000762939453,2011,0.0,0.0
2025-06-12 02:35:00+00:00,22.950000762939453,22.950000762939453,22.950000762939453,22.950000762939453,1300,0.0,0.0
2025-06-12 02:50:00+00:00,22.950000762939453,22.950000762939453,22.950000762939453,22.950000762939453,1036,0.0,0.0
2025-06-12 03:10:00+00:00,23.0,23.049999237060547,23.0,23.049999237060547,13050,0.0,0.0
2025-06-12 03:25:00+00:00,22.950000762939453,23.049999237060547,22.950000762939453,23.049999237060547,5000,0.0,0.0
2025-06-12 03:30:00+00:00,23.049999237060547,23.049999237060547,23.049999237060547,23.049999237060547,1000,0.0,0.0
2025-06-12 03:40:00+00:00,23.049999237060547,23.049999237060547,23.049999237060547,23.049999237060547,1000,0.0,0.0
2025-06-12 03:45:00+00:00,22.950000762939453,22.950000762939453,22.899999618530273,22.899999618530273,15000,0.0,0.0
2025-06-12 03:50:00+00:00,23.0,23.0,23.0,23.0,3001,0.0,0.0
2025-06-12 04:25:00+00:00,22.899999618530273,22.899999618530273,22.899999618530273,22.899999618530273,1000,0.0,0.0
2025-06-12 04:45:00+00:00,22.899999618530273,22.899999618530273,22.899999618530273,22.899999618530273,1000,0.0,0.0
2025-06-12 05:00:00+00:00,22.950000762939453,22.950000762939453,22.950000762939453,22.950000762939453,1000,0.0,0.0
2025-06-12 05:05:00+00:00,22.899999618530273,22.899999618530273,22.899999618530273,22.899999618530273,1000,0.0,0.0
2025-06-12 05:10:00+00:00,22.950000762939453,22.950000762939453,22.950000762939453,22.950000762939453,1000,0.0,0.0
2025-06-12 05:20:00+00:00,22.950000762939453,22.950000762939453,22.950000762939453,22.950000762939453,1204,0.0,0.0
2025-06-13 01:00:00+00:00,22.799999237060547,22.799999237060547,22.799999237060547,22.799999237060547,6000,0.0,0.0
2025-06-13 01:05:00+00:00,22.700000762939453,22.799999237060547,22.649999618530273,22.799999237060547,26015,0.0,0.0
2025-06-13 01:10:00+00:00,22.850000381469727,22.850000381469727,22.700000762939453,22.700000762939453,4000,0.0,0.0
2025-06-13 01:20:00+00:00,22.850000381469727,22.850000381469727,22.649999618530273,22.649999618530273,15000,0.0,0.0
2025-06-13 01:25:00+00:00,22.649999618530273,22.649999618530273,22.600000381469727,22.600000381469727,9012,0.0,0.0
2025-06-13 01:30:00+00:00,22.75,22.75,22.649999618530273,22.649999618530273,3008,0.0,0.0
2025-06-13 01:35:00+00:00,22.649999618530273,22.649999618530273,22.649999618530273,22.649999618530273,1001,0.0,0.0
2025-06-13 01:40:00+00:00,22.799999237060547,22.799999237060547,22.799999237060547,22.799999237060547,2000,0.0,0.0
2025-06-13 01:45:00+00:00,22.799999237060547,22.799999237060547,22.799999237060547,22.799999237060547,1000,0.0,0.0
2025-06-13 01:50:00+00:00,22.799999237060547,22.799999237060547,22.799999237060547,22.799999237060547,1000,0.0,0.0
2025-06-13 01:55:00+00:00,22.799999237060547,22.799999237060547,22.799999237060547,22.799999237060547,9000,0.0,0.0
2025-06-13 02:00:00+00:00,22.799999237060547,22.799999237060547,22.799999237060547,22.799999237060547,5000,0.0,0.0
2025-06-13 02:20:00+00:00,22.899999618530273,22.899999618530273,22.799999237060547,22.799999237060547,5000,0.0,0.0
2025-06-13 02:30:00+00:00,22.75,22.75,22.649999618530273,22.649999618530273,17001,0.0,0.0
2025-06-13 02:35:00+00:00,22.649999618530273,22.649999618530273,22.649999618530273,22.649999618530273,9000,0.0,0.0
2025-06-13 02:40:00+00:00,22.600000381469727,22.600000381469727,22.600000381469727,22.600000381469727,5103,0.0,0.0
2025-06-13 02:50:00+00:00,22.600000381469727,22.600000381469727,22.600000381469727,22.600000381469727,1000,0.0,0.0
2025-06-13 02:55:00+00:00,22.700000762939453,22.700000762939453,22.649999618530273,22.649999618530273,9000,0.0,0.0
2025-06-13 03:00:00+00:00,22.75,22.75,22.75,22.75,2000,0.0,0.0
2025-06-13 03:05:00+00:00,22.649999618530273,22.649999618530273,22.649999618530273,22.649999618530273,5000,0.0,0.0
2025-06-13 03:10:00+00:00,22.600000381469727,22.600000381469727,22.600000381469727,22.600000381469727,2000,0.0,0.0
2025-06-13 03:20:00+00:00,22.75,22.799999237060547,22.649999618530273,22.649999618530273,5010,0.0,0.0
2025-06-13 03:30:00+00:00,22.799999237060547,22.799999237060547,22.799999237060547,22.799999237060547,1000,0.0,0.0
2025-06-13 03:35:00+00:00,22.649999618530273,22.649999618530273,22.649999618530273,22.649999618530273,2012,0.0,0.0
2025-06-13 04:00:00+00:00,22.649999618530273,22.649999618530273,22.600000381469727,22.600000381469727,19807,0.0,0.0
2025-06-13 04:05:00+00:00,22.600000381469727,22.600000381469727,22.600000381469727,22.600000381469727,8000,0.0,0.0
2025-06-13 04:10:00+00:00,22.700000762939453,22.75,22.700000762939453,22.75,4000,0.0,0.0
2025-06-13 04:20:00+00:00,22.700000762939453,22.700000762939453,22.700000762939453,22.700000762939453,2000,0.0,0.0
2025-06-13 04:30:00+00:00,22.600000381469727,22.600000381469727,22.600000381469727,22.600000381469727,2001,0.0,0.0
2025-06-13 04:40:00+00:00,22.700000762939453,22.700000762939453,22.700000762939453,22.700000762939453,1084,0.0,0.0
2025-06-13 04:50:00+00:00,22.600000381469727,22.600000381469727,22.600000381469727,22.600000381469727,15032,0.0,0.0
2025-06-13 04:55:00+00:00,22.600000381469727,22.600000381469727,22.549999237060547,22.600000381469727,15000,0.0,0.0
2025-06-13 05:00:00+00:00,22.700000762939453,22.700000762939453,22.700000762939453,22.700000762939453,3000,0.0,0.0
2025-06-13 05:05:00+00:00,22.700000762939453,22.700000762939453,22.700000762939453,22.700000762939453,2000,0.0,0.0
2025-06-13 05:15:00+00:00,22.600000381469727,22.600000381469727,22.600000381469727,22.600000381469727,3186,0.0,0.0
2025-06-13 05:20:00+00:00,22.600000381469727,22.600000381469727,22.600000381469727,22.600000381469727,1403,0.0,0.0
2025-06-16 01:00:00+00:00,22.600000381469727,22.600000381469727,22.100000381469727,22.100000381469727,40000,0.0,0.0
2025-06-16 01:05:00+00:00,22.200000762939453,22.25,22.200000762939453,22.25,12195,0.0,0.0
2025-06-16 01:10:00+00:00,22.399999618530273,22.399999618530273,22.399999618530273,22.399999618530273,5164,0.0,0.0
2025-06-16 01:15:00+00:00,22.399999618530273,22.399999618530273,22.399999618530273,22.399999618530273,1001,0.0,0.0
2025-06-16 01:20:00+00:00,22.5,22.5,22.399999618530273,22.399999618530273,4000,0.0,0.0
2025-06-16 01:30:00+00:00,22.5,22.549999237060547,22.5,22.549999237060547,2000,0.0,0.0
2025-06-16 01:45:00+00:00,22.399999618530273,22.399999618530273,22.399999618530273,22.399999618530273,1300,0.0,0.0
2025-06-16 02:05:00+00:00,22.399999618530273,22.399999618530273,22.399999618530273,22.399999618530273,2000,0.0,0.0
2025-06-16 02:10:00+00:00,22.5,22.5,22.5,22.5,1000,0.0,0.0
2025-06-16 02:45:00+00:00,22.399999618530273,22.399999618530273,22.399999618530273,22.399999618530273,3002,0.0,0.0
2025-06-16 03:15:00+00:00,22.399999618530273,22.450000762939453,22.399999618530273,22.450000762939453,5000,0.0,0.0
2025-06-16 03:20:00+00:00,22.5,22.5,22.5,22.5,1000,0.0,0.0
2025-06-16 03:35:00+00:00,22.399999618530273,22.399999618530273,22.200000762939453,22.200000762939453,30001,0.0,0.0
2025-06-16 03:40:00+00:00,22.450000762939453,22.450000762939453,22.450000762939453,22.450000762939453,1000,0.0,0.0
2025-06-16 03:50:00+00:00,22.450000762939453,22.5,22.450000762939453,22.5,5000,0.0,0.0
2025-06-16 04:00:00+00:00,22.549999237060547,22.549999237060547,22.549999237060547,22.549999237060547,1001,0.0,0.0
2025-06-16 04:15:00+00:00,22.5,22.5,22.5,22.5,2000,0.0,0.0
2025-06-16 04:20:00+00:00,22.450000762939453,22.549999237060547,22.450000762939453,22.549999237060547,13002,0.0,0.0
2025-06-16 05:05:00+00:00,22.549999237060547,22.549999237060547,22.549999237060547,22.549999237060547,1000,0.0,0.0
2025-06-16 05:10:00+00:00,22.549999237060547,22.549999237060547,22.549999237060547,22.549999237060547,1901,0.0,0.0
2025-06-17 01:00:00+00:00,22.399999618530273,22.450000762939453,22.399999618530273,22.450000762939453,6000,0.0,0.0
2025-06-17 01:05:00+00:00,22.399999618530273,22.5,22.399999618530273,22.5,12021,0.0,0.0
2025-06-17 01:10:00+00:00,22.549999237060547,22.549999237060547,22.549999237060547,22.549999237060547,1001,0.0,0.0
2025-06-17 01:35:00+00:00,22.5,22.5,22.5,22.5,1002,0.0,0.0
2025-06-17 01:40:00+00:00,22.5,22.5,22.5,22.5,1002,0.0,0.0
2025-06-17 01:45:00+00:00,22.5,22.5,22.5,22.5,1331,0.0,0.0
2025-06-17 01:55:00+00:00,22.450000762939453,22.5,22.450000762939453,22.5,7000,0.0,0.0
2025-06-17 02:00:00+00:00,22.5,22.5,22.450000762939453,22.450000762939453,6001,0.0,0.0
2025-06-17 02:10:00+00:00,22.450000762939453,22.450000762939453,22.350000381469727,22.350000381469727,19121,0.0,0.0
2025-06-17 02:15:00+00:00,22.350000381469727,22.350000381469727,22.350000381469727,22.350000381469727,1000,0.0,0.0
2025-06-17 02:20:00+00:00,22.350000381469727,22.399999618530273,22.350000381469727,22.399999618530273,3000,0.0,0.0
2025-06-17 02:25:00+00:00,22.399999618530273,22.399999618530273,22.399999618530273,22.399999618530273,1000,0.0,0.0
2025-06-17 02:35:00+00:00,22.350000381469727,22.350000381469727,22.350000381469727,22.350000381469727,3000,0.0,0.0
2025-06-17 02:40:00+00:00,22.399999618530273,22.399999618530273,22.399999618530273,22.399999618530273,1000,0.0,0.0
2025-06-17 02:45:00+00:00,22.299999237060547,22.299999237060547,22.299999237060547,22.299999237060547,10000,0.0,0.0
2025-06-17 02:50:00+00:00,22.399999618530273,22.399999618530273,22.399999618530273,22.399999618530273,2000,0.0,0.0
2025-06-17 02:55:00+00:00,22.25,22.25,22.25,22.25,14000,0.0,0.0
2025-06-17 03:00:00+00:00,22.25,22.350000381469727,22.25,22.350000381469727,12000,0.0,0.0
2025-06-17 03:10:00+00:00,22.350000381469727,22.350000381469727,22.350000381469727,22.350000381469727,2005,0.0,0.0
2025-06-17 03:25:00+00:00,22.299999237060547,22.299999237060547,22.299999237060547,22.299999237060547,1006,0.0,0.0
2025-06-17 03:35:00+00:00,22.350000381469727,22.350000381469727,22.350000381469727,22.350000381469727,1000,0.0,0.0
2025-06-17 03:40:00+00:00,22.350000381469727,22.350000381469727,22.350000381469727,22.350000381469727,5000,0.0,0.0
2025-06-17 03:50:00+00:00,22.399999618530273,22.399999618530273,22.399999618530273,22.399999618530273,1100,0.0,0.0
2025-06-17 04:20:00+00:00,22.350000381469727,22.350000381469727,22.350000381469727,22.350000381469727,1000,0.0,0.0
2025-06-17 04:25:00+00:00,22.299999237060547,22.299999237060547,22.299999237060547,22.299999237060547,1000,0.0,0.0
2025-06-17 04:30:00+00:00,22.299999237060547,22.350000381469727,22.299999237060547,22.350000381469727,2012,0.0,0.0
2025-06-17 04:40:00+00:00,22.299999237060547,22.299999237060547,22.299999237060547,22.299999237060547,2000,0.0,0.0
2025-06-17 04:50:00+00:00,22.25,22.25,22.25,22.25,20000,0.0,0.0
2025-06-17 05:00:00+00:00,22.299999237060547,22.299999237060547,22.299999237060547,22.299999237060547,1001,0.0,0.0
2025-06-17 05:05:00+00:00,22.299999237060547,22.299999237060547,22.299999237060547,22.299999237060547,1000,0.0,0.0
2025-06-17 05:10:00+00:00,22.350000381469727,22.350000381469727,22.350000381469727,22.350000381469727,3001,0.0,0.0
2025-06-17 05:15:00+00:00,22.299999237060547,22.350000381469727,22.299999237060547,22.350000381469727,6027,0.0,0.0
2025-06-18 01:00:00+00:00,22.399999618530273,22.399999618530273,22.399999618530273,22.399999618530273,1000,0.0,0.0
2025-06-18 01:05:00+00:00,22.25,22.25,22.25,22.25,3597,0.0,0.0
2025-06-18 01:15:00+00:00,22.25,22.25,22.25,22.25,2000,0.0,0.0
2025-06-18 01:35:00+00:00,22.25,22.25,22.25,22.25,2000,0.0,0.0
2025-06-18 01:40:00+00:00,22.299999237060547,22.299999237060547,22.299999237060547,22.299999237060547,1001,0.0,0.0
2025-06-18 02:10:00+00:00,22.299999237060547,22.350000381469727,22.299999237060547,22.350000381469727,5000,0.0,0.0
2025-06-18 02:30:00+00:00,22.350000381469727,22.350000381469727,22.350000381469727,22.350000381469727,1100,0.0,0.0
2025-06-18 02:35:00+00:00,22.399999618530273,22.450000762939453,22.399999618530273,22.450000762939453,11000,0.0,0.0
2025-06-18 02:40:00+00:00,22.450000762939453,22.450000762939453,22.450000762939453,22.450000762939453,2000,0.0,0.0
2025-06-18 02:45:00+00:00,22.450000762939453,22.450000762939453,22.399999618530273,22.399999618530273,7000,0.0,0.0
2025-06-18 02:50:00+00:00,22.5,22.5,22.5,22.5,10000,0.0,0.0
2025-06-18 02:55:00+00:00,22.5,22.600000381469727,22.5,22.600000381469727,5500,0.0,0.0
2025-06-18 03:15:00+00:00,22.600000381469727,22.600000381469727,22.600000381469727,22.600000381469727,2000,0.0,0.0
2025-06-18 03:30:00+00:00,22.600000381469727,22.649999618530273,22.600000381469727,22.649999618530273,4000,0.0,0.0
2025-06-18 03:45:00+00:00,22.600000381469727,22.600000381469727,22.600000381469727,22.600000381469727,1000,0.0,0.0
2025-06-18 04:00:00+00:00,22.549999237060547,22.549999237060547,22.549999237060547,22.549999237060547,1000,0.0,0.0
2025-06-18 04:05:00+00:00,22.5,22.5,22.450000762939453,22.450000762939453,12000,0.0,0.0
2025-06-18 04:10:00+00:00,22.5,22.549999237060547,22.5,22.549999237060547,2000,0.0,0.0
2025-06-18 04:30:00+00:00,22.399999618530273,22.5,22.399999618530273,22.5,3000,0.0,0.0
2025-06-18 05:00:00+00:00,22.350000381469727,22.350000381469727,22.299999237060547,22.299999237060547,3006,0.0,0.0
2025-06-18 05:05:00+00:00,22.299999237060547,22.299999237060547,22.299999237060547,22.299999237060547,2000,0.0,0.0
2025-06-18 05:10:00+00:00,22.350000381469727,22.450000762939453,22.299999237060547,22.299999237060547,5000,0.0,0.0
2025-06-18 05:15:00+00:00,22.299999237060547,22.299999237060547,22.25,22.25,2000,0.0,0.0
2025-06-18 05:20:00+00:00,22.350000381469727,22.450000762939453,22.350000381469727,22.450000762939453,2403,0.0,0.0
2025-06-19 01:00:00+00:00,22.450000762939453,22.450000762939453,22.450000762939453,22.450000762939453,0,0.0,0.0
2025-06-19 01:05:00+00:00,22.450000762939453,22.450000762939453,22.450000762939453,22.450000762939453,4000,0.0,0.0
2025-06-19 01:10:00+00:00,22.399999618530273,22.399999618530273,22.399999618530273,22.399999618530273,0,0.0,0.0
2025-06-19 01:15:00+00:00,22.399999618530273,22.399999618530273,22.350000381469727,22.399999618530273,12155,0.0,0.0
2025-06-19 01:25:00+00:00,22.350000381469727,22.350000381469727,22.350000381469727,22.350000381469727,1050,0.0,0.0
2025-06-19 01:30:00+00:00,22.299999237060547,22.299999237060547,22.299999237060547,22.299999237060547,3001,0.0,0.0
2025-06-19 01:35:00+00:00,22.299999237060547,22.299999237060547,22.299999237060547,22.299999237060547,2000,0.0,0.0
2025-06-19 01:40:00+00:00,22.25,22.299999237060547,22.25,22.299999237060547,8000,0.0,0.0
2025-06-19 01:45:00+00:00,22.25,22.25,22.200000762939453,22.200000762939453,34000,0.0,0.0
2025-06-19 01:50:00+00:00,22.350000381469727,22.5,22.350000381469727,22.5,6000,0.0,0.0
2025-06-19 01:55:00+00:00,22.25,22.350000381469727,22.25,22.350000381469727,6002,0.0,0.0
2025-06-19 02:00:00+00:00,22.399999618530273,22.399999618530273,22.399999618530273,22.399999618530273,3000,0.0,0.0
2025-06-19 02:10:00+00:00,22.450000762939453,22.450000762939453,22.450000762939453,22.450000762939453,1000,0.0,0.0
2025-06-19 02:15:00+00:00,22.299999237060547,22.299999237060547,22.299999237060547,22.299999237060547,1000,0.0,0.0
2025-06-19 02:20:00+00:00,22.299999237060547,22.299999237060547,22.299999237060547,22.299999237060547,1005,0.0,0.0
2025-06-19 02:30:00+00:00,22.299999237060547,22.399999618530273,22.299999237060547,22.399999618530273,3000,0.0,0.0
2025-06-19 02:35:00+00:00,22.25,22.25,22.25,22.25,5000,0.0,0.0
2025-06-19 02:50:00+00:00,22.299999237060547,22.299999237060547,22.299999237060547,22.299999237060547,1000,0.0,0.0
2025-06-19 03:00:00+00:00,22.299999237060547,22.299999237060547,22.299999237060547,22.299999237060547,1000,0.0,0.0
2025-06-19 03:05:00+00:00,22.25,22.350000381469727,22.25,22.350000381469727,12000,0.0,0.0
2025-06-19 03:10:00+00:00,22.399999618530273,22.399999618530273,22.399999618530273,22.399999618530273,2000,0.0,0.0
2025-06-19 03:20:00+00:00,22.200000762939453,22.350000381469727,22.200000762939453,22.350000381469727,3050,0.0,0.0
2025-06-19 03:35:00+00:00,22.299999237060547,22.299999237060547,22.299999237060547,22.299999237060547,5000,0.0,0.0
2025-06-19 03:40:00+00:00,22.350000381469727,22.350000381469727,22.350000381469727,22.350000381469727,1000,0.0,0.0
2025-06-19 03:45:00+00:00,22.399999618530273,22.399999618530273,22.399999618530273,22.399999618530273,1001,0.0,0.0
2025-06-19 04:25:00+00:00,22.299999237060547,22.299999237060547,22.299999237060547,22.299999237060547,1000,0.0,0.0
2025-06-19 04:40:00+00:00,22.299999237060547,22.299999237060547,22.299999237060547,22.299999237060547,5000,0.0,0.0
2025-06-19 04:45:00+00:00,22.299999237060547,22.299999237060547,22.299999237060547,22.299999237060547,1001,0.0,0.0
2025-06-19 04:50:00+00:00,22.399999618530273,22.399999618530273,22.399999618530273,22.399999618530273,1100,0.0,0.0
2025-06-19 05:00:00+00:00,22.399999618530273,22.399999618530273,22.399999618530273,22.399999618530273,1000,0.0,0.0
2025-06-19 05:05:00+00:00,22.399999618530273,22.399999618530273,22.399999618530273,22.399999618530273,2000,0.0,0.0
2025-06-19 05:15:00+00:00,22.350000381469727,22.350000381469727,22.350000381469727,22.350000381469727,2000,0.0,0.0
2025-06-19 05:20:00+00:00,22.25,22.25,22.25,22.25,1202,0.0,0.0
2025-06-20 01:00:00+00:00,22.399999618530273,22.399999618530273,22.299999237060547,22.299999237060547,4000,0.0,0.0
2025-06-20 01:05:00+00:00,22.350000381469727,22.600000381469727,22.350000381469727,22.549999237060547,20000,0.0,0.0
2025-06-20 01:10:00+00:00,22.549999237060547,22.549999237060547,22.5,22.5,3000,0.0,0.0
2025-06-20 01:15:00+00:00,22.5,22.5,22.450000762939453,22.450000762939453,2000,0.0,0.0
2025-06-20 01:20:00+00:00,22.549999237060547,22.549999237060547,22.399999618530273,22.399999618530273,3000,0.0,0.0
2025-06-20 01:25:00+00:00,22.299999237060547,22.299999237060547,22.299999237060547,22.299999237060547,3000,0.0,0.0
2025-06-20 01:30:00+00:00,22.25,22.25,22.100000381469727,22.100000381469727,18000,0.0,0.0
2025-06-20 01:35:00+00:00,22.100000381469727,22.100000381469727,22.0,22.0,6000,0.0,0.0
2025-06-20 01:40:00+00:00,22.049999237060547,22.049999237060547,22.049999237060547,22.049999237060547,3000,0.0,0.0
2025-06-20 01:45:00+00:00,22.0,22.200000762939453,22.0,22.200000762939453,30150,0.0,0.0
2025-06-20 01:50:00+00:00,22.200000762939453,22.25,22.200000762939453,22.25,8002,0.0,0.0
2025-06-20 02:15:00+00:00,22.100000381469727,22.100000381469727,22.049999237060547,22.049999237060547,11000,0.0,0.0
2025-06-20 02:20:00+00:00,22.049999237060547,22.25,22.0,22.100000381469727,14067,0.0,0.0
2025-06-20 02:25:00+00:00,22.25,22.399999618530273,22.25,22.399999618530273,12000,0.0,0.0
2025-06-20 02:30:00+00:00,22.399999618530273,22.5,22.399999618530273,22.5,5201,0.0,0.0
2025-06-20 02:40:00+00:00,22.450000762939453,22.450000762939453,22.399999618530273,22.399999618530273,11015,0.0,0.0
2025-06-20 02:55:00+00:00,22.399999618530273,22.399999618530273,22.299999237060547,22.299999237060547,3000,0.0,0.0
2025-06-20 03:20:00+00:00,22.299999237060547,22.299999237060547,22.299999237060547,22.299999237060547,1000,0.0,0.0
2025-06-20 03:40:00+00:00,22.200000762939453,22.200000762939453,22.200000762939453,22.200000762939453,2104,0.0,0.0
2025-06-20 03:45:00+00:00,22.200000762939453,22.200000762939453,22.200000762939453,22.200000762939453,3000,0.0,0.0
2025-06-20 03:50:00+00:00,22.299999237060547,22.299999237060547,22.299999237060547,22.299999237060547,1002,0.0,0.0
2025-06-20 04:05:00+00:00,22.25,22.25,22.25,22.25,1000,0.0,0.0
2025-06-20 04:50:00+00:00,22.25,22.25,22.25,22.25,1300,0.0,0.0
2025-06-20 04:55:00+00:00,22.25,22.25,22.25,22.25,1001,0.0,0.0
2025-06-20 05:10:00+00:00,22.25,22.299999237060547,22.25,22.25,3000,0.0,0.0
2025-06-20 05:15:00+00:00,22.25,22.299999237060547,22.200000762939453,22.200000762939453,9200,0.0,0.0
2025-06-20 05:20:00+00:00,22.149999618530273,22.399999618530273,22.100000381469727,22.399999618530273,25202,0.0,0.0
2025-06-23 01:00:00+00:00,22.100000381469727,22.100000381469727,21.799999237060547,21.799999237060547,13000,0.0,0.0
2025-06-23 01:10:00+00:00,21.899999618530273,22.049999237060547,21.850000381469727,21.850000381469727,17031,0.0,0.0
2025-06-23 01:15:00+00:00,21.850000381469727,21.850000381469727,21.850000381469727,21.850000381469727,2000,0.0,0.0
2025-06-23 01:20:00+00:00,21.899999618530273,21.899999618530273,21.75,21.75,8000,0.0,0.0
2025-06-23 01:30:00+00:00,21.899999618530273,21.899999618530273,21.700000762939453,21.700000762939453,8010,0.0,0.0
2025-06-23 01:35:00+00:00,21.700000762939453,21.700000762939453,21.649999618530273,21.649999618530273,2000,0.0,0.0
2025-06-23 01:40:00+00:00,21.75,21.75,21.75,21.75,1000,0.0,0.0
2025-06-23 01:45:00+00:00,21.75,21.75,21.75,21.75,1001,0.0,0.0
2025-06-23 01:50:00+00:00,21.75,21.850000381469727,21.700000762939453,21.700000762939453,4000,0.0,0.0
2025-06-23 01:55:00+00:00,21.700000762939453,21.700000762939453,21.700000762939453,21.700000762939453,2051,0.0,0.0
2025-06-23 02:15:00+00:00,21.700000762939453,21.700000762939453,21.700000762939453,21.700000762939453,2000,0.0,0.0
2025-06-23 02:20:00+00:00,21.75,21.899999618530273,21.75,21.899999618530273,2050,0.0,0.0
2025-06-23 02:35:00+00:00,21.799999237060547,21.799999237060547,21.799999237060547,21.799999237060547,5000,0.0,0.0
2025-06-23 02:40:00+00:00,21.850000381469727,21.850000381469727,21.850000381469727,21.850000381469727,1010,0.0,0.0
2025-06-23 02:55:00+00:00,21.700000762939453,21.700000762939453,21.700000762939453,21.700000762939453,1499,0.0,0.0
2025-06-23 03:20:00+00:00,21.700000762939453,21.700000762939453,21.700000762939453,21.700000762939453,1000,0.0,0.0
2025-06-23 03:30:00+00:00,21.799999237060547,21.799999237060547,21.799999237060547,21.799999237060547,1000,0.0,0.0
2025-06-23 03:35:00+00:00,21.75,21.799999237060547,21.75,21.799999237060547,6000,0.0,0.0
2025-06-23 03:40:00+00:00,21.799999237060547,21.799999237060547,21.799999237060547,21.799999237060547,1000,0.0,0.0
2025-06-23 03:55:00+00:00,21.799999237060547,21.799999237060547,21.799999237060547,21.799999237060547,5000,0.0,0.0
2025-06-23 04:00:00+00:00,21.799999237060547,21.799999237060547,21.799999237060547,21.799999237060547,1101,0.0,0.0
2025-06-23 04:25:00+00:00,21.700000762939453,21.700000762939453,21.700000762939453,21.700000762939453,1000,0.0,0.0
2025-06-23 04:30:00+00:00,21.700000762939453,21.700000762939453,21.700000762939453,21.700000762939453,1001,0.0,0.0
2025-06-23 04:35:00+00:00,21.75,21.75,21.700000762939453,21.700000762939453,8005,0.0,0.0
2025-06-23 04:40:00+00:00,21.700000762939453,21.799999237060547,21.700000762939453,21.799999237060547,10000,0.0,0.0
2025-06-23 04:50:00+00:00,21.850000381469727,21.850000381469727,21.850000381469727,21.850000381469727,2011,0.0,0.0
2025-06-23 04:55:00+00:00,21.75,21.75,21.75,21.75,1000,0.0,0.0
2025-06-23 05:00:00+00:00,21.850000381469727,21.850000381469727,21.850000381469727,21.850000381469727,1000,0.0,0.0
2025-06-23 05:05:00+00:00,21.799999237060547,21.799999237060547,21.799999237060547,21.799999237060547,3053,0.0,0.0
2025-06-23 05:20:00+00:00,21.75,21.75,21.350000381469727,21.75,116359,0.0,0.0
2025-06-24 01:00:00+00:00,21.75,21.850000381469727,21.75,21.850000381469727,0,0.0,0.0
2025-06-24 01:05:00+00:00,21.899999618530273,22.0,21.899999618530273,22.0,11002,0.0,0.0
2025-06-24 01:10:00+00:00,22.0,22.0,22.0,22.0,1000,0.0,0.0
2025-06-24 01:15:00+00:00,22.0,22.0,22.0,22.0,1155,0.0,0.0
2025-06-24 01:25:00+00:00,22.0,22.0,22.0,22.0,1000,0.0,0.0
2025-06-24 01:30:00+00:00,21.950000762939453,22.0,21.950000762939453,22.0,6000,0.0,0.0
2025-06-24 01:40:00+00:00,22.049999237060547,22.100000381469727,22.0,22.100000381469727,9100,0.0,0.0
2025-06-24 01:45:00+00:00,22.100000381469727,22.100000381469727,22.100000381469727,22.100000381469727,1000,0.0,0.0
2025-06-24 01:50:00+00:00,22.100000381469727,22.100000381469727,22.100000381469727,22.100000381469727,1605,0.0,0.0
2025-06-24 01:55:00+00:00,22.100000381469727,22.100000381469727,22.100000381469727,22.100000381469727,1300,0.0,0.0
2025-06-24 02:00:00+00:00,22.049999237060547,22.049999237060547,22.049999237060547,22.049999237060547,1000,0.0,0.0
2025-06-24 02:05:00+00:00,22.049999237060547,22.049999237060547,22.049999237060547,22.049999237060547,1000,0.0,0.0
2025-06-24 02:10:00+00:00,22.0,22.049999237060547,22.0,22.0,7000,0.0,0.0
2025-06-24 02:15:00+00:00,22.049999237060547,22.049999237060547,22.049999237060547,22.049999237060547,4000,0.0,0.0
2025-06-24 02:20:00+00:00,22.049999237060547,22.049999237060547,22.049999237060547,22.049999237060547,1000,0.0,0.0
2025-06-24 02:30:00+00:00,22.049999237060547,22.049999237060547,22.049999237060547,22.049999237060547,1015,0.0,0.0
2025-06-24 02:45:00+00:00,21.899999618530273,21.899999618530273,21.850000381469727,21.850000381469727,10042,0.0,0.0
2025-06-24 02:50:00+00:00,21.850000381469727,21.850000381469727,21.850000381469727,21.850000381469727,3000,0.0,0.0
2025-06-24 02:55:00+00:00,21.899999618530273,21.899999618530273,21.899999618530273,21.899999618530273,1000,0.0,0.0
2025-06-24 03:00:00+00:00,21.950000762939453,21.950000762939453,21.850000381469727,21.950000762939453,11269,0.0,0.0
2025-06-24 03:15:00+00:00,21.899999618530273,21.899999618530273,21.899999618530273,21.899999618530273,7000,0.0,0.0
2025-06-24 03:20:00+00:00,22.0,22.0,22.0,22.0,3000,0.0,0.0
2025-06-24 03:30:00+00:00,22.0,22.0,22.0,22.0,2000,0.0,0.0
2025-06-24 03:35:00+00:00,22.0,22.0,22.0,22.0,1000,0.0,0.0
2025-06-24 03:40:00+00:00,21.850000381469727,21.850000381469727,21.850000381469727,21.850000381469727,1000,0.0,0.0
2025-06-24 03:45:00+00:00,21.899999618530273,21.899999618530273,21.899999618530273,21.899999618530273,9000,0.0,0.0
2025-06-24 03:50:00+00:00,22.0,22.0,22.0,22.0,2000,0.0,0.0
2025-06-24 04:20:00+00:00,21.899999618530273,21.899999618530273,21.850000381469727,21.850000381469727,8000,0.0,0.0
2025-06-24 04:30:00+00:00,21.850000381469727,21.850000381469727,21.850000381469727,21.850000381469727,1000,0.0,0.0
2025-06-24 04:35:00+00:00,21.899999618530273,21.899999618530273,21.899999618530273,21.899999618530273,2001,0.0,0.0
2025-06-24 04:40:00+00:00,21.950000762939453,21.950000762939453,21.950000762939453,21.950000762939453,1000,0.0,0.0
2025-06-24 04:45:00+00:00,21.850000381469727,21.850000381469727,21.850000381469727,21.850000381469727,1000,0.0,0.0
2025-06-24 04:55:00+00:00,21.850000381469727,21.850000381469727,21.850000381469727,21.850000381469727,2000,0.0,0.0
2025-06-24 05:00:00+00:00,21.899999618530273,21.899999618530273,21.899999618530273,21.899999618530273,2287,0.0,0.0
2025-06-24 05:05:00+00:00,21.850000381469727,21.899999618530273,21.850000381469727,21.899999618530273,3014,0.0,0.0
2025-06-24 05:20:00+00:00,21.950000762939453,21.950000762939453,21.950000762939453,21.950000762939453,1601,0.0,0.0
2025-06-25 01:00:00+00:00,22.049999237060547,22.049999237060547,22.049999237060547,22.049999237060547,3000,0.0,0.0
2025-06-25 01:05:00+00:00,22.049999237060547,22.049999237060547,22.049999237060547,22.049999237060547,3000,0.0,0.0
2025-06-25 01:15:00+00:00,22.049999237060547,22.049999237060547,22.049999237060547,22.049999237060547,3008,0.0,0.0
2025-06-25 01:25:00+00:00,22.049999237060547,22.049999237060547,22.049999237060547,22.049999237060547,1000,0.0,0.0
2025-06-25 01:30:00+00:00,22.0,22.0,22.0,22.0,2000,0.0,0.0
2025-06-25 01:50:00+00:00,22.0,22.0,22.0,22.0,1000,0.0,0.0
2025-06-25 01:55:00+00:00,21.950000762939453,22.0,21.950000762939453,22.0,2000,0.0,0.0
2025-06-25 02:00:00+00:00,22.049999237060547,22.049999237060547,22.049999237060547,22.049999237060547,1000,0.0,0.0
2025-06-25 02:05:00+00:00,22.0,22.0,22.0,22.0,1001,0.0,0.0
2025-06-25 02:15:00+00:00,22.049999237060547,22.049999237060547,22.049999237060547,22.049999237060547,2010,0.0,0.0
2025-06-25 02:25:00+00:00,22.049999237060547,22.100000381469727,22.049999237060547,22.100000381469727,2000,0.0,0.0
2025-06-25 02:30:00+00:00,22.100000381469727,22.100000381469727,22.049999237060547,22.049999237060547,2100,0.0,0.0
2025-06-25 02:40:00+00:00,22.049999237060547,22.049999237060547,22.049999237060547,22.049999237060547,1020,0.0,0.0
2025-06-25 02:55:00+00:00,22.049999237060547,22.049999237060547,22.049999237060547,22.049999237060547,1010,0.0,0.0
2025-06-25 03:05:00+00:00,22.100000381469727,22.100000381469727,22.100000381469727,22.100000381469727,2000,0.0,0.0
2025-06-25 03:10:00+00:00,22.100000381469727,22.149999618530273,22.100000381469727,22.149999618530273,2000,0.0,0.0
2025-06-25 03:35:00+00:00,22.100000381469727,22.200000762939453,22.100000381469727,22.200000762939453,37992,0.0,0.0
2025-06-25 03:40:00+00:00,22.25,22.299999237060547,22.25,22.299999237060547,5010,0.0,0.0
2025-06-25 03:45:00+00:00,22.200000762939453,22.200000762939453,22.200000762939453,22.200000762939453,1000,0.0,0.0
2025-06-25 03:50:00+00:00,22.200000762939453,22.200000762939453,22.200000762939453,22.200000762939453,1000,0.0,0.0
2025-06-25 04:00:00+00:00,22.25,22.299999237060547,22.25,22.299999237060547,2008,0.0,0.0
2025-06-25 04:50:00+00:00,22.149999618530273,22.149999618530273,22.149999618530273,22.149999618530273,1000,0.0,0.0
2025-06-25 04:55:00+00:00,22.149999618530273,22.149999618530273,22.100000381469727,22.100000381469727,2000,0.0,0.0
2025-06-25 05:05:00+00:00,22.200000762939453,22.200000762939453,22.200000762939453,22.200000762939453,1000,0.0,0.0
2025-06-25 05:10:00+00:00,22.200000762939453,22.200000762939453,22.200000762939453,22.200000762939453,1001,0.0,0.0
2025-06-25 05:20:00+00:00,22.200000762939453,22.200000762939453,22.200000762939453,22.200000762939453,5282,0.0,0.0
2025-06-26 01:00:00+00:00,22.200000762939453,22.200000762939453,22.200000762939453,22.200000762939453,1000,0.0,0.0
2025-06-26 01:05:00+00:00,22.299999237060547,22.299999237060547,22.25,22.25,6000,0.0,0.0
2025-06-26 01:10:00+00:00,22.350000381469727,22.350000381469727,22.350000381469727,22.350000381469727,3000,0.0,0.0
2025-06-26 01:15:00+00:00,22.350000381469727,22.399999618530273,22.350000381469727,22.399999618530273,5000,0.0,0.0
2025-06-26 01:20:00+00:00,22.399999618530273,22.399999618530273,22.299999237060547,22.299999237060547,6000,0.0,0.0
2025-06-26 01:25:00+00:00,22.450000762939453,22.450000762939453,22.399999618530273,22.399999618530273,2020,0.0,0.0
2025-06-26 01:30:00+00:00,22.450000762939453,22.450000762939453,22.450000762939453,22.450000762939453,1000,0.0,0.0
2025-06-26 01:40:00+00:00,22.399999618530273,22.399999618530273,22.399999618530273,22.399999618530273,1000,0.0,0.0
2025-06-26 01:45:00+00:00,22.299999237060547,22.299999237060547,22.299999237060547,22.299999237060547,3000,0.0,0.0
2025-06-26 01:50:00+00:00,22.399999618530273,22.399999618530273,22.399999618530273,22.399999618530273,1100,0.0,0.0
2025-06-26 02:00:00+00:00,22.299999237060547,22.299999237060547,22.299999237060547,22.299999237060547,1000,0.0,0.0
2025-06-26 02:10:00+00:00,22.399999618530273,22.399999618530273,22.399999618530273,22.399999618530273,1000,0.0,0.0
2025-06-26 02:15:00+00:00,22.450000762939453,22.450000762939453,22.450000762939453,22.450000762939453,1000,0.0,0.0
2025-06-26 02:20:00+00:00,22.450000762939453,22.450000762939453,22.399999618530273,22.399999618530273,9000,0.0,0.0
2025-06-26 02:25:00+00:00,22.5,22.5,22.5,22.5,1000,0.0,0.0
2025-06-26 02:30:00+00:00,22.5,22.5,22.5,22.5,2000,0.0,0.0
2025-06-26 02:40:00+00:00,22.399999618530273,22.450000762939453,22.399999618530273,22.450000762939453,3060,0.0,0.0
2025-06-26 02:50:00+00:00,22.450000762939453,22.450000762939453,22.450000762939453,22.450000762939453,2001,0.0,0.0
2025-06-26 03:10:00+00:00,22.450000762939453,22.450000762939453,22.399999618530273,22.450000762939453,3029,0.0,0.0
2025-06-26 03:25:00+00:00,22.450000762939453,22.450000762939453,22.450000762939453,22.450000762939453,2245,0.0,0.0
2025-06-26 03:30:00+00:00,22.399999618530273,22.399999618530273,22.399999618530273,22.399999618530273,4000,0.0,0.0
2025-06-26 03:40:00+00:00,22.450000762939453,22.450000762939453,22.450000762939453,22.450000762939453,1000,0.0,0.0
2025-06-26 03:45:00+00:00,22.450000762939453,22.450000762939453,22.450000762939453,22.450000762939453,3000,0.0,0.0
2025-06-26 03:50:00+00:00,22.450000762939453,22.450000762939453,22.450000762939453,22.450000762939453,1000,0.0,0.0
2025-06-26 04:15:00+00:00,22.450000762939453,22.450000762939453,22.450000762939453,22.450000762939453,1000,0.0,0.0
2025-06-26 04:25:00+00:00,22.350000381469727,22.350000381469727,22.350000381469727,22.350000381469727,4201,0.0,0.0
2025-06-26 04:30:00+00:00,22.399999618530273,22.399999618530273,22.399999618530273,22.399999618530273,2000,0.0,0.0
2025-06-26 04:50:00+00:00,22.450000762939453,22.450000762939453,22.450000762939453,22.450000762939453,1071,0.0,0.0
2025-06-26 05:15:00+00:00,22.350000381469727,22.350000381469727,22.25,22.25,8000,0.0,0.0
2025-06-26 05:20:00+00:00,22.399999618530273,22.450000762939453,22.399999618530273,22.450000762939453,3404,0.0,0.0
2025-06-27 01:00:00+00:00,22.399999618530273,22.450000762939453,22.399999618530273,22.450000762939453,9000,0.0,0.0
2025-06-27 01:05:00+00:00,22.450000762939453,22.450000762939453,22.450000762939453,22.450000762939453,1005,0.0,0.0
2025-06-27 01:10:00+00:00,22.5,22.549999237060547,22.450000762939453,22.549999237060547,18000,0.0,0.0
2025-06-27 01:15:00+00:00,22.450000762939453,22.450000762939453,22.450000762939453,22.450000762939453,1001,0.0,0.0
2025-06-27 01:20:00+00:00,22.600000381469727,22.600000381469727,22.399999618530273,22.399999618530273,7010,0.0,0.0
2025-06-27 01:30:00+00:00,22.399999618530273,22.399999618530273,22.399999618530273,22.399999618530273,1000,0.0,0.0
2025-06-27 01:35:00+00:00,22.5,22.5,22.5,22.5,2000,0.0,0.0
2025-06-27 01:50:00+00:00,22.399999618530273,22.399999618530273,22.399999618530273,22.399999618530273,1000,0.0,0.0
2025-06-27 02:00:00+00:00,22.450000762939453,22.450000762939453,22.450000762939453,22.450000762939453,1000,0.0,0.0
2025-06-27 02:05:00+00:00,22.450000762939453,22.450000762939453,22.450000762939453,22.450000762939453,2000,0.0,0.0
2025-06-27 02:10:00+00:00,22.450000762939453,22.450000762939453,22.450000762939453,22.450000762939453,1000,0.0,0.0
2025-06-27 02:15:00+00:00,22.450000762939453,22.450000762939453,22.450000762939453,22.450000762939453,1000,0.0,0.0
2025-06-27 02:20:00+00:00,22.399999618530273,22.399999618530273,22.399999618530273,22.399999618530273,2000,0.0,0.0
2025-06-27 02:30:00+00:00,22.5,22.5,22.5,22.5,1001,0.0,0.0
2025-06-27 02:35:00+00:00,22.350000381469727,22.350000381469727,22.350000381469727,22.350000381469727,1002,0.0,0.0
2025-06-27 03:00:00+00:00,22.399999618530273,22.5,22.399999618530273,22.5,11114,0.0,0.0
2025-06-27 03:05:00+00:00,22.5,22.5,22.5,22.5,14400,0.0,0.0
2025-06-27 03:10:00+00:00,22.549999237060547,22.549999237060547,22.5,22.5,5000,0.0,0.0
2025-06-27 03:15:00+00:00,22.549999237060547,22.549999237060547,22.549999237060547,22.549999237060547,1000,0.0,0.0
2025-06-27 03:20:00+00:00,22.399999618530273,22.549999237060547,22.399999618530273,22.549999237060547,2001,0.0,0.0
2025-06-27 03:25:00+00:00,22.399999618530273,22.399999618530273,22.399999618530273,22.399999618530273,2000,0.0,0.0
2025-06-27 03:30:00+00:00,22.399999618530273,22.399999618530273,22.399999618530273,22.399999618530273,2002,0.0,0.0
2025-06-27 03:50:00+00:00,22.399999618530273,22.399999618530273,22.399999618530273,22.399999618530273,2057,0.0,0.0
2025-06-27 04:00:00+00:00,22.5,22.5,22.5,22.5,2001,0.0,0.0
2025-06-27 04:20:00+00:00,22.5,22.5,22.5,22.5,1000,0.0,0.0
2025-06-27 04:25:00+00:00,22.399999618530273,22.399999618530273,22.399999618530273,22.399999618530273,10000,0.0,0.0
2025-06-27 04:30:00+00:00,22.5,22.549999237060547,22.5,22.549999237060547,4000,0.0,0.0
2025-06-27 04:35:00+00:00,22.450000762939453,22.450000762939453,22.450000762939453,22.450000762939453,2000,0.0,0.0
2025-06-27 04:40:00+00:00,22.600000381469727,22.600000381469727,22.600000381469727,22.600000381469727,3015,0.0,0.0
2025-06-27 04:50:00+00:00,22.549999237060547,22.549999237060547,22.5,22.5,5000,0.0,0.0
2025-06-27 05:00:00+00:00,22.600000381469727,22.600000381469727,22.5,22.5,12000,0.0,0.0
2025-06-27 05:10:00+00:00,22.600000381469727,22.600000381469727,22.549999237060547,22.549999237060547,4489,0.0,0.0
2025-06-27 05:20:00+00:00,22.549999237060547,22.600000381469727,22.549999237060547,22.600000381469727,3601,0.0,0.0
2025-06-30 01:00:00+00:00,22.399999618530273,22.450000762939453,22.399999618530273,22.450000762939453,0,0.0,0.0
2025-06-30 01:05:00+00:00,22.450000762939453,22.450000762939453,22.450000762939453,22.450000762939453,2012,0.0,0.0
2025-06-30 01:15:00+00:00,22.450000762939453,22.450000762939453,22.399999618530273,22.399999618530273,6208,0.0,0.0
2025-06-30 01:30:00+00:00,22.350000381469727,22.5,22.350000381469727,22.5,7000,0.0,0.0
2025-06-30 01:40:00+00:00,22.5,22.5,22.5,22.5,1034,0.0,0.0
2025-06-30 02:10:00+00:00,22.5,22.5,22.5,22.5,1000,0.0,0.0
2025-06-30 02:40:00+00:00,22.350000381469727,22.350000381469727,22.350000381469727,22.350000381469727,2001,0.0,0.0
2025-06-30 02:55:00+00:00,22.350000381469727,22.350000381469727,22.350000381469727,22.350000381469727,3000,0.0,0.0
2025-06-30 03:00:00+00:00,22.399999618530273,22.399999618530273,22.399999618530273,22.399999618530273,1000,0.0,0.0
2025-06-30 03:10:00+00:00,22.350000381469727,22.350000381469727,22.350000381469727,22.350000381469727,1001,0.0,0.0
2025-06-30 03:35:00+00:00,22.350000381469727,22.350000381469727,22.350000381469727,22.350000381469727,7000,0.0,0.0
2025-06-30 03:40:00+00:00,22.399999618530273,22.399999618530273,22.399999618530273,22.399999618530273,1280,0.0,0.0
2025-06-30 04:35:00+00:00,22.299999237060547,22.299999237060547,22.299999237060547,22.299999237060547,1013,0.0,0.0
2025-06-30 04:40:00+00:00,22.299999237060547,22.299999237060547,22.299999237060547,22.299999237060547,5019,0.0,0.0
2025-06-30 04:50:00+00:00,22.299999237060547,22.299999237060547,22.299999237060547,22.299999237060547,1000,0.0,0.0
2025-06-30 05:00:00+00:00,22.25,22.350000381469727,22.25,22.25,3000,0.0,0.0
2025-06-30 05:10:00+00:00,22.350000381469727,22.350000381469727,22.350000381469727,22.350000381469727,1040,0.0,0.0
2025-06-30 05:20:00+00:00,22.25,22.25,22.25,22.25,2408,0.0,0.0
2025-07-01 01:00:00+00:00,22.25,22.5,22.25,22.399999618530273,6000,0.0,0.0
2025-07-01 01:05:00+00:00,22.5,22.600000381469727,22.5,22.549999237060547,13001,0.0,0.0
2025-07-01 01:10:00+00:00,22.600000381469727,22.649999618530273,22.600000381469727,22.649999618530273,8000,0.0,0.0
2025-07-01 01:15:00+00:00,22.649999618530273,22.649999618530273,22.649999618530273,22.649999618530273,1000,0.0,0.0
2025-07-01 01:20:00+00:00,22.649999618530273,22.649999618530273,22.649999618530273,22.649999618530273,5000,0.0,0.0
2025-07-01 01:30:00+00:00,22.649999618530273,22.649999618530273,22.649999618530273,22.649999618530273,2000,0.0,0.0
2025-07-01 01:35:00+00:00,22.649999618530273,22.649999618530273,22.649999618530273,22.649999618530273,3000,0.0,0.0
2025-07-01 01:40:00+00:00,22.649999618530273,22.700000762939453,22.649999618530273,22.700000762939453,11000,0.0,0.0
2025-07-01 01:45:00+00:00,22.700000762939453,22.700000762939453,22.700000762939453,22.700000762939453,1000,0.0,0.0
2025-07-01 01:50:00+00:00,22.700000762939453,22.700000762939453,22.700000762939453,22.700000762939453,9050,0.0,0.0
2025-07-01 01:55:00+00:00,22.700000762939453,22.700000762939453,22.700000762939453,22.700000762939453,4000,0.0,0.0
2025-07-01 02:00:00+00:00,22.700000762939453,22.75,22.700000762939453,22.75,4000,0.0,0.0
2025-07-01 02:05:00+00:00,22.700000762939453,22.700000762939453,22.700000762939453,22.700000762939453,5000,0.0,0.0
2025-07-01 02:10:00+00:00,22.75,22.75,22.75,22.75,8001,0.0,0.0
2025-07-01 02:15:00+00:00,22.75,22.75,22.75,22.75,1020,0.0,0.0
2025-07-01 02:20:00+00:00,22.75,22.75,22.700000762939453,22.700000762939453,3000,0.0,0.0
2025-07-01 02:35:00+00:00,22.600000381469727,22.600000381469727,22.600000381469727,22.600000381469727,10001,0.0,0.0
2025-07-01 02:40:00+00:00,22.75,22.75,22.75,22.75,2000,0.0,0.0
2025-07-01 02:45:00+00:00,22.75,22.75,22.75,22.75,1001,0.0,0.0
2025-07-01 02:50:00+00:00,22.75,22.75,22.75,22.75,1008,0.0,0.0
2025-07-01 03:05:00+00:00,22.600000381469727,22.600000381469727,22.600000381469727,22.600000381469727,1000,0.0,0.0
2025-07-01 03:10:00+00:00,22.700000762939453,22.700000762939453,22.700000762939453,22.700000762939453,1010,0.0,0.0
2025-07-01 03:15:00+00:00,22.700000762939453,22.700000762939453,22.700000762939453,22.700000762939453,1000,0.0,0.0
2025-07-01 03:25:00+00:00,22.700000762939453,22.700000762939453,22.700000762939453,22.700000762939453,1286,0.0,0.0
2025-07-01 03:35:00+00:00,22.600000381469727,22.600000381469727,22.549999237060547,22.549999237060547,3000,0.0,0.0
2025-07-01 03:45:00+00:00,22.75,22.75,22.75,22.75,1745,0.0,0.0
2025-07-01 04:05:00+00:00,22.700000762939453,22.700000762939453,22.700000762939453,22.700000762939453,2000,0.0,0.0
2025-07-01 04:10:00+00:00,22.75,22.75,22.700000762939453,22.75,10251,0.0,0.0
2025-07-01 04:15:00+00:00,22.75,22.75,22.75,22.75,1000,0.0,0.0
2025-07-01 04:20:00+00:00,22.75,22.75,22.75,22.75,2003,0.0,0.0
2025-07-01 04:45:00+00:00,22.649999618530273,22.649999618530273,22.649999618530273,22.649999618530273,5000,0.0,0.0
2025-07-01 04:50:00+00:00,22.600000381469727,22.600000381469727,22.5,22.5,6000,0.0,0.0
2025-07-01 04:55:00+00:00,22.5,22.600000381469727,22.399999618530273,22.399999618530273,11000,0.0,0.0
2025-07-01 05:00:00+00:00,22.399999618530273,22.649999618530273,22.399999618530273,22.399999618530273,9000,0.0,0.0
2025-07-01 05:05:00+00:00,22.399999618530273,22.5,22.350000381469727,22.5,7000,0.0,0.0
2025-07-01 05:10:00+00:00,22.350000381469727,22.649999618530273,22.299999237060547,22.299999237060547,11100,0.0,0.0
2025-07-01 05:15:00+00:00,22.350000381469727,22.350000381469727,22.350000381469727,22.350000381469727,8000,0.0,0.0
2025-07-01 05:20:00+00:00,22.350000381469727,22.5,22.299999237060547,22.5,8001,0.0,0.0
2025-07-02 01:00:00+00:00,22.450000762939453,22.450000762939453,22.450000762939453,22.450000762939453,2000,0.0,0.0
2025-07-02 01:05:00+00:00,22.350000381469727,22.450000762939453,22.350000381469727,22.450000762939453,12020,0.0,0.0
2025-07-02 01:10:00+00:00,22.5,22.5,22.25,22.5,15001,0.0,0.0
2025-07-02 01:20:00+00:00,22.549999237060547,22.600000381469727,22.5,22.600000381469727,5000,0.0,0.0
2025-07-02 01:30:00+00:00,22.549999237060547,22.549999237060547,22.549999237060547,22.549999237060547,1000,0.0,0.0
2025-07-02 01:35:00+00:00,22.549999237060547,22.549999237060547,22.450000762939453,22.450000762939453,2000,0.0,0.0
2025-07-02 01:40:00+00:00,22.549999237060547,22.549999237060547,22.549999237060547,22.549999237060547,4000,0.0,0.0
2025-07-02 01:50:00+00:00,22.549999237060547,22.549999237060547,22.549999237060547,22.549999237060547,1000,0.0,0.0
2025-07-02 02:10:00+00:00,22.549999237060547,22.549999237060547,22.549999237060547,22.549999237060547,3000,0.0,0.0
2025-07-02 02:30:00+00:00,22.5,22.5,22.5,22.5,1000,0.0,0.0
2025-07-02 02:40:00+00:00,22.600000381469727,22.600000381469727,22.600000381469727,22.600000381469727,2000,0.0,0.0
2025-07-02 02:50:00+00:00,22.600000381469727,22.600000381469727,22.600000381469727,22.600000381469727,1020,0.0,0.0
2025-07-02 03:10:00+00:00,22.399999618530273,22.399999618530273,22.399999618530273,22.399999618530273,1000,0.0,0.0
2025-07-02 03:30:00+00:00,22.399999618530273,22.399999618530273,22.399999618530273,22.399999618530273,2000,0.0,0.0
2025-07-02 03:35:00+00:00,22.399999618530273,22.399999618530273,22.399999618530273,22.399999618530273,1000,0.0,0.0
2025-07-02 03:45:00+00:00,22.299999237060547,22.299999237060547,22.299999237060547,22.299999237060547,1000,0.0,0.0
2025-07-02 03:50:00+00:00,22.549999237060547,22.549999237060547,22.549999237060547,22.549999237060547,1000,0.0,0.0
2025-07-02 04:20:00+00:00,22.5,22.5,22.5,22.5,2000,0.0,0.0
2025-07-02 04:30:00+00:00,22.450000762939453,22.450000762939453,22.450000762939453,22.450000762939453,1000,0.0,0.0
2025-07-02 04:35:00+00:00,22.350000381469727,22.399999618530273,22.350000381469727,22.399999618530273,7089,0.0,0.0
2025-07-02 04:40:00+00:00,22.450000762939453,22.450000762939453,22.299999237060547,22.299999237060547,5000,0.0,0.0
2025-07-02 04:45:00+00:00,22.399999618530273,22.549999237060547,22.299999237060547,22.350000381469727,6000,0.0,0.0
2025-07-02 04:50:00+00:00,22.350000381469727,22.549999237060547,22.350000381469727,22.350000381469727,6001,0.0,0.0
2025-07-02 04:55:00+00:00,22.350000381469727,22.350000381469727,22.350000381469727,22.350000381469727,5000,0.0,0.0
2025-07-02 05:00:00+00:00,22.5,22.549999237060547,22.350000381469727,22.350000381469727,6001,0.0,0.0
2025-07-02 05:05:00+00:00,22.350000381469727,22.350000381469727,22.350000381469727,22.350000381469727,4000,0.0,0.0
2025-07-02 05:10:00+00:00,22.350000381469727,22.549999237060547,22.350000381469727,22.350000381469727,5000,0.0,0.0
2025-07-02 05:15:00+00:00,22.350000381469727,22.5,22.350000381469727,22.350000381469727,5415,0.0,0.0
2025-07-02 05:20:00+00:00,22.350000381469727,22.399999618530273,22.350000381469727,22.399999618530273,5151,0.0,0.0
2025-07-03 01:00:00+00:00,22.399999618530273,22.399999618530273,22.399999618530273,22.399999618530273,2009,0.0,0.0
2025-07-03 01:20:00+00:00,22.399999618530273,22.399999618530273,22.399999618530273,22.399999618530273,10000,0.0,0.0
2025-07-03 01:25:00+00:00,22.399999618530273,22.399999618530273,22.299999237060547,22.299999237060547,17101,0.0,0.0
2025-07-03 01:30:00+00:00,22.5,22.549999237060547,22.5,22.549999237060547,10000,0.0,0.0
2025-07-03 01:35:00+00:00,22.549999237060547,22.549999237060547,22.549999237060547,22.549999237060547,15000,0.0,0.0
2025-07-03 01:40:00+00:00,22.549999237060547,22.600000381469727,22.549999237060547,22.600000381469727,9000,0.0,0.0
2025-07-03 01:45:00+00:00,22.600000381469727,22.600000381469727,22.600000381469727,22.600000381469727,3000,0.0,0.0
2025-07-03 01:50:00+00:00,22.649999618530273,22.649999618530273,22.649999618530273,22.649999618530273,1000,0.0,0.0
2025-07-03 01:55:00+00:00,22.649999618530273,22.649999618530273,22.649999618530273,22.649999618530273,3000,0.0,0.0
2025-07-03 02:00:00+00:00,22.700000762939453,22.700000762939453,22.700000762939453,22.700000762939453,1000,0.0,0.0
2025-07-03 02:05:00+00:00,22.700000762939453,22.700000762939453,22.649999618530273,22.649999618530273,28015,0.0,0.0
2025-07-03 02:10:00+00:00,22.700000762939453,22.75,22.700000762939453,22.75,4000,0.0,0.0
2025-07-03 02:15:00+00:00,22.649999618530273,22.649999618530273,22.649999618530273,22.649999618530273,8000,0.0,0.0
2025-07-03 02:20:00+00:00,22.649999618530273,22.649999618530273,22.649999618530273,22.649999618530273,2000,0.0,0.0
2025-07-03 02:25:00+00:00,22.700000762939453,22.700000762939453,22.700000762939453,22.700000762939453,1000,0.0,0.0
2025-07-03 02:30:00+00:00,22.75,22.799999237060547,22.75,22.799999237060547,2184,0.0,0.0
2025-07-03 02:35:00+00:00,22.75,22.75,22.75,22.75,5100,0.0,0.0
2025-07-03 02:40:00+00:00,22.799999237060547,22.799999237060547,22.799999237060547,22.799999237060547,1057,0.0,0.0
2025-07-03 02:50:00+00:00,22.75,22.75,22.75,22.75,4116,0.0,0.0
2025-07-03 03:05:00+00:00,22.799999237060547,22.799999237060547,22.799999237060547,22.799999237060547,1000,0.0,0.0
2025-07-03 03:10:00+00:00,22.75,22.75,22.700000762939453,22.700000762939453,2017,0.0,0.0
2025-07-03 03:50:00+00:00,22.700000762939453,22.75,22.700000762939453,22.75,2251,0.0,0.0
2025-07-03 04:40:00+00:00,22.600000381469727,22.600000381469727,22.600000381469727,22.600000381469727,1000,0.0,0.0
2025-07-03 04:45:00+00:00,22.600000381469727,22.600000381469727,22.600000381469727,22.600000381469727,1000,0.0,0.0
2025-07-03 04:50:00+00:00,22.649999618530273,22.700000762939453,22.649999618530273,22.700000762939453,8100,0.0,0.0
2025-07-03 05:00:00+00:00,22.649999618530273,22.649999618530273,22.600000381469727,22.600000381469727,13000,0.0,0.0
2025-07-03 05:05:00+00:00,22.649999618530273,22.75,22.649999618530273,22.75,23000,0.0,0.0
2025-07-03 05:10:00+00:00,22.75,22.75,22.75,22.75,6000,0.0,0.0
2025-07-03 05:15:00+00:00,22.700000762939453,22.700000762939453,22.700000762939453,22.700000762939453,1000,0.0,0.0
2025-07-03 05:20:00+00:00,22.649999618530273,22.700000762939453,22.649999618530273,22.700000762939453,15003,0.0,0.0
2025-07-04 01:00:00+00:00,22.75,22.75,22.75,22.75,1000,0.0,0.0
2025-07-04 01:05:00+00:00,22.700000762939453,22.700000762939453,22.700000762939453,22.700000762939453,1043,0.0,0.0
2025-07-04 01:20:00+00:00,22.600000381469727,22.600000381469727,22.600000381469727,22.600000381469727,2000,0.0,0.0
2025-07-04 01:25:00+00:00,22.549999237060547,22.549999237060547,22.5,22.5,4000,0.0,0.0
2025-07-04 01:35:00+00:00,22.5,22.5,22.5,22.5,8000,0.0,0.0
2025-07-04 01:40:00+00:00,22.600000381469727,22.600000381469727,22.600000381469727,22.600000381469727,1000,0.0,0.0
2025-07-04 01:45:00+00:00,22.450000762939453,22.450000762939453,22.450000762939453,22.450000762939453,5000,0.0,0.0
2025-07-04 01:50:00+00:00,22.5,22.5,22.5,22.5,1000,0.0,0.0
2025-07-04 01:55:00+00:00,22.450000762939453,22.450000762939453,22.450000762939453,22.450000762939453,2000,0.0,0.0
2025-07-04 02:00:00+00:00,22.399999618530273,22.450000762939453,22.399999618530273,22.450000762939453,11000,0.0,0.0
2025-07-04 02:05:00+00:00,22.350000381469727,22.350000381469727,22.350000381469727,22.350000381469727,3000,0.0,0.0
2025-07-04 02:20:00+00:00,22.299999237060547,22.299999237060547,22.299999237060547,22.299999237060547,13000,0.0,0.0
2025-07-04 02:25:00+00:00,22.299999237060547,22.299999237060547,22.299999237060547,22.299999237060547,9000,0.0,0.0
2025-07-04 02:30:00+00:00,22.299999237060547,22.399999618530273,22.299999237060547,22.399999618530273,4001,0.0,0.0
2025-07-04 02:55:00+00:00,22.350000381469727,22.350000381469727,22.350000381469727,22.350000381469727,4001,0.0,0.0
2025-07-04 03:00:00+00:00,22.299999237060547,22.399999618530273,22.299999237060547,22.299999237060547,6000,0.0,0.0
2025-07-04 03:05:00+00:00,22.25,22.25,22.200000762939453,22.200000762939453,10000,0.0,0.0
2025-07-04 03:10:00+00:00,22.299999237060547,22.299999237060547,22.100000381469727,22.100000381469727,19000,0.0,0.0
2025-07-04 03:20:00+00:00,22.100000381469727,22.399999618530273,22.100000381469727,22.399999618530273,10005,0.0,0.0
2025-07-04 03:30:00+00:00,22.350000381469727,22.350000381469727,22.350000381469727,22.350000381469727,1100,0.0,0.0
2025-07-04 04:15:00+00:00,22.25,22.25,22.25,22.25,2000,0.0,0.0
2025-07-04 04:30:00+00:00,22.25,22.25,22.25,22.25,3000,0.0,0.0
2025-07-04 04:40:00+00:00,22.25,22.25,22.25,22.25,1498,0.0,0.0
2025-07-04 05:00:00+00:00,22.200000762939453,22.200000762939453,22.149999618530273,22.149999618530273,5000,0.0,0.0
2025-07-04 05:05:00+00:00,22.200000762939453,22.200000762939453,22.149999618530273,22.149999618530273,5000,0.0,0.0
2025-07-04 05:10:00+00:00,22.25,22.25,22.25,22.25,1001,0.0,0.0
2025-07-04 05:15:00+00:00,22.25,22.25,22.25,22.25,1000,0.0,0.0
2025-05-07 01:00:00+00:00,22.899999618530273,23.0,22.899999618530273,23.0,0,0.0,0.0
2025-05-07 01:05:00+00:00,23.0,23.049999237060547,22.899999618530273,22.950000762939453,28031,0.0,0.0
2025-05-07 01:10:00+00:00,22.950000762939453,23.200000762939453,22.950000762939453,23.049999237060547,42000,0.0,0.0
2025-05-07 01:15:00+00:00,23.100000381469727,23.100000381469727,23.049999237060547,23.100000381469727,12000,0.0,0.0
2025-05-07 01:20:00+00:00,23.100000381469727,23.100000381469727,23.100000381469727,23.100000381469727,6000,0.0,0.0
2025-05-07 01:25:00+00:00,23.049999237060547,23.049999237060547,22.899999618530273,22.899999618530273,41071,0.0,0.0
2025-05-07 01:30:00+00:00,22.950000762939453,22.950000762939453,22.850000381469727,22.850000381469727,3000,0.0,0.0
2025-05-07 01:35:00+00:00,22.850000381469727,22.850000381469727,22.850000381469727,22.850000381469727,1000,0.0,0.0
2025-05-07 01:40:00+00:00,22.850000381469727,22.850000381469727,22.850000381469727,22.850000381469727,1001,0.0,0.0
2025-05-07 01:50:00+00:00,22.850000381469727,22.950000762939453,22.850000381469727,22.950000762939453,3000,0.0,0.0
2025-05-07 01:55:00+00:00,22.850000381469727,22.850000381469727,22.850000381469727,22.850000381469727,1001,0.0,0.0
2025-05-07 02:00:00+00:00,23.0,23.200000762939453,23.0,23.149999618530273,37241,0.0,0.0
2025-05-07 02:10:00+00:00,23.149999618530273,23.149999618530273,23.149999618530273,23.149999618530273,7000,0.0,0.0
2025-05-07 02:15:00+00:00,23.049999237060547,23.100000381469727,23.0,23.100000381469727,16071,0.0,0.0
2025-05-07 02:25:00+00:00,23.0,23.0,23.0,23.0,1000,0.0,0.0
2025-05-07 02:30:00+00:00,23.100000381469727,23.200000762939453,23.100000381469727,23.200000762939453,10000,0.0,0.0
2025-05-07 02:35:00+00:00,23.200000762939453,23.200000762939453,23.200000762939453,23.200000762939453,6000,0.0,0.0
2025-05-07 02:40:00+00:00,23.200000762939453,23.200000762939453,23.200000762939453,23.200000762939453,1000,0.0,0.0
2025-05-07 02:45:00+00:00,23.200000762939453,23.200000762939453,23.200000762939453,23.200000762939453,1000,0.0,0.0
2025-05-07 02:50:00+00:00,23.200000762939453,23.200000762939453,23.149999618530273,23.149999618530273,17000,0.0,0.0
2025-05-07 02:55:00+00:00,23.149999618530273,23.149999618530273,23.049999237060547,23.049999237060547,12535,0.0,0.0
2025-05-07 03:00:00+00:00,23.049999237060547,23.25,23.0,23.049999237060547,66000,0.0,0.0
2025-05-07 03:10:00+00:00,23.0,23.0,23.0,23.0,1000,0.0,0.0
2025-05-07 03:25:00+00:00,23.0,23.100000381469727,23.0,23.100000381469727,6000,0.0,0.0
2025-05-07 03:30:00+00:00,23.049999237060547,23.049999237060547,23.0,23.0,24000,0.0,0.0
2025-05-07 03:40:00+00:00,22.950000762939453,22.950000762939453,22.950000762939453,22.950000762939453,10018,0.0,0.0
2025-05-07 03:45:00+00:00,22.950000762939453,22.950000762939453,22.950000762939453,22.950000762939453,1020,0.0,0.0
2025-05-07 03:50:00+00:00,22.950000762939453,23.0,22.950000762939453,23.0,2000,0.0,0.0
2025-05-07 03:55:00+00:00,22.950000762939453,22.950000762939453,22.950000762939453,22.950000762939453,1000,0.0,0.0
2025-05-07 04:00:00+00:00,23.0,23.100000381469727,23.0,23.049999237060547,5000,0.0,0.0
2025-05-07 04:05:00+00:00,23.049999237060547,23.049999237060547,23.049999237060547,23.049999237060547,5000,0.0,0.0
2025-05-07 04:10:00+00:00,22.899999618530273,22.899999618530273,22.899999618530273,22.899999618530273,1000,0.0,0.0
2025-05-07 04:25:00+00:00,22.899999618530273,23.0,22.899999618530273,23.0,2000,0.0,0.0
2025-05-07 04:35:00+00:00,22.950000762939453,22.950000762939453,22.950000762939453,22.950000762939453,1000,0.0,0.0
2025-05-07 04:40:00+00:00,22.950000762939453,22.950000762939453,22.950000762939453,22.950000762939453,1000,0.0,0.0
2025-05-07 04:55:00+00:00,22.950000762939453,22.950000762939453,22.950000762939453,22.950000762939453,2000,0.0,0.0
2025-05-07 05:00:00+00:00,22.950000762939453,23.0,22.950000762939453,22.950000762939453,4000,0.0,0.0
2025-05-07 05:05:00+00:00,23.0,23.0,22.950000762939453,22.950000762939453,3000,0.0,0.0
2025-05-07 05:10:00+00:00,22.950000762939453,22.950000762939453,22.950000762939453,22.950000762939453,2013,0.0,0.0
2025-05-07 05:15:00+00:00,22.950000762939453,23.0,22.950000762939453,22.950000762939453,9210,0.0,0.0
2025-05-07 05:20:00+00:00,23.0,23.0,22.899999618530273,22.950000762939453,9781,0.0,0.0
2025-05-08 01:00:00+00:00,23.0,23.149999618530273,23.0,23.100000381469727,0,0.0,0.0
2025-05-08 01:10:00+00:00,23.100000381469727,23.200000762939453,23.100000381469727,23.200000762939453,34052,0.0,0.0
2025-05-08 01:15:00+00:00,23.200000762939453,23.200000762939453,23.200000762939453,23.200000762939453,55342,0.0,0.0
2025-05-08 02:30:00+00:00,23.100000381469727,23.100000381469727,23.100000381469727,23.100000381469727,0,0.0,0.0
2025-05-08 02:35:00+00:00,23.100000381469727,23.100000381469727,23.100000381469727,23.100000381469727,100290,0.0,0.0
2025-05-08 02:55:00+00:00,23.049999237060547,23.049999237060547,23.049999237060547,23.049999237060547,12000,0.0,0.0
2025-05-08 03:10:00+00:00,23.049999237060547,23.049999237060547,23.049999237060547,23.049999237060547,6247,0.0,0.0
2025-05-08 03:40:00+00:00,23.0,23.049999237060547,23.0,23.049999237060547,9011,0.0,0.0
2025-05-08 03:45:00+00:00,23.049999237060547,23.049999237060547,23.049999237060547,23.049999237060547,2000,0.0,0.0
2025-05-08 03:50:00+00:00,23.049999237060547,23.049999237060547,23.049999237060547,23.049999237060547,1000,0.0,0.0
2025-05-08 04:00:00+00:00,23.049999237060547,23.049999237060547,23.049999237060547,23.049999237060547,1020,0.0,0.0
2025-05-08 04:05:00+00:00,23.049999237060547,23.049999237060547,23.049999237060547,23.049999237060547,3000,0.0,0.0
2025-05-08 04:10:00+00:00,23.049999237060547,23.049999237060547,23.0,23.049999237060547,4000,0.0,0.0
2025-05-08 04:15:00+00:00,23.049999237060547,23.049999237060547,23.049999237060547,23.049999237060547,10000,0.0,0.0
2025-05-08 04:20:00+00:00,23.100000381469727,23.100000381469727,23.100000381469727,23.100000381469727,1000,0.0,0.0
2025-05-08 04:30:00+00:00,23.100000381469727,23.100000381469727,23.100000381469727,23.100000381469727,1000,0.0,0.0
2025-05-08 04:35:00+00:00,23.049999237060547,23.049999237060547,23.0,23.0,45204,0.0,0.0
2025-05-08 04:40:00+00:00,23.0,23.0,23.0,23.0,1000,0.0,0.0
2025-05-08 04:45:00+00:00,23.100000381469727,23.100000381469727,23.100000381469727,23.100000381469727,1000,0.0,0.0
2025-05-08 05:00:00+00:00,23.049999237060547,23.049999237060547,23.049999237060547,23.049999237060547,2000,0.0,0.0
2025-05-08 05:10:00+00:00,23.0,23.0,23.0,23.0,7020,0.0,0.0
2025-05-08 05:15:00+00:00,23.0,23.049999237060547,23.0,23.049999237060547,17000,0.0,0.0
2025-05-08 05:20:00+00:00,23.0,23.049999237060547,23.0,23.049999237060547,2000,0.0,0.0
2025-05-09 01:00:00+00:00,23.100000381469727,23.25,23.100000381469727,23.25,0,0.0,0.0
2025-05-09 01:05:00+00:00,23.100000381469727,23.100000381469727,23.100000381469727,23.100000381469727,1002,0.0,0.0
2025-05-09 01:10:00+00:00,23.100000381469727,23.100000381469727,23.100000381469727,23.100000381469727,1000,0.0,0.0
2025-05-09 01:15:00+00:00,23.100000381469727,23.100000381469727,23.049999237060547,23.049999237060547,12001,0.0,0.0
2025-05-09 01:20:00+00:00,23.049999237060547,23.049999237060547,22.950000762939453,22.950000762939453,8200,0.0,0.0
2025-05-09 01:25:00+00:00,23.049999237060547,23.049999237060547,23.049999237060547,23.049999237060547,3000,0.0,0.0
2025-05-09 01:30:00+00:00,23.049999237060547,23.049999237060547,23.049999237060547,23.049999237060547,5001,0.0,0.0
2025-05-09 01:40:00+00:00,23.100000381469727,23.100000381469727,23.100000381469727,23.100000381469727,3000,0.0,0.0
2025-05-09 01:45:00+00:00,23.049999237060547,23.049999237060547,23.049999237060547,23.049999237060547,10020,0.0,0.0
2025-05-09 01:50:00+00:00,23.049999237060547,23.049999237060547,23.0,23.0,7020,0.0,0.0
2025-05-09 01:55:00+00:00,23.0,23.0,23.0,23.0,1000,0.0,0.0
2025-05-09 02:00:00+00:00,23.100000381469727,23.100000381469727,23.100000381469727,23.100000381469727,7062,0.0,0.0
2025-05-09 02:05:00+00:00,23.149999618530273,23.25,23.149999618530273,23.25,3210,0.0,0.0
2025-05-09 02:15:00+00:00,23.200000762939453,23.200000762939453,23.200000762939453,23.200000762939453,1999,0.0,0.0
2025-05-09 02:20:00+00:00,23.200000762939453,23.350000381469727,23.100000381469727,23.100000381469727,24000,0.0,0.0
2025-05-09 02:30:00+00:00,23.100000381469727,23.100000381469727,23.100000381469727,23.100000381469727,1000,0.0,0.0
2025-05-09 02:40:00+00:00,23.100000381469727,23.100000381469727,23.100000381469727,23.100000381469727,1000,0.0,0.0
2025-05-09 03:05:00+00:00,23.100000381469727,23.100000381469727,23.100000381469727,23.100000381469727,2000,0.0,0.0
2025-05-09 03:15:00+00:00,23.100000381469727,23.100000381469727,23.049999237060547,23.049999237060547,0,0.0,0.0
2025-05-09 03:20:00+00:00,23.049999237060547,23.049999237060547,23.049999237060547,23.049999237060547,100567,0.0,0.0
2025-05-09 03:35:00+00:00,23.100000381469727,23.100000381469727,23.100000381469727,23.100000381469727,1000,0.0,0.0
2025-05-09 03:45:00+00:00,23.049999237060547,23.049999237060547,23.049999237060547,23.049999237060547,2101,0.0,0.0
2025-05-09 03:50:00+00:00,23.049999237060547,23.049999237060547,23.049999237060547,23.049999237060547,10001,0.0,0.0
2025-05-09 04:00:00+00:00,23.100000381469727,23.100000381469727,23.100000381469727,23.100000381469727,2000,0.0,0.0
2025-05-09 04:15:00+00:00,23.100000381469727,23.100000381469727,23.100000381469727,23.100000381469727,2500,0.0,0.0
2025-05-09 04:30:00+00:00,23.100000381469727,23.100000381469727,23.100000381469727,23.100000381469727,3000,0.0,0.0
2025-05-09 04:40:00+00:00,23.100000381469727,23.100000381469727,23.100000381469727,23.100000381469727,2000,0.0,0.0
2025-05-09 04:45:00+00:00,23.100000381469727,23.100000381469727,23.100000381469727,23.100000381469727,2000,0.0,0.0
2025-05-09 04:50:00+00:00,23.149999618530273,23.149999618530273,23.149999618530273,23.149999618530273,5000,0.0,0.0
2025-05-09 04:55:00+00:00,23.149999618530273,23.149999618530273,23.149999618530273,23.149999618530273,1020,0.0,0.0
2025-05-09 05:00:00+00:00,23.149999618530273,23.149999618530273,23.149999618530273,23.149999618530273,2000,0.0,0.0
2025-05-09 05:05:00+00:00,23.149999618530273,23.149999618530273,23.149999618530273,23.149999618530273,3000,0.0,0.0
2025-05-09 05:10:00+00:00,23.100000381469727,23.100000381469727,23.100000381469727,23.100000381469727,4208,0.0,0.0
2025-05-12 01:00:00+00:00,23.200000762939453,23.299999237060547,23.200000762939453,23.299999237060547,0,0.0,0.0
2025-05-12 01:10:00+00:00,23.25,23.25,23.200000762939453,23.200000762939453,18030,0.0,0.0
2025-05-12 01:15:00+00:00,23.200000762939453,23.200000762939453,23.200000762939453,23.200000762939453,10151,0.0,0.0
2025-05-12 01:20:00+00:00,23.25,23.25,23.25,23.25,1257,0.0,0.0
2025-05-12 01:35:00+00:00,23.25,23.399999618530273,23.25,23.399999618530273,26000,0.0,0.0
2025-05-12 01:40:00+00:00,23.399999618530273,23.399999618530273,23.399999618530273,23.399999618530273,4001,0.0,0.0
2025-05-12 01:45:00+00:00,23.399999618530273,23.399999618530273,23.399999618530273,23.399999618530273,12000,0.0,0.0
2025-05-12 01:50:00+00:00,23.399999618530273,23.399999618530273,23.399999618530273,23.399999618530273,1029,0.0,0.0
2025-05-12 01:55:00+00:00,23.450000762939453,23.450000762939453,23.450000762939453,23.450000762939453,2000,0.0,0.0
2025-05-12 02:05:00+00:00,23.450000762939453,23.450000762939453,23.450000762939453,23.450000762939453,11050,0.0,0.0
2025-05-12 02:15:00+00:00,23.450000762939453,23.450000762939453,23.450000762939453,23.450000762939453,2031,0.0,0.0
2025-05-12 02:30:00+00:00,23.450000762939453,23.450000762939453,23.450000762939453,23.450000762939453,3102,0.0,0.0
2025-05-12 02:35:00+00:00,23.450000762939453,23.450000762939453,23.450000762939453,23.450000762939453,1302,0.0,0.0
2025-05-12 02:40:00+00:00,23.450000762939453,23.450000762939453,23.450000762939453,23.450000762939453,4131,0.0,0.0
2025-05-12 02:45:00+00:00,23.450000762939453,23.450000762939453,23.450000762939453,23.450000762939453,1000,0.0,0.0
2025-05-12 03:00:00+00:00,23.450000762939453,23.450000762939453,23.450000762939453,23.450000762939453,2280,0.0,0.0
2025-05-12 03:05:00+00:00,23.450000762939453,23.450000762939453,23.450000762939453,23.450000762939453,3001,0.0,0.0
2025-05-12 03:15:00+00:00,23.450000762939453,23.450000762939453,23.450000762939453,23.450000762939453,2001,0.0,0.0
2025-05-12 03:20:00+00:00,23.450000762939453,23.450000762939453,23.450000762939453,23.450000762939453,1001,0.0,0.0
2025-05-12 03:30:00+00:00,23.450000762939453,23.450000762939453,23.450000762939453,23.450000762939453,1102,0.0,0.0
2025-05-12 03:40:00+00:00,23.399999618530273,23.399999618530273,23.399999618530273,23.399999618530273,1001,0.0,0.0
2025-05-12 03:55:00+00:00,23.399999618530273,23.399999618530273,23.299999237060547,23.299999237060547,30001,0.0,0.0
2025-05-12 04:10:00+00:00,23.399999618530273,23.399999618530273,23.399999618530273,23.399999618530273,3095,0.0,0.0
2025-05-12 04:30:00+00:00,23.399999618530273,23.450000762939453,23.399999618530273,23.450000762939453,6053,0.0,0.0
2025-05-12 04:40:00+00:00,23.5,23.5,23.5,23.5,4001,0.0,0.0
2025-05-12 04:45:00+00:00,23.5,23.5,23.399999618530273,23.399999618530273,4248,0.0,0.0
2025-05-12 04:55:00+00:00,23.5,23.549999237060547,23.5,23.549999237060547,6051,0.0,0.0
2025-05-12 05:00:00+00:00,23.450000762939453,23.450000762939453,23.450000762939453,23.450000762939453,1000,0.0,0.0
2025-05-12 05:10:00+00:00,23.5,23.5,23.5,23.5,1000,0.0,0.0
2025-05-12 05:15:00+00:00,23.5,23.549999237060547,23.450000762939453,23.549999237060547,4221,0.0,0.0
2025-05-12 05:20:00+00:00,23.549999237060547,23.549999237060547,23.549999237060547,23.549999237060547,1031,0.0,0.0
2025-05-13 01:00:00+00:00,23.600000381469727,23.850000381469727,23.600000381469727,23.850000381469727,0,0.0,0.0
2025-05-13 01:05:00+00:00,23.899999618530273,24.0,23.799999237060547,23.799999237060547,13134,0.0,0.0
2025-05-13 01:10:00+00:00,23.899999618530273,23.899999618530273,23.75,23.75,4000,0.0,0.0
2025-05-13 01:15:00+00:00,23.799999237060547,23.799999237060547,23.799999237060547,23.799999237060547,3000,0.0,0.0
2025-05-13 01:20:00+00:00,23.799999237060547,23.950000762939453,23.75,23.75,339014,0.0,0.0
2025-05-13 01:25:00+00:00,23.850000381469727,23.850000381469727,23.799999237060547,23.799999237060547,26000,0.0,0.0
2025-05-13 01:30:00+00:00,23.850000381469727,23.850000381469727,23.799999237060547,23.850000381469727,13000,0.0,0.0
2025-05-13 01:35:00+00:00,23.850000381469727,23.899999618530273,23.850000381469727,23.899999618530273,5000,0.0,0.0
2025-05-13 01:45:00+00:00,23.899999618530273,23.899999618530273,23.850000381469727,23.850000381469727,5002,0.0,0.0
2025-05-13 01:55:00+00:00,23.799999237060547,23.799999237060547,23.799999237060547,23.799999237060547,6000,0.0,0.0
2025-05-13 02:00:00+00:00,23.799999237060547,23.799999237060547,23.799999237060547,23.799999237060547,3000,0.0,0.0
2025-05-13 02:05:00+00:00,23.850000381469727,23.850000381469727,23.75,23.75,6204,0.0,0.0
2025-05-13 02:10:00+00:00,23.700000762939453,23.700000762939453,23.700000762939453,23.700000762939453,1000,0.0,0.0
2025-05-13 02:15:00+00:00,23.700000762939453,23.700000762939453,23.700000762939453,23.700000762939453,3000,0.0,0.0
2025-05-13 02:20:00+00:00,23.700000762939453,23.700000762939453,23.700000762939453,23.700000762939453,11000,0.0,0.0
2025-05-13 02:30:00+00:00,23.700000762939453,23.700000762939453,23.700000762939453,23.700000762939453,1250,0.0,0.0
2025-05-13 02:40:00+00:00,23.700000762939453,23.700000762939453,23.700000762939453,23.700000762939453,2001,0.0,0.0
2025-05-13 02:50:00+00:00,23.700000762939453,23.700000762939453,23.700000762939453,23.700000762939453,1000,0.0,0.0
2025-05-13 03:00:00+00:00,23.649999618530273,23.649999618530273,23.649999618530273,23.649999618530273,9010,0.0,0.0
2025-05-13 03:05:00+00:00,23.649999618530273,23.649999618530273,23.649999618530273,23.649999618530273,1000,0.0,0.0
2025-05-13 03:10:00+00:00,23.600000381469727,23.600000381469727,23.600000381469727,23.600000381469727,14000,0.0,0.0
2025-05-13 03:15:00+00:00,23.549999237060547,23.549999237060547,23.549999237060547,23.549999237060547,5212,0.0,0.0
2025-05-13 03:20:00+00:00,23.5,23.549999237060547,23.5,23.549999237060547,23503,0.0,0.0
2025-05-13 03:25:00+00:00,23.5,23.5,23.5,23.5,1000,0.0,0.0
2025-05-13 03:55:00+00:00,23.5,23.5,23.5,23.5,6016,0.0,0.0
2025-05-13 04:00:00+00:00,23.5,23.5,23.5,23.5,15404,0.0,0.0
2025-05-13 04:05:00+00:00,23.450000762939453,23.450000762939453,23.450000762939453,23.450000762939453,5000,0.0,0.0
2025-05-13 04:10:00+00:00,23.5,23.5,23.5,23.5,1001,0.0,0.0
2025-05-13 04:15:00+00:00,23.450000762939453,23.450000762939453,23.450000762939453,23.450000762939453,4009,0.0,0.0
2025-05-13 04:25:00+00:00,23.399999618530273,23.399999618530273,23.399999618530273,23.399999618530273,1002,0.0,0.0
2025-05-13 04:30:00+00:00,23.5,23.5,23.200000762939453,23.200000762939453,26352,0.0,0.0
2025-05-13 04:35:00+00:00,23.299999237060547,23.350000381469727,23.100000381469727,23.350000381469727,41378,0.0,0.0
2025-05-13 04:40:00+00:00,23.299999237060547,23.299999237060547,23.299999237060547,23.299999237060547,1004,0.0,0.0
2025-05-13 04:50:00+00:00,23.299999237060547,23.299999237060547,23.299999237060547,23.299999237060547,2107,0.0,0.0
2025-05-13 04:55:00+00:00,23.299999237060547,23.299999237060547,23.25,23.25,9200,0.0,0.0
2025-05-13 05:00:00+00:00,23.25,23.25,23.25,23.25,3000,0.0,0.0
2025-05-13 05:05:00+00:00,23.299999237060547,23.299999237060547,23.299999237060547,23.299999237060547,3000,0.0,0.0
2025-05-13 05:10:00+00:00,23.299999237060547,23.299999237060547,23.299999237060547,23.299999237060547,4000,0.0,0.0
2025-05-13 05:15:00+00:00,23.299999237060547,23.350000381469727,23.299999237060547,23.350000381469727,7000,0.0,0.0
2025-05-13 05:20:00+00:00,23.25,23.399999618530273,23.25,23.399999618530273,5208,0.0,0.0
2025-05-14 01:00:00+00:00,23.5,23.600000381469727,23.5,23.549999237060547,0,0.0,0.0
2025-05-14 01:05:00+00:00,23.549999237060547,23.549999237060547,23.549999237060547,23.549999237060547,6138,0.0,0.0
2025-05-14 01:15:00+00:00,23.549999237060547,23.600000381469727,23.549999237060547,23.600000381469727,12000,0.0,0.0
2025-05-14 01:20:00+00:00,23.600000381469727,23.600000381469727,23.600000381469727,23.600000381469727,2000,0.0,0.0
2025-05-14 01:25:00+00:00,23.600000381469727,23.600000381469727,23.600000381469727,23.600000381469727,2000,0.0,0.0
2025-05-14 01:30:00+00:00,23.600000381469727,23.600000381469727,23.600000381469727,23.600000381469727,1294,0.0,0.0
2025-05-14 01:35:00+00:00,23.600000381469727,23.600000381469727,23.600000381469727,23.600000381469727,1000,0.0,0.0
2025-05-14 01:40:00+00:00,23.600000381469727,23.600000381469727,23.600000381469727,23.600000381469727,10000,0.0,0.0
2025-05-14 01:45:00+00:00,23.600000381469727,23.600000381469727,23.549999237060547,23.549999237060547,10000,0.0,0.0
2025-05-14 01:50:00+00:00,23.600000381469727,23.600000381469727,23.600000381469727,23.600000381469727,1007,0.0,0.0
2025-05-14 02:00:00+00:00,23.549999237060547,23.549999237060547,23.549999237060547,23.549999237060547,2012,0.0,0.0
2025-05-14 02:10:00+00:00,23.600000381469727,23.600000381469727,23.600000381469727,23.600000381469727,2000,0.0,0.0
2025-05-14 02:15:00+00:00,23.549999237060547,23.549999237060547,23.549999237060547,23.549999237060547,11001,0.0,0.0
2025-05-14 02:25:00+00:00,23.549999237060547,23.549999237060547,23.549999237060547,23.549999237060547,15000,0.0,0.0
2025-05-14 02:35:00+00:00,23.5,23.5,23.5,23.5,6000,0.0,0.0
2025-05-14 02:40:00+00:00,23.5,23.549999237060547,23.5,23.549999237060547,44000,0.0,0.0
2025-05-14 02:45:00+00:00,23.549999237060547,23.549999237060547,23.549999237060547,23.549999237060547,7001,0.0,0.0
2025-05-14 03:05:00+00:00,23.600000381469727,23.649999618530273,23.600000381469727,23.649999618530273,13000,0.0,0.0
2025-05-14 03:15:00+00:00,23.649999618530273,23.649999618530273,23.649999618530273,23.649999618530273,4000,0.0,0.0
2025-05-14 03:20:00+00:00,23.649999618530273,23.649999618530273,23.649999618530273,23.649999618530273,3002,0.0,0.0
2025-05-14 03:25:00+00:00,23.700000762939453,23.700000762939453,23.700000762939453,23.700000762939453,1000,0.0,0.0
2025-05-14 03:35:00+00:00,23.649999618530273,23.649999618530273,23.649999618530273,23.649999618530273,2000,0.0,0.0
2025-05-14 03:45:00+00:00,23.649999618530273,23.649999618530273,23.600000381469727,23.600000381469727,2000,0.0,0.0
2025-05-14 03:50:00+00:00,23.649999618530273,23.649999618530273,23.649999618530273,23.649999618530273,2000,0.0,0.0
2025-05-14 04:00:00+00:00,23.600000381469727,23.600000381469727,23.600000381469727,23.600000381469727,1000,0.0,0.0
2025-05-14 04:05:00+00:00,23.649999618530273,23.700000762939453,23.600000381469727,23.600000381469727,6000,0.0,0.0
2025-05-14 04:10:00+00:00,23.600000381469727,23.649999618530273,23.600000381469727,23.649999618530273,3000,0.0,0.0
2025-05-14 04:20:00+00:00,23.649999618530273,23.649999618530273,23.649999618530273,23.649999618530273,1020,0.0,0.0
2025-05-14 04:25:00+00:00,23.649999618530273,23.649999618530273,23.649999618530273,23.649999618530273,7026,0.0,0.0
2025-05-14 04:30:00+00:00,23.649999618530273,23.75,23.649999618530273,23.75,12020,0.0,0.0
2025-05-14 04:35:00+00:00,23.75,23.75,23.75,23.75,2037,0.0,0.0
2025-05-14 04:40:00+00:00,23.75,23.75,23.75,23.75,10013,0.0,0.0
2025-05-14 04:45:00+00:00,23.700000762939453,23.700000762939453,23.700000762939453,23.700000762939453,3112,0.0,0.0
2025-05-14 04:55:00+00:00,23.75,23.75,23.75,23.75,6061,0.0,0.0
2025-05-14 05:00:00+00:00,23.75,23.75,23.75,23.75,4248,0.0,0.0
2025-05-14 05:05:00+00:00,23.75,23.799999237060547,23.700000762939453,23.799999237060547,18177,0.0,0.0
2025-05-14 05:10:00+00:00,23.799999237060547,23.799999237060547,23.75,23.799999237060547,6054,0.0,0.0
2025-05-14 05:20:00+00:00,23.799999237060547,23.799999237060547,23.799999237060547,23.799999237060547,6403,0.0,0.0
2025-05-15 01:00:00+00:00,23.850000381469727,23.850000381469727,23.75,23.850000381469727,0,0.0,0.0
2025-05-15 01:05:00+00:00,23.850000381469727,23.950000762939453,23.850000381469727,23.899999618530273,19000,0.0,0.0
2025-05-15 01:10:00+00:00,23.950000762939453,24.0,23.950000762939453,24.0,5219,0.0,0.0
2025-05-15 01:15:00+00:00,24.0,24.0,23.899999618530273,23.899999618530273,3018,0.0,0.0
2025-05-15 01:20:00+00:00,23.950000762939453,23.950000762939453,23.850000381469727,23.850000381469727,10000,0.0,0.0
2025-05-15 01:25:00+00:00,23.850000381469727,23.850000381469727,23.700000762939453,23.700000762939453,28107,0.0,0.0
2025-05-15 01:30:00+00:00,23.799999237060547,23.850000381469727,23.799999237060547,23.850000381469727,2000,0.0,0.0
2025-05-15 01:35:00+00:00,23.700000762939453,23.700000762939453,23.700000762939453,23.700000762939453,1000,0.0,0.0
2025-05-15 01:40:00+00:00,23.799999237060547,23.799999237060547,23.799999237060547,23.799999237060547,1000,0.0,0.0
2025-05-15 01:50:00+00:00,23.75,23.75,23.75,23.75,2102,0.0,0.0
2025-05-15 02:00:00+00:00,23.700000762939453,23.700000762939453,23.649999618530273,23.649999618530273,6000,0.0,0.0
2025-05-15 02:05:00+00:00,23.700000762939453,23.700000762939453,23.700000762939453,23.700000762939453,1000,0.0,0.0
2025-05-15 02:10:00+00:00,23.700000762939453,23.700000762939453,23.700000762939453,23.700000762939453,1000,0.0,0.0
2025-05-15 02:15:00+00:00,23.700000762939453,23.700000762939453,23.700000762939453,23.700000762939453,4000,0.0,0.0
2025-05-15 02:20:00+00:00,23.75,23.75,23.75,23.75,1001,0.0,0.0
2025-05-15 02:55:00+00:00,23.75,23.75,23.649999618530273,23.700000762939453,20243,0.0,0.0
2025-05-15 03:00:00+00:00,23.700000762939453,23.700000762939453,23.649999618530273,23.649999618530273,3021,0.0,0.0
2025-05-15 03:05:00+00:00,23.649999618530273,23.649999618530273,23.649999618530273,23.649999618530273,6000,0.0,0.0
2025-05-15 03:20:00+00:00,23.649999618530273,23.649999618530273,23.649999618530273,23.649999618530273,1000,0.0,0.0
2025-05-15 03:35:00+00:00,23.649999618530273,23.649999618530273,23.600000381469727,23.600000381469727,9000,0.0,0.0
2025-05-15 03:40:00+00:00,23.600000381469727,23.600000381469727,23.549999237060547,23.549999237060547,6000,0.0,0.0
2025-05-15 03:50:00+00:00,23.600000381469727,23.600000381469727,23.600000381469727,23.600000381469727,2000,0.0,0.0
2025-05-15 04:00:00+00:00,23.649999618530273,23.649999618530273,23.649999618530273,23.649999618530273,1000,0.0,0.0
2025-05-15 04:05:00+00:00,23.600000381469727,23.600000381469727,23.600000381469727,23.600000381469727,1000,0.0,0.0
2025-05-15 04:10:00+00:00,23.600000381469727,23.600000381469727,23.600000381469727,23.600000381469727,1000,0.0,0.0
2025-05-15 04:15:00+00:00,23.600000381469727,23.600000381469727,23.600000381469727,23.600000381469727,5055,0.0,0.0
2025-05-15 04:20:00+00:00,23.549999237060547,23.549999237060547,23.549999237060547,23.549999237060547,3000,0.0,0.0
2025-05-15 04:25:00+00:00,23.549999237060547,23.549999237060547,23.549999237060547,23.549999237060547,1000,0.0,0.0
2025-05-15 04:30:00+00:00,23.549999237060547,23.649999618530273,23.549999237060547,23.649999618530273,5067,0.0,0.0
2025-05-15 04:40:00+00:00,23.549999237060547,23.549999237060547,23.549999237060547,23.549999237060547,1000,0.0,0.0
2025-05-15 04:45:00+00:00,23.549999237060547,23.549999237060547,23.549999237060547,23.549999237060547,6000,0.0,0.0
2025-05-15 04:50:00+00:00,23.600000381469727,23.600000381469727,23.600000381469727,23.600000381469727,1031,0.0,0.0
2025-05-15 05:10:00+00:00,23.600000381469727,23.600000381469727,23.600000381469727,23.600000381469727,6000,0.0,0.0
2025-05-15 05:15:00+00:00,23.600000381469727,23.600000381469727,23.600000381469727,23.600000381469727,2000,0.0,0.0
2025-05-15 05:20:00+00:00,23.600000381469727,23.600000381469727,23.600000381469727,23.600000381469727,1417,0.0,0.0
2025-05-16 01:00:00+00:00,23.75,23.75,23.600000381469727,23.600000381469727,0,0.0,0.0
2025-05-16 01:15:00+00:00,23.600000381469727,23.600000381469727,23.600000381469727,23.600000381469727,1097,0.0,0.0
2025-05-16 01:20:00+00:00,23.600000381469727,23.600000381469727,23.600000381469727,23.600000381469727,1000,0.0,0.0
2025-05-16 01:25:00+00:00,23.600000381469727,23.600000381469727,23.600000381469727,23.600000381469727,1001,0.0,0.0
2025-05-16 01:55:00+00:00,23.600000381469727,23.600000381469727,23.600000381469727,23.600000381469727,1000,0.0,0.0
2025-05-16 02:00:00+00:00,23.600000381469727,23.600000381469727,23.600000381469727,23.600000381469727,2144,0.0,0.0
2025-05-16 02:10:00+00:00,23.600000381469727,23.600000381469727,23.600000381469727,23.600000381469727,5026,0.0,0.0
2025-05-16 02:20:00+00:00,23.600000381469727,23.600000381469727,23.600000381469727,23.600000381469727,5000,0.0,0.0
2025-05-16 02:25:00+00:00,23.600000381469727,23.600000381469727,23.549999237060547,23.549999237060547,6040,0.0,0.0
2025-05-16 02:30:00+00:00,23.649999618530273,23.649999618530273,23.649999618530273,23.649999618530273,1095,0.0,0.0
2025-05-16 02:45:00+00:00,23.600000381469727,23.600000381469727,23.600000381469727,23.600000381469727,3001,0.0,0.0
2025-05-16 03:20:00+00:00,23.600000381469727,23.649999618530273,23.600000381469727,23.649999618530273,2000,0.0,0.0
2025-05-16 03:30:00+00:00,23.600000381469727,23.649999618530273,23.600000381469727,23.649999618530273,5000,0.0,0.0
2025-05-16 03:35:00+00:00,23.649999618530273,23.649999618530273,23.600000381469727,23.600000381469727,15009,0.0,0.0
2025-05-16 03:40:00+00:00,23.649999618530273,23.649999618530273,23.600000381469727,23.600000381469727,4000,0.0,0.0
2025-05-16 03:45:00+00:00,23.649999618530273,23.649999618530273,23.649999618530273,23.649999618530273,3000,0.0,0.0
2025-05-16 03:50:00+00:00,23.649999618530273,23.649999618530273,23.600000381469727,23.600000381469727,4035,0.0,0.0
2025-05-16 03:55:00+00:00,23.600000381469727,23.600000381469727,23.600000381469727,23.600000381469727,2000,0.0,0.0
2025-05-16 04:00:00+00:00,23.649999618530273,23.649999618530273,23.649999618530273,23.649999618530273,1001,0.0,0.0
2025-05-16 04:35:00+00:00,23.600000381469727,23.600000381469727,23.600000381469727,23.600000381469727,3000,0.0,0.0
2025-05-16 04:40:00+00:00,23.600000381469727,23.600000381469727,23.600000381469727,23.600000381469727,1000,0.0,0.0
2025-05-16 04:45:00+00:00,23.600000381469727,23.600000381469727,23.600000381469727,23.600000381469727,4001,0.0,0.0
2025-05-16 04:50:00+00:00,23.649999618530273,23.649999618530273,23.649999618530273,23.649999618530273,1056,0.0,0.0
2025-05-16 05:10:00+00:00,23.649999618530273,23.649999618530273,23.600000381469727,23.600000381469727,3000,0.0,0.0
2025-05-16 05:15:00+00:00,23.600000381469727,23.600000381469727,23.600000381469727,23.600000381469727,1200,0.0,0.0
2025-05-16 05:20:00+00:00,23.600000381469727,23.600000381469727,23.549999237060547,23.549999237060547,3367,0.0,0.0
2025-05-19 01:00:00+00:00,23.600000381469727,23.600000381469727,23.399999618530273,23.399999618530273,0,0.0,0.0
2025-05-19 01:05:00+00:00,23.399999618530273,23.399999618530273,23.399999618530273,23.399999618530273,12015,0.0,0.0
2025-05-19 01:10:00+00:00,23.5,23.5,23.350000381469727,23.350000381469727,3085,0.0,0.0
2025-05-19 01:15:00+00:00,23.350000381469727,23.350000381469727,23.350000381469727,23.350000381469727,1000,0.0,0.0
2025-05-19 01:20:00+00:00,23.299999237060547,23.350000381469727,23.25,23.350000381469727,9013,0.0,0.0
2025-05-19 01:30:00+00:00,23.450000762939453,23.450000762939453,23.450000762939453,23.450000762939453,2000,0.0,0.0
2025-05-19 01:35:00+00:00,23.299999237060547,23.299999237060547,23.299999237060547,23.299999237060547,2000,0.0,0.0
2025-05-19 01:40:00+00:00,23.299999237060547,23.299999237060547,23.299999237060547,23.299999237060547,1200,0.0,0.0
2025-05-19 02:15:00+00:00,23.299999237060547,23.299999237060547,23.299999237060547,23.299999237060547,4299,0.0,0.0
2025-05-19 02:20:00+00:00,23.350000381469727,23.350000381469727,23.350000381469727,23.350000381469727,1000,0.0,0.0
2025-05-19 02:25:00+00:00,23.299999237060547,23.299999237060547,23.299999237060547,23.299999237060547,9000,0.0,0.0
2025-05-19 02:30:00+00:00,23.299999237060547,23.299999237060547,23.299999237060547,23.299999237060547,4286,0.0,0.0
2025-05-19 02:40:00+00:00,23.299999237060547,23.299999237060547,23.299999237060547,23.299999237060547,1001,0.0,0.0
2025-05-19 02:50:00+00:00,23.299999237060547,23.299999237060547,23.299999237060547,23.299999237060547,1000,0.0,0.0
2025-05-19 03:05:00+00:00,23.25,23.25,23.200000762939453,23.200000762939453,11000,0.0,0.0
2025-05-19 03:10:00+00:00,23.350000381469727,23.350000381469727,23.350000381469727,23.350000381469727,2000,0.0,0.0
2025-05-19 03:20:00+00:00,23.200000762939453,23.200000762939453,23.149999618530273,23.149999618530273,10010,0.0,0.0
2025-05-19 03:25:00+00:00,23.200000762939453,23.200000762939453,23.200000762939453,23.200000762939453,2070,0.0,0.0
2025-05-19 03:30:00+00:00,23.200000762939453,23.200000762939453,23.149999618530273,23.149999618530273,4346,0.0,0.0
2025-05-19 03:35:00+00:00,23.100000381469727,23.100000381469727,23.100000381469727,23.100000381469727,1000,0.0,0.0
2025-05-19 03:40:00+00:00,23.200000762939453,23.200000762939453,23.200000762939453,23.200000762939453,2000,0.0,0.0
2025-05-19 03:45:00+00:00,23.100000381469727,23.100000381469727,23.100000381469727,23.100000381469727,4350,0.0,0.0
2025-05-19 03:50:00+00:00,23.100000381469727,23.100000381469727,23.100000381469727,23.100000381469727,1000,0.0,0.0
2025-05-19 03:55:00+00:00,23.049999237060547,23.049999237060547,23.049999237060547,23.049999237060547,1000,0.0,0.0
2025-05-19 04:00:00+00:00,23.200000762939453,23.200000762939453,23.200000762939453,23.200000762939453,1000,0.0,0.0
2025-05-19 04:05:00+00:00,23.100000381469727,23.100000381469727,23.049999237060547,23.049999237060547,7000,0.0,0.0
2025-05-19 04:10:00+00:00,23.100000381469727,23.100000381469727,23.049999237060547,23.049999237060547,2000,0.0,0.0
2025-05-19 04:20:00+00:00,23.049999237060547,23.049999237060547,23.049999237060547,23.049999237060547,2000,0.0,0.0
2025-05-19 04:25:00+00:00,23.049999237060547,23.049999237060547,23.049999237060547,23.049999237060547,5000,0.0,0.0
2025-05-19 04:30:00+00:00,23.100000381469727,23.100000381469727,23.100000381469727,23.100000381469727,1102,0.0,0.0
2025-05-19 04:35:00+00:00,23.049999237060547,23.049999237060547,23.049999237060547,23.049999237060547,2000,0.0,0.0
2025-05-19 04:45:00+00:00,23.100000381469727,23.100000381469727,23.049999237060547,23.049999237060547,3100,0.0,0.0
2025-05-19 04:50:00+00:00,23.100000381469727,23.100000381469727,23.049999237060547,23.100000381469727,33000,0.0,0.0
2025-05-19 04:55:00+00:00,23.100000381469727,23.200000762939453,23.100000381469727,23.200000762939453,7000,0.0,0.0
2025-05-19 05:10:00+00:00,23.200000762939453,23.200000762939453,23.200000762939453,23.200000762939453,1001,0.0,0.0
2025-05-19 05:20:00+00:00,23.200000762939453,23.25,23.200000762939453,23.25,2000,0.0,0.0
2025-05-20 01:00:00+00:00,23.25,23.25,23.25,23.25,0,0.0,0.0
2025-05-20 01:30:00+00:00,23.149999618530273,23.149999618530273,23.149999618530273,23.149999618530273,5000,0.0,0.0
2025-05-20 01:40:00+00:00,23.100000381469727,23.100000381469727,23.100000381469727,23.100000381469727,3156,0.0,0.0
2025-05-20 02:20:00+00:00,23.149999618530273,23.149999618530273,23.149999618530273,23.149999618530273,2000,0.0,0.0
2025-05-20 02:25:00+00:00,23.049999237060547,23.100000381469727,23.049999237060547,23.100000381469727,3000,0.0,0.0
2025-05-20 02:30:00+00:00,23.100000381469727,23.100000381469727,23.100000381469727,23.100000381469727,2000,0.0,0.0
2025-05-20 02:35:00+00:00,23.100000381469727,23.100000381469727,23.100000381469727,23.100000381469727,1002,0.0,0.0
2025-05-20 02:45:00+00:00,23.100000381469727,23.100000381469727,23.100000381469727,23.100000381469727,1000,0.0,0.0
2025-05-20 02:50:00+00:00,23.100000381469727,23.100000381469727,23.100000381469727,23.100000381469727,1000,0.0,0.0
2025-05-20 02:55:00+00:00,23.049999237060547,23.149999618530273,23.049999237060547,23.149999618530273,5500,0.0,0.0
2025-05-20 03:05:00+00:00,23.200000762939453,23.200000762939453,23.200000762939453,23.200000762939453,1000,0.0,0.0
2025-05-20 03:10:00+00:00,23.200000762939453,23.25,23.200000762939453,23.25,25000,0.0,0.0
2025-05-20 03:15:00+00:00,23.200000762939453,23.200000762939453,23.200000762939453,23.200000762939453,1000,0.0,0.0
2025-05-20 03:20:00+00:00,23.200000762939453,23.200000762939453,23.200000762939453,23.200000762939453,3000,0.0,0.0
2025-05-20 03:25:00+00:00,23.149999618530273,23.149999618530273,23.100000381469727,23.100000381469727,6000,0.0,0.0
2025-05-20 03:30:00+00:00,23.149999618530273,23.200000762939453,23.149999618530273,23.149999618530273,3017,0.0,0.0
2025-05-20 04:20:00+00:00,23.049999237060547,23.049999237060547,23.049999237060547,23.049999237060547,2095,0.0,0.0
2025-05-20 04:25:00+00:00,23.049999237060547,23.049999237060547,23.0,23.0,20100,0.0,0.0
2025-05-20 04:30:00+00:00,23.100000381469727,23.149999618530273,23.100000381469727,23.149999618530273,4000,0.0,0.0
2025-05-20 04:35:00+00:00,23.149999618530273,23.200000762939453,23.100000381469727,23.100000381469727,22000,0.0,0.0
2025-05-20 04:40:00+00:00,23.200000762939453,23.200000762939453,23.200000762939453,23.200000762939453,3000,0.0,0.0
2025-05-20 04:50:00+00:00,23.25,23.25,23.25,23.25,1015,0.0,0.0
2025-05-20 05:00:00+00:00,23.25,23.25,23.200000762939453,23.200000762939453,4100,0.0,0.0
2025-05-20 05:05:00+00:00,23.200000762939453,23.200000762939453,23.200000762939453,23.200000762939453,1000,0.0,0.0
2025-05-20 05:10:00+00:00,23.25,23.25,23.100000381469727,23.100000381469727,7000,0.0,0.0
2025-05-20 05:15:00+00:00,23.100000381469727,23.100000381469727,23.100000381469727,23.100000381469727,4000,0.0,0.0
2025-05-20 05:20:00+00:00,23.100000381469727,23.100000381469727,23.100000381469727,23.100000381469727,1532,0.0,0.0
2025-05-21 01:00:00+00:00,23.25,23.25,23.25,23.25,0,0.0,0.0
2025-05-21 01:05:00+00:00,23.299999237060547,23.350000381469727,23.299999237060547,23.350000381469727,2406,0.0,0.0
2025-05-21 01:15:00+00:00,23.399999618530273,23.450000762939453,23.399999618530273,23.450000762939453,7001,0.0,0.0
2025-05-21 01:25:00+00:00,23.450000762939453,23.450000762939453,23.450000762939453,23.450000762939453,4000,0.0,0.0
2025-05-21 01:30:00+00:00,23.5,23.5,23.5,23.5,1000,0.0,0.0
2025-05-21 01:35:00+00:00,23.450000762939453,23.450000762939453,23.450000762939453,23.450000762939453,1021,0.0,0.0
2025-05-21 01:40:00+00:00,23.5,23.5,23.5,23.5,3000,0.0,0.0
2025-05-21 01:45:00+00:00,23.5,23.5,23.5,23.5,1000,0.0,0.0
2025-05-21 01:50:00+00:00,23.5,23.5,23.5,23.5,1000,0.0,0.0
2025-05-21 01:55:00+00:00,23.450000762939453,23.450000762939453,23.450000762939453,23.450000762939453,1001,0.0,0.0
2025-05-21 02:00:00+00:00,23.450000762939453,23.450000762939453,23.450000762939453,23.450000762939453,2000,0.0,0.0
2025-05-21 02:05:00+00:00,23.299999237060547,23.299999237060547,23.299999237060547,23.299999237060547,2204,0.0,0.0
2025-05-21 02:15:00+00:00,23.299999237060547,23.299999237060547,23.299999237060547,23.299999237060547,1000,0.0,0.0
2025-05-21 02:20:00+00:00,23.299999237060547,23.299999237060547,23.299999237060547,23.299999237060547,20027,0.0,0.0
2025-05-21 02:30:00+00:00,23.450000762939453,23.450000762939453,23.450000762939453,23.450000762939453,4000,0.0,0.0
2025-05-21 02:55:00+00:00,23.450000762939453,23.450000762939453,23.450000762939453,23.450000762939453,1000,0.0,0.0
2025-05-21 03:00:00+00:00,23.450000762939453,23.450000762939453,23.450000762939453,23.450000762939453,3000,0.0,0.0
2025-05-21 03:05:00+00:00,23.450000762939453,23.450000762939453,23.450000762939453,23.450000762939453,1000,0.0,0.0
2025-05-21 03:10:00+00:00,23.5,23.5,23.5,23.5,1000,0.0,0.0
2025-05-21 03:15:00+00:00,23.5,23.5,23.5,23.5,1000,0.0,0.0
2025-05-21 03:20:00+00:00,23.5,23.5,23.5,23.5,1000,0.0,0.0
2025-05-21 03:25:00+00:00,23.5,23.5,23.5,23.5,1000,0.0,0.0
2025-05-21 03:30:00+00:00,23.5,23.5,23.5,23.5,16000,0.0,0.0
2025-05-21 03:35:00+00:00,23.5,23.5,23.5,23.5,2000,0.0,0.0
2025-05-21 03:40:00+00:00,23.549999237060547,23.549999237060547,23.549999237060547,23.549999237060547,5000,0.0,0.0
2025-05-21 03:45:00+00:00,23.5,23.5,23.5,23.5,2000,0.0,0.0
2025-05-21 03:50:00+00:00,23.600000381469727,23.600000381469727,23.600000381469727,23.600000381469727,1000,0.0,0.0
2025-05-21 04:05:00+00:00,23.549999237060547,23.549999237060547,23.549999237060547,23.549999237060547,1000,0.0,0.0
2025-05-21 04:10:00+00:00,23.600000381469727,23.600000381469727,23.600000381469727,23.600000381469727,1002,0.0,0.0
2025-05-21 04:15:00+00:00,23.600000381469727,23.600000381469727,23.549999237060547,23.549999237060547,12050,0.0,0.0
2025-05-21 04:20:00+00:00,23.600000381469727,23.649999618530273,23.600000381469727,23.649999618530273,17000,0.0,0.0
2025-05-21 04:30:00+00:00,23.700000762939453,23.700000762939453,23.649999618530273,23.649999618530273,4100,0.0,0.0
2025-05-21 04:40:00+00:00,23.700000762939453,23.700000762939453,23.700000762939453,23.700000762939453,2000,0.0,0.0
2025-05-21 05:00:00+00:00,23.649999618530273,23.649999618530273,23.649999618530273,23.649999618530273,3000,0.0,0.0
2025-05-21 05:05:00+00:00,23.600000381469727,23.600000381469727,23.600000381469727,23.600000381469727,1000,0.0,0.0
2025-05-21 05:10:00+00:00,23.649999618530273,23.75,23.649999618530273,23.75,33110,0.0,0.0
2025-05-21 05:15:00+00:00,23.799999237060547,23.799999237060547,23.799999237060547,23.799999237060547,18000,0.0,0.0
2025-05-21 05:20:00+00:00,23.75,23.799999237060547,23.75,23.75,4000,0.0,0.0
2025-05-22 01:00:00+00:00,23.75,23.75,23.75,23.75,0,0.0,0.0
2025-05-22 01:05:00+00:00,23.5,23.75,23.5,23.75,2030,0.0,0.0
2025-05-22 01:10:00+00:00,23.5,23.5,23.5,23.5,2000,0.0,0.0
2025-05-22 01:15:00+00:00,23.549999237060547,23.549999237060547,23.5,23.5,4000,0.0,0.0
2025-05-22 01:20:00+00:00,23.5,23.5,23.5,23.5,4000,0.0,0.0
2025-05-22 01:30:00+00:00,23.5,23.5,23.5,23.5,1209,0.0,0.0
2025-05-22 01:40:00+00:00,23.5,23.5,23.5,23.5,2251,0.0,0.0
2025-05-22 01:50:00+00:00,23.450000762939453,23.450000762939453,23.450000762939453,23.450000762939453,2390,0.0,0.0
2025-05-22 02:00:00+00:00,23.399999618530273,23.399999618530273,23.299999237060547,23.299999237060547,3000,0.0,0.0
2025-05-22 02:10:00+00:00,23.399999618530273,23.399999618530273,23.399999618530273,23.399999618530273,1000,0.0,0.0
2025-05-22 02:15:00+00:00,23.399999618530273,23.450000762939453,23.399999618530273,23.450000762939453,12000,0.0,0.0
2025-05-22 02:20:00+00:00,23.5,23.5,23.5,23.5,5000,0.0,0.0
2025-05-22 02:30:00+00:00,23.5,23.5,23.5,23.5,2000,0.0,0.0
2025-05-22 02:40:00+00:00,23.600000381469727,23.649999618530273,23.600000381469727,23.649999618530273,4011,0.0,0.0
2025-05-22 02:55:00+00:00,23.549999237060547,23.549999237060547,23.549999237060547,23.549999237060547,5000,0.0,0.0
2025-05-22 03:00:00+00:00,23.649999618530273,23.649999618530273,23.649999618530273,23.649999618530273,1000,0.0,0.0
2025-05-22 03:15:00+00:00,23.600000381469727,23.600000381469727,23.600000381469727,23.600000381469727,5000,0.0,0.0
2025-05-22 03:25:00+00:00,23.649999618530273,23.649999618530273,23.649999618530273,23.649999618530273,1000,0.0,0.0
2025-05-22 03:35:00+00:00,23.649999618530273,23.649999618530273,23.649999618530273,23.649999618530273,1009,0.0,0.0
2025-05-22 04:20:00+00:00,23.649999618530273,23.649999618530273,23.649999618530273,23.649999618530273,1000,0.0,0.0
2025-05-22 04:30:00+00:00,23.549999237060547,23.549999237060547,23.549999237060547,23.549999237060547,0,0.0,0.0
2025-05-22 04:40:00+00:00,23.649999618530273,23.649999618530273,23.549999237060547,23.549999237060547,70950,0.0,0.0
2025-05-22 04:50:00+00:00,23.549999237060547,23.549999237060547,23.399999618530273,23.450000762939453,11083,0.0,0.0
2025-05-22 05:00:00+00:00,23.600000381469727,23.649999618530273,23.600000381469727,23.649999618530273,2002,0.0,0.0
2025-05-22 05:20:00+00:00,23.5,23.5,23.5,23.5,2017,0.0,0.0
2025-05-23 01:00:00+00:00,23.450000762939453,23.549999237060547,23.450000762939453,23.549999237060547,0,0.0,0.0
2025-05-23 01:05:00+00:00,23.5,23.549999237060547,23.5,23.549999237060547,2009,0.0,0.0
2025-05-23 01:10:00+00:00,23.5,23.5,23.5,23.5,2000,0.0,0.0
2025-05-23 01:20:00+00:00,23.5,23.5,23.5,23.5,3018,0.0,0.0
2025-05-23 01:35:00+00:00,23.450000762939453,23.450000762939453,23.450000762939453,23.450000762939453,4002,0.0,0.0
2025-05-23 01:40:00+00:00,23.5,23.5,23.5,23.5,1070,0.0,0.0
2025-05-23 02:05:00+00:00,23.450000762939453,23.450000762939453,23.450000762939453,23.450000762939453,1000,0.0,0.0
2025-05-23 02:10:00+00:00,23.450000762939453,23.450000762939453,23.450000762939453,23.450000762939453,2000,0.0,0.0
2025-05-23 02:25:00+00:00,23.450000762939453,23.450000762939453,23.450000762939453,23.450000762939453,1001,0.0,0.0
2025-05-23 02:35:00+00:00,23.450000762939453,23.450000762939453,23.450000762939453,23.450000762939453,1000,0.0,0.0
2025-05-23 02:40:00+00:00,23.399999618530273,23.399999618530273,23.399999618530273,23.399999618530273,7004,0.0,0.0
2025-05-23 02:50:00+00:00,23.5,23.5,23.5,23.5,2716,0.0,0.0
2025-05-23 04:30:00+00:00,23.399999618530273,23.399999618530273,23.399999618530273,23.399999618530273,4000,0.0,0.0
2025-05-23 04:40:00+00:00,23.450000762939453,23.450000762939453,23.450000762939453,23.450000762939453,1051,0.0,0.0
2025-05-23 04:55:00+00:00,23.350000381469727,23.350000381469727,23.350000381469727,23.350000381469727,6101,0.0,0.0
2025-05-23 05:00:00+00:00,23.350000381469727,23.450000762939453,23.350000381469727,23.450000762939453,3221,0.0,0.0
2025-05-23 05:10:00+00:00,23.399999618530273,23.399999618530273,23.399999618530273,23.399999618530273,1000,0.0,0.0
2025-05-23 05:15:00+00:00,23.350000381469727,23.399999618530273,23.350000381469727,23.399999618530273,2000,0.0,0.0
2025-05-23 05:20:00+00:00,23.450000762939453,23.450000762939453,23.450000762939453,23.450000762939453,3207,0.0,0.0
2025-05-26 01:00:00+00:00,23.549999237060547,23.549999237060547,23.299999237060547,23.299999237060547,0,0.0,0.0
2025-05-26 01:05:00+00:00,23.350000381469727,23.350000381469727,23.350000381469727,23.350000381469727,3042,0.0,0.0
2025-05-26 01:10:00+00:00,23.350000381469727,23.350000381469727,23.350000381469727,23.350000381469727,1000,0.0,0.0
2025-05-26 01:20:00+00:00,23.399999618530273,23.399999618530273,23.399999618530273,23.399999618530273,1000,0.0,0.0
2025-05-26 01:25:00+00:00,23.350000381469727,23.350000381469727,23.350000381469727,23.350000381469727,2000,0.0,0.0
2025-05-26 01:30:00+00:00,23.350000381469727,23.350000381469727,23.299999237060547,23.350000381469727,55000,0.0,0.0
2025-05-26 01:35:00+00:00,23.350000381469727,23.399999618530273,23.350000381469727,23.399999618530273,5000,0.0,0.0
2025-05-26 01:40:00+00:00,23.350000381469727,23.549999237060547,23.350000381469727,23.399999618530273,9467,0.0,0.0
2025-05-26 01:45:00+00:00,23.5,23.5,23.5,23.5,2000,0.0,0.0
2025-05-26 01:50:00+00:00,23.450000762939453,23.600000381469727,23.450000762939453,23.450000762939453,8000,0.0,0.0
2025-05-26 01:55:00+00:00,23.450000762939453,23.450000762939453,23.450000762939453,23.450000762939453,4000,0.0,0.0
2025-05-26 02:00:00+00:00,23.450000762939453,23.549999237060547,23.450000762939453,23.549999237060547,2000,0.0,0.0
2025-05-26 02:10:00+00:00,23.399999618530273,23.399999618530273,23.399999618530273,23.399999618530273,11038,0.0,0.0
2025-05-26 02:15:00+00:00,23.399999618530273,23.399999618530273,23.399999618530273,23.399999618530273,9000,0.0,0.0
2025-05-26 02:20:00+00:00,23.450000762939453,23.450000762939453,23.450000762939453,23.450000762939453,3000,0.0,0.0
2025-05-26 02:25:00+00:00,23.450000762939453,23.450000762939453,23.450000762939453,23.450000762939453,3000,0.0,0.0
2025-05-26 02:30:00+00:00,23.450000762939453,23.450000762939453,23.450000762939453,23.450000762939453,2000,0.0,0.0
2025-05-26 02:35:00+00:00,23.450000762939453,23.450000762939453,23.450000762939453,23.450000762939453,5000,0.0,0.0
2025-05-26 02:40:00+00:00,23.5,23.5,23.5,23.5,4000,0.0,0.0
2025-05-26 02:50:00+00:00,23.549999237060547,23.549999237060547,23.549999237060547,23.549999237060547,1000,0.0,0.0
2025-05-26 03:10:00+00:00,23.5,23.5,23.5,23.5,1050,0.0,0.0
2025-05-26 03:20:00+00:00,23.5,23.5,23.5,23.5,1000,0.0,0.0
2025-05-26 03:30:00+00:00,23.5,23.5,23.5,23.5,1000,0.0,0.0
2025-05-26 03:40:00+00:00,23.450000762939453,23.450000762939453,23.450000762939453,23.450000762939453,4000,0.0,0.0
2025-05-26 03:50:00+00:00,23.5,23.5,23.5,23.5,1045,0.0,0.0
2025-05-26 03:55:00+00:00,23.450000762939453,23.450000762939453,23.450000762939453,23.450000762939453,2015,0.0,0.0
2025-05-26 04:10:00+00:00,23.450000762939453,23.450000762939453,23.450000762939453,23.450000762939453,3000,0.0,0.0
2025-05-26 04:20:00+00:00,23.5,23.5,23.5,23.5,2050,0.0,0.0
2025-05-26 04:35:00+00:00,23.5,23.5,23.5,23.5,2001,0.0,0.0
2025-05-26 04:40:00+00:00,23.450000762939453,23.450000762939453,23.399999618530273,23.399999618530273,25000,0.0,0.0
2025-05-26 04:45:00+00:00,23.399999618530273,23.399999618530273,23.399999618530273,23.399999618530273,11000,0.0,0.0
2025-05-26 04:50:00+00:00,23.450000762939453,23.5,23.450000762939453,23.450000762939453,7000,0.0,0.0
2025-05-26 05:00:00+00:00,23.450000762939453,23.450000762939453,23.450000762939453,23.450000762939453,1000,0.0,0.0
2025-05-26 05:10:00+00:00,23.399999618530273,23.399999618530273,23.399999618530273,23.399999618530273,3234,0.0,0.0
2025-05-26 05:15:00+00:00,23.399999618530273,23.399999618530273,23.399999618530273,23.399999618530273,4000,0.0,0.0
2025-05-26 05:20:00+00:00,23.399999618530273,23.399999618530273,23.399999618530273,23.399999618530273,5462,0.0,0.0
2025-05-27 01:00:00+00:00,23.5,23.5,23.5,23.5,0,0.0,0.0
2025-05-27 01:05:00+00:00,23.350000381469727,23.350000381469727,23.350000381469727,23.350000381469727,1003,0.0,0.0
2025-05-27 01:10:00+00:00,23.350000381469727,23.350000381469727,23.350000381469727,23.350000381469727,5000,0.0,0.0
2025-05-27 01:15:00+00:00,23.399999618530273,23.399999618530273,23.399999618530273,23.399999618530273,2000,0.0,0.0
2025-05-27 01:25:00+00:00,23.5,23.5,23.5,23.5,1001,0.0,0.0
2025-05-27 01:35:00+00:00,23.450000762939453,23.450000762939453,23.450000762939453,23.450000762939453,1000,0.0,0.0
2025-05-27 01:45:00+00:00,23.350000381469727,23.350000381469727,23.350000381469727,23.350000381469727,1000,0.0,0.0
2025-05-27 01:50:00+00:00,23.350000381469727,23.350000381469727,23.350000381469727,23.350000381469727,4000,0.0,0.0
2025-05-27 02:00:00+00:00,23.450000762939453,23.450000762939453,23.450000762939453,23.450000762939453,1000,0.0,0.0
2025-05-27 02:05:00+00:00,23.350000381469727,23.350000381469727,23.299999237060547,23.299999237060547,7000,0.0,0.0
2025-05-27 02:10:00+00:00,23.299999237060547,23.399999618530273,23.25,23.399999618530273,5000,0.0,0.0
2025-05-27 02:15:00+00:00,23.350000381469727,23.350000381469727,23.350000381469727,23.350000381469727,2000,0.0,0.0
2025-05-27 02:20:00+00:00,23.350000381469727,23.399999618530273,23.350000381469727,23.399999618530273,2000,0.0,0.0
2025-05-27 02:25:00+00:00,23.350000381469727,23.350000381469727,23.200000762939453,23.200000762939453,13000,0.0,0.0
2025-05-27 02:30:00+00:00,23.350000381469727,23.399999618530273,23.350000381469727,23.399999618530273,2000,0.0,0.0
2025-05-27 02:40:00+00:00,23.350000381469727,23.350000381469727,23.350000381469727,23.350000381469727,1281,0.0,0.0
2025-05-27 03:15:00+00:00,23.25,23.25,23.25,23.25,1050,0.0,0.0
2025-05-27 03:40:00+00:00,23.299999237060547,23.299999237060547,23.299999237060547,23.299999237060547,1005,0.0,0.0
2025-05-27 03:55:00+00:00,23.299999237060547,23.299999237060547,23.299999237060547,23.299999237060547,3000,0.0,0.0
2025-05-27 04:00:00+00:00,23.350000381469727,23.350000381469727,23.299999237060547,23.299999237060547,9000,0.0,0.0
2025-05-27 04:10:00+00:00,23.25,23.25,23.25,23.25,5000,0.0,0.0
2025-05-27 04:20:00+00:00,23.299999237060547,23.299999237060547,23.25,23.25,3022,0.0,0.0
2025-05-27 04:25:00+00:00,23.25,23.25,23.200000762939453,23.200000762939453,6000,0.0,0.0
2025-05-27 04:30:00+00:00,23.200000762939453,23.200000762939453,23.200000762939453,23.200000762939453,1000,0.0,0.0
2025-05-27 04:35:00+00:00,23.200000762939453,23.200000762939453,23.200000762939453,23.200000762939453,1000,0.0,0.0
2025-05-27 04:40:00+00:00,23.200000762939453,23.299999237060547,23.200000762939453,23.299999237060547,4000,0.0,0.0
2025-05-27 04:45:00+00:00,23.299999237060547,23.299999237060547,23.299999237060547,23.299999237060547,1110,0.0,0.0
2025-05-27 05:15:00+00:00,23.200000762939453,23.25,23.200000762939453,23.25,7000,0.0,0.0
2025-05-27 05:20:00+00:00,23.299999237060547,23.299999237060547,23.299999237060547,23.299999237060547,2048,0.0,0.0
2025-05-28 01:00:00+00:00,23.399999618530273,23.399999618530273,23.399999618530273,23.399999618530273,0,0.0,0.0
2025-05-28 01:25:00+00:00,23.399999618530273,23.399999618530273,23.350000381469727,23.350000381469727,4051,0.0,0.0
2025-05-28 01:45:00+00:00,23.299999237060547,23.299999237060547,23.299999237060547,23.299999237060547,1000,0.0,0.0
2025-05-28 01:50:00+00:00,23.350000381469727,23.350000381469727,23.350000381469727,23.350000381469727,2261,0.0,0.0
2025-05-28 02:05:00+00:00,23.350000381469727,23.350000381469727,23.350000381469727,23.350000381469727,1009,0.0,0.0
2025-05-28 02:15:00+00:00,23.350000381469727,23.350000381469727,23.350000381469727,23.350000381469727,2000,0.0,0.0
2025-05-28 02:35:00+00:00,23.350000381469727,23.350000381469727,23.350000381469727,23.350000381469727,1000,0.0,0.0
2025-05-28 02:40:00+00:00,23.350000381469727,23.350000381469727,23.350000381469727,23.350000381469727,2000,0.0,0.0
2025-05-28 02:45:00+00:00,23.350000381469727,23.350000381469727,23.350000381469727,23.350000381469727,10000,0.0,0.0
2025-05-28 02:50:00+00:00,23.399999618530273,23.399999618530273,23.399999618530273,23.399999618530273,1020,0.0,0.0
2025-05-28 03:10:00+00:00,23.399999618530273,23.399999618530273,23.299999237060547,23.299999237060547,4001,0.0,0.0
2025-05-28 03:15:00+00:00,23.350000381469727,23.350000381469727,23.299999237060547,23.299999237060547,7000,0.0,0.0
2025-05-28 03:20:00+00:00,23.399999618530273,23.399999618530273,23.399999618530273,23.399999618530273,1000,0.0,0.0
2025-05-28 03:30:00+00:00,23.399999618530273,23.399999618530273,23.399999618530273,23.399999618530273,1000,0.0,0.0
2025-05-28 03:45:00+00:00,23.350000381469727,23.350000381469727,23.350000381469727,23.350000381469727,4008,0.0,0.0
2025-05-28 03:50:00+00:00,23.399999618530273,23.399999618530273,23.399999618530273,23.399999618530273,1001,0.0,0.0
2025-05-28 04:05:00+00:00,23.399999618530273,23.399999618530273,23.399999618530273,23.399999618530273,1210,0.0,0.0
2025-05-28 04:35:00+00:00,23.25,23.25,23.200000762939453,23.200000762939453,8361,0.0,0.0
2025-05-28 04:40:00+00:00,23.149999618530273,23.149999618530273,23.149999618530273,23.149999618530273,1000,0.0,0.0
2025-05-28 04:45:00+00:00,23.25,23.299999237060547,23.25,23.299999237060547,2000,0.0,0.0
2025-05-28 04:50:00+00:00,23.299999237060547,23.299999237060547,23.149999618530273,23.149999618530273,3001,0.0,0.0
2025-05-28 04:55:00+00:00,23.25,23.25,23.25,23.25,1001,0.0,0.0
2025-05-28 05:00:00+00:00,23.299999237060547,23.299999237060547,23.200000762939453,23.25,3000,0.0,0.0
2025-05-28 05:05:00+00:00,23.299999237060547,23.299999237060547,23.299999237060547,23.299999237060547,2283,0.0,0.0
2025-05-29 01:00:00+00:00,23.399999618530273,23.399999618530273,23.399999618530273,23.399999618530273,0,0.0,0.0
2025-05-29 01:05:00+00:00,23.350000381469727,23.350000381469727,23.350000381469727,23.350000381469727,1002,0.0,0.0
2025-05-29 01:10:00+00:00,23.350000381469727,23.350000381469727,23.350000381469727,23.350000381469727,1001,0.0,0.0
2025-05-29 01:20:00+00:00,23.25,23.25,23.25,23.25,1000,0.0,0.0
2025-05-29 01:25:00+00:00,23.200000762939453,23.200000762939453,23.149999618530273,23.149999618530273,4009,0.0,0.0
2025-05-29 01:30:00+00:00,23.100000381469727,23.100000381469727,23.100000381469727,23.100000381469727,2000,0.0,0.0
2025-05-29 01:35:00+00:00,23.100000381469727,23.100000381469727,23.100000381469727,23.100000381469727,3000,0.0,0.0
2025-05-29 01:40:00+00:00,23.200000762939453,23.200000762939453,23.200000762939453,23.200000762939453,1000,0.0,0.0
2025-05-29 01:50:00+00:00,23.200000762939453,23.200000762939453,23.200000762939453,23.200000762939453,1000,0.0,0.0
2025-05-29 01:55:00+00:00,23.25,23.25,23.25,23.25,1000,0.0,0.0
2025-05-29 02:10:00+00:00,23.25,23.25,23.25,23.25,1001,0.0,0.0
2025-05-29 02:35:00+00:00,23.100000381469727,23.100000381469727,23.100000381469727,23.100000381469727,6050,0.0,0.0
2025-05-29 02:40:00+00:00,23.100000381469727,23.100000381469727,23.049999237060547,23.049999237060547,16050,0.0,0.0
2025-05-29 02:45:00+00:00,23.0,23.049999237060547,23.0,23.0,12010,0.0,0.0
2025-05-29 02:50:00+00:00,23.100000381469727,23.100000381469727,23.100000381469727,23.100000381469727,4000,0.0,0.0
2025-05-29 03:00:00+00:00,23.149999618530273,23.149999618530273,23.149999618530273,23.149999618530273,1000,0.0,0.0
2025-05-29 03:15:00+00:00,23.0,23.0,23.0,23.0,27000,0.0,0.0
2025-05-29 03:25:00+00:00,23.0,23.149999618530273,23.0,23.149999618530273,1000,0.0,0.0
2025-05-29 03:30:00+00:00,23.149999618530273,23.25,23.149999618530273,23.25,5102,0.0,0.0
2025-05-29 03:40:00+00:00,23.25,23.25,23.25,23.25,1002,0.0,0.0
2025-05-29 03:55:00+00:00,23.100000381469727,23.100000381469727,23.100000381469727,23.100000381469727,1000,0.0,0.0
2025-05-29 04:00:00+00:00,23.200000762939453,23.299999237060547,23.149999618530273,23.149999618530273,7001,0.0,0.0
2025-05-29 04:05:00+00:00,23.200000762939453,23.25,23.200000762939453,23.25,2001,0.0,0.0
2025-05-29 04:10:00+00:00,23.299999237060547,23.299999237060547,23.299999237060547,23.299999237060547,2101,0.0,0.0
2025-05-29 04:25:00+00:00,23.200000762939453,23.200000762939453,23.149999618530273,23.200000762939453,8006,0.0,0.0
2025-05-29 04:30:00+00:00,23.25,23.25,23.25,23.25,1000,0.0,0.0
2025-05-29 04:45:00+00:00,23.100000381469727,23.200000762939453,23.100000381469727,23.200000762939453,2000,0.0,0.0
2025-05-29 04:55:00+00:00,23.149999618530273,23.25,23.149999618530273,23.25,3000,0.0,0.0
2025-05-29 05:00:00+00:00,23.299999237060547,23.299999237060547,23.299999237060547,23.299999237060547,1000,0.0,0.0
2025-05-29 05:05:00+00:00,23.200000762939453,23.200000762939453,23.200000762939453,23.200000762939453,3000,0.0,0.0
2025-05-29 05:10:00+00:00,23.25,23.299999237060547,23.25,23.299999237060547,2000,0.0,0.0
2025-05-29 05:15:00+00:00,23.200000762939453,23.25,23.200000762939453,23.200000762939453,3000,0.0,0.0
2025-05-29 05:20:00+00:00,23.25,23.25,23.25,23.25,1000,0.0,0.0
2025-06-02 01:00:00+00:00,23.200000762939453,23.200000762939453,23.0,23.0,0,0.0,0.0
2025-06-02 01:15:00+00:00,23.0,23.0,22.799999237060547,22.799999237060547,9102,0.0,0.0
2025-06-02 01:20:00+00:00,22.799999237060547,22.799999237060547,22.799999237060547,22.799999237060547,3045,0.0,0.0
2025-06-02 01:25:00+00:00,22.799999237060547,22.799999237060547,22.75,22.75,5165,0.0,0.0
2025-06-02 01:35:00+00:00,22.75,22.75,22.75,22.75,1000,0.0,0.0
2025-06-02 01:40:00+00:00,22.75,22.75,22.700000762939453,22.700000762939453,2000,0.0,0.0
2025-06-02 01:45:00+00:00,22.700000762939453,22.700000762939453,22.700000762939453,22.700000762939453,9001,0.0,0.0
2025-06-02 01:55:00+00:00,22.700000762939453,22.700000762939453,22.649999618530273,22.649999618530273,2000,0.0,0.0
2025-06-02 02:00:00+00:00,22.700000762939453,22.700000762939453,22.700000762939453,22.700000762939453,1000,0.0,0.0
2025-06-02 02:05:00+00:00,22.75,22.75,22.75,22.75,1234,0.0,0.0
2025-06-02 02:10:00+00:00,22.75,22.75,22.75,22.75,1000,0.0,0.0
2025-06-02 02:15:00+00:00,22.700000762939453,22.700000762939453,22.700000762939453,22.700000762939453,1000,0.0,0.0
2025-06-02 02:20:00+00:00,22.75,22.75,22.700000762939453,22.700000762939453,4000,0.0,0.0
2025-06-02 02:25:00+00:00,22.75,22.75,22.75,22.75,5000,0.0,0.0
2025-06-02 02:30:00+00:00,22.799999237060547,22.850000381469727,22.75,22.75,4000,0.0,0.0
2025-06-02 02:35:00+00:00,22.700000762939453,22.700000762939453,22.700000762939453,22.700000762939453,3000,0.0,0.0
2025-06-02 02:40:00+00:00,22.799999237060547,22.850000381469727,22.799999237060547,22.850000381469727,2000,0.0,0.0
2025-06-02 02:50:00+00:00,22.75,22.75,22.700000762939453,22.700000762939453,5061,0.0,0.0
2025-06-02 02:55:00+00:00,22.700000762939453,22.700000762939453,22.700000762939453,22.700000762939453,1000,0.0,0.0
2025-06-02 03:00:00+00:00,22.75,22.75,22.700000762939453,22.700000762939453,7000,0.0,0.0
2025-06-02 03:10:00+00:00,22.75,22.75,22.75,22.75,1020,0.0,0.0
2025-06-02 03:15:00+00:00,22.649999618530273,22.700000762939453,22.649999618530273,22.700000762939453,0,0.0,0.0
2025-06-02 03:20:00+00:00,22.700000762939453,22.75,22.700000762939453,22.75,84682,0.0,0.0
2025-06-02 03:25:00+00:00,22.649999618530273,22.649999618530273,22.649999618530273,22.649999618530273,11000,0.0,0.0
2025-06-02 03:30:00+00:00,22.649999618530273,22.649999618530273,22.649999618530273,22.649999618530273,3000,0.0,0.0
2025-06-02 03:45:00+00:00,22.649999618530273,22.700000762939453,22.649999618530273,22.700000762939453,3000,0.0,0.0
2025-06-02 04:10:00+00:00,22.700000762939453,22.700000762939453,22.700000762939453,22.700000762939453,2101,0.0,0.0
2025-06-02 04:30:00+00:00,22.700000762939453,22.700000762939453,22.700000762939453,22.700000762939453,4000,0.0,0.0
2025-06-02 04:40:00+00:00,22.700000762939453,22.75,22.700000762939453,22.75,2050,0.0,0.0
2025-06-02 04:45:00+00:00,22.799999237060547,22.799999237060547,22.799999237060547,22.799999237060547,1000,0.0,0.0
2025-06-02 04:50:00+00:00,22.75,22.75,22.75,22.75,1100,0.0,0.0
2025-06-02 05:00:00+00:00,22.75,22.75,22.75,22.75,1006,0.0,0.0
2025-06-02 05:15:00+00:00,22.75,22.75,22.75,22.75,2000,0.0,0.0
2025-06-02 05:20:00+00:00,22.799999237060547,22.850000381469727,22.75,22.850000381469727,8394,0.0,0.0
2025-06-03 01:00:00+00:00,22.799999237060547,22.799999237060547,22.799999237060547,22.799999237060547,0,0.0,0.0
2025-06-03 01:05:00+00:00,22.799999237060547,22.799999237060547,22.799999237060547,22.799999237060547,5001,0.0,0.0
2025-06-03 01:10:00+00:00,22.799999237060547,22.850000381469727,22.799999237060547,22.850000381469727,9000,0.0,0.0
2025-06-03 01:20:00+00:00,22.899999618530273,22.899999618530273,22.899999618530273,22.899999618530273,3000,0.0,0.0
2025-06-03 01:25:00+00:00,22.799999237060547,22.799999237060547,22.799999237060547,22.799999237060547,1000,0.0,0.0
2025-06-03 01:30:00+00:00,22.75,22.850000381469727,22.75,22.850000381469727,2155,0.0,0.0
2025-06-03 01:35:00+00:00,22.850000381469727,22.850000381469727,22.850000381469727,22.850000381469727,4000,0.0,0.0
2025-06-03 01:50:00+00:00,22.899999618530273,22.950000762939453,22.899999618530273,22.950000762939453,3000,0.0,0.0
2025-06-03 01:55:00+00:00,22.950000762939453,22.950000762939453,22.950000762939453,22.950000762939453,2000,0.0,0.0
2025-06-03 02:00:00+00:00,22.950000762939453,22.950000762939453,22.850000381469727,22.850000381469727,7001,0.0,0.0
2025-06-03 02:10:00+00:00,22.899999618530273,22.899999618530273,22.75,22.75,4001,0.0,0.0
2025-06-03 02:20:00+00:00,22.899999618530273,22.899999618530273,22.899999618530273,22.899999618530273,1020,0.0,0.0
2025-06-03 02:30:00+00:00,22.799999237060547,22.799999237060547,22.799999237060547,22.799999237060547,2000,0.0,0.0
2025-06-03 03:10:00+00:00,22.799999237060547,22.799999237060547,22.799999237060547,22.799999237060547,1000,0.0,0.0
2025-06-03 03:15:00+00:00,22.75,22.75,22.75,22.75,1000,0.0,0.0
2025-06-03 03:25:00+00:00,22.799999237060547,22.799999237060547,22.799999237060547,22.799999237060547,7000,0.0,0.0
2025-06-03 03:35:00+00:00,22.799999237060547,22.799999237060547,22.799999237060547,22.799999237060547,2000,0.0,0.0
2025-06-03 03:40:00+00:00,22.899999618530273,22.899999618530273,22.899999618530273,22.899999618530273,1000,0.0,0.0
2025-06-03 03:50:00+00:00,22.899999618530273,22.899999618530273,22.899999618530273,22.899999618530273,1000,0.0,0.0
2025-06-03 04:00:00+00:00,22.799999237060547,22.799999237060547,22.799999237060547,22.799999237060547,1000,0.0,0.0
2025-06-03 04:05:00+00:00,22.799999237060547,22.799999237060547,22.799999237060547,22.799999237060547,1000,0.0,0.0
2025-06-03 04:15:00+00:00,22.799999237060547,22.799999237060547,22.799999237060547,22.799999237060547,1000,0.0,0.0
2025-06-03 04:20:00+00:00,22.899999618530273,22.899999618530273,22.799999237060547,22.799999237060547,2000,0.0,0.0
2025-06-03 04:25:00+00:00,22.799999237060547,22.799999237060547,22.799999237060547,22.799999237060547,1000,0.0,0.0
2025-06-03 04:35:00+00:00,22.799999237060547,22.799999237060547,22.799999237060547,22.799999237060547,5000,0.0,0.0
2025-06-03 04:40:00+00:00,22.850000381469727,22.850000381469727,22.799999237060547,22.799999237060547,2000,0.0,0.0
2025-06-03 04:45:00+00:00,22.799999237060547,22.799999237060547,22.799999237060547,22.799999237060547,1000,0.0,0.0
2025-06-03 04:50:00+00:00,22.799999237060547,22.799999237060547,22.799999237060547,22.799999237060547,5000,0.0,0.0
2025-06-03 05:00:00+00:00,22.850000381469727,22.850000381469727,22.799999237060547,22.799999237060547,3000,0.0,0.0
2025-06-03 05:05:00+00:00,22.850000381469727,22.850000381469727,22.850000381469727,22.850000381469727,1000,0.0,0.0
2025-06-03 05:10:00+00:00,22.850000381469727,22.850000381469727,22.850000381469727,22.850000381469727,1002,0.0,0.0
2025-06-03 05:15:00+00:00,22.799999237060547,22.799999237060547,22.799999237060547,22.799999237060547,1001,0.0,0.0
2025-06-03 05:20:00+00:00,22.850000381469727,22.850000381469727,22.799999237060547,22.799999237060547,3241,0.0,0.0
2025-06-04 01:00:00+00:00,22.950000762939453,23.100000381469727,22.950000762939453,23.100000381469727,0,0.0,0.0
2025-06-04 01:05:00+00:00,23.149999618530273,23.149999618530273,23.149999618530273,23.149999618530273,1003,0.0,0.0
2025-06-04 01:10:00+00:00,23.100000381469727,23.149999618530273,23.100000381469727,23.149999618530273,2000,0.0,0.0
2025-06-04 01:40:00+00:00,23.100000381469727,23.100000381469727,23.049999237060547,23.049999237060547,10000,0.0,0.0
2025-06-04 01:50:00+00:00,23.049999237060547,23.049999237060547,23.049999237060547,23.049999237060547,0,0.0,0.0
2025-06-04 02:00:00+00:00,23.100000381469727,23.100000381469727,23.100000381469727,23.100000381469727,20023,0.0,0.0
2025-06-04 02:10:00+00:00,23.100000381469727,23.100000381469727,23.100000381469727,23.100000381469727,1080,0.0,0.0
2025-06-04 02:15:00+00:00,23.100000381469727,23.149999618530273,23.100000381469727,23.149999618530273,9001,0.0,0.0
2025-06-04 02:20:00+00:00,23.149999618530273,23.149999618530273,23.149999618530273,23.149999618530273,2004,0.0,0.0
2025-06-04 02:30:00+00:00,23.149999618530273,23.200000762939453,23.149999618530273,23.149999618530273,9179,0.0,0.0
2025-06-04 02:35:00+00:00,23.149999618530273,23.149999618530273,23.149999618530273,23.149999618530273,1000,0.0,0.0
2025-06-04 02:40:00+00:00,23.200000762939453,23.200000762939453,23.200000762939453,23.200000762939453,2000,0.0,0.0
2025-06-04 03:00:00+00:00,23.149999618530273,23.149999618530273,23.149999618530273,23.149999618530273,1109,0.0,0.0
2025-06-04 03:05:00+00:00,23.200000762939453,23.200000762939453,23.200000762939453,23.200000762939453,1000,0.0,0.0
2025-06-04 03:10:00+00:00,23.200000762939453,23.200000762939453,23.200000762939453,23.200000762939453,3000,0.0,0.0
2025-06-04 03:20:00+00:00,23.200000762939453,23.200000762939453,23.200000762939453,23.200000762939453,26135,0.0,0.0
2025-06-04 03:25:00+00:00,23.25,23.25,23.25,23.25,4020,0.0,0.0
2025-06-04 03:30:00+00:00,23.200000762939453,23.25,23.200000762939453,23.25,4000,0.0,0.0
2025-06-04 03:40:00+00:00,23.200000762939453,23.200000762939453,23.200000762939453,23.200000762939453,1000,0.0,0.0
2025-06-04 03:50:00+00:00,23.100000381469727,23.100000381469727,23.100000381469727,23.100000381469727,3000,0.0,0.0
2025-06-04 04:00:00+00:00,23.100000381469727,23.100000381469727,22.950000762939453,22.950000762939453,29015,0.0,0.0
2025-06-04 04:05:00+00:00,23.0,23.0,23.0,23.0,1357,0.0,0.0
2025-06-04 04:10:00+00:00,23.049999237060547,23.200000762939453,23.049999237060547,23.200000762939453,4000,0.0,0.0
2025-06-04 04:20:00+00:00,23.200000762939453,23.200000762939453,23.200000762939453,23.200000762939453,3000,0.0,0.0
2025-06-04 04:30:00+00:00,23.200000762939453,23.200000762939453,23.200000762939453,23.200000762939453,3000,0.0,0.0
2025-06-04 04:35:00+00:00,23.200000762939453,23.200000762939453,23.200000762939453,23.200000762939453,1000,0.0,0.0
2025-06-04 04:40:00+00:00,23.200000762939453,23.200000762939453,23.200000762939453,23.200000762939453,3065,0.0,0.0
2025-06-04 05:05:00+00:00,23.200000762939453,23.200000762939453,23.200000762939453,23.200000762939453,1180,0.0,0.0
2025-06-04 05:10:00+00:00,23.200000762939453,23.200000762939453,23.200000762939453,23.200000762939453,1000,0.0,0.0
2025-06-04 05:15:00+00:00,23.100000381469727,23.100000381469727,23.100000381469727,23.100000381469727,4000,0.0,0.0
2025-06-04 05:20:00+00:00,23.049999237060547,23.049999237060547,23.049999237060547,23.049999237060547,1213,0.0,0.0
2025-06-05 01:00:00+00:00,23.100000381469727,23.100000381469727,23.100000381469727,23.100000381469727,0,0.0,0.0
2025-06-05 01:05:00+00:00,23.100000381469727,23.100000381469727,23.100000381469727,23.100000381469727,1013,0.0,0.0
2025-06-05 01:15:00+00:00,23.100000381469727,23.100000381469727,23.100000381469727,23.100000381469727,1128,0.0,0.0
2025-06-05 01:20:00+00:00,23.100000381469727,23.100000381469727,23.100000381469727,23.100000381469727,5000,0.0,0.0
2025-06-05 01:30:00+00:00,23.100000381469727,23.100000381469727,23.100000381469727,23.100000381469727,1000,0.0,0.0
2025-06-05 01:35:00+00:00,23.049999237060547,23.049999237060547,23.049999237060547,23.049999237060547,17000,0.0,0.0
2025-06-05 01:45:00+00:00,23.100000381469727,23.149999618530273,23.100000381469727,23.149999618530273,8000,0.0,0.0
2025-06-05 01:50:00+00:00,23.100000381469727,23.25,23.100000381469727,23.25,5000,0.0,0.0
2025-06-05 02:00:00+00:00,23.25,23.25,23.25,23.25,1000,0.0,0.0
2025-06-05 02:05:00+00:00,23.200000762939453,23.200000762939453,23.149999618530273,23.149999618530273,2201,0.0,0.0
2025-06-05 02:15:00+00:00,23.100000381469727,23.100000381469727,23.0,23.0,37000,0.0,0.0
2025-06-05 02:20:00+00:00,23.0,23.149999618530273,23.0,23.149999618530273,4000,0.0,0.0
2025-06-05 02:30:00+00:00,23.200000762939453,23.200000762939453,23.200000762939453,23.200000762939453,3000,0.0,0.0
2025-06-05 02:40:00+00:00,23.200000762939453,23.200000762939453,23.200000762939453,23.200000762939453,1100,0.0,0.0
2025-06-05 03:10:00+00:00,23.200000762939453,23.200000762939453,23.200000762939453,23.200000762939453,1015,0.0,0.0
2025-06-05 04:05:00+00:00,23.100000381469727,23.100000381469727,23.100000381469727,23.100000381469727,6000,0.0,0.0
2025-06-05 04:10:00+00:00,23.200000762939453,23.200000762939453,23.200000762939453,23.200000762939453,1006,0.0,0.0
2025-06-05 04:25:00+00:00,23.100000381469727,23.100000381469727,23.100000381469727,23.100000381469727,1030,0.0,0.0
2025-06-05 04:35:00+00:00,23.049999237060547,23.049999237060547,23.049999237060547,23.049999237060547,3362,0.0,0.0
2025-06-05 04:40:00+00:00,23.149999618530273,23.149999618530273,23.049999237060547,23.049999237060547,4001,0.0,0.0
2025-06-05 04:45:00+00:00,23.100000381469727,23.100000381469727,23.100000381469727,23.100000381469727,1001,0.0,0.0
2025-06-05 05:10:00+00:00,23.0,23.0,23.0,23.0,1000,0.0,0.0
2025-06-05 05:15:00+00:00,23.049999237060547,23.049999237060547,23.049999237060547,23.049999237060547,8000,0.0,0.0
2025-06-05 05:20:00+00:00,23.0,23.0,23.0,23.0,1802,0.0,0.0
2025-06-06 01:00:00+00:00,23.100000381469727,23.100000381469727,23.100000381469727,23.100000381469727,0,0.0,0.0
2025-06-06 01:05:00+00:00,23.049999237060547,23.049999237060547,23.0,23.0,6013,0.0,0.0
2025-06-06 01:10:00+00:00,23.100000381469727,23.350000381469727,23.100000381469727,23.100000381469727,18000,0.0,0.0
2025-06-06 01:20:00+00:00,23.299999237060547,23.350000381469727,23.299999237060547,23.350000381469727,2020,0.0,0.0
2025-06-06 01:30:00+00:00,23.350000381469727,23.350000381469727,23.350000381469727,23.350000381469727,1000,0.0,0.0
2025-06-06 01:35:00+00:00,23.149999618530273,23.149999618530273,23.100000381469727,23.100000381469727,2038,0.0,0.0
2025-06-06 01:40:00+00:00,23.149999618530273,23.149999618530273,23.149999618530273,23.149999618530273,2000,0.0,0.0
2025-06-06 01:50:00+00:00,23.100000381469727,23.100000381469727,23.100000381469727,23.100000381469727,3000,0.0,0.0
2025-06-06 02:00:00+00:00,23.299999237060547,23.350000381469727,23.299999237060547,23.350000381469727,14000,0.0,0.0
2025-06-06 02:05:00+00:00,23.299999237060547,23.299999237060547,23.299999237060547,23.299999237060547,3000,0.0,0.0
2025-06-06 02:10:00+00:00,23.299999237060547,23.299999237060547,23.299999237060547,23.299999237060547,2000,0.0,0.0
2025-06-06 02:20:00+00:00,23.299999237060547,23.299999237060547,23.299999237060547,23.299999237060547,1000,0.0,0.0
2025-06-06 02:35:00+00:00,23.100000381469727,23.100000381469727,23.100000381469727,23.100000381469727,1002,0.0,0.0
2025-06-06 03:00:00+00:00,23.299999237060547,23.299999237060547,23.299999237060547,23.299999237060547,17000,0.0,0.0
2025-06-06 03:20:00+00:00,23.299999237060547,23.299999237060547,23.299999237060547,23.299999237060547,2000,0.0,0.0
2025-06-06 03:25:00+00:00,23.200000762939453,23.200000762939453,23.200000762939453,23.200000762939453,1000,0.0,0.0
2025-06-06 03:30:00+00:00,23.25,23.25,23.200000762939453,23.200000762939453,2001,0.0,0.0
2025-06-06 04:00:00+00:00,23.25,23.350000381469727,23.25,23.350000381469727,13104,0.0,0.0
2025-06-06 04:05:00+00:00,23.299999237060547,23.299999237060547,23.299999237060547,23.299999237060547,1000,0.0,0.0
2025-06-06 04:10:00+00:00,23.350000381469727,23.350000381469727,23.350000381469727,23.350000381469727,3015,0.0,0.0
2025-06-06 04:15:00+00:00,23.350000381469727,23.350000381469727,23.350000381469727,23.350000381469727,1001,0.0,0.0
2025-06-06 04:35:00+00:00,23.299999237060547,23.350000381469727,23.299999237060547,23.350000381469727,4001,0.0,0.0
2025-06-06 04:50:00+00:00,23.299999237060547,23.299999237060547,23.25,23.25,3030,0.0,0.0
2025-06-06 05:05:00+00:00,23.25,23.25,23.25,23.25,0,0.0,0.0
2025-06-06 05:15:00+00:00,23.25,23.25,23.200000762939453,23.200000762939453,109225,0.0,0.0
2025-06-06 05:20:00+00:00,23.25,23.25,23.25,23.25,14202,0.0,0.0
2025-06-09 01:00:00+00:00,23.299999237060547,23.299999237060547,23.25,23.25,0,0.0,0.0
2025-06-09 01:10:00+00:00,23.200000762939453,23.299999237060547,23.0,23.299999237060547,44000,0.0,0.0
2025-06-09 01:15:00+00:00,23.049999237060547,23.149999618530273,23.049999237060547,23.149999618530273,6000,0.0,0.0
2025-06-09 01:20:00+00:00,23.149999618530273,23.200000762939453,23.149999618530273,23.200000762939453,6000,0.0,0.0
2025-06-09 01:25:00+00:00,23.100000381469727,23.100000381469727,23.100000381469727,23.100000381469727,1000,0.0,0.0
2025-06-09 01:30:00+00:00,23.100000381469727,23.200000762939453,23.0,23.0,15000,0.0,0.0
2025-06-09 01:35:00+00:00,23.0,23.0,23.0,23.0,14279,0.0,0.0
2025-06-09 01:40:00+00:00,23.100000381469727,23.25,22.950000762939453,22.950000762939453,16010,0.0,0.0
2025-06-09 01:50:00+00:00,23.0,23.049999237060547,22.950000762939453,23.049999237060547,9000,0.0,0.0
2025-06-09 01:55:00+00:00,22.950000762939453,23.0,22.899999618530273,23.0,16096,0.0,0.0
2025-06-09 02:00:00+00:00,23.0,23.149999618530273,22.950000762939453,22.950000762939453,23353,0.0,0.0
2025-06-09 02:05:00+00:00,22.899999618530273,22.950000762939453,22.850000381469727,22.850000381469727,8000,0.0,0.0
2025-06-09 02:10:00+00:00,22.850000381469727,22.850000381469727,22.850000381469727,22.850000381469727,1000,0.0,0.0
2025-06-09 02:20:00+00:00,22.850000381469727,22.950000762939453,22.850000381469727,22.950000762939453,11000,0.0,0.0
2025-06-09 02:25:00+00:00,22.850000381469727,22.850000381469727,22.850000381469727,22.850000381469727,1000,0.0,0.0
2025-06-09 02:30:00+00:00,22.950000762939453,22.950000762939453,22.950000762939453,22.950000762939453,2001,0.0,0.0
2025-06-09 02:35:00+00:00,22.899999618530273,22.899999618530273,22.850000381469727,22.850000381469727,2000,0.0,0.0
2025-06-09 02:40:00+00:00,22.799999237060547,22.799999237060547,22.799999237060547,22.799999237060547,1000,0.0,0.0
2025-06-09 02:45:00+00:00,22.850000381469727,22.850000381469727,22.850000381469727,22.850000381469727,1000,0.0,0.0
2025-06-09 02:50:00+00:00,22.950000762939453,22.950000762939453,22.799999237060547,22.799999237060547,6000,0.0,0.0
2025-06-09 02:55:00+00:00,22.850000381469727,22.850000381469727,22.850000381469727,22.850000381469727,2000,0.0,0.0
2025-06-09 03:00:00+00:00,22.950000762939453,23.100000381469727,22.950000762939453,23.049999237060547,17000,0.0,0.0
2025-06-09 03:10:00+00:00,23.049999237060547,23.049999237060547,23.0,23.049999237060547,6001,0.0,0.0
2025-06-09 03:20:00+00:00,23.0,23.0,23.0,23.0,1001,0.0,0.0
2025-06-09 03:35:00+00:00,22.899999618530273,22.899999618530273,22.899999618530273,22.899999618530273,4045,0.0,0.0
2025-06-09 04:00:00+00:00,22.899999618530273,23.049999237060547,22.899999618530273,23.049999237060547,11500,0.0,0.0
2025-06-09 04:15:00+00:00,22.850000381469727,22.850000381469727,22.850000381469727,22.850000381469727,1001,0.0,0.0
2025-06-09 04:25:00+00:00,22.850000381469727,22.850000381469727,22.850000381469727,22.850000381469727,1001,0.0,0.0
2025-06-09 04:40:00+00:00,23.0,23.0,23.0,23.0,1041,0.0,0.0
2025-06-09 04:50:00+00:00,23.0,23.0,22.899999618530273,22.899999618530273,3000,0.0,0.0
2025-06-09 04:55:00+00:00,22.899999618530273,22.899999618530273,22.899999618530273,22.899999618530273,1000,0.0,0.0
2025-06-09 05:00:00+00:00,22.899999618530273,22.899999618530273,22.899999618530273,22.899999618530273,1148,0.0,0.0
2025-06-09 05:15:00+00:00,22.899999618530273,22.899999618530273,22.899999618530273,22.899999618530273,1000,0.0,0.0
2025-06-09 05:20:00+00:00,22.899999618530273,22.899999618530273,22.850000381469727,22.850000381469727,2403,0.0,0.0
2025-06-10 01:00:00+00:00,23.0,23.0,23.0,23.0,0,0.0,0.0
2025-06-10 01:20:00+00:00,23.0,23.049999237060547,23.0,23.049999237060547,13001,0.0,0.0
2025-06-10 01:30:00+00:00,23.100000381469727,23.149999618530273,23.100000381469727,23.100000381469727,7000,0.0,0.0
2025-06-10 01:40:00+00:00,23.100000381469727,23.100000381469727,23.100000381469727,23.100000381469727,6000,0.0,0.0
2025-06-10 01:45:00+00:00,23.100000381469727,23.100000381469727,23.100000381469727,23.100000381469727,3000,0.0,0.0
2025-06-10 01:50:00+00:00,23.149999618530273,23.149999618530273,23.149999618530273,23.149999618530273,5000,0.0,0.0
2025-06-10 01:55:00+00:00,23.149999618530273,23.149999618530273,23.149999618530273,23.149999618530273,12000,0.0,0.0
2025-06-10 02:00:00+00:00,23.200000762939453,23.200000762939453,23.100000381469727,23.100000381469727,6000,0.0,0.0
2025-06-10 02:05:00+00:00,23.149999618530273,23.25,23.149999618530273,23.200000762939453,12519,0.0,0.0
2025-06-10 02:10:00+00:00,23.149999618530273,23.25,23.149999618530273,23.25,4000,0.0,0.0
2025-06-10 02:15:00+00:00,23.200000762939453,23.200000762939453,23.200000762939453,23.200000762939453,2000,0.0,0.0
2025-06-10 02:20:00+00:00,23.200000762939453,23.200000762939453,23.200000762939453,23.200000762939453,1000,0.0,0.0
2025-06-10 02:25:00+00:00,23.200000762939453,23.200000762939453,23.200000762939453,23.200000762939453,3001,0.0,0.0
2025-06-10 02:30:00+00:00,23.25,23.25,23.25,23.25,2050,0.0,0.0
2025-06-10 02:40:00+00:00,23.25,23.25,23.25,23.25,1000,0.0,0.0
2025-06-10 02:45:00+00:00,23.25,23.25,23.25,23.25,1025,0.0,0.0
2025-06-10 02:50:00+00:00,23.25,23.25,23.25,23.25,1000,0.0,0.0
2025-06-10 03:05:00+00:00,23.200000762939453,23.200000762939453,23.200000762939453,23.200000762939453,5000,0.0,0.0
2025-06-10 03:25:00+00:00,23.100000381469727,23.100000381469727,23.100000381469727,23.100000381469727,20038,0.0,0.0
2025-06-10 03:35:00+00:00,23.200000762939453,23.200000762939453,23.200000762939453,23.200000762939453,8000,0.0,0.0
2025-06-10 03:40:00+00:00,23.25,23.25,23.25,23.25,2461,0.0,0.0
2025-06-10 03:55:00+00:00,23.149999618530273,23.149999618530273,23.149999618530273,23.149999618530273,5000,0.0,0.0
2025-06-10 04:00:00+00:00,23.200000762939453,23.200000762939453,23.100000381469727,23.100000381469727,3000,0.0,0.0
2025-06-10 04:30:00+00:00,23.100000381469727,23.100000381469727,23.100000381469727,23.100000381469727,2039,0.0,0.0
2025-06-10 04:40:00+00:00,23.100000381469727,23.200000762939453,23.100000381469727,23.200000762939453,17009,0.0,0.0
2025-06-10 05:05:00+00:00,23.100000381469727,23.149999618530273,23.100000381469727,23.149999618530273,7000,0.0,0.0
2025-06-10 05:10:00+00:00,23.149999618530273,23.149999618530273,23.149999618530273,23.149999618530273,1000,0.0,0.0
2025-06-10 05:20:00+00:00,23.200000762939453,23.200000762939453,23.200000762939453,23.200000762939453,9010,0.0,0.0
2025-06-11 01:00:00+00:00,23.100000381469727,23.100000381469727,23.049999237060547,23.049999237060547,0,0.0,0.0
2025-06-11 01:10:00+00:00,23.0,23.0,23.0,23.0,1000,0.0,0.0
2025-06-11 01:15:00+00:00,23.049999237060547,23.049999237060547,23.049999237060547,23.049999237060547,3000,0.0,0.0
2025-06-11 01:25:00+00:00,23.049999237060547,23.049999237060547,23.049999237060547,23.049999237060547,6020,0.0,0.0
2025-06-11 01:30:00+00:00,23.100000381469727,23.100000381469727,23.100000381469727,23.100000381469727,1003,0.0,0.0
2025-06-11 01:40:00+00:00,23.100000381469727,23.100000381469727,23.100000381469727,23.100000381469727,3000,0.0,0.0
2025-06-11 01:45:00+00:00,23.049999237060547,23.049999237060547,23.049999237060547,23.049999237060547,4000,0.0,0.0
2025-06-11 01:50:00+00:00,23.0,23.0,23.0,23.0,1000,0.0,0.0
2025-06-11 02:00:00+00:00,23.100000381469727,23.100000381469727,23.100000381469727,23.100000381469727,2000,0.0,0.0
2025-06-11 02:05:00+00:00,23.0,23.0,22.950000762939453,22.950000762939453,20000,0.0,0.0
2025-06-11 02:10:00+00:00,23.049999237060547,23.100000381469727,23.049999237060547,23.100000381469727,3022,0.0,0.0
2025-06-11 02:20:00+00:00,23.100000381469727,23.100000381469727,23.100000381469727,23.100000381469727,1020,0.0,0.0
2025-06-11 02:40:00+00:00,23.100000381469727,23.100000381469727,23.100000381469727,23.100000381469727,1146,0.0,0.0
2025-06-11 02:55:00+00:00,23.0,23.0,23.0,23.0,2000,0.0,0.0
2025-06-11 03:00:00+00:00,23.0,23.0,22.899999618530273,22.899999618530273,34000,0.0,0.0
2025-06-11 03:05:00+00:00,22.899999618530273,22.899999618530273,22.899999618530273,22.899999618530273,1000,0.0,0.0
2025-06-11 03:10:00+00:00,23.0,23.0,23.0,23.0,6020,0.0,0.0
2025-06-11 03:15:00+00:00,22.850000381469727,22.850000381469727,22.850000381469727,22.850000381469727,1000,0.0,0.0
2025-06-11 03:20:00+00:00,22.899999618530273,22.899999618530273,22.899999618530273,22.899999618530273,3000,0.0,0.0
2025-06-11 03:25:00+00:00,22.899999618530273,22.950000762939453,22.899999618530273,22.950000762939453,0,0.0,0.0
2025-06-11 03:30:00+00:00,22.950000762939453,23.0,22.950000762939453,23.0,107245,0.0,0.0
2025-06-11 03:40:00+00:00,23.0,23.0,23.0,23.0,1008,0.0,0.0
2025-06-11 03:45:00+00:00,22.899999618530273,22.899999618530273,22.899999618530273,22.899999618530273,2000,0.0,0.0
2025-06-11 03:55:00+00:00,23.0,23.0,23.0,23.0,17000,0.0,0.0
2025-06-11 04:00:00+00:00,23.0,23.049999237060547,23.0,23.049999237060547,3000,0.0,0.0
2025-06-11 04:20:00+00:00,23.049999237060547,23.049999237060547,23.049999237060547,23.049999237060547,4000,0.0,0.0
2025-06-11 04:30:00+00:00,23.100000381469727,23.100000381469727,23.100000381469727,23.100000381469727,1000,0.0,0.0
2025-06-11 04:40:00+00:00,23.049999237060547,23.049999237060547,23.049999237060547,23.049999237060547,1000,0.0,0.0
2025-06-12 01:00:00+00:00,23.100000381469727,23.100000381469727,22.950000762939453,22.950000762939453,4013,0.0,0.0
2025-06-12 01:10:00+00:00,22.950000762939453,22.950000762939453,22.950000762939453,22.950000762939453,6000,0.0,0.0
2025-06-12 01:20:00+00:00,23.0,23.0,23.0,23.0,5000,0.0,0.0
2025-06-12 01:30:00+00:00,23.0,23.0,23.0,23.0,2001,0.0,0.0
2025-06-12 01:45:00+00:00,22.950000762939453,22.950000762939453,22.950000762939453,22.950000762939453,1120,0.0,0.0
2025-06-12 01:55:00+00:00,22.950000762939453,22.950000762939453,22.950000762939453,22.950000762939453,3000,0.0,0.0
2025-06-12 02:00:00+00:00,22.950000762939453,22.950000762939453,22.899999618530273,22.899999618530273,4000,0.0,0.0
2025-06-12 02:05:00+00:00,22.899999618530273,22.899999618530273,22.899999618530273,22.899999618530273,2001,0.0,0.0
2025-06-12 02:10:00+00:00,22.950000762939453,22.950000762939453,22.950000762939453,22.950000762939453,1000,0.0,0.0
2025-06-12 02:20:00+00:00,22.950000762939453,22.950000762939453,22.950000762939453,22.950000762939453,2011,0.0,0.0
2025-06-12 02:35:00+00:00,22.950000762939453,22.950000762939453,22.950000762939453,22.950000762939453,1300,0.0,0.0
2025-06-12 02:50:00+00:00,22.950000762939453,22.950000762939453,22.950000762939453,22.950000762939453,1036,0.0,0.0
2025-06-12 03:10:00+00:00,23.0,23.049999237060547,23.0,23.049999237060547,13050,0.0,0.0
2025-06-12 03:25:00+00:00,22.950000762939453,23.049999237060547,22.950000762939453,23.049999237060547,5000,0.0,0.0
2025-06-12 03:30:00+00:00,23.049999237060547,23.049999237060547,23.049999237060547,23.049999237060547,1000,0.0,0.0
2025-06-12 03:40:00+00:00,23.049999237060547,23.049999237060547,23.049999237060547,23.049999237060547,1000,0.0,0.0
2025-06-12 03:45:00+00:00,22.950000762939453,22.950000762939453,22.899999618530273,22.899999618530273,15000,0.0,0.0
2025-06-12 03:50:00+00:00,23.0,23.0,23.0,23.0,3001,0.0,0.0
2025-06-12 04:25:00+00:00,22.899999618530273,22.899999618530273,22.899999618530273,22.899999618530273,1000,0.0,0.0
2025-06-12 04:45:00+00:00,22.899999618530273,22.899999618530273,22.899999618530273,22.899999618530273,1000,0.0,0.0
2025-06-12 05:00:00+00:00,22.950000762939453,22.950000762939453,22.950000762939453,22.950000762939453,1000,0.0,0.0
2025-06-12 05:05:00+00:00,22.899999618530273,22.899999618530273,22.899999618530273,22.899999618530273,1000,0.0,0.0
2025-06-12 05:10:00+00:00,22.950000762939453,22.950000762939453,22.950000762939453,22.950000762939453,1000,0.0,0.0
2025-06-12 05:20:00+00:00,22.950000762939453,22.950000762939453,22.950000762939453,22.950000762939453,1204,0.0,0.0
2025-06-13 01:00:00+00:00,22.799999237060547,22.799999237060547,22.799999237060547,22.799999237060547,0,0.0,0.0
2025-06-13 01:05:00+00:00,22.700000762939453,22.799999237060547,22.649999618530273,22.799999237060547,26015,0.0,0.0
2025-06-13 01:10:00+00:00,22.850000381469727,22.850000381469727,22.700000762939453,22.700000762939453,4000,0.0,0.0
2025-06-13 01:20:00+00:00,22.850000381469727,22.850000381469727,22.649999618530273,22.649999618530273,15000,0.0,0.0
2025-06-13 01:25:00+00:00,22.649999618530273,22.649999618530273,22.600000381469727,22.600000381469727,9012,0.0,0.0
2025-06-13 01:30:00+00:00,22.75,22.75,22.649999618530273,22.649999618530273,3008,0.0,0.0
2025-06-13 01:35:00+00:00,22.649999618530273,22.649999618530273,22.649999618530273,22.649999618530273,1001,0.0,0.0
2025-06-13 01:40:00+00:00,22.799999237060547,22.799999237060547,22.799999237060547,22.799999237060547,2000,0.0,0.0
2025-06-13 01:45:00+00:00,22.799999237060547,22.799999237060547,22.799999237060547,22.799999237060547,1000,0.0,0.0
2025-06-13 01:50:00+00:00,22.799999237060547,22.799999237060547,22.799999237060547,22.799999237060547,1000,0.0,0.0
2025-06-13 01:55:00+00:00,22.799999237060547,22.799999237060547,22.799999237060547,22.799999237060547,9000,0.0,0.0
2025-06-13 02:00:00+00:00,22.799999237060547,22.799999237060547,22.799999237060547,22.799999237060547,5000,0.0,0.0
2025-06-13 02:20:00+00:00,22.899999618530273,22.899999618530273,22.799999237060547,22.799999237060547,5000,0.0,0.0
2025-06-13 02:30:00+00:00,22.75,22.75,22.649999618530273,22.649999618530273,17001,0.0,0.0
2025-06-13 02:35:00+00:00,22.649999618530273,22.649999618530273,22.649999618530273,22.649999618530273,9000,0.0,0.0
2025-06-13 02:40:00+00:00,22.600000381469727,22.600000381469727,22.600000381469727,22.600000381469727,5103,0.0,0.0
2025-06-13 02:50:00+00:00,22.600000381469727,22.600000381469727,22.600000381469727,22.600000381469727,1000,0.0,0.0
2025-06-13 02:55:00+00:00,22.700000762939453,22.700000762939453,22.649999618530273,22.649999618530273,9000,0.0,0.0
2025-06-13 03:00:00+00:00,22.75,22.75,22.75,22.75,2000,0.0,0.0
2025-06-13 03:05:00+00:00,22.649999618530273,22.649999618530273,22.649999618530273,22.649999618530273,5000,0.0,0.0
2025-06-13 03:10:00+00:00,22.600000381469727,22.600000381469727,22.600000381469727,22.600000381469727,2000,0.0,0.0
2025-06-13 03:20:00+00:00,22.75,22.799999237060547,22.649999618530273,22.649999618530273,5010,0.0,0.0
2025-06-13 03:30:00+00:00,22.799999237060547,22.799999237060547,22.799999237060547,22.799999237060547,1000,0.0,0.0
2025-06-13 03:35:00+00:00,22.649999618530273,22.649999618530273,22.649999618530273,22.649999618530273,2012,0.0,0.0
2025-06-13 04:00:00+00:00,22.649999618530273,22.649999618530273,22.600000381469727,22.600000381469727,19807,0.0,0.0
2025-06-13 04:05:00+00:00,22.600000381469727,22.600000381469727,22.600000381469727,22.600000381469727,8000,0.0,0.0
2025-06-13 04:10:00+00:00,22.700000762939453,22.75,22.700000762939453,22.75,4000,0.0,0.0
2025-06-13 04:20:00+00:00,22.700000762939453,22.700000762939453,22.700000762939453,22.700000762939453,2000,0.0,0.0
2025-06-13 04:30:00+00:00,22.600000381469727,22.600000381469727,22.600000381469727,22.600000381469727,2001,0.0,0.0
2025-06-13 04:40:00+00:00,22.700000762939453,22.700000762939453,22.700000762939453,22.700000762939453,1084,0.0,0.0
2025-06-13 04:50:00+00:00,22.600000381469727,22.600000381469727,22.600000381469727,22.600000381469727,15032,0.0,0.0
2025-06-13 04:55:00+00:00,22.600000381469727,22.600000381469727,22.549999237060547,22.600000381469727,15000,0.0,0.0
2025-06-13 05:00:00+00:00,22.700000762939453,22.700000762939453,22.700000762939453,22.700000762939453,3000,0.0,0.0
2025-06-13 05:05:00+00:00,22.700000762939453,22.700000762939453,22.700000762939453,22.700000762939453,2000,0.0,0.0
2025-06-13 05:15:00+00:00,22.600000381469727,22.600000381469727,22.600000381469727,22.600000381469727,3186,0.0,0.0
2025-06-13 05:20:00+00:00,22.600000381469727,22.600000381469727,22.600000381469727,22.600000381469727,1403,0.0,0.0
2025-06-16 01:00:00+00:00,22.600000381469727,22.600000381469727,22.100000381469727,22.100000381469727,0,0.0,0.0
2025-06-16 01:05:00+00:00,22.200000762939453,22.25,22.200000762939453,22.25,12195,0.0,0.0
2025-06-16 01:10:00+00:00,22.399999618530273,22.399999618530273,22.399999618530273,22.399999618530273,5164,0.0,0.0
2025-06-16 01:15:00+00:00,22.399999618530273,22.399999618530273,22.399999618530273,22.399999618530273,1001,0.0,0.0
2025-06-16 01:20:00+00:00,22.5,22.5,22.399999618530273,22.399999618530273,4000,0.0,0.0
2025-06-16 01:30:00+00:00,22.5,22.549999237060547,22.5,22.549999237060547,2000,0.0,0.0
2025-06-16 01:45:00+00:00,22.399999618530273,22.399999618530273,22.399999618530273,22.399999618530273,1300,0.0,0.0
2025-06-16 02:05:00+00:00,22.399999618530273,22.399999618530273,22.399999618530273,22.399999618530273,2000,0.0,0.0
2025-06-16 02:10:00+00:00,22.5,22.5,22.5,22.5,1000,0.0,0.0
2025-06-16 02:45:00+00:00,22.399999618530273,22.399999618530273,22.399999618530273,22.399999618530273,3002,0.0,0.0
2025-06-16 03:15:00+00:00,22.399999618530273,22.450000762939453,22.399999618530273,22.450000762939453,5000,0.0,0.0
2025-06-16 03:20:00+00:00,22.5,22.5,22.5,22.5,1000,0.0,0.0
2025-06-16 03:35:00+00:00,22.399999618530273,22.399999618530273,22.200000762939453,22.200000762939453,30001,0.0,0.0
2025-06-16 03:40:00+00:00,22.450000762939453,22.450000762939453,22.450000762939453,22.450000762939453,1000,0.0,0.0
2025-06-16 03:50:00+00:00,22.450000762939453,22.5,22.450000762939453,22.5,5000,0.0,0.0
2025-06-16 04:00:00+00:00,22.549999237060547,22.549999237060547,22.549999237060547,22.549999237060547,1001,0.0,0.0
2025-06-16 04:15:00+00:00,22.5,22.5,22.5,22.5,2000,0.0,0.0
2025-06-16 04:20:00+00:00,22.450000762939453,22.549999237060547,22.450000762939453,22.549999237060547,13002,0.0,0.0
2025-06-16 05:05:00+00:00,22.549999237060547,22.549999237060547,22.549999237060547,22.549999237060547,1000,0.0,0.0
2025-06-16 05:10:00+00:00,22.549999237060547,22.549999237060547,22.549999237060547,22.549999237060547,1901,0.0,0.0
2025-06-17 01:00:00+00:00,22.399999618530273,22.450000762939453,22.399999618530273,22.450000762939453,0,0.0,0.0
2025-06-17 01:05:00+00:00,22.399999618530273,22.5,22.399999618530273,22.5,12021,0.0,0.0
2025-06-17 01:10:00+00:00,22.549999237060547,22.549999237060547,22.549999237060547,22.549999237060547,1001,0.0,0.0
2025-06-17 01:35:00+00:00,22.5,22.5,22.5,22.5,1002,0.0,0.0
2025-06-17 01:40:00+00:00,22.5,22.5,22.5,22.5,1002,0.0,0.0
2025-06-17 01:45:00+00:00,22.5,22.5,22.5,22.5,1331,0.0,0.0
2025-06-17 01:55:00+00:00,22.450000762939453,22.5,22.450000762939453,22.5,7000,0.0,0.0
2025-06-17 02:00:00+00:00,22.5,22.5,22.450000762939453,22.450000762939453,6001,0.0,0.0
2025-06-17 02:10:00+00:00,22.450000762939453,22.450000762939453,22.350000381469727,22.350000381469727,19121,0.0,0.0
2025-06-17 02:15:00+00:00,22.350000381469727,22.350000381469727,22.350000381469727,22.350000381469727,1000,0.0,0.0
2025-06-17 02:20:00+00:00,22.350000381469727,22.399999618530273,22.350000381469727,22.399999618530273,3000,0.0,0.0
2025-06-17 02:25:00+00:00,22.399999618530273,22.399999618530273,22.399999618530273,22.399999618530273,1000,0.0,0.0
2025-06-17 02:35:00+00:00,22.350000381469727,22.350000381469727,22.350000381469727,22.350000381469727,3000,0.0,0.0
2025-06-17 02:40:00+00:00,22.399999618530273,22.399999618530273,22.399999618530273,22.399999618530273,1000,0.0,0.0
2025-06-17 02:45:00+00:00,22.299999237060547,22.299999237060547,22.299999237060547,22.299999237060547,10000,0.0,0.0
2025-06-17 02:50:00+00:00,22.399999618530273,22.399999618530273,22.399999618530273,22.399999618530273,2000,0.0,0.0
2025-06-17 02:55:00+00:00,22.25,22.25,22.25,22.25,14000,0.0,0.0
2025-06-17 03:00:00+00:00,22.25,22.350000381469727,22.25,22.350000381469727,12000,0.0,0.0
2025-06-17 03:10:00+00:00,22.350000381469727,22.350000381469727,22.350000381469727,22.350000381469727,2005,0.0,0.0
2025-06-17 03:25:00+00:00,22.299999237060547,22.299999237060547,22.299999237060547,22.299999237060547,1006,0.0,0.0
2025-06-17 03:35:00+00:00,22.350000381469727,22.350000381469727,22.350000381469727,22.350000381469727,1000,0.0,0.0
2025-06-17 03:40:00+00:00,22.350000381469727,22.350000381469727,22.350000381469727,22.350000381469727,5000,0.0,0.0
2025-06-17 03:50:00+00:00,22.399999618530273,22.399999618530273,22.399999618530273,22.399999618530273,1100,0.0,0.0
2025-06-17 04:20:00+00:00,22.350000381469727,22.350000381469727,22.350000381469727,22.350000381469727,1000,0.0,0.0
2025-06-17 04:25:00+00:00,22.299999237060547,22.299999237060547,22.299999237060547,22.299999237060547,1000,0.0,0.0
2025-06-17 04:30:00+00:00,22.299999237060547,22.350000381469727,22.299999237060547,22.350000381469727,2012,0.0,0.0
2025-06-17 04:40:00+00:00,22.299999237060547,22.299999237060547,22.299999237060547,22.299999237060547,2000,0.0,0.0
2025-06-17 04:50:00+00:00,22.25,22.25,22.25,22.25,20000,0.0,0.0
2025-06-17 05:00:00+00:00,22.299999237060547,22.299999237060547,22.299999237060547,22.299999237060547,1001,0.0,0.0
2025-06-17 05:05:00+00:00,22.299999237060547,22.299999237060547,22.299999237060547,22.299999237060547,1000,0.0,0.0
2025-06-17 05:10:00+00:00,22.350000381469727,22.350000381469727,22.350000381469727,22.350000381469727,3001,0.0,0.0
2025-06-17 05:15:00+00:00,22.299999237060547,22.350000381469727,22.299999237060547,22.350000381469727,6027,0.0,0.0
2025-06-18 01:00:00+00:00,22.399999618530273,22.399999618530273,22.399999618530273,22.399999618530273,1000,0.0,0.0
2025-06-18 01:05:00+00:00,22.25,22.25,22.25,22.25,3597,0.0,0.0
2025-06-18 01:15:00+00:00,22.25,22.25,22.25,22.25,2000,0.0,0.0
2025-06-18 01:35:00+00:00,22.25,22.25,22.25,22.25,2000,0.0,0.0
2025-06-18 01:40:00+00:00,22.299999237060547,22.299999237060547,22.299999237060547,22.299999237060547,1001,0.0,0.0
2025-06-18 02:10:00+00:00,22.299999237060547,22.350000381469727,22.299999237060547,22.350000381469727,5000,0.0,0.0
2025-06-18 02:30:00+00:00,22.350000381469727,22.350000381469727,22.350000381469727,22.350000381469727,1100,0.0,0.0
2025-06-18 02:35:00+00:00,22.399999618530273,22.450000762939453,22.399999618530273,22.450000762939453,11000,0.0,0.0
2025-06-18 02:40:00+00:00,22.450000762939453,22.450000762939453,22.450000762939453,22.450000762939453,2000,0.0,0.0
2025-06-18 02:45:00+00:00,22.450000762939453,22.450000762939453,22.399999618530273,22.399999618530273,7000,0.0,0.0
2025-06-18 02:50:00+00:00,22.5,22.5,22.5,22.5,10000,0.0,0.0
2025-06-18 02:55:00+00:00,22.5,22.600000381469727,22.5,22.600000381469727,5500,0.0,0.0
2025-06-18 03:15:00+00:00,22.600000381469727,22.600000381469727,22.600000381469727,22.600000381469727,2000,0.0,0.0
2025-06-18 03:30:00+00:00,22.600000381469727,22.649999618530273,22.600000381469727,22.649999618530273,4000,0.0,0.0
2025-06-18 03:45:00+00:00,22.600000381469727,22.600000381469727,22.600000381469727,22.600000381469727,1000,0.0,0.0
2025-06-18 04:00:00+00:00,22.549999237060547,22.549999237060547,22.549999237060547,22.549999237060547,1000,0.0,0.0
2025-06-18 04:05:00+00:00,22.5,22.5,22.450000762939453,22.450000762939453,12000,0.0,0.0
2025-06-18 04:10:00+00:00,22.5,22.549999237060547,22.5,22.549999237060547,2000,0.0,0.0
2025-06-18 04:30:00+00:00,22.399999618530273,22.5,22.399999618530273,22.5,3000,0.0,0.0
2025-06-18 05:00:00+00:00,22.350000381469727,22.350000381469727,22.299999237060547,22.299999237060547,3006,0.0,0.0
2025-06-18 05:05:00+00:00,22.299999237060547,22.299999237060547,22.299999237060547,22.299999237060547,2000,0.0,0.0
2025-06-18 05:10:00+00:00,22.350000381469727,22.450000762939453,22.299999237060547,22.299999237060547,5000,0.0,0.0
2025-06-18 05:15:00+00:00,22.299999237060547,22.299999237060547,22.25,22.25,2000,0.0,0.0
2025-06-18 05:20:00+00:00,22.350000381469727,22.450000762939453,22.350000381469727,22.450000762939453,2403,0.0,0.0
2025-06-19 01:00:00+00:00,22.450000762939453,22.450000762939453,22.450000762939453,22.450000762939453,0,0.0,0.0
2025-06-19 01:05:00+00:00,22.450000762939453,22.450000762939453,22.450000762939453,22.450000762939453,4000,0.0,0.0
2025-06-19 01:10:00+00:00,22.399999618530273,22.399999618530273,22.399999618530273,22.399999618530273,0,0.0,0.0
2025-06-19 01:15:00+00:00,22.399999618530273,22.399999618530273,22.350000381469727,22.399999618530273,12155,0.0,0.0
2025-06-19 01:25:00+00:00,22.350000381469727,22.350000381469727,22.350000381469727,22.350000381469727,1050,0.0,0.0
2025-06-19 01:30:00+00:00,22.299999237060547,22.299999237060547,22.299999237060547,22.299999237060547,3001,0.0,0.0
2025-06-19 01:35:00+00:00,22.299999237060547,22.299999237060547,22.299999237060547,22.299999237060547,2000,0.0,0.0
2025-06-19 01:40:00+00:00,22.25,22.299999237060547,22.25,22.299999237060547,8000,0.0,0.0
2025-06-19 01:45:00+00:00,22.25,22.25,22.200000762939453,22.200000762939453,34000,0.0,0.0
2025-06-19 01:50:00+00:00,22.350000381469727,22.5,22.350000381469727,22.5,6000,0.0,0.0
2025-06-19 01:55:00+00:00,22.25,22.350000381469727,22.25,22.350000381469727,6002,0.0,0.0
2025-06-19 02:00:00+00:00,22.399999618530273,22.399999618530273,22.399999618530273,22.399999618530273,3000,0.0,0.0
2025-06-19 02:10:00+00:00,22.450000762939453,22.450000762939453,22.450000762939453,22.450000762939453,1000,0.0,0.0
2025-06-19 02:15:00+00:00,22.299999237060547,22.299999237060547,22.299999237060547,22.299999237060547,1000,0.0,0.0
2025-06-19 02:20:00+00:00,22.299999237060547,22.299999237060547,22.299999237060547,22.299999237060547,1005,0.0,0.0
2025-06-19 02:30:00+00:00,22.299999237060547,22.399999618530273,22.299999237060547,22.399999618530273,3000,0.0,0.0
2025-06-19 02:35:00+00:00,22.25,22.25,22.25,22.25,5000,0.0,0.0
2025-06-19 02:50:00+00:00,22.299999237060547,22.299999237060547,22.299999237060547,22.299999237060547,1000,0.0,0.0
2025-06-19 03:00:00+00:00,22.299999237060547,22.299999237060547,22.299999237060547,22.299999237060547,1000,0.0,0.0
2025-06-19 03:05:00+00:00,22.25,22.350000381469727,22.25,22.350000381469727,12000,0.0,0.0
2025-06-19 03:10:00+00:00,22.399999618530273,22.399999618530273,22.399999618530273,22.399999618530273,2000,0.0,0.0
2025-06-19 03:20:00+00:00,22.200000762939453,22.350000381469727,22.200000762939453,22.350000381469727,3050,0.0,0.0
2025-06-19 03:35:00+00:00,22.299999237060547,22.299999237060547,22.299999237060547,22.299999237060547,5000,0.0,0.0
2025-06-19 03:40:00+00:00,22.350000381469727,22.350000381469727,22.350000381469727,22.350000381469727,1000,0.0,0.0
2025-06-19 03:45:00+00:00,22.399999618530273,22.399999618530273,22.399999618530273,22.399999618530273,1001,0.0,0.0
2025-06-19 04:25:00+00:00,22.299999237060547,22.299999237060547,22.299999237060547,22.299999237060547,1000,0.0,0.0
2025-06-19 04:40:00+00:00,22.299999237060547,22.299999237060547,22.299999237060547,22.299999237060547,5000,0.0,0.0
2025-06-19 04:45:00+00:00,22.299999237060547,22.299999237060547,22.299999237060547,22.299999237060547,1001,0.0,0.0
2025-06-19 04:50:00+00:00,22.399999618530273,22.399999618530273,22.399999618530273,22.399999618530273,1100,0.0,0.0
2025-06-19 05:00:00+00:00,22.399999618530273,22.399999618530273,22.399999618530273,22.399999618530273,1000,0.0,0.0
2025-06-19 05:05:00+00:00,22.399999618530273,22.399999618530273,22.399999618530273,22.399999618530273,2000,0.0,0.0
2025-06-19 05:15:00+00:00,22.350000381469727,22.350000381469727,22.350000381469727,22.350000381469727,2000,0.0,0.0
2025-06-19 05:20:00+00:00,22.25,22.25,22.25,22.25,1202,0.0,0.0
2025-06-20 01:00:00+00:00,22.399999618530273,22.399999618530273,22.299999237060547,22.299999237060547,0,0.0,0.0
2025-06-20 01:05:00+00:00,22.350000381469727,22.600000381469727,22.350000381469727,22.549999237060547,20000,0.0,0.0
2025-06-20 01:10:00+00:00,22.549999237060547,22.549999237060547,22.5,22.5,3000,0.0,0.0
2025-06-20 01:15:00+00:00,22.5,22.5,22.450000762939453,22.450000762939453,2000,0.0,0.0
2025-06-20 01:20:00+00:00,22.549999237060547,22.549999237060547,22.399999618530273,22.399999618530273,3000,0.0,0.0
2025-06-20 01:25:00+00:00,22.299999237060547,22.299999237060547,22.299999237060547,22.299999237060547,3000,0.0,0.0
2025-06-20 01:30:00+00:00,22.25,22.25,22.100000381469727,22.100000381469727,18000,0.0,0.0
2025-06-20 01:35:00+00:00,22.100000381469727,22.100000381469727,22.0,22.0,6000,0.0,0.0
2025-06-20 01:40:00+00:00,22.049999237060547,22.049999237060547,22.049999237060547,22.049999237060547,3000,0.0,0.0
2025-06-20 01:45:00+00:00,22.0,22.200000762939453,22.0,22.200000762939453,30150,0.0,0.0
2025-06-20 01:50:00+00:00,22.200000762939453,22.25,22.200000762939453,22.25,8002,0.0,0.0
2025-06-20 02:15:00+00:00,22.100000381469727,22.100000381469727,22.049999237060547,22.049999237060547,11000,0.0,0.0
2025-06-20 02:20:00+00:00,22.049999237060547,22.25,22.0,22.100000381469727,14067,0.0,0.0
2025-06-20 02:25:00+00:00,22.25,22.399999618530273,22.25,22.399999618530273,12000,0.0,0.0
2025-06-20 02:30:00+00:00,22.399999618530273,22.5,22.399999618530273,22.5,5201,0.0,0.0
2025-06-20 02:40:00+00:00,22.450000762939453,22.450000762939453,22.399999618530273,22.399999618530273,11015,0.0,0.0
2025-06-20 02:55:00+00:00,22.399999618530273,22.399999618530273,22.299999237060547,22.299999237060547,3000,0.0,0.0
2025-06-20 03:20:00+00:00,22.299999237060547,22.299999237060547,22.299999237060547,22.299999237060547,1000,0.0,0.0
2025-06-20 03:40:00+00:00,22.200000762939453,22.200000762939453,22.200000762939453,22.200000762939453,2104,0.0,0.0
2025-06-20 03:45:00+00:00,22.200000762939453,22.200000762939453,22.200000762939453,22.200000762939453,3000,0.0,0.0
2025-06-20 03:50:00+00:00,22.299999237060547,22.299999237060547,22.299999237060547,22.299999237060547,1002,0.0,0.0
2025-06-20 04:05:00+00:00,22.25,22.25,22.25,22.25,1000,0.0,0.0
2025-06-20 04:50:00+00:00,22.25,22.25,22.25,22.25,1300,0.0,0.0
2025-06-20 04:55:00+00:00,22.25,22.25,22.25,22.25,1001,0.0,0.0
2025-06-20 05:10:00+00:00,22.25,22.299999237060547,22.25,22.25,3000,0.0,0.0
2025-06-20 05:15:00+00:00,22.25,22.299999237060547,22.200000762939453,22.200000762939453,9200,0.0,0.0
2025-06-20 05:20:00+00:00,22.149999618530273,22.399999618530273,22.100000381469727,22.399999618530273,25202,0.0,0.0
2025-06-23 01:00:00+00:00,22.100000381469727,22.100000381469727,21.799999237060547,21.799999237060547,0,0.0,0.0
2025-06-23 01:10:00+00:00,21.899999618530273,22.049999237060547,21.850000381469727,21.850000381469727,8031,0.0,0.0
2025-06-23 01:15:00+00:00,21.850000381469727,21.850000381469727,21.850000381469727,21.850000381469727,11000,0.0,0.0
2025-06-23 01:20:00+00:00,21.899999618530273,21.899999618530273,21.75,21.75,8000,0.0,0.0
2025-06-23 01:30:00+00:00,21.899999618530273,21.899999618530273,21.700000762939453,21.700000762939453,8010,0.0,0.0
2025-06-23 01:35:00+00:00,21.700000762939453,21.700000762939453,21.649999618530273,21.649999618530273,2000,0.0,0.0
2025-06-23 01:40:00+00:00,21.75,21.75,21.75,21.75,1000,0.0,0.0
2025-06-23 01:45:00+00:00,21.75,21.75,21.75,21.75,1001,0.0,0.0
2025-06-23 01:50:00+00:00,21.75,21.850000381469727,21.700000762939453,21.700000762939453,4000,0.0,0.0
2025-06-23 01:55:00+00:00,21.700000762939453,21.700000762939453,21.700000762939453,21.700000762939453,2051,0.0,0.0
2025-06-23 02:15:00+00:00,21.700000762939453,21.700000762939453,21.700000762939453,21.700000762939453,2000,0.0,0.0
2025-06-23 02:20:00+00:00,21.75,21.899999618530273,21.75,21.899999618530273,2050,0.0,0.0
2025-06-23 02:35:00+00:00,21.799999237060547,21.799999237060547,21.799999237060547,21.799999237060547,5000,0.0,0.0
2025-06-23 02:40:00+00:00,21.850000381469727,21.850000381469727,21.850000381469727,21.850000381469727,1010,0.0,0.0
2025-06-23 02:55:00+00:00,21.700000762939453,21.700000762939453,21.700000762939453,21.700000762939453,1499,0.0,0.0
2025-06-23 03:20:00+00:00,21.700000762939453,21.700000762939453,21.700000762939453,21.700000762939453,1000,0.0,0.0
2025-06-23 03:30:00+00:00,21.799999237060547,21.799999237060547,21.799999237060547,21.799999237060547,1000,0.0,0.0
2025-06-23 03:35:00+00:00,21.75,21.799999237060547,21.75,21.799999237060547,6000,0.0,0.0
2025-06-23 03:40:00+00:00,21.799999237060547,21.799999237060547,21.799999237060547,21.799999237060547,1000,0.0,0.0
2025-06-23 03:55:00+00:00,21.799999237060547,21.799999237060547,21.799999237060547,21.799999237060547,5000,0.0,0.0
2025-06-23 04:00:00+00:00,21.799999237060547,21.799999237060547,21.799999237060547,21.799999237060547,1101,0.0,0.0
2025-06-23 04:25:00+00:00,21.700000762939453,21.700000762939453,21.700000762939453,21.700000762939453,1000,0.0,0.0
2025-06-23 04:30:00+00:00,21.700000762939453,21.700000762939453,21.700000762939453,21.700000762939453,1001,0.0,0.0
2025-06-23 04:35:00+00:00,21.75,21.75,21.700000762939453,21.700000762939453,8005,0.0,0.0
2025-06-23 04:40:00+00:00,21.700000762939453,21.799999237060547,21.700000762939453,21.799999237060547,10000,0.0,0.0
2025-06-23 04:50:00+00:00,21.850000381469727,21.850000381469727,21.850000381469727,21.850000381469727,2011,0.0,0.0
2025-06-23 04:55:00+00:00,21.75,21.75,21.75,21.75,1000,0.0,0.0
2025-06-23 05:00:00+00:00,21.850000381469727,21.850000381469727,21.850000381469727,21.850000381469727,1000,0.0,0.0
2025-06-23 05:05:00+00:00,21.799999237060547,21.799999237060547,21.799999237060547,21.799999237060547,3053,0.0,0.0
2025-06-23 05:20:00+00:00,21.75,21.75,21.350000381469727,21.75,116359,0.0,0.0
2025-06-24 01:00:00+00:00,21.75,21.850000381469727,21.75,21.850000381469727,0,0.0,0.0
2025-06-24 01:05:00+00:00,21.899999618530273,22.0,21.899999618530273,22.0,11002,0.0,0.0
2025-06-24 01:10:00+00:00,22.0,22.0,22.0,22.0,1000,0.0,0.0
2025-06-24 01:15:00+00:00,22.0,22.0,22.0,22.0,1155,0.0,0.0
2025-06-24 01:25:00+00:00,22.0,22.0,22.0,22.0,1000,0.0,0.0
2025-06-24 01:30:00+00:00,21.950000762939453,22.0,21.950000762939453,22.0,6000,0.0,0.0
2025-06-24 01:40:00+00:00,22.049999237060547,22.100000381469727,22.0,22.100000381469727,9100,0.0,0.0
2025-06-24 01:45:00+00:00,22.100000381469727,22.100000381469727,22.100000381469727,22.100000381469727,1000,0.0,0.0
2025-06-24 01:50:00+00:00,22.100000381469727,22.100000381469727,22.100000381469727,22.100000381469727,1605,0.0,0.0
2025-06-24 01:55:00+00:00,22.100000381469727,22.100000381469727,22.100000381469727,22.100000381469727,1300,0.0,0.0
2025-06-24 02:00:00+00:00,22.049999237060547,22.049999237060547,22.049999237060547,22.049999237060547,1000,0.0,0.0
2025-06-24 02:05:00+00:00,22.049999237060547,22.049999237060547,22.049999237060547,22.049999237060547,1000,0.0,0.0
2025-06-24 02:10:00+00:00,22.0,22.049999237060547,22.0,22.0,7000,0.0,0.0
2025-06-24 02:15:00+00:00,22.049999237060547,22.049999237060547,22.049999237060547,22.049999237060547,4000,0.0,0.0
2025-06-24 02:20:00+00:00,22.049999237060547,22.049999237060547,22.049999237060547,22.049999237060547,1000,0.0,0.0
2025-06-24 02:30:00+00:00,22.049999237060547,22.049999237060547,22.049999237060547,22.049999237060547,1015,0.0,0.0
2025-06-24 02:45:00+00:00,21.899999618530273,21.899999618530273,21.850000381469727,21.850000381469727,10042,0.0,0.0
2025-06-24 02:50:00+00:00,21.850000381469727,21.850000381469727,21.850000381469727,21.850000381469727,3000,0.0,0.0
2025-06-24 02:55:00+00:00,21.899999618530273,21.899999618530273,21.899999618530273,21.899999618530273,1000,0.0,0.0
2025-06-24 03:00:00+00:00,21.950000762939453,21.950000762939453,21.850000381469727,21.950000762939453,11269,0.0,0.0
2025-06-24 03:15:00+00:00,21.899999618530273,21.899999618530273,21.899999618530273,21.899999618530273,7000,0.0,0.0
2025-06-24 03:20:00+00:00,22.0,22.0,22.0,22.0,3000,0.0,0.0
2025-06-24 03:30:00+00:00,22.0,22.0,22.0,22.0,2000,0.0,0.0
2025-06-24 03:35:00+00:00,22.0,22.0,22.0,22.0,1000,0.0,0.0
2025-06-24 03:40:00+00:00,21.850000381469727,21.850000381469727,21.850000381469727,21.850000381469727,1000,0.0,0.0
2025-06-24 03:45:00+00:00,21.899999618530273,21.899999618530273,21.899999618530273,21.899999618530273,9000,0.0,0.0
2025-06-24 03:50:00+00:00,22.0,22.0,22.0,22.0,2000,0.0,0.0
2025-06-24 04:20:00+00:00,21.899999618530273,21.899999618530273,21.850000381469727,21.850000381469727,8000,0.0,0.0
2025-06-24 04:30:00+00:00,21.850000381469727,21.850000381469727,21.850000381469727,21.850000381469727,1000,0.0,0.0
2025-06-24 04:35:00+00:00,21.899999618530273,21.899999618530273,21.899999618530273,21.899999618530273,2001,0.0,0.0
2025-06-24 04:40:00+00:00,21.950000762939453,21.950000762939453,21.950000762939453,21.950000762939453,1000,0.0,0.0
2025-06-24 04:45:00+00:00,21.850000381469727,21.850000381469727,21.850000381469727,21.850000381469727,1000,0.0,0.0
2025-06-24 04:55:00+00:00,21.850000381469727,21.850000381469727,21.850000381469727,21.850000381469727,2000,0.0,0.0
2025-06-24 05:00:00+00:00,21.899999618530273,21.899999618530273,21.899999618530273,21.899999618530273,2287,0.0,0.0
2025-06-24 05:05:00+00:00,21.850000381469727,21.899999618530273,21.850000381469727,21.899999618530273,3014,0.0,0.0
2025-06-24 05:20:00+00:00,21.950000762939453,21.950000762939453,21.950000762939453,21.950000762939453,1601,0.0,0.0
2025-06-25 01:00:00+00:00,22.049999237060547,22.049999237060547,22.049999237060547,22.049999237060547,0,0.0,0.0
2025-06-25 01:05:00+00:00,22.049999237060547,22.049999237060547,22.049999237060547,22.049999237060547,3000,0.0,0.0
2025-06-25 01:15:00+00:00,22.049999237060547,22.049999237060547,22.049999237060547,22.049999237060547,3008,0.0,0.0
2025-06-25 01:25:00+00:00,22.049999237060547,22.049999237060547,22.049999237060547,22.049999237060547,1000,0.0,0.0
2025-06-25 01:30:00+00:00,22.0,22.0,22.0,22.0,2000,0.0,0.0
2025-06-25 01:50:00+00:00,22.0,22.0,22.0,22.0,1000,0.0,0.0
2025-06-25 01:55:00+00:00,21.950000762939453,22.0,21.950000762939453,22.0,2000,0.0,0.0
2025-06-25 02:00:00+00:00,22.049999237060547,22.049999237060547,22.049999237060547,22.049999237060547,1000,0.0,0.0
2025-06-25 02:05:00+00:00,22.0,22.0,22.0,22.0,1001,0.0,0.0
2025-06-25 02:15:00+00:00,22.049999237060547,22.049999237060547,22.049999237060547,22.049999237060547,2010,0.0,0.0
2025-06-25 02:25:00+00:00,22.049999237060547,22.100000381469727,22.049999237060547,22.100000381469727,2000,0.0,0.0
2025-06-25 02:30:00+00:00,22.100000381469727,22.100000381469727,22.049999237060547,22.049999237060547,2100,0.0,0.0
2025-06-25 02:40:00+00:00,22.049999237060547,22.049999237060547,22.049999237060547,22.049999237060547,1020,0.0,0.0
2025-06-25 02:55:00+00:00,22.049999237060547,22.049999237060547,22.049999237060547,22.049999237060547,1010,0.0,0.0
2025-06-25 03:05:00+00:00,22.100000381469727,22.100000381469727,22.100000381469727,22.100000381469727,2000,0.0,0.0
2025-06-25 03:10:00+00:00,22.100000381469727,22.149999618530273,22.100000381469727,22.149999618530273,2000,0.0,0.0
2025-06-25 03:35:00+00:00,22.100000381469727,22.200000762939453,22.100000381469727,22.200000762939453,37992,0.0,0.0
2025-06-25 03:40:00+00:00,22.25,22.299999237060547,22.25,22.299999237060547,5010,0.0,0.0
2025-06-25 03:45:00+00:00,22.200000762939453,22.200000762939453,22.200000762939453,22.200000762939453,1000,0.0,0.0
2025-06-25 03:50:00+00:00,22.200000762939453,22.200000762939453,22.200000762939453,22.200000762939453,1000,0.0,0.0
2025-06-25 04:00:00+00:00,22.25,22.299999237060547,22.25,22.299999237060547,2008,0.0,0.0
2025-06-25 04:50:00+00:00,22.149999618530273,22.149999618530273,22.149999618530273,22.149999618530273,1000,0.0,0.0
2025-06-25 04:55:00+00:00,22.149999618530273,22.149999618530273,22.100000381469727,22.100000381469727,2000,0.0,0.0
2025-06-25 05:05:00+00:00,22.200000762939453,22.200000762939453,22.200000762939453,22.200000762939453,1000,0.0,0.0
2025-06-25 05:10:00+00:00,22.200000762939453,22.200000762939453,22.200000762939453,22.200000762939453,1001,0.0,0.0
2025-06-25 05:20:00+00:00,22.200000762939453,22.200000762939453,22.200000762939453,22.200000762939453,5282,0.0,0.0
2025-06-26 01:00:00+00:00,22.200000762939453,22.200000762939453,22.200000762939453,22.200000762939453,0,0.0,0.0
2025-06-26 01:05:00+00:00,22.299999237060547,22.299999237060547,22.25,22.25,6000,0.0,0.0
2025-06-26 01:10:00+00:00,22.350000381469727,22.350000381469727,22.350000381469727,22.350000381469727,3000,0.0,0.0
2025-06-26 01:15:00+00:00,22.350000381469727,22.399999618530273,22.350000381469727,22.399999618530273,5000,0.0,0.0
2025-06-26 01:20:00+00:00,22.399999618530273,22.399999618530273,22.299999237060547,22.299999237060547,6000,0.0,0.0
2025-06-26 01:25:00+00:00,22.450000762939453,22.450000762939453,22.399999618530273,22.399999618530273,2020,0.0,0.0
2025-06-26 01:30:00+00:00,22.450000762939453,22.450000762939453,22.450000762939453,22.450000762939453,1000,0.0,0.0
2025-06-26 01:40:00+00:00,22.399999618530273,22.399999618530273,22.399999618530273,22.399999618530273,1000,0.0,0.0
2025-06-26 01:45:00+00:00,22.299999237060547,22.299999237060547,22.299999237060547,22.299999237060547,3000,0.0,0.0
2025-06-26 01:50:00+00:00,22.399999618530273,22.399999618530273,22.399999618530273,22.399999618530273,1100,0.0,0.0
2025-06-26 02:00:00+00:00,22.299999237060547,22.299999237060547,22.299999237060547,22.299999237060547,1000,0.0,0.0
2025-06-26 02:10:00+00:00,22.399999618530273,22.399999618530273,22.399999618530273,22.399999618530273,1000,0.0,0.0
2025-06-26 02:15:00+00:00,22.450000762939453,22.450000762939453,22.450000762939453,22.450000762939453,1000,0.0,0.0
2025-06-26 02:20:00+00:00,22.450000762939453,22.450000762939453,22.399999618530273,22.399999618530273,9000,0.0,0.0
2025-06-26 02:25:00+00:00,22.5,22.5,22.5,22.5,1000,0.0,0.0
2025-06-26 02:30:00+00:00,22.5,22.5,22.5,22.5,2000,0.0,0.0
2025-06-26 02:40:00+00:00,22.399999618530273,22.450000762939453,22.399999618530273,22.450000762939453,3060,0.0,0.0
2025-06-26 02:50:00+00:00,22.450000762939453,22.450000762939453,22.450000762939453,22.450000762939453,2001,0.0,0.0
2025-06-26 03:10:00+00:00,22.450000762939453,22.450000762939453,22.399999618530273,22.450000762939453,3029,0.0,0.0
2025-06-26 03:25:00+00:00,22.450000762939453,22.450000762939453,22.450000762939453,22.450000762939453,2245,0.0,0.0
2025-06-26 03:30:00+00:00,22.399999618530273,22.399999618530273,22.399999618530273,22.399999618530273,4000,0.0,0.0
2025-06-26 03:40:00+00:00,22.450000762939453,22.450000762939453,22.450000762939453,22.450000762939453,1000,0.0,0.0
2025-06-26 03:45:00+00:00,22.450000762939453,22.450000762939453,22.450000762939453,22.450000762939453,3000,0.0,0.0
2025-06-26 03:50:00+00:00,22.450000762939453,22.450000762939453,22.450000762939453,22.450000762939453,1000,0.0,0.0
2025-06-26 04:15:00+00:00,22.450000762939453,22.450000762939453,22.450000762939453,22.450000762939453,1000,0.0,0.0
2025-06-26 04:25:00+00:00,22.350000381469727,22.350000381469727,22.350000381469727,22.350000381469727,4201,0.0,0.0
2025-06-26 04:30:00+00:00,22.399999618530273,22.399999618530273,22.399999618530273,22.399999618530273,2000,0.0,0.0
2025-06-26 04:50:00+00:00,22.450000762939453,22.450000762939453,22.450000762939453,22.450000762939453,1071,0.0,0.0
2025-06-26 05:15:00+00:00,22.350000381469727,22.350000381469727,22.25,22.25,8000,0.0,0.0
2025-06-26 05:20:00+00:00,22.399999618530273,22.450000762939453,22.399999618530273,22.450000762939453,3404,0.0,0.0
2025-06-27 01:00:00+00:00,22.399999618530273,22.450000762939453,22.399999618530273,22.450000762939453,0,0.0,0.0
2025-06-27 01:05:00+00:00,22.450000762939453,22.450000762939453,22.450000762939453,22.450000762939453,1005,0.0,0.0
2025-06-27 01:10:00+00:00,22.5,22.549999237060547,22.450000762939453,22.549999237060547,18000,0.0,0.0
2025-06-27 01:15:00+00:00,22.450000762939453,22.450000762939453,22.450000762939453,22.450000762939453,1001,0.0,0.0
2025-06-27 01:20:00+00:00,22.600000381469727,22.600000381469727,22.399999618530273,22.399999618530273,7010,0.0,0.0
2025-06-27 01:30:00+00:00,22.399999618530273,22.399999618530273,22.399999618530273,22.399999618530273,1000,0.0,0.0
2025-06-27 01:35:00+00:00,22.5,22.5,22.5,22.5,2000,0.0,0.0
2025-06-27 01:50:00+00:00,22.399999618530273,22.399999618530273,22.399999618530273,22.399999618530273,1000,0.0,0.0
2025-06-27 02:00:00+00:00,22.450000762939453,22.450000762939453,22.450000762939453,22.450000762939453,1000,0.0,0.0
2025-06-27 02:05:00+00:00,22.450000762939453,22.450000762939453,22.450000762939453,22.450000762939453,2000,0.0,0.0
2025-06-27 02:10:00+00:00,22.450000762939453,22.450000762939453,22.450000762939453,22.450000762939453,1000,0.0,0.0
2025-06-27 02:15:00+00:00,22.450000762939453,22.450000762939453,22.450000762939453,22.450000762939453,1000,0.0,0.0
2025-06-27 02:20:00+00:00,22.399999618530273,22.399999618530273,22.399999618530273,22.399999618530273,2000,0.0,0.0
2025-06-27 02:30:00+00:00,22.5,22.5,22.5,22.5,1001,0.0,0.0
2025-06-27 02:35:00+00:00,22.350000381469727,22.350000381469727,22.350000381469727,22.350000381469727,1002,0.0,0.0
2025-06-27 03:00:00+00:00,22.399999618530273,22.5,22.399999618530273,22.5,11114,0.0,0.0
2025-06-27 03:05:00+00:00,22.5,22.5,22.5,22.5,14400,0.0,0.0
2025-06-27 03:10:00+00:00,22.549999237060547,22.549999237060547,22.5,22.5,5000,0.0,0.0
2025-06-27 03:15:00+00:00,22.549999237060547,22.549999237060547,22.549999237060547,22.549999237060547,1000,0.0,0.0
2025-06-27 03:20:00+00:00,22.399999618530273,22.549999237060547,22.399999618530273,22.549999237060547,2001,0.0,0.0
2025-06-27 03:25:00+00:00,22.399999618530273,22.399999618530273,22.399999618530273,22.399999618530273,2000,0.0,0.0
2025-06-27 03:30:00+00:00,22.399999618530273,22.399999618530273,22.399999618530273,22.399999618530273,2002,0.0,0.0
2025-06-27 03:50:00+00:00,22.399999618530273,22.399999618530273,22.399999618530273,22.399999618530273,2057,0.0,0.0
2025-06-27 04:00:00+00:00,22.5,22.5,22.5,22.5,2001,0.0,0.0
2025-06-27 04:20:00+00:00,22.5,22.5,22.5,22.5,1000,0.0,0.0
2025-06-27 04:25:00+00:00,22.399999618530273,22.399999618530273,22.399999618530273,22.399999618530273,10000,0.0,0.0
2025-06-27 04:30:00+00:00,22.5,22.549999237060547,22.5,22.549999237060547,4000,0.0,0.0
2025-06-27 04:35:00+00:00,22.450000762939453,22.450000762939453,22.450000762939453,22.450000762939453,2000,0.0,0.0
2025-06-27 04:40:00+00:00,22.600000381469727,22.600000381469727,22.600000381469727,22.600000381469727,3015,0.0,0.0
2025-06-27 04:50:00+00:00,22.549999237060547,22.549999237060547,22.5,22.5,5000,0.0,0.0
2025-06-27 05:00:00+00:00,22.600000381469727,22.600000381469727,22.5,22.5,12000,0.0,0.0
2025-06-27 05:10:00+00:00,22.600000381469727,22.600000381469727,22.549999237060547,22.549999237060547,4489,0.0,0.0
2025-06-27 05:20:00+00:00,22.549999237060547,22.600000381469727,22.549999237060547,22.600000381469727,3601,0.0,0.0
2025-06-30 01:00:00+00:00,22.399999618530273,22.450000762939453,22.399999618530273,22.450000762939453,0,0.0,0.0
2025-06-30 01:05:00+00:00,22.450000762939453,22.450000762939453,22.450000762939453,22.450000762939453,2012,0.0,0.0
2025-06-30 01:15:00+00:00,22.450000762939453,22.450000762939453,22.399999618530273,22.399999618530273,6208,0.0,0.0
2025-06-30 01:30:00+00:00,22.350000381469727,22.5,22.350000381469727,22.5,7000,0.0,0.0
2025-06-30 01:40:00+00:00,22.5,22.5,22.5,22.5,1034,0.0,0.0
2025-06-30 02:10:00+00:00,22.5,22.5,22.5,22.5,1000,0.0,0.0
2025-06-30 02:40:00+00:00,22.350000381469727,22.350000381469727,22.350000381469727,22.350000381469727,2001,0.0,0.0
2025-06-30 02:55:00+00:00,22.350000381469727,22.350000381469727,22.350000381469727,22.350000381469727,3000,0.0,0.0
2025-06-30 03:00:00+00:00,22.399999618530273,22.399999618530273,22.399999618530273,22.399999618530273,1000,0.0,0.0
2025-06-30 03:10:00+00:00,22.350000381469727,22.350000381469727,22.350000381469727,22.350000381469727,1001,0.0,0.0
2025-06-30 03:35:00+00:00,22.350000381469727,22.350000381469727,22.350000381469727,22.350000381469727,7000,0.0,0.0
2025-06-30 03:40:00+00:00,22.399999618530273,22.399999618530273,22.399999618530273,22.399999618530273,1280,0.0,0.0
2025-06-30 04:35:00+00:00,22.299999237060547,22.299999237060547,22.299999237060547,22.299999237060547,1013,0.0,0.0
2025-06-30 04:40:00+00:00,22.299999237060547,22.299999237060547,22.299999237060547,22.299999237060547,5019,0.0,0.0
2025-06-30 04:50:00+00:00,22.299999237060547,22.299999237060547,22.299999237060547,22.299999237060547,1000,0.0,0.0
2025-06-30 05:00:00+00:00,22.25,22.350000381469727,22.25,22.25,3000,0.0,0.0
2025-06-30 05:10:00+00:00,22.350000381469727,22.350000381469727,22.350000381469727,22.350000381469727,1040,0.0,0.0
2025-06-30 05:20:00+00:00,22.25,22.25,22.25,22.25,2408,0.0,0.0
2025-07-01 01:00:00+00:00,22.25,22.5,22.25,22.399999618530273,0,0.0,0.0
2025-07-01 01:05:00+00:00,22.5,22.600000381469727,22.5,22.549999237060547,13001,0.0,0.0
2025-07-01 01:10:00+00:00,22.600000381469727,22.649999618530273,22.600000381469727,22.649999618530273,8000,0.0,0.0
2025-07-01 01:15:00+00:00,22.649999618530273,22.649999618530273,22.649999618530273,22.649999618530273,1000,0.0,0.0
2025-07-01 01:20:00+00:00,22.649999618530273,22.649999618530273,22.649999618530273,22.649999618530273,5000,0.0,0.0
2025-07-01 01:30:00+00:00,22.649999618530273,22.649999618530273,22.649999618530273,22.649999618530273,2000,0.0,0.0
2025-07-01 01:35:00+00:00,22.649999618530273,22.649999618530273,22.649999618530273,22.649999618530273,3000,0.0,0.0
2025-07-01 01:40:00+00:00,22.649999618530273,22.700000762939453,22.649999618530273,22.700000762939453,11000,0.0,0.0
2025-07-01 01:45:00+00:00,22.700000762939453,22.700000762939453,22.700000762939453,22.700000762939453,1000,0.0,0.0
2025-07-01 01:50:00+00:00,22.700000762939453,22.700000762939453,22.700000762939453,22.700000762939453,9050,0.0,0.0
2025-07-01 01:55:00+00:00,22.700000762939453,22.700000762939453,22.700000762939453,22.700000762939453,4000,0.0,0.0
2025-07-01 02:00:00+00:00,22.700000762939453,22.75,22.700000762939453,22.75,4000,0.0,0.0
2025-07-01 02:05:00+00:00,22.700000762939453,22.700000762939453,22.700000762939453,22.700000762939453,5000,0.0,0.0
2025-07-01 02:10:00+00:00,22.75,22.75,22.75,22.75,8001,0.0,0.0
2025-07-01 02:15:00+00:00,22.75,22.75,22.75,22.75,1020,0.0,0.0
2025-07-01 02:20:00+00:00,22.75,22.75,22.700000762939453,22.700000762939453,3000,0.0,0.0
2025-07-01 02:35:00+00:00,22.600000381469727,22.600000381469727,22.600000381469727,22.600000381469727,10001,0.0,0.0
2025-07-01 02:40:00+00:00,22.75,22.75,22.75,22.75,2000,0.0,0.0
2025-07-01 02:45:00+00:00,22.75,22.75,22.75,22.75,1001,0.0,0.0
2025-07-01 02:50:00+00:00,22.75,22.75,22.75,22.75,1008,0.0,0.0
2025-07-01 03:05:00+00:00,22.600000381469727,22.600000381469727,22.600000381469727,22.600000381469727,1000,0.0,0.0
2025-07-01 03:10:00+00:00,22.700000762939453,22.700000762939453,22.700000762939453,22.700000762939453,1010,0.0,0.0
2025-07-01 03:15:00+00:00,22.700000762939453,22.700000762939453,22.700000762939453,22.700000762939453,1000,0.0,0.0
2025-07-01 03:25:00+00:00,22.700000762939453,22.700000762939453,22.700000762939453,22.700000762939453,1286,0.0,0.0
2025-07-01 03:35:00+00:00,22.600000381469727,22.600000381469727,22.549999237060547,22.549999237060547,3000,0.0,0.0
2025-07-01 03:45:00+00:00,22.75,22.75,22.75,22.75,1745,0.0,0.0
2025-07-01 04:05:00+00:00,22.700000762939453,22.700000762939453,22.700000762939453,22.700000762939453,2000,0.0,0.0
2025-07-01 04:10:00+00:00,22.75,22.75,22.700000762939453,22.75,10251,0.0,0.0
2025-07-01 04:15:00+00:00,22.75,22.75,22.75,22.75,1000,0.0,0.0
2025-07-01 04:20:00+00:00,22.75,22.75,22.75,22.75,2003,0.0,0.0
2025-07-01 04:45:00+00:00,22.649999618530273,22.649999618530273,22.649999618530273,22.649999618530273,5000,0.0,0.0
2025-07-01 04:50:00+00:00,22.600000381469727,22.600000381469727,22.5,22.5,6000,0.0,0.0
2025-07-01 04:55:00+00:00,22.5,22.600000381469727,22.399999618530273,22.399999618530273,11000,0.0,0.0
2025-07-01 05:00:00+00:00,22.399999618530273,22.649999618530273,22.399999618530273,22.399999618530273,9000,0.0,0.0
2025-07-01 05:05:00+00:00,22.399999618530273,22.5,22.350000381469727,22.5,7000,0.0,0.0
2025-07-01 05:10:00+00:00,22.350000381469727,22.649999618530273,22.299999237060547,22.299999237060547,11100,0.0,0.0
2025-07-01 05:15:00+00:00,22.350000381469727,22.350000381469727,22.350000381469727,22.350000381469727,8000,0.0,0.0
2025-07-01 05:20:00+00:00,22.350000381469727,22.5,22.299999237060547,22.5,8001,0.0,0.0
2025-07-02 01:00:00+00:00,22.450000762939453,22.450000762939453,22.450000762939453,22.450000762939453,0,0.0,0.0
2025-07-02 01:05:00+00:00,22.350000381469727,22.450000762939453,22.350000381469727,22.450000762939453,12020,0.0,0.0
2025-07-02 01:10:00+00:00,22.5,22.5,22.25,22.5,15001,0.0,0.0
2025-07-02 01:20:00+00:00,22.549999237060547,22.600000381469727,22.5,22.600000381469727,5000,0.0,0.0
2025-07-02 01:30:00+00:00,22.549999237060547,22.549999237060547,22.549999237060547,22.549999237060547,1000,0.0,0.0
2025-07-02 01:35:00+00:00,22.549999237060547,22.549999237060547,22.450000762939453,22.450000762939453,2000,0.0,0.0
2025-07-02 01:40:00+00:00,22.549999237060547,22.549999237060547,22.549999237060547,22.549999237060547,4000,0.0,0.0
2025-07-02 01:50:00+00:00,22.549999237060547,22.549999237060547,22.549999237060547,22.549999237060547,1000,0.0,0.0
2025-07-02 02:10:00+00:00,22.549999237060547,22.549999237060547,22.549999237060547,22.549999237060547,3000,0.0,0.0
2025-07-02 02:30:00+00:00,22.5,22.5,22.5,22.5,1000,0.0,0.0
2025-07-02 02:40:00+00:00,22.600000381469727,22.600000381469727,22.600000381469727,22.600000381469727,2000,0.0,0.0
2025-07-02 02:50:00+00:00,22.600000381469727,22.600000381469727,22.600000381469727,22.600000381469727,1020,0.0,0.0
2025-07-02 03:10:00+00:00,22.399999618530273,22.399999618530273,22.399999618530273,22.399999618530273,1000,0.0,0.0
2025-07-02 03:30:00+00:00,22.399999618530273,22.399999618530273,22.399999618530273,22.399999618530273,2000,0.0,0.0
2025-07-02 03:35:00+00:00,22.399999618530273,22.399999618530273,22.399999618530273,22.399999618530273,1000,0.0,0.0
2025-07-02 03:45:00+00:00,22.299999237060547,22.299999237060547,22.299999237060547,22.299999237060547,1000,0.0,0.0
2025-07-02 03:50:00+00:00,22.549999237060547,22.549999237060547,22.549999237060547,22.549999237060547,1000,0.0,0.0
2025-07-02 04:20:00+00:00,22.5,22.5,22.5,22.5,2000,0.0,0.0
2025-07-02 04:30:00+00:00,22.450000762939453,22.450000762939453,22.450000762939453,22.450000762939453,1000,0.0,0.0
2025-07-02 04:35:00+00:00,22.350000381469727,22.399999618530273,22.350000381469727,22.399999618530273,7089,0.0,0.0
2025-07-02 04:40:00+00:00,22.450000762939453,22.450000762939453,22.299999237060547,22.299999237060547,5000,0.0,0.0
2025-07-02 04:45:00+00:00,22.399999618530273,22.549999237060547,22.299999237060547,22.350000381469727,6000,0.0,0.0
2025-07-02 04:50:00+00:00,22.350000381469727,22.549999237060547,22.350000381469727,22.350000381469727,6001,0.0,0.0
2025-07-02 04:55:00+00:00,22.350000381469727,22.350000381469727,22.350000381469727,22.350000381469727,5000,0.0,0.0
2025-07-02 05:00:00+00:00,22.5,22.549999237060547,22.350000381469727,22.350000381469727,6001,0.0,0.0
2025-07-02 05:05:00+00:00,22.350000381469727,22.350000381469727,22.350000381469727,22.350000381469727,4000,0.0,0.0
2025-07-02 05:10:00+00:00,22.350000381469727,22.549999237060547,22.350000381469727,22.350000381469727,5000,0.0,0.0
2025-07-02 05:15:00+00:00,22.350000381469727,22.5,22.350000381469727,22.350000381469727,5415,0.0,0.0
2025-07-02 05:20:00+00:00,22.350000381469727,22.399999618530273,22.350000381469727,22.399999618530273,5151,0.0,0.0
2025-07-03 01:00:00+00:00,22.399999618530273,22.399999618530273,22.399999618530273,22.399999618530273,0,0.0,0.0
2025-07-03 01:20:00+00:00,22.399999618530273,22.399999618530273,22.399999618530273,22.399999618530273,10000,0.0,0.0
2025-07-03 01:25:00+00:00,22.399999618530273,22.399999618530273,22.299999237060547,22.299999237060547,17101,0.0,0.0
2025-07-03 01:30:00+00:00,22.5,22.549999237060547,22.5,22.549999237060547,10000,0.0,0.0
2025-07-03 01:35:00+00:00,22.549999237060547,22.549999237060547,22.549999237060547,22.549999237060547,15000,0.0,0.0
2025-07-03 01:40:00+00:00,22.549999237060547,22.600000381469727,22.549999237060547,22.600000381469727,9000,0.0,0.0
2025-07-03 01:45:00+00:00,22.600000381469727,22.600000381469727,22.600000381469727,22.600000381469727,3000,0.0,0.0
2025-07-03 01:50:00+00:00,22.649999618530273,22.649999618530273,22.649999618530273,22.649999618530273,1000,0.0,0.0
2025-07-03 01:55:00+00:00,22.649999618530273,22.649999618530273,22.649999618530273,22.649999618530273,3000,0.0,0.0
2025-07-03 02:00:00+00:00,22.700000762939453,22.700000762939453,22.700000762939453,22.700000762939453,1000,0.0,0.0
2025-07-03 02:05:00+00:00,22.700000762939453,22.700000762939453,22.649999618530273,22.649999618530273,28015,0.0,0.0
2025-07-03 02:10:00+00:00,22.700000762939453,22.75,22.700000762939453,22.75,4000,0.0,0.0
2025-07-03 02:15:00+00:00,22.649999618530273,22.649999618530273,22.649999618530273,22.649999618530273,8000,0.0,0.0
2025-07-03 02:20:00+00:00,22.649999618530273,22.649999618530273,22.649999618530273,22.649999618530273,2000,0.0,0.0
2025-07-03 02:25:00+00:00,22.700000762939453,22.700000762939453,22.700000762939453,22.700000762939453,1000,0.0,0.0
2025-07-03 02:30:00+00:00,22.75,22.799999237060547,22.75,22.799999237060547,2184,0.0,0.0
2025-07-03 02:35:00+00:00,22.75,22.75,22.75,22.75,5100,0.0,0.0
2025-07-03 02:40:00+00:00,22.799999237060547,22.799999237060547,22.799999237060547,22.799999237060547,1057,0.0,0.0
2025-07-03 02:50:00+00:00,22.75,22.75,22.75,22.75,4116,0.0,0.0
2025-07-03 03:05:00+00:00,22.799999237060547,22.799999237060547,22.799999237060547,22.799999237060547,1000,0.0,0.0
2025-07-03 03:10:00+00:00,22.75,22.75,22.700000762939453,22.700000762939453,2017,0.0,0.0
2025-07-03 03:50:00+00:00,22.700000762939453,22.75,22.700000762939453,22.75,2251,0.0,0.0
2025-07-03 04:40:00+00:00,22.600000381469727,22.600000381469727,22.600000381469727,22.600000381469727,1000,0.0,0.0
2025-07-03 04:45:00+00:00,22.600000381469727,22.600000381469727,22.600000381469727,22.600000381469727,1000,0.0,0.0
2025-07-03 04:50:00+00:00,22.649999618530273,22.700000762939453,22.649999618530273,22.700000762939453,8100,0.0,0.0
2025-07-03 05:00:00+00:00,22.649999618530273,22.649999618530273,22.600000381469727,22.600000381469727,13000,0.0,0.0
2025-07-03 05:05:00+00:00,22.649999618530273,22.75,22.649999618530273,22.75,23000,0.0,0.0
2025-07-03 05:10:00+00:00,22.75,22.75,22.75,22.75,6000,0.0,0.0
2025-07-03 05:15:00+00:00,22.700000762939453,22.700000762939453,22.700000762939453,22.700000762939453,1000,0.0,0.0
2025-07-03 05:20:00+00:00,22.649999618530273,22.700000762939453,22.649999618530273,22.700000762939453,15003,0.0,0.0
2025-07-04 01:00:00+00:00,22.75,22.75,22.75,22.75,0,0.0,0.0
2025-07-04 01:05:00+00:00,22.700000762939453,22.700000762939453,22.700000762939453,22.700000762939453,1043,0.0,0.0
2025-07-04 01:20:00+00:00,22.600000381469727,22.600000381469727,22.600000381469727,22.600000381469727,2000,0.0,0.0
2025-07-04 01:25:00+00:00,22.549999237060547,22.549999237060547,22.5,22.5,4000,0.0,0.0
2025-07-04 01:35:00+00:00,22.5,22.5,22.5,22.5,8000,0.0,0.0
2025-07-04 01:40:00+00:00,22.600000381469727,22.600000381469727,22.600000381469727,22.600000381469727,1000,0.0,0.0
2025-07-04 01:45:00+00:00,22.450000762939453,22.450000762939453,22.450000762939453,22.450000762939453,5000,0.0,0.0
2025-07-04 01:50:00+00:00,22.5,22.5,22.5,22.5,1000,0.0,0.0
2025-07-04 01:55:00+00:00,22.450000762939453,22.450000762939453,22.450000762939453,22.450000762939453,2000,0.0,0.0
2025-07-04 02:00:00+00:00,22.399999618530273,22.450000762939453,22.399999618530273,22.450000762939453,11000,0.0,0.0
2025-07-04 02:05:00+00:00,22.350000381469727,22.350000381469727,22.350000381469727,22.350000381469727,3000,0.0,0.0
2025-07-04 02:20:00+00:00,22.299999237060547,22.299999237060547,22.299999237060547,22.299999237060547,13000,0.0,0.0
2025-07-04 02:25:00+00:00,22.299999237060547,22.299999237060547,22.299999237060547,22.299999237060547,9000,0.0,0.0
2025-07-04 02:30:00+00:00,22.299999237060547,22.399999618530273,22.299999237060547,22.399999618530273,4001,0.0,0.0
2025-07-04 02:55:00+00:00,22.350000381469727,22.350000381469727,22.350000381469727,22.350000381469727,4001,0.0,0.0
2025-07-04 03:00:00+00:00,22.299999237060547,22.399999618530273,22.299999237060547,22.299999237060547,6000,0.0,0.0
2025-07-04 03:05:00+00:00,22.25,22.25,22.200000762939453,22.200000762939453,10000,0.0,0.0
2025-07-04 03:10:00+00:00,22.299999237060547,22.299999237060547,22.100000381469727,22.100000381469727,19000,0.0,0.0
2025-07-04 03:20:00+00:00,22.100000381469727,22.399999618530273,22.100000381469727,22.399999618530273,10005,0.0,0.0
2025-07-04 03:30:00+00:00,22.350000381469727,22.350000381469727,22.350000381469727,22.350000381469727,1100,0.0,0.0
2025-07-04 04:15:00+00:00,22.25,22.25,22.25,22.25,2000,0.0,0.0
2025-07-04 04:30:00+00:00,22.25,22.25,22.25,22.25,3000,0.0,0.0
2025-07-04 04:40:00+00:00,22.25,22.25,22.25,22.25,1498,0.0,0.0
2025-07-04 05:00:00+00:00,22.200000762939453,22.200000762939453,22.149999618530273,22.149999618530273,5000,0.0,0.0
2025-07-04 05:05:00+00:00,22.200000762939453,22.200000762939453,22.149999618530273,22.149999618530273,5000,0.0,0.0
2025-07-04 05:10:00+00:00,22.25,22.25,22.25,22.25,1001,0.0,0.0
2025-07-04 05:15:00+00:00,22.25,22.25,22.25,22.25,1000,0.0,0.0
2025-07-07 09:00:00+08:00,22.299999237060547,22.299999237060547,22.100000381469727,22.100000381469727,0,0.0,0.0
2025-07-07 09:05:00+08:00,22.100000381469727,22.200000762939453,22.0,22.0,9018,0.0,0.0
2025-07-07 09:10:00+08:00,21.950000762939453,22.399999618530273,21.950000762939453,22.0,24000,0.0,0.0
2025-07-07 09:15:00+08:00,22.0,22.0,21.950000762939453,21.950000762939453,4000,0.0,0.0
2025-07-07 09:20:00+08:00,22.200000762939453,22.25,22.100000381469727,22.100000381469727,5000,0.0,0.0
2025-07-07 09:25:00+08:00,22.149999618530273,22.149999618530273,22.149999618530273,22.149999618530273,1000,0.0,0.0
2025-07-07 09:30:00+08:00,22.149999618530273,22.149999618530273,22.149999618530273,22.149999618530273,1001,0.0,0.0
2025-07-07 10:00:00+08:00,22.100000381469727,22.200000762939453,22.100000381469727,22.200000762939453,32000,0.0,0.0
2025-07-07 10:10:00+08:00,22.25,22.350000381469727,22.25,22.350000381469727,6203,0.0,0.0
2025-07-07 10:55:00+08:00,22.350000381469727,22.350000381469727,22.350000381469727,22.350000381469727,1000,0.0,0.0
2025-07-07 11:00:00+08:00,22.350000381469727,22.450000762939453,22.200000762939453,22.450000762939453,16000,0.0,0.0
2025-07-07 11:10:00+08:00,22.450000762939453,22.450000762939453,22.450000762939453,22.450000762939453,2000,0.0,0.0
2025-07-07 11:25:00+08:00,22.299999237060547,22.299999237060547,22.299999237060547,22.299999237060547,3000,0.0,0.0
2025-07-07 11:30:00+08:00,22.450000762939453,22.450000762939453,22.450000762939453,22.450000762939453,1000,0.0,0.0
2025-07-07 11:40:00+08:00,22.299999237060547,22.299999237060547,22.299999237060547,22.299999237060547,1100,0.0,0.0
2025-07-07 12:00:00+08:00,22.299999237060547,22.450000762939453,22.299999237060547,22.350000381469727,13000,0.0,0.0
2025-07-07 12:10:00+08:00,22.299999237060547,22.299999237060547,22.299999237060547,22.299999237060547,2000,0.0,0.0
2025-07-07 12:15:00+08:00,22.299999237060547,22.299999237060547,22.299999237060547,22.299999237060547,2000,0.0,0.0
2025-07-07 12:20:00+08:00,22.299999237060547,22.299999237060547,22.25,22.25,2142,0.0,0.0
2025-07-07 13:00:00+08:00,22.200000762939453,22.200000762939453,22.200000762939453,22.200000762939453,6100,0.0,0.0
2025-07-07 13:05:00+08:00,22.200000762939453,22.200000762939453,22.200000762939453,22.200000762939453,2002,0.0,0.0
2025-07-07 13:15:00+08:00,22.149999618530273,22.149999618530273,22.149999618530273,22.149999618530273,3103,0.0,0.0
2025-07-08 09:00:00+08:00,22.100000381469727,22.100000381469727,22.100000381469727,22.100000381469727,0,0.0,0.0
2025-07-08 09:05:00+08:00,22.0,22.0,22.0,22.0,6261,0.0,0.0
2025-07-08 09:10:00+08:00,22.100000381469727,22.450000762939453,22.100000381469727,22.149999618530273,17000,0.0,0.0
2025-07-08 09:15:00+08:00,22.149999618530273,22.149999618530273,22.049999237060547,22.049999237060547,10000,0.0,0.0
2025-07-08 09:20:00+08:00,22.350000381469727,22.399999618530273,22.350000381469727,22.399999618530273,4000,0.0,0.0
2025-07-08 09:30:00+08:00,22.399999618530273,22.399999618530273,22.399999618530273,22.399999618530273,1000,0.0,0.0
2025-07-08 09:40:00+08:00,22.200000762939453,22.299999237060547,22.200000762939453,22.299999237060547,4000,0.0,0.0
2025-07-08 09:55:00+08:00,22.100000381469727,22.100000381469727,22.0,22.049999237060547,21000,0.0,0.0
2025-07-08 10:00:00+08:00,22.25,22.450000762939453,22.25,22.450000762939453,18000,0.0,0.0
2025-07-08 10:10:00+08:00,22.399999618530273,22.399999618530273,22.399999618530273,22.399999618530273,3013,0.0,0.0
2025-07-08 10:20:00+08:00,22.149999618530273,22.149999618530273,22.149999618530273,22.149999618530273,8000,0.0,0.0
2025-07-08 10:30:00+08:00,22.200000762939453,22.350000381469727,22.200000762939453,22.350000381469727,7001,0.0,0.0
2025-07-08 10:40:00+08:00,22.350000381469727,22.350000381469727,22.350000381469727,22.350000381469727,2000,0.0,0.0
2025-07-08 10:55:00+08:00,22.350000381469727,22.350000381469727,22.350000381469727,22.350000381469727,2001,0.0,0.0
2025-07-08 11:00:00+08:00,22.350000381469727,22.399999618530273,22.350000381469727,22.399999618530273,15000,0.0,0.0
2025-07-08 11:05:00+08:00,22.399999618530273,22.399999618530273,22.399999618530273,22.399999618530273,8001,0.0,0.0
2025-07-08 11:10:00+08:00,22.450000762939453,22.450000762939453,22.450000762939453,22.450000762939453,1051,0.0,0.0
2025-07-08 11:25:00+08:00,22.399999618530273,22.399999618530273,22.399999618530273,22.399999618530273,3000,0.0,0.0
2025-07-08 11:30:00+08:00,22.399999618530273,22.399999618530273,22.399999618530273,22.399999618530273,1000,0.0,0.0
2025-07-08 11:45:00+08:00,22.299999237060547,22.399999618530273,22.299999237060547,22.399999618530273,3000,0.0,0.0
2025-07-08 11:50:00+08:00,22.350000381469727,22.399999618530273,22.350000381469727,22.399999618530273,2000,0.0,0.0
2025-07-08 11:55:00+08:00,22.399999618530273,22.399999618530273,22.399999618530273,22.399999618530273,1000,0.0,0.0
2025-07-08 12:00:00+08:00,22.399999618530273,22.450000762939453,22.350000381469727,22.450000762939453,12001,0.0,0.0
2025-07-08 12:05:00+08:00,22.399999618530273,22.450000762939453,22.350000381469727,22.350000381469727,4427,0.0,0.0
2025-07-08 12:10:00+08:00,22.450000762939453,22.450000762939453,22.350000381469727,22.350000381469727,4110,0.0,0.0
2025-07-08 12:20:00+08:00,22.399999618530273,22.399999618530273,22.399999618530273,22.399999618530273,1100,0.0,0.0
2025-07-08 12:35:00+08:00,22.25,22.25,22.25,22.25,5000,0.0,0.0
2025-07-08 12:40:00+08:00,22.200000762939453,22.200000762939453,22.149999618530273,22.200000762939453,8003,0.0,0.0
2025-07-08 12:45:00+08:00,22.149999618530273,22.149999618530273,22.100000381469727,22.100000381469727,15000,0.0,0.0
2025-07-08 12:50:00+08:00,22.299999237060547,22.350000381469727,22.299999237060547,22.350000381469727,4000,0.0,0.0
2025-07-08 13:00:00+08:00,22.350000381469727,22.350000381469727,22.149999618530273,22.149999618530273,6000,0.0,0.0
2025-07-08 13:05:00+08:00,22.100000381469727,22.100000381469727,22.100000381469727,22.100000381469727,5000,0.0,0.0
2025-07-08 13:20:00+08:00,22.350000381469727,22.350000381469727,22.350000381469727,22.350000381469727,2010,0.0,0.0
2025-07-09 09:00:00+08:00,22.350000381469727,22.350000381469727,22.350000381469727,22.350000381469727,0,0.0,0.0
2025-07-09 09:15:00+08:00,22.149999618530273,22.149999618530273,22.149999618530273,22.149999618530273,1000,0.0,0.0
2025-07-09 09:20:00+08:00,22.149999618530273,22.149999618530273,22.149999618530273,22.149999618530273,3000,0.0,0.0
2025-07-09 09:30:00+08:00,22.149999618530273,22.149999618530273,22.149999618530273,22.149999618530273,6000,0.0,0.0
2025-07-09 09:35:00+08:00,22.149999618530273,22.149999618530273,22.149999618530273,22.149999618530273,5000,0.0,0.0
2025-07-09 09:40:00+08:00,22.25,22.25,22.100000381469727,22.100000381469727,5000,0.0,0.0
2025-07-09 09:45:00+08:00,22.100000381469727,22.100000381469727,22.100000381469727,22.100000381469727,5050,0.0,0.0
2025-07-09 09:50:00+08:00,22.200000762939453,22.200000762939453,22.200000762939453,22.200000762939453,1000,0.0,0.0
2025-07-09 09:55:00+08:00,22.100000381469727,22.100000381469727,22.100000381469727,22.100000381469727,3000,0.0,0.0
2025-07-09 10:00:00+08:00,22.200000762939453,22.200000762939453,22.200000762939453,22.200000762939453,1000,0.0,0.0
2025-07-09 10:05:00+08:00,22.200000762939453,22.200000762939453,22.200000762939453,22.200000762939453,2230,0.0,0.0
2025-07-09 10:20:00+08:00,22.100000381469727,22.100000381469727,22.100000381469727,22.100000381469727,5300,0.0,0.0
2025-07-09 10:25:00+08:00,22.100000381469727,22.100000381469727,22.100000381469727,22.100000381469727,6009,0.0,0.0
2025-07-09 10:30:00+08:00,22.200000762939453,22.200000762939453,22.200000762939453,22.200000762939453,2289,0.0,0.0
2025-07-09 11:00:00+08:00,22.100000381469727,22.100000381469727,22.0,22.0,32000,0.0,0.0
2025-07-09 11:15:00+08:00,22.049999237060547,22.049999237060547,22.049999237060547,22.049999237060547,1000,0.0,0.0
2025-07-09 11:25:00+08:00,22.149999618530273,22.200000762939453,22.149999618530273,22.200000762939453,5001,0.0,0.0
2025-07-09 11:50:00+08:00,22.200000762939453,22.200000762939453,22.200000762939453,22.200000762939453,1004,0.0,0.0
2025-07-09 12:10:00+08:00,22.100000381469727,22.100000381469727,22.100000381469727,22.100000381469727,2000,0.0,0.0
2025-07-09 12:15:00+08:00,22.049999237060547,22.049999237060547,22.049999237060547,22.049999237060547,6520,0.0,0.0
2025-07-09 12:20:00+08:00,22.049999237060547,22.049999237060547,22.049999237060547,22.049999237060547,5000,0.0,0.0
2025-07-09 12:25:00+08:00,22.0,22.0,22.0,22.0,14000,0.0,0.0
2025-07-09 12:30:00+08:00,22.0,22.0,22.0,22.0,2159,0.0,0.0
2025-07-09 12:35:00+08:00,22.0,22.0,22.0,22.0,2000,0.0,0.0
2025-07-09 12:40:00+08:00,22.049999237060547,22.049999237060547,22.0,22.0,5046,0.0,0.0
2025-07-09 12:45:00+08:00,22.049999237060547,22.049999237060547,22.049999237060547,22.049999237060547,1000,0.0,0.0
2025-07-09 12:50:00+08:00,22.049999237060547,22.049999237060547,22.049999237060547,22.049999237060547,1000,0.0,0.0
2025-07-09 12:55:00+08:00,22.049999237060547,22.049999237060547,22.049999237060547,22.049999237060547,2000,0.0,0.0
2025-07-09 13:00:00+08:00,22.049999237060547,22.049999237060547,22.049999237060547,22.049999237060547,17000,0.0,0.0
2025-07-09 13:05:00+08:00,22.049999237060547,22.049999237060547,22.049999237060547,22.049999237060547,2000,0.0,0.0
2025-07-09 13:10:00+08:00,22.100000381469727,22.100000381469727,22.100000381469727,22.100000381469727,3052,0.0,0.0
2025-07-10 09:00:00+08:00,22.25,22.25,22.149999618530273,22.149999618530273,0,0.0,0.0
2025-07-10 09:05:00+08:00,22.049999237060547,22.049999237060547,22.0,22.0,11000,0.0,0.0
2025-07-10 09:10:00+08:00,22.200000762939453,22.200000762939453,22.200000762939453,22.200000762939453,1310,0.0,0.0
2025-07-10 09:45:00+08:00,22.149999618530273,22.149999618530273,22.149999618530273,22.149999618530273,10167,0.0,0.0
2025-07-10 10:25:00+08:00,22.149999618530273,22.149999618530273,22.049999237060547,22.049999237060547,7000,0.0,0.0
2025-07-10 10:30:00+08:00,22.149999618530273,22.149999618530273,22.149999618530273,22.149999618530273,1000,0.0,0.0
2025-07-10 10:40:00+08:00,22.049999237060547,22.049999237060547,22.049999237060547,22.049999237060547,1098,0.0,0.0
2025-07-10 10:55:00+08:00,22.0,22.0,22.0,22.0,5001,0.0,0.0
2025-07-10 11:00:00+08:00,22.0,22.0,21.950000762939453,21.950000762939453,34000,0.0,0.0
2025-07-10 11:05:00+08:00,22.049999237060547,22.049999237060547,22.0,22.0,5000,0.0,0.0
2025-07-10 11:10:00+08:00,22.049999237060547,22.100000381469727,22.049999237060547,22.100000381469727,3000,0.0,0.0
2025-07-10 11:15:00+08:00,22.0,22.0,22.0,22.0,1000,0.0,0.0
2025-07-10 11:20:00+08:00,22.0,22.0,22.0,22.0,1000,0.0,0.0
2025-07-10 11:30:00+08:00,21.950000762939453,22.0,21.950000762939453,22.0,3195,0.0,0.0
2025-07-10 12:00:00+08:00,22.0,22.0,22.0,22.0,1000,0.0,0.0
2025-07-10 12:05:00+08:00,22.0,22.0,22.0,22.0,4000,0.0,0.0
2025-07-10 12:10:00+08:00,22.0,22.0,22.0,22.0,4000,0.0,0.0
2025-07-10 12:15:00+08:00,22.0,22.0,22.0,22.0,2000,0.0,0.0
2025-07-10 12:20:00+08:00,22.0,22.0,21.950000762939453,21.950000762939453,8000,0.0,0.0
2025-07-10 12:30:00+08:00,22.049999237060547,22.049999237060547,21.950000762939453,21.950000762939453,5000,0.0,0.0
2025-07-10 12:40:00+08:00,21.950000762939453,22.0,21.950000762939453,22.0,5000,0.0,0.0
2025-07-10 12:50:00+08:00,22.049999237060547,22.049999237060547,22.049999237060547,22.049999237060547,1001,0.0,0.0
2025-07-10 13:05:00+08:00,22.0,22.0,22.0,22.0,1000,0.0,0.0
2025-07-10 13:10:00+08:00,22.049999237060547,22.049999237060547,22.049999237060547,22.049999237060547,1952,0.0,0.0
2025-07-11 09:00:00+08:00,22.100000381469727,22.100000381469727,22.100000381469727,22.100000381469727,0,0.0,0.0
2025-07-11 09:05:00+08:00,22.100000381469727,22.100000381469727,22.100000381469727,22.100000381469727,11001,0.0,0.0
2025-07-11 09:20:00+08:00,22.100000381469727,22.100000381469727,22.100000381469727,22.100000381469727,1000,0.0,0.0
2025-07-11 09:30:00+08:00,22.0,22.0,22.0,22.0,2084,0.0,0.0
2025-07-11 09:35:00+08:00,22.100000381469727,22.100000381469727,22.100000381469727,22.100000381469727,3000,0.0,0.0
2025-07-11 09:40:00+08:00,22.100000381469727,22.149999618530273,22.100000381469727,22.149999618530273,5059,0.0,0.0
2025-07-11 09:45:00+08:00,22.049999237060547,22.049999237060547,22.049999237060547,22.049999237060547,6000,0.0,0.0
2025-07-11 09:50:00+08:00,22.100000381469727,22.200000762939453,22.100000381469727,22.200000762939453,12000,0.0,0.0
2025-07-11 10:00:00+08:00,22.200000762939453,22.25,22.100000381469727,22.100000381469727,13001,0.0,0.0
2025-07-11 10:10:00+08:00,22.25,22.299999237060547,22.25,22.299999237060547,3883,0.0,0.0
2025-07-11 10:20:00+08:00,22.25,22.25,22.25,22.25,1000,0.0,0.0
2025-07-11 10:25:00+08:00,22.25,22.299999237060547,22.25,22.299999237060547,10000,0.0,0.0
2025-07-11 10:30:00+08:00,22.350000381469727,22.350000381469727,22.350000381469727,22.350000381469727,2115,0.0,0.0
2025-07-11 10:40:00+08:00,22.350000381469727,22.350000381469727,22.299999237060547,22.299999237060547,10000,0.0,0.0
2025-07-11 10:45:00+08:00,22.299999237060547,22.299999237060547,22.299999237060547,22.299999237060547,3001,0.0,0.0
2025-07-11 11:00:00+08:00,22.299999237060547,22.299999237060547,22.299999237060547,22.299999237060547,5001,0.0,0.0
2025-07-11 11:10:00+08:00,22.350000381469727,22.350000381469727,22.350000381469727,22.350000381469727,2030,0.0,0.0
2025-07-11 11:25:00+08:00,22.25,22.25,22.049999237060547,22.049999237060547,10000,0.0,0.0
2025-07-11 11:30:00+08:00,22.200000762939453,22.25,22.200000762939453,22.25,4040,0.0,0.0
2025-07-11 11:45:00+08:00,22.100000381469727,22.25,22.049999237060547,22.25,13000,0.0,0.0
2025-07-11 11:50:00+08:00,22.299999237060547,22.299999237060547,22.100000381469727,22.100000381469727,3000,0.0,0.0
2025-07-11 12:00:00+08:00,22.25,22.25,22.200000762939453,22.200000762939453,2464,0.0,0.0
2025-07-11 12:55:00+08:00,22.25,22.299999237060547,22.25,22.299999237060547,11000,0.0,0.0
2025-07-11 13:00:00+08:00,22.299999237060547,22.299999237060547,22.299999237060547,22.299999237060547,2000,0.0,0.0
2025-07-11 13:15:00+08:00,22.25,22.25,22.25,22.25,1000,0.0,0.0
2025-07-14 09:20:00+08:00,22.100000381469727,22.100000381469727,22.049999237060547,22.049999237060547,0,0.0,0.0
2025-07-14 10:10:00+08:00,22.100000381469727,22.100000381469727,22.100000381469727,22.100000381469727,1001,0.0,0.0
2025-07-14 10:15:00+08:00,22.100000381469727,22.100000381469727,22.049999237060547,22.049999237060547,10000,0.0,0.0
2025-07-14 10:20:00+08:00,22.299999237060547,22.299999237060547,22.299999237060547,22.299999237060547,1000,0.0,0.0
2025-07-14 10:30:00+08:00,22.299999237060547,22.299999237060547,22.299999237060547,22.299999237060547,1000,0.0,0.0
2025-07-14 10:35:00+08:00,22.299999237060547,22.299999237060547,22.299999237060547,22.299999237060547,1000,0.0,0.0
2025-07-14 10:45:00+08:00,22.100000381469727,22.100000381469727,22.049999237060547,22.049999237060547,10001,0.0,0.0
2025-07-14 10:50:00+08:00,22.200000762939453,22.200000762939453,22.200000762939453,22.200000762939453,1011,0.0,0.0
2025-07-14 11:00:00+08:00,22.200000762939453,22.200000762939453,22.0,22.200000762939453,13000,0.0,0.0
2025-07-14 11:10:00+08:00,22.049999237060547,22.049999237060547,22.0,22.0,13020,0.0,0.0
2025-07-14 11:20:00+08:00,22.149999618530273,22.200000762939453,22.0,22.0,7000,0.0,0.0
2025-07-14 11:25:00+08:00,22.100000381469727,22.100000381469727,22.100000381469727,22.100000381469727,1001,0.0,0.0
2025-07-14 11:30:00+08:00,22.149999618530273,22.149999618530273,22.149999618530273,22.149999618530273,2001,0.0,0.0
2025-07-14 12:15:00+08:00,22.149999618530273,22.149999618530273,22.149999618530273,22.149999618530273,1006,0.0,0.0
2025-07-14 12:25:00+08:00,22.100000381469727,22.100000381469727,22.100000381469727,22.100000381469727,1002,0.0,0.0
2025-07-14 12:50:00+08:00,22.049999237060547,22.049999237060547,22.049999237060547,22.049999237060547,13000,0.0,0.0
2025-07-14 12:55:00+08:00,22.149999618530273,22.149999618530273,22.149999618530273,22.149999618530273,2001,0.0,0.0
2025-07-14 13:20:00+08:00,22.049999237060547,22.049999237060547,22.049999237060547,22.049999237060547,3461,0.0,0.0
2025-07-15 09:00:00+08:00,22.049999237060547,22.149999618530273,22.049999237060547,22.149999618530273,0,0.0,0.0
2025-07-15 09:05:00+08:00,22.200000762939453,22.25,22.200000762939453,22.25,7001,0.0,0.0
2025-07-15 09:10:00+08:00,22.25,22.25,22.200000762939453,22.200000762939453,3011,0.0,0.0
2025-07-15 09:50:00+08:00,22.25,22.25,22.25,22.25,1078,0.0,0.0
2025-07-15 09:55:00+08:00,22.25,22.299999237060547,22.25,22.299999237060547,3000,0.0,0.0
2025-07-15 10:00:00+08:00,22.299999237060547,22.299999237060547,22.299999237060547,22.299999237060547,1000,0.0,0.0
2025-07-15 10:05:00+08:00,22.299999237060547,22.299999237060547,22.299999237060547,22.299999237060547,1000,0.0,0.0
2025-07-15 10:45:00+08:00,22.25,22.25,22.25,22.25,2000,0.0,0.0
2025-07-15 10:50:00+08:00,22.25,22.25,22.25,22.25,1000,0.0,0.0
2025-07-15 11:05:00+08:00,22.200000762939453,22.200000762939453,22.200000762939453,22.200000762939453,2000,0.0,0.0
2025-07-15 11:20:00+08:00,22.100000381469727,22.100000381469727,22.100000381469727,22.100000381469727,1326,0.0,0.0
2025-07-15 11:30:00+08:00,22.100000381469727,22.100000381469727,22.100000381469727,22.100000381469727,4000,0.0,0.0
2025-07-15 11:40:00+08:00,22.200000762939453,22.200000762939453,22.200000762939453,22.200000762939453,1000,0.0,0.0
2025-07-15 12:10:00+08:00,22.149999618530273,22.149999618530273,22.149999618530273,22.149999618530273,2000,0.0,0.0
2025-07-15 12:15:00+08:00,22.200000762939453,22.200000762939453,22.200000762939453,22.200000762939453,1000,0.0,0.0
2025-07-15 12:20:00+08:00,22.200000762939453,22.200000762939453,22.200000762939453,22.200000762939453,1000,0.0,0.0
2025-07-15 12:40:00+08:00,22.149999618530273,22.149999618530273,22.149999618530273,22.149999618530273,3001,0.0,0.0
2025-07-15 12:50:00+08:00,22.100000381469727,22.100000381469727,22.100000381469727,22.100000381469727,1000,0.0,0.0
2025-07-15 13:00:00+08:00,22.149999618530273,22.149999618530273,22.149999618530273,22.149999618530273,1000,0.0,0.0
2025-07-15 13:10:00+08:00,22.100000381469727,22.200000762939453,22.100000381469727,22.200000762939453,9476,0.0,0.0
2025-07-16 09:00:00+08:00,22.200000762939453,22.200000762939453,22.200000762939453,22.200000762939453,0,0.0,0.0
2025-07-16 09:20:00+08:00,22.149999618530273,22.149999618530273,22.049999237060547,22.049999237060547,6000,0.0,0.0
2025-07-16 09:25:00+08:00,22.200000762939453,22.200000762939453,22.200000762939453,22.200000762939453,6010,0.0,0.0
2025-07-16 09:30:00+08:00,22.299999237060547,22.299999237060547,22.299999237060547,22.299999237060547,1100,0.0,0.0
2025-07-16 09:40:00+08:00,22.100000381469727,22.350000381469727,22.100000381469727,22.350000381469727,22000,0.0,0.0
2025-07-16 09:50:00+08:00,22.350000381469727,22.350000381469727,22.350000381469727,22.350000381469727,1001,0.0,0.0
2025-07-16 10:00:00+08:00,22.299999237060547,22.299999237060547,22.299999237060547,22.299999237060547,2000,0.0,0.0
2025-07-16 10:15:00+08:00,22.299999237060547,22.299999237060547,22.299999237060547,22.299999237060547,2000,0.0,0.0
2025-07-16 10:20:00+08:00,22.299999237060547,22.350000381469727,22.299999237060547,22.350000381469727,4000,0.0,0.0
2025-07-16 10:25:00+08:00,22.350000381469727,22.350000381469727,22.350000381469727,22.350000381469727,8000,0.0,0.0
2025-07-16 10:30:00+08:00,22.399999618530273,22.399999618530273,22.25,22.25,2000,0.0,0.0
2025-07-16 10:40:00+08:00,22.399999618530273,22.399999618530273,22.399999618530273,22.399999618530273,1040,0.0,0.0
2025-07-16 10:45:00+08:00,22.399999618530273,22.399999618530273,22.399999618530273,22.399999618530273,1004,0.0,0.0
2025-07-16 10:50:00+08:00,22.399999618530273,22.399999618530273,22.200000762939453,22.350000381469727,11000,0.0,0.0
2025-07-16 11:00:00+08:00,22.399999618530273,22.399999618530273,22.399999618530273,22.399999618530273,3000,0.0,0.0
2025-07-16 11:05:00+08:00,22.299999237060547,22.299999237060547,22.299999237060547,22.299999237060547,1000,0.0,0.0
2025-07-16 11:10:00+08:00,22.299999237060547,22.399999618530273,22.299999237060547,22.399999618530273,17000,0.0,0.0
2025-07-16 11:20:00+08:00,22.399999618530273,22.399999618530273,22.399999618530273,22.399999618530273,2000,0.0,0.0
2025-07-16 11:25:00+08:00,22.299999237060547,22.299999237060547,22.299999237060547,22.299999237060547,1187,0.0,0.0
2025-07-16 11:30:00+08:00,22.350000381469727,22.350000381469727,22.350000381469727,22.350000381469727,1000,0.0,0.0
2025-07-16 11:35:00+08:00,22.350000381469727,22.350000381469727,22.350000381469727,22.350000381469727,1000,0.0,0.0
2025-07-16 11:40:00+08:00,22.399999618530273,22.399999618530273,22.399999618530273,22.399999618530273,1013,0.0,0.0
2025-07-16 12:00:00+08:00,22.399999618530273,22.399999618530273,22.399999618530273,22.399999618530273,2011,0.0,0.0
2025-07-16 12:05:00+08:00,22.399999618530273,22.399999618530273,22.399999618530273,22.399999618530273,4000,0.0,0.0
2025-07-16 12:10:00+08:00,22.299999237060547,22.399999618530273,22.299999237060547,22.399999618530273,3000,0.0,0.0
2025-07-16 12:25:00+08:00,22.399999618530273,22.399999618530273,22.399999618530273,22.399999618530273,2100,0.0,0.0
2025-07-16 12:35:00+08:00,22.399999618530273,22.399999618530273,22.399999618530273,22.399999618530273,1020,0.0,0.0
2025-07-16 12:40:00+08:00,22.399999618530273,22.399999618530273,22.399999618530273,22.399999618530273,1012,0.0,0.0
2025-07-16 13:00:00+08:00,22.399999618530273,22.399999618530273,22.399999618530273,22.399999618530273,2000,0.0,0.0
2025-07-16 13:05:00+08:00,22.399999618530273,22.450000762939453,22.399999618530273,22.450000762939453,11000,0.0,0.0
2025-07-16 13:10:00+08:00,22.450000762939453,22.450000762939453,22.399999618530273,22.399999618530273,12000,0.0,0.0
2025-07-16 13:15:00+08:00,22.399999618530273,22.450000762939453,22.399999618530273,22.450000762939453,2000,0.0,0.0
2025-07-16 13:20:00+08:00,22.399999618530273,22.399999618530273,22.399999618530273,22.399999618530273,2475,0.0,0.0
2025-07-17 09:00:00+08:00,22.350000381469727,22.350000381469727,22.350000381469727,22.350000381469727,0,0.0,0.0
2025-07-17 09:05:00+08:00,22.399999618530273,22.600000381469727,22.399999618530273,22.600000381469727,26001,0.0,0.0
2025-07-17 09:10:00+08:00,22.549999237060547,22.549999237060547,22.549999237060547,22.549999237060547,1000,0.0,0.0
2025-07-17 09:20:00+08:00,22.549999237060547,22.549999237060547,22.549999237060547,22.549999237060547,4000,0.0,0.0
2025-07-17 09:25:00+08:00,22.5,22.5,22.5,22.5,1000,0.0,0.0
2025-07-17 09:30:00+08:00,22.399999618530273,22.399999618530273,22.399999618530273,22.399999618530273,2020,0.0,0.0
2025-07-17 09:35:00+08:00,22.350000381469727,22.350000381469727,22.350000381469727,22.350000381469727,2085,0.0,0.0
2025-07-17 09:40:00+08:00,22.299999237060547,22.399999618530273,22.299999237060547,22.399999618530273,6000,0.0,0.0
2025-07-17 09:50:00+08:00,22.399999618530273,22.399999618530273,22.399999618530273,22.399999618530273,2000,0.0,0.0
2025-07-17 10:25:00+08:00,22.450000762939453,22.450000762939453,22.450000762939453,22.450000762939453,2000,0.0,0.0
2025-07-17 10:30:00+08:00,22.5,22.5,22.5,22.5,23091,0.0,0.0
2025-07-17 10:40:00+08:00,22.549999237060547,22.549999237060547,22.549999237060547,22.549999237060547,6243,0.0,0.0
2025-07-17 10:50:00+08:00,22.600000381469727,22.600000381469727,22.600000381469727,22.600000381469727,1000,0.0,0.0
2025-07-17 11:05:00+08:00,22.600000381469727,22.600000381469727,22.600000381469727,22.600000381469727,1092,0.0,0.0
2025-07-17 11:10:00+08:00,22.600000381469727,22.600000381469727,22.600000381469727,22.600000381469727,1106,0.0,0.0
2025-07-17 11:20:00+08:00,22.600000381469727,22.600000381469727,22.549999237060547,22.549999237060547,3180,0.0,0.0
2025-07-17 11:25:00+08:00,22.600000381469727,22.600000381469727,22.600000381469727,22.600000381469727,5000,0.0,0.0
2025-07-17 11:30:00+08:00,22.549999237060547,22.549999237060547,22.549999237060547,22.549999237060547,3000,0.0,0.0
2025-07-17 11:40:00+08:00,22.600000381469727,22.600000381469727,22.549999237060547,22.600000381469727,17000,0.0,0.0
2025-07-17 11:50:00+08:00,22.600000381469727,22.649999618530273,22.5,22.5,8000,0.0,0.0
2025-07-17 11:55:00+08:00,22.5,22.5,22.5,22.5,2000,0.0,0.0
2025-07-17 12:00:00+08:00,22.700000762939453,22.700000762939453,22.549999237060547,22.549999237060547,2000,0.0,0.0
2025-07-17 12:05:00+08:00,22.5,22.5,22.5,22.5,3000,0.0,0.0
2025-07-17 12:10:00+08:00,22.5,22.5,22.5,22.5,1000,0.0,0.0
2025-07-17 12:15:00+08:00,22.5,22.5,22.5,22.5,3200,0.0,0.0
2025-07-17 12:20:00+08:00,22.649999618530273,22.649999618530273,22.5,22.5,5210,0.0,0.0
2025-07-17 12:25:00+08:00,22.5,22.5,22.5,22.5,2000,0.0,0.0
2025-07-17 12:30:00+08:00,22.600000381469727,22.600000381469727,22.5,22.5,2000,0.0,0.0
2025-07-17 12:35:00+08:00,22.5,22.5,22.450000762939453,22.450000762939453,2000,0.0,0.0
2025-07-17 12:40:00+08:00,22.450000762939453,22.5,22.450000762939453,22.5,4000,0.0,0.0
2025-07-17 12:45:00+08:00,22.549999237060547,22.549999237060547,22.450000762939453,22.450000762939453,2200,0.0,0.0
2025-07-17 12:50:00+08:00,22.600000381469727,22.600000381469727,22.450000762939453,22.600000381469727,3000,0.0,0.0
2025-07-17 12:55:00+08:00,22.450000762939453,22.549999237060547,22.450000762939453,22.5,3000,0.0,0.0
2025-07-17 13:00:00+08:00,22.5,22.600000381469727,22.450000762939453,22.450000762939453,3000,0.0,0.0
2025-07-17 13:05:00+08:00,22.450000762939453,22.450000762939453,22.450000762939453,22.450000762939453,2000,0.0,0.0
2025-07-17 13:10:00+08:00,22.450000762939453,22.600000381469727,22.350000381469727,22.399999618530273,27491,0.0,0.0
2025-07-17 13:20:00+08:00,22.399999618530273,22.450000762939453,22.350000381469727,22.450000762939453,12000,0.0,0.0
2025-07-18 09:00:00+08:00,22.649999618530273,22.799999237060547,22.649999618530273,22.799999237060547,0,0.0,0.0
2025-07-18 09:05:00+08:00,22.799999237060547,22.799999237060547,22.700000762939453,22.700000762939453,7015,0.0,0.0
2025-07-18 09:10:00+08:00,22.75,22.75,22.75,22.75,1019,0.0,0.0
2025-07-18 09:15:00+08:00,22.75,22.75,22.75,22.75,1001,0.0,0.0
2025-07-18 09:20:00+08:00,22.799999237060547,22.799999237060547,22.799999237060547,22.799999237060547,3000,0.0,0.0
2025-07-18 09:25:00+08:00,22.700000762939453,22.700000762939453,22.700000762939453,22.700000762939453,3000,0.0,0.0
2025-07-18 09:30:00+08:00,22.799999237060547,22.799999237060547,22.799999237060547,22.799999237060547,1000,0.0,0.0
2025-07-18 09:45:00+08:00,22.649999618530273,22.649999618530273,22.649999618530273,22.649999618530273,5000,0.0,0.0
2025-07-18 09:50:00+08:00,22.649999618530273,22.799999237060547,22.649999618530273,22.799999237060547,12108,0.0,0.0
2025-07-18 10:15:00+08:00,22.649999618530273,22.649999618530273,22.649999618530273,22.649999618530273,4174,0.0,0.0
2025-07-18 10:25:00+08:00,22.649999618530273,22.649999618530273,22.600000381469727,22.600000381469727,6000,0.0,0.0
2025-07-18 10:35:00+08:00,22.600000381469727,22.649999618530273,22.600000381469727,22.649999618530273,4000,0.0,0.0
2025-07-18 10:40:00+08:00,22.649999618530273,22.649999618530273,22.600000381469727,22.600000381469727,5000,0.0,0.0
2025-07-18 10:50:00+08:00,22.600000381469727,22.600000381469727,22.600000381469727,22.600000381469727,11061,0.0,0.0
2025-07-18 10:55:00+08:00,22.600000381469727,22.600000381469727,22.600000381469727,22.600000381469727,1000,0.0,0.0
2025-07-18 11:00:00+08:00,22.600000381469727,22.649999618530273,22.600000381469727,22.649999618530273,8050,0.0,0.0
2025-07-18 11:05:00+08:00,22.549999237060547,22.549999237060547,22.549999237060547,22.549999237060547,2000,0.0,0.0
2025-07-18 11:10:00+08:00,22.75,22.75,22.75,22.75,1000,0.0,0.0
2025-07-18 11:15:00+08:00,22.600000381469727,22.600000381469727,22.600000381469727,22.600000381469727,1284,0.0,0.0
2025-07-18 11:25:00+08:00,22.600000381469727,22.600000381469727,22.600000381469727,22.600000381469727,2239,0.0,0.0
2025-07-18 11:30:00+08:00,22.600000381469727,22.600000381469727,22.549999237060547,22.549999237060547,3000,0.0,0.0
2025-07-18 11:35:00+08:00,22.549999237060547,22.549999237060547,22.549999237060547,22.549999237060547,1000,0.0,0.0
2025-07-18 11:40:00+08:00,22.600000381469727,22.700000762939453,22.549999237060547,22.549999237060547,3000,0.0,0.0
2025-07-18 11:45:00+08:00,22.549999237060547,22.649999618530273,22.549999237060547,22.649999618530273,2000,0.0,0.0
2025-07-18 11:55:00+08:00,22.549999237060547,22.600000381469727,22.549999237060547,22.600000381469727,7000,0.0,0.0
2025-07-18 12:00:00+08:00,22.600000381469727,22.649999618530273,22.549999237060547,22.649999618530273,9001,0.0,0.0
2025-07-18 12:10:00+08:00,22.600000381469727,22.649999618530273,22.549999237060547,22.649999618530273,4100,0.0,0.0
2025-07-18 12:15:00+08:00,22.649999618530273,22.649999618530273,22.649999618530273,22.649999618530273,1000,0.0,0.0
2025-07-18 12:20:00+08:00,22.649999618530273,22.649999618530273,22.649999618530273,22.649999618530273,1000,0.0,0.0
2025-07-18 12:25:00+08:00,22.549999237060547,22.549999237060547,22.549999237060547,22.549999237060547,3103,0.0,0.0
2025-07-18 12:30:00+08:00,22.549999237060547,22.549999237060547,22.549999237060547,22.549999237060547,1100,0.0,0.0
2025-07-18 12:45:00+08:00,22.649999618530273,22.649999618530273,22.649999618530273,22.649999618530273,1000,0.0,0.0
2025-07-18 12:50:00+08:00,22.649999618530273,22.700000762939453,22.649999618530273,22.700000762939453,2000,0.0,0.0
2025-07-18 12:55:00+08:00,22.700000762939453,22.700000762939453,22.700000762939453,22.700000762939453,1001,0.0,0.0
2025-07-18 13:00:00+08:00,22.600000381469727,22.600000381469727,22.600000381469727,22.600000381469727,1000,0.0,0.0
2025-07-18 13:05:00+08:00,22.549999237060547,22.600000381469727,22.549999237060547,22.600000381469727,4001,0.0,0.0
2025-07-18 13:10:00+08:00,22.649999618530273,22.649999618530273,22.649999618530273,22.649999618530273,1000,0.0,0.0
2025-07-18 13:15:00+08:00,22.549999237060547,22.649999618530273,22.549999237060547,22.649999618530273,6000,0.0,0.0
2025-07-21 09:00:00+08:00,22.700000762939453,22.799999237060547,22.700000762939453,22.799999237060547,0,0.0,0.0
2025-07-21 09:10:00+08:00,22.700000762939453,22.700000762939453,22.700000762939453,22.700000762939453,1000,0.0,0.0
2025-07-21 09:35:00+08:00,22.600000381469727,22.600000381469727,22.600000381469727,22.600000381469727,2031,0.0,0.0
2025-07-21 09:40:00+08:00,22.549999237060547,22.600000381469727,22.549999237060547,22.600000381469727,2000,0.0,0.0
2025-07-21 09:50:00+08:00,22.649999618530273,22.649999618530273,22.600000381469727,22.600000381469727,3001,0.0,0.0
2025-07-21 09:55:00+08:00,22.549999237060547,22.549999237060547,22.549999237060547,22.549999237060547,4015,0.0,0.0
2025-07-21 10:00:00+08:00,22.549999237060547,22.549999237060547,22.549999237060547,22.549999237060547,5000,0.0,0.0
2025-07-21 10:10:00+08:00,22.600000381469727,22.600000381469727,22.600000381469727,22.600000381469727,1000,0.0,0.0
2025-07-21 10:15:00+08:00,22.600000381469727,22.600000381469727,22.600000381469727,22.600000381469727,2000,0.0,0.0
2025-07-21 10:20:00+08:00,22.600000381469727,22.600000381469727,22.600000381469727,22.600000381469727,2000,0.0,0.0
2025-07-21 10:30:00+08:00,22.600000381469727,22.649999618530273,22.600000381469727,22.649999618530273,2021,0.0,0.0
2025-07-21 10:35:00+08:00,22.600000381469727,22.600000381469727,22.600000381469727,22.600000381469727,4000,0.0,0.0
2025-07-21 10:45:00+08:00,22.600000381469727,22.600000381469727,22.600000381469727,22.600000381469727,1001,0.0,0.0
2025-07-21 10:55:00+08:00,22.600000381469727,22.600000381469727,22.600000381469727,22.600000381469727,1002,0.0,0.0
2025-07-21 11:00:00+08:00,22.600000381469727,22.600000381469727,22.600000381469727,22.600000381469727,3019,0.0,0.0
2025-07-21 11:05:00+08:00,22.549999237060547,22.549999237060547,22.549999237060547,22.549999237060547,1001,0.0,0.0
2025-07-21 11:10:00+08:00,22.549999237060547,22.549999237060547,22.549999237060547,22.549999237060547,1000,0.0,0.0
2025-07-21 11:20:00+08:00,22.549999237060547,22.549999237060547,22.549999237060547,22.549999237060547,1000,0.0,0.0
2025-07-21 11:30:00+08:00,22.549999237060547,22.549999237060547,22.5,22.5,11214,0.0,0.0
2025-07-21 11:35:00+08:00,22.5,22.5,22.5,22.5,1000,0.0,0.0
2025-07-21 11:40:00+08:00,22.549999237060547,22.549999237060547,22.549999237060547,22.549999237060547,3009,0.0,0.0
2025-07-21 11:45:00+08:00,22.549999237060547,22.549999237060547,22.549999237060547,22.549999237060547,1000,0.0,0.0
2025-07-21 11:55:00+08:00,22.549999237060547,22.549999237060547,22.549999237060547,22.549999237060547,2000,0.0,0.0
2025-07-21 12:05:00+08:00,22.549999237060547,22.549999237060547,22.299999237060547,22.299999237060547,87709,0.0,0.0
2025-07-21 12:10:00+08:00,22.5,22.5,22.5,22.5,2000,0.0,0.0
2025-07-21 12:25:00+08:00,22.5,22.5,22.5,22.5,3001,0.0,0.0
2025-07-21 12:30:00+08:00,22.5,22.5,22.5,22.5,3000,0.0,0.0
2025-07-21 12:45:00+08:00,22.5,22.5,22.450000762939453,22.450000762939453,2050,0.0,0.0
2025-07-21 12:50:00+08:00,22.450000762939453,22.450000762939453,22.450000762939453,22.450000762939453,1000,0.0,0.0
2025-07-21 12:55:00+08:00,22.450000762939453,22.450000762939453,22.450000762939453,22.450000762939453,1001,0.0,0.0
2025-07-21 13:05:00+08:00,22.450000762939453,22.450000762939453,22.450000762939453,22.450000762939453,1000,0.0,0.0
2025-07-21 13:10:00+08:00,22.450000762939453,22.450000762939453,22.450000762939453,22.450000762939453,1000,0.0,0.0
2025-07-21 13:15:00+08:00,22.450000762939453,22.450000762939453,22.450000762939453,22.450000762939453,8100,0.0,0.0
2025-07-21 13:20:00+08:00,22.450000762939453,22.450000762939453,22.450000762939453,22.450000762939453,1297,0.0,0.0
2025-07-22 09:00:00+08:00,22.450000762939453,22.450000762939453,22.450000762939453,22.450000762939453,0,0.0,0.0
2025-07-22 09:05:00+08:00,22.450000762939453,22.450000762939453,22.450000762939453,22.450000762939453,1014,0.0,0.0
2025-07-22 09:15:00+08:00,22.399999618530273,22.450000762939453,22.399999618530273,22.450000762939453,15001,0.0,0.0
2025-07-22 09:25:00+08:00,22.399999618530273,22.399999618530273,22.399999618530273,22.399999618530273,2063,0.0,0.0
2025-07-22 09:30:00+08:00,22.350000381469727,22.450000762939453,22.350000381469727,22.450000762939453,3040,0.0,0.0
2025-07-22 09:35:00+08:00,22.350000381469727,22.350000381469727,22.25,22.25,8013,0.0,0.0
2025-07-22 09:40:00+08:00,22.299999237060547,22.299999237060547,22.299999237060547,22.299999237060547,1049,0.0,0.0
2025-07-22 09:50:00+08:00,22.299999237060547,22.299999237060547,22.299999237060547,22.299999237060547,1014,0.0,0.0
2025-07-22 10:00:00+08:00,22.25,22.25,22.25,22.25,8000,0.0,0.0
2025-07-22 10:10:00+08:00,22.299999237060547,22.299999237060547,22.299999237060547,22.299999237060547,2000,0.0,0.0
2025-07-22 10:20:00+08:00,22.200000762939453,22.200000762939453,22.200000762939453,22.200000762939453,11000,0.0,0.0
2025-07-22 10:25:00+08:00,22.200000762939453,22.25,22.200000762939453,22.200000762939453,3000,0.0,0.0
2025-07-22 10:30:00+08:00,22.299999237060547,22.299999237060547,22.299999237060547,22.299999237060547,2000,0.0,0.0
2025-07-22 10:35:00+08:00,22.25,22.25,22.200000762939453,22.200000762939453,2000,0.0,0.0
2025-07-22 10:40:00+08:00,22.299999237060547,22.299999237060547,22.299999237060547,22.299999237060547,1001,0.0,0.0
2025-07-22 10:45:00+08:00,22.299999237060547,22.299999237060547,22.299999237060547,22.299999237060547,7006,0.0,0.0
2025-07-22 10:50:00+08:00,22.200000762939453,22.200000762939453,22.200000762939453,22.200000762939453,4000,0.0,0.0
2025-07-22 10:55:00+08:00,22.200000762939453,22.200000762939453,22.200000762939453,22.200000762939453,4000,0.0,0.0
2025-07-22 11:00:00+08:00,22.149999618530273,22.149999618530273,22.149999618530273,22.149999618530273,6000,0.0,0.0
2025-07-22 11:05:00+08:00,22.100000381469727,22.100000381469727,22.100000381469727,22.100000381469727,14001,0.0,0.0
2025-07-22 11:10:00+08:00,22.100000381469727,22.100000381469727,22.100000381469727,22.100000381469727,5004,0.0,0.0
2025-07-22 11:15:00+08:00,22.049999237060547,22.149999618530273,22.049999237060547,22.049999237060547,10000,0.0,0.0
2025-07-22 11:20:00+08:00,22.149999618530273,22.25,22.149999618530273,22.25,5000,0.0,0.0
2025-07-22 11:25:00+08:00,22.049999237060547,22.049999237060547,22.0,22.0,13121,0.0,0.0
2025-07-22 11:30:00+08:00,22.0,22.0,22.0,22.0,6000,0.0,0.0
2025-07-22 11:35:00+08:00,22.049999237060547,22.049999237060547,22.0,22.0,2000,0.0,0.0
2025-07-22 11:40:00+08:00,22.0,22.049999237060547,21.950000762939453,22.049999237060547,33623,0.0,0.0
2025-07-22 11:45:00+08:00,22.049999237060547,22.049999237060547,21.950000762939453,21.950000762939453,14000,0.0,0.0
2025-07-22 11:50:00+08:00,21.950000762939453,22.049999237060547,21.950000762939453,22.049999237060547,7000,0.0,0.0
2025-07-22 11:55:00+08:00,22.0,22.0,21.950000762939453,22.0,6000,0.0,0.0
2025-07-22 12:00:00+08:00,21.950000762939453,22.0,21.899999618530273,21.899999618530273,5000,0.0,0.0
2025-07-22 12:05:00+08:00,21.899999618530273,21.899999618530273,21.899999618530273,21.899999618530273,1000,0.0,0.0
2025-07-22 12:10:00+08:00,21.899999618530273,21.950000762939453,21.899999618530273,21.950000762939453,4000,0.0,0.0
2025-07-22 12:15:00+08:00,21.899999618530273,21.950000762939453,21.899999618530273,21.950000762939453,4000,0.0,0.0
2025-07-22 12:20:00+08:00,22.049999237060547,22.049999237060547,21.899999618530273,21.950000762939453,13000,0.0,0.0
2025-07-22 12:25:00+08:00,21.950000762939453,21.950000762939453,21.950000762939453,21.950000762939453,3000,0.0,0.0
2025-07-22 12:30:00+08:00,22.049999237060547,22.049999237060547,22.049999237060547,22.049999237060547,3000,0.0,0.0
2025-07-22 12:35:00+08:00,21.950000762939453,21.950000762939453,21.950000762939453,21.950000762939453,1000,0.0,0.0
2025-07-22 12:40:00+08:00,21.950000762939453,21.950000762939453,21.899999618530273,21.899999618530273,2100,0.0,0.0
2025-07-22 12:50:00+08:00,21.950000762939453,22.0,21.899999618530273,21.899999618530273,5000,0.0,0.0
2025-07-22 12:55:00+08:00,21.950000762939453,21.950000762939453,21.899999618530273,21.950000762939453,17100,0.0,0.0
2025-07-22 13:00:00+08:00,22.0,22.0,21.850000381469727,21.850000381469727,4137,0.0,0.0
2025-07-22 13:10:00+08:00,22.049999237060547,22.049999237060547,21.899999618530273,21.899999618530273,2000,0.0,0.0
2025-07-22 13:15:00+08:00,21.899999618530273,21.950000762939453,21.850000381469727,21.850000381469727,15000,0.0,0.0
2025-07-23 09:00:00+08:00,22.100000381469727,22.100000381469727,22.100000381469727,22.100000381469727,0,0.0,0.0
2025-07-23 09:15:00+08:00,22.100000381469727,22.100000381469727,22.0,22.100000381469727,13100,0.0,0.0
2025-07-23 09:20:00+08:00,22.100000381469727,22.149999618530273,22.100000381469727,22.100000381469727,3000,0.0,0.0
2025-07-23 09:25:00+08:00,22.100000381469727,22.100000381469727,22.049999237060547,22.049999237060547,5441,0.0,0.0
2025-07-23 09:30:00+08:00,22.0,22.049999237060547,22.0,22.049999237060547,3000,0.0,0.0
2025-07-23 09:35:00+08:00,22.0,22.049999237060547,22.0,22.0,3000,0.0,0.0
2025-07-23 09:40:00+08:00,22.100000381469727,22.149999618530273,22.0,22.0,4100,0.0,0.0
2025-07-23 09:45:00+08:00,22.0,22.149999618530273,22.0,22.049999237060547,6050,0.0,0.0
2025-07-23 09:50:00+08:00,22.149999618530273,22.149999618530273,22.049999237060547,22.049999237060547,4000,0.0,0.0
2025-07-23 09:55:00+08:00,22.049999237060547,22.049999237060547,22.049999237060547,22.049999237060547,1059,0.0,0.0
2025-07-23 10:00:00+08:00,22.049999237060547,22.049999237060547,22.049999237060547,22.049999237060547,1019,0.0,0.0
2025-07-23 10:05:00+08:00,22.049999237060547,22.049999237060547,22.049999237060547,22.049999237060547,2050,0.0,0.0
2025-07-23 10:10:00+08:00,22.100000381469727,22.100000381469727,22.049999237060547,22.100000381469727,5050,0.0,0.0
2025-07-23 10:15:00+08:00,22.049999237060547,22.049999237060547,22.049999237060547,22.049999237060547,1001,0.0,0.0
2025-07-23 10:20:00+08:00,22.100000381469727,22.100000381469727,22.049999237060547,22.049999237060547,2002,0.0,0.0
2025-07-23 10:25:00+08:00,22.049999237060547,22.049999237060547,22.049999237060547,22.049999237060547,1000,0.0,0.0
2025-07-23 10:30:00+08:00,22.049999237060547,22.049999237060547,22.049999237060547,22.049999237060547,2100,0.0,0.0
2025-07-23 10:35:00+08:00,22.049999237060547,22.049999237060547,22.0,22.0,20000,0.0,0.0
2025-07-23 10:40:00+08:00,21.950000762939453,22.049999237060547,21.950000762939453,21.950000762939453,10001,0.0,0.0
2025-07-23 10:45:00+08:00,21.950000762939453,22.0,21.950000762939453,22.0,3000,0.0,0.0
2025-07-23 10:50:00+08:00,22.049999237060547,22.100000381469727,22.0,22.100000381469727,9000,0.0,0.0
2025-07-23 10:55:00+08:00,22.049999237060547,22.049999237060547,22.049999237060547,22.049999237060547,3000,0.0,0.0
2025-07-23 11:00:00+08:00,22.100000381469727,22.100000381469727,22.0,22.0,4000,0.0,0.0
2025-07-23 11:05:00+08:00,22.049999237060547,22.049999237060547,22.049999237060547,22.049999237060547,2000,0.0,0.0
2025-07-23 11:10:00+08:00,22.100000381469727,22.100000381469727,22.0,22.0,17000,0.0,0.0
2025-07-23 11:15:00+08:00,22.0,22.0,21.950000762939453,21.950000762939453,17348,0.0,0.0
2025-07-23 11:20:00+08:00,22.0,22.049999237060547,21.950000762939453,22.049999237060547,7000,0.0,0.0
2025-07-23 11:25:00+08:00,21.950000762939453,22.049999237060547,21.950000762939453,22.049999237060547,8000,0.0,0.0
2025-07-23 11:30:00+08:00,22.100000381469727,22.149999618530273,22.049999237060547,22.049999237060547,15905,0.0,0.0
2025-07-23 11:35:00+08:00,22.049999237060547,22.049999237060547,22.049999237060547,22.049999237060547,1000,0.0,0.0
2025-07-23 11:40:00+08:00,22.149999618530273,22.149999618530273,22.049999237060547,22.049999237060547,3000,0.0,0.0
2025-07-23 11:45:00+08:00,22.049999237060547,22.049999237060547,22.049999237060547,22.049999237060547,3000,0.0,0.0
2025-07-23 11:50:00+08:00,22.149999618530273,22.149999618530273,22.049999237060547,22.049999237060547,5000,0.0,0.0
2025-07-23 11:55:00+08:00,22.049999237060547,22.049999237060547,22.049999237060547,22.049999237060547,3000,0.0,0.0
2025-07-23 12:00:00+08:00,22.149999618530273,22.149999618530273,22.049999237060547,22.149999618530273,3000,0.0,0.0
2025-07-23 12:05:00+08:00,22.049999237060547,22.049999237060547,22.049999237060547,22.049999237060547,3000,0.0,0.0
2025-07-23 12:10:00+08:00,22.149999618530273,22.149999618530273,22.049999237060547,22.049999237060547,14039,0.0,0.0
2025-07-23 12:15:00+08:00,22.049999237060547,22.100000381469727,22.049999237060547,22.100000381469727,11000,0.0,0.0
2025-07-23 12:20:00+08:00,22.149999618530273,22.200000762939453,22.100000381469727,22.100000381469727,5000,0.0,0.0
2025-07-23 12:25:00+08:00,22.100000381469727,22.149999618530273,22.100000381469727,22.100000381469727,7001,0.0,0.0
2025-07-23 12:30:00+08:00,22.149999618530273,22.200000762939453,22.049999237060547,22.049999237060547,7000,0.0,0.0
2025-07-23 12:35:00+08:00,22.049999237060547,22.049999237060547,22.049999237060547,22.049999237060547,2000,0.0,0.0
2025-07-23 12:40:00+08:00,22.149999618530273,22.149999618530273,22.0,22.0,8150,0.0,0.0
2025-07-23 12:45:00+08:00,22.0,22.100000381469727,22.0,22.100000381469727,6000,0.0,0.0
2025-07-23 12:50:00+08:00,22.049999237060547,22.100000381469727,22.049999237060547,22.100000381469727,3000,0.0,0.0
2025-07-23 12:55:00+08:00,22.100000381469727,22.149999618530273,22.100000381469727,22.149999618530273,20000,0.0,0.0
2025-07-23 13:00:00+08:00,22.100000381469727,22.200000762939453,22.049999237060547,22.200000762939453,12000,0.0,0.0
2025-07-23 13:05:00+08:00,22.100000381469727,22.200000762939453,22.049999237060547,22.149999618530273,6000,0.0,0.0
2025-07-23 13:10:00+08:00,22.100000381469727,22.200000762939453,22.049999237060547,22.049999237060547,10000,0.0,0.0
2025-07-23 13:15:00+08:00,22.049999237060547,22.200000762939453,22.049999237060547,22.200000762939453,2000,0.0,0.0
2025-07-23 13:20:00+08:00,22.200000762939453,22.200000762939453,22.200000762939453,22.200000762939453,10000,0.0,0.0
2025-07-24 09:00:00+08:00,22.200000762939453,22.25,22.200000762939453,22.25,0,0.0,0.0
2025-07-24 09:10:00+08:00,22.200000762939453,22.200000762939453,22.200000762939453,22.200000762939453,1001,0.0,0.0
2025-07-24 09:15:00+08:00,22.149999618530273,22.149999618530273,22.100000381469727,22.100000381469727,2026,0.0,0.0
2025-07-24 09:35:00+08:00,22.100000381469727,22.100000381469727,22.100000381469727,22.100000381469727,1079,0.0,0.0
2025-07-24 09:45:00+08:00,22.049999237060547,22.049999237060547,22.049999237060547,22.049999237060547,5001,0.0,0.0
2025-07-24 09:55:00+08:00,22.100000381469727,22.100000381469727,22.049999237060547,22.049999237060547,8000,0.0,0.0
2025-07-24 10:05:00+08:00,22.100000381469727,22.149999618530273,22.100000381469727,22.100000381469727,5000,0.0,0.0
2025-07-24 10:10:00+08:00,22.149999618530273,22.149999618530273,22.149999618530273,22.149999618530273,3074,0.0,0.0
2025-07-24 10:20:00+08:00,22.200000762939453,22.25,22.200000762939453,22.25,3032,0.0,0.0
2025-07-24 11:05:00+08:00,22.100000381469727,22.149999618530273,22.100000381469727,22.149999618530273,3002,0.0,0.0
2025-07-24 11:20:00+08:00,22.100000381469727,22.149999618530273,22.049999237060547,22.149999618530273,5000,0.0,0.0
2025-07-24 11:25:00+08:00,22.049999237060547,22.149999618530273,22.049999237060547,22.149999618530273,3000,0.0,0.0
2025-07-24 11:30:00+08:00,22.200000762939453,22.200000762939453,22.200000762939453,22.200000762939453,1000,0.0,0.0
2025-07-24 11:35:00+08:00,22.049999237060547,22.049999237060547,22.049999237060547,22.049999237060547,3000,0.0,0.0
2025-07-24 11:40:00+08:00,22.100000381469727,22.100000381469727,22.100000381469727,22.100000381469727,1000,0.0,0.0
2025-07-24 11:45:00+08:00,22.100000381469727,22.100000381469727,22.100000381469727,22.100000381469727,18000,0.0,0.0
2025-07-24 11:50:00+08:00,22.100000381469727,22.100000381469727,22.049999237060547,22.049999237060547,5000,0.0,0.0
2025-07-24 12:00:00+08:00,22.049999237060547,22.149999618530273,22.049999237060547,22.149999618530273,2000,0.0,0.0
2025-07-24 12:05:00+08:00,22.049999237060547,22.049999237060547,22.049999237060547,22.049999237060547,1001,0.0,0.0
2025-07-24 12:15:00+08:00,22.100000381469727,22.100000381469727,22.049999237060547,22.049999237060547,14000,0.0,0.0
2025-07-24 12:20:00+08:00,22.100000381469727,22.100000381469727,22.049999237060547,22.049999237060547,5000,0.0,0.0
2025-07-24 12:25:00+08:00,22.049999237060547,22.049999237060547,22.049999237060547,22.049999237060547,2000,0.0,0.0
2025-07-24 12:30:00+08:00,22.149999618530273,22.149999618530273,22.149999618530273,22.149999618530273,1103,0.0,0.0
2025-07-24 12:35:00+08:00,22.049999237060547,22.049999237060547,22.049999237060547,22.049999237060547,1000,0.0,0.0
2025-07-24 12:40:00+08:00,22.149999618530273,22.149999618530273,22.149999618530273,22.149999618530273,1001,0.0,0.0
2025-07-24 12:50:00+08:00,22.049999237060547,22.049999237060547,22.049999237060547,22.049999237060547,1000,0.0,0.0
2025-07-24 12:55:00+08:00,22.049999237060547,22.049999237060547,22.049999237060547,22.049999237060547,1000,0.0,0.0
2025-07-24 13:05:00+08:00,22.049999237060547,22.049999237060547,22.049999237060547,22.049999237060547,1000,0.0,0.0
2025-07-24 13:10:00+08:00,22.100000381469727,22.149999618530273,22.100000381469727,22.149999618530273,4813,0.0,0.0
2025-07-24 13:20:00+08:00,22.149999618530273,22.149999618530273,22.149999618530273,22.149999618530273,8058,0.0,0.0
2025-07-25 09:00:00+08:00,22.100000381469727,22.149999618530273,22.100000381469727,22.149999618530273,0,0.0,0.0
2025-07-25 09:10:00+08:00,22.149999618530273,22.149999618530273,22.149999618530273,22.149999618530273,1000,0.0,0.0
2025-07-25 09:20:00+08:00,22.149999618530273,22.149999618530273,22.149999618530273,22.149999618530273,1000,0.0,0.0
2025-07-25 09:35:00+08:00,22.100000381469727,22.100000381469727,22.049999237060547,22.100000381469727,47000,0.0,0.0
2025-07-25 09:40:00+08:00,22.149999618530273,22.200000762939453,22.149999618530273,22.200000762939453,10021,0.0,0.0
2025-07-25 09:45:00+08:00,22.25,22.25,22.25,22.25,1000,0.0,0.0
2025-07-25 09:50:00+08:00,22.25,22.25,22.25,22.25,2148,0.0,0.0
2025-07-25 10:10:00+08:00,22.200000762939453,22.200000762939453,22.200000762939453,22.200000762939453,4003,0.0,0.0
2025-07-25 10:20:00+08:00,22.25,22.25,22.25,22.25,1205,0.0,0.0
2025-07-25 10:40:00+08:00,22.149999618530273,22.149999618530273,22.149999618530273,22.149999618530273,2000,0.0,0.0
2025-07-25 10:45:00+08:00,22.100000381469727,22.100000381469727,22.100000381469727,22.100000381469727,1000,0.0,0.0
2025-07-25 10:50:00+08:00,22.200000762939453,22.200000762939453,22.200000762939453,22.200000762939453,1000,0.0,0.0
2025-07-25 11:00:00+08:00,22.200000762939453,22.200000762939453,22.200000762939453,22.200000762939453,2000,0.0,0.0
2025-07-25 11:10:00+08:00,22.100000381469727,22.100000381469727,22.100000381469727,22.100000381469727,1000,0.0,0.0
2025-07-25 11:20:00+08:00,22.200000762939453,22.200000762939453,22.200000762939453,22.200000762939453,1000,0.0,0.0
2025-07-25 11:50:00+08:00,22.100000381469727,22.100000381469727,22.100000381469727,22.100000381469727,2200,0.0,0.0
2025-07-25 11:55:00+08:00,22.100000381469727,22.100000381469727,22.049999237060547,22.049999237060547,5000,0.0,0.0
2025-07-25 12:05:00+08:00,22.049999237060547,22.049999237060547,22.049999237060547,22.049999237060547,1000,0.0,0.0
2025-07-25 12:10:00+08:00,22.149999618530273,22.149999618530273,22.149999618530273,22.149999618530273,1000,0.0,0.0
2025-07-25 12:15:00+08:00,22.049999237060547,22.049999237060547,22.049999237060547,22.049999237060547,1000,0.0,0.0
2025-07-25 12:20:00+08:00,22.049999237060547,22.149999618530273,22.049999237060547,22.049999237060547,3056,0.0,0.0
2025-07-25 12:25:00+08:00,22.049999237060547,22.049999237060547,22.049999237060547,22.049999237060547,1000,0.0,0.0
2025-07-25 12:30:00+08:00,22.049999237060547,22.100000381469727,22.049999237060547,22.100000381469727,2000,0.0,0.0
2025-07-25 12:40:00+08:00,22.100000381469727,22.149999618530273,22.049999237060547,22.049999237060547,4000,0.0,0.0
2025-07-25 12:50:00+08:00,22.100000381469727,22.100000381469727,22.049999237060547,22.049999237060547,2000,0.0,0.0
2025-07-25 12:55:00+08:00,22.100000381469727,22.100000381469727,22.100000381469727,22.100000381469727,1000,0.0,0.0
2025-07-25 13:00:00+08:00,22.100000381469727,22.149999618530273,22.100000381469727,22.149999618530273,2000,0.0,0.0
2025-07-25 13:05:00+08:00,22.100000381469727,22.100000381469727,22.100000381469727,22.100000381469727,1000,0.0,0.0
2025-07-25 13:10:00+08:00,22.049999237060547,22.049999237060547,22.049999237060547,22.049999237060547,2000,0.0,0.0
2025-07-25 13:20:00+08:00,22.100000381469727,22.100000381469727,22.100000381469727,22.100000381469727,1000,0.0,0.0
2025-07-28 09:00:00+08:00,22.100000381469727,22.200000762939453,22.100000381469727,22.200000762939453,0,0.0,0.0
2025-07-28 09:10:00+08:00,22.049999237060547,22.049999237060547,22.0,22.0,6000,0.0,0.0
2025-07-28 09:20:00+08:00,22.0,22.0,21.950000762939453,22.0,18000,0.0,0.0
2025-07-28 09:25:00+08:00,22.0,22.0,22.0,22.0,4019,0.0,0.0
2025-07-28 09:30:00+08:00,22.049999237060547,22.149999618530273,22.049999237060547,22.149999618530273,3000,0.0,0.0
2025-07-28 09:35:00+08:00,22.149999618530273,22.149999618530273,22.149999618530273,22.149999618530273,2000,0.0,0.0
2025-07-28 09:40:00+08:00,22.200000762939453,22.200000762939453,22.200000762939453,22.200000762939453,1018,0.0,0.0
2025-07-28 09:50:00+08:00,22.200000762939453,22.200000762939453,22.200000762939453,22.200000762939453,1000,0.0,0.0
2025-07-28 10:10:00+08:00,22.100000381469727,22.100000381469727,22.100000381469727,22.100000381469727,1000,0.0,0.0
2025-07-28 10:20:00+08:00,22.049999237060547,22.049999237060547,22.049999237060547,22.049999237060547,3533,0.0,0.0
2025-07-28 10:45:00+08:00,22.0,22.0,22.0,22.0,2000,0.0,0.0
2025-07-28 10:50:00+08:00,22.100000381469727,22.100000381469727,22.100000381469727,22.100000381469727,1000,0.0,0.0
2025-07-28 11:00:00+08:00,22.049999237060547,22.049999237060547,22.049999237060547,22.049999237060547,17000,0.0,0.0
2025-07-28 11:05:00+08:00,22.049999237060547,22.049999237060547,22.0,22.0,3000,0.0,0.0
2025-07-28 11:10:00+08:00,22.100000381469727,22.100000381469727,22.100000381469727,22.100000381469727,4000,0.0,0.0
2025-07-28 11:15:00+08:00,22.100000381469727,22.100000381469727,22.049999237060547,22.049999237060547,9000,0.0,0.0
2025-07-28 11:20:00+08:00,22.149999618530273,22.200000762939453,22.149999618530273,22.200000762939453,5001,0.0,0.0
2025-07-28 11:35:00+08:00,22.049999237060547,22.100000381469727,22.049999237060547,22.100000381469727,2001,0.0,0.0
2025-07-28 11:40:00+08:00,22.200000762939453,22.200000762939453,22.200000762939453,22.200000762939453,1001,0.0,0.0
2025-07-28 11:45:00+08:00,22.100000381469727,22.100000381469727,22.049999237060547,22.049999237060547,2000,0.0,0.0
2025-07-28 11:50:00+08:00,22.100000381469727,22.100000381469727,22.100000381469727,22.100000381469727,2031,0.0,0.0
2025-07-28 12:00:00+08:00,22.200000762939453,22.200000762939453,22.049999237060547,22.100000381469727,3000,0.0,0.0
2025-07-28 12:05:00+08:00,22.100000381469727,22.100000381469727,22.100000381469727,22.100000381469727,1000,0.0,0.0
2025-07-28 12:10:00+08:00,22.049999237060547,22.100000381469727,22.049999237060547,22.100000381469727,11000,0.0,0.0
2025-07-28 12:20:00+08:00,22.049999237060547,22.200000762939453,22.049999237060547,22.049999237060547,5000,0.0,0.0
2025-07-28 12:30:00+08:00,22.149999618530273,22.149999618530273,22.149999618530273,22.149999618530273,2000,0.0,0.0
2025-07-28 12:35:00+08:00,22.049999237060547,22.049999237060547,22.049999237060547,22.049999237060547,5000,0.0,0.0
2025-07-28 12:40:00+08:00,22.149999618530273,22.149999618530273,22.149999618530273,22.149999618530273,2000,0.0,0.0
2025-07-28 12:45:00+08:00,22.049999237060547,22.049999237060547,22.049999237060547,22.049999237060547,1000,0.0,0.0
2025-07-28 12:50:00+08:00,22.049999237060547,22.049999237060547,22.049999237060547,22.049999237060547,1000,0.0,0.0
2025-07-28 12:55:00+08:00,22.049999237060547,22.049999237060547,22.049999237060547,22.049999237060547,1000,0.0,0.0
2025-07-28 13:05:00+08:00,22.049999237060547,22.049999237060547,22.049999237060547,22.049999237060547,1000,0.0,0.0
2025-07-28 13:10:00+08:00,22.049999237060547,22.149999618530273,22.049999237060547,22.149999618530273,3253,0.0,0.0
2025-07-28 13:20:00+08:00,22.100000381469727,22.149999618530273,22.100000381469727,22.149999618530273,2045,0.0,0.0
2025-07-29 09:00:00+08:00,22.100000381469727,22.100000381469727,22.100000381469727,22.100000381469727,0,0.0,0.0
2025-07-29 09:05:00+08:00,22.049999237060547,22.049999237060547,22.049999237060547,22.049999237060547,5005,0.0,0.0
2025-07-29 09:10:00+08:00,22.049999237060547,22.100000381469727,22.049999237060547,22.100000381469727,7000,0.0,0.0
2025-07-29 09:15:00+08:00,22.100000381469727,22.100000381469727,22.100000381469727,22.100000381469727,1000,0.0,0.0
2025-07-29 09:20:00+08:00,22.100000381469727,22.100000381469727,22.100000381469727,22.100000381469727,1000,0.0,0.0
2025-07-29 09:35:00+08:00,22.100000381469727,22.149999618530273,22.100000381469727,22.149999618530273,8000,0.0,0.0
2025-07-29 09:40:00+08:00,22.200000762939453,22.200000762939453,22.200000762939453,22.200000762939453,1050,0.0,0.0
2025-07-29 09:55:00+08:00,22.100000381469727,22.100000381469727,22.049999237060547,22.049999237060547,14000,0.0,0.0
2025-07-29 10:00:00+08:00,22.100000381469727,22.149999618530273,21.899999618530273,21.950000762939453,64871,0.0,0.0
2025-07-29 10:05:00+08:00,21.950000762939453,21.950000762939453,21.950000762939453,21.950000762939453,5000,0.0,0.0
2025-07-29 10:10:00+08:00,22.049999237060547,22.100000381469727,22.0,22.0,6500,0.0,0.0
2025-07-29 10:15:00+08:00,22.0,22.0,21.950000762939453,21.950000762939453,10000,0.0,0.0
2025-07-29 10:20:00+08:00,22.100000381469727,22.100000381469727,22.0,22.049999237060547,9000,0.0,0.0
2025-07-29 10:30:00+08:00,22.100000381469727,22.149999618530273,22.100000381469727,22.149999618530273,5083,0.0,0.0
2025-07-29 10:40:00+08:00,22.049999237060547,22.049999237060547,22.049999237060547,22.049999237060547,1000,0.0,0.0
2025-07-29 10:45:00+08:00,22.100000381469727,22.100000381469727,22.100000381469727,22.100000381469727,1000,0.0,0.0
2025-07-29 10:50:00+08:00,22.149999618530273,22.149999618530273,22.149999618530273,22.149999618530273,1000,0.0,0.0
2025-07-29 11:00:00+08:00,22.100000381469727,22.100000381469727,22.100000381469727,22.100000381469727,1000,0.0,0.0
2025-07-29 11:10:00+08:00,22.049999237060547,22.049999237060547,22.049999237060547,22.049999237060547,1002,0.0,0.0
2025-07-29 12:00:00+08:00,22.049999237060547,22.049999237060547,22.049999237060547,22.049999237060547,3001,0.0,0.0
2025-07-29 12:30:00+08:00,22.100000381469727,22.100000381469727,22.100000381469727,22.100000381469727,4020,0.0,0.0
2025-07-29 12:35:00+08:00,22.149999618530273,22.149999618530273,22.149999618530273,22.149999618530273,1003,0.0,0.0
2025-07-29 12:40:00+08:00,22.149999618530273,22.149999618530273,22.149999618530273,22.149999618530273,1000,0.0,0.0
2025-07-29 13:00:00+08:00,22.049999237060547,22.049999237060547,22.0,22.0,12000,0.0,0.0
2025-07-29 13:10:00+08:00,22.100000381469727,22.149999618530273,22.100000381469727,22.149999618530273,3000,0.0,0.0
2025-07-29 13:20:00+08:00,22.0,22.0,22.0,22.0,2000,0.0,0.0
2025-07-30 09:00:00+08:00,22.149999618530273,22.149999618530273,22.149999618530273,22.149999618530273,0,0.0,0.0
2025-07-30 09:40:00+08:00,22.100000381469727,22.100000381469727,22.100000381469727,22.100000381469727,2001,0.0,0.0
2025-07-30 09:45:00+08:00,22.049999237060547,22.049999237060547,22.049999237060547,22.049999237060547,1000,0.0,0.0
2025-07-30 09:50:00+08:00,22.100000381469727,22.149999618530273,22.100000381469727,22.149999618530273,3000,0.0,0.0
2025-07-30 10:10:00+08:00,22.100000381469727,22.100000381469727,22.100000381469727,22.100000381469727,7000,0.0,0.0
2025-07-30 10:15:00+08:00,22.049999237060547,22.049999237060547,22.049999237060547,22.049999237060547,5000,0.0,0.0
2025-07-30 10:20:00+08:00,22.049999237060547,22.100000381469727,22.049999237060547,22.100000381469727,3005,0.0,0.0
2025-07-30 10:40:00+08:00,22.049999237060547,22.049999237060547,22.049999237060547,22.049999237060547,2000,0.0,0.0
2025-07-30 10:50:00+08:00,22.049999237060547,22.100000381469727,22.049999237060547,22.100000381469727,15000,0.0,0.0
2025-07-30 11:05:00+08:00,22.149999618530273,22.149999618530273,22.149999618530273,22.149999618530273,5000,0.0,0.0
2025-07-30 11:15:00+08:00,22.149999618530273,22.149999618530273,22.149999618530273,22.149999618530273,1000,0.0,0.0
2025-07-30 11:20:00+08:00,22.149999618530273,22.149999618530273,22.100000381469727,22.149999618530273,16000,0.0,0.0
2025-07-30 11:30:00+08:00,22.200000762939453,22.200000762939453,22.200000762939453,22.200000762939453,3000,0.0,0.0
2025-07-30 11:45:00+08:00,22.149999618530273,22.149999618530273,22.149999618530273,22.149999618530273,1000,0.0,0.0
2025-07-30 11:50:00+08:00,22.149999618530273,22.149999618530273,22.149999618530273,22.149999618530273,1000,0.0,0.0
2025-07-30 11:55:00+08:00,22.149999618530273,22.149999618530273,22.149999618530273,22.149999618530273,5000,0.0,0.0
2025-07-30 12:00:00+08:00,22.149999618530273,22.149999618530273,22.149999618530273,22.149999618530273,5000,0.0,0.0
2025-07-30 12:05:00+08:00,22.149999618530273,22.149999618530273,22.149999618530273,22.149999618530273,1002,0.0,0.0
2025-07-30 12:10:00+08:00,22.200000762939453,22.200000762939453,22.200000762939453,22.200000762939453,1002,0.0,0.0
2025-07-30 12:15:00+08:00,22.149999618530273,22.149999618530273,22.100000381469727,22.100000381469727,2000,0.0,0.0
2025-07-30 12:20:00+08:00,22.149999618530273,22.200000762939453,22.100000381469727,22.200000762939453,8000,0.0,0.0
2025-07-30 12:30:00+08:00,22.200000762939453,22.200000762939453,22.149999618530273,22.149999618530273,2000,0.0,0.0
2025-07-30 12:35:00+08:00,22.149999618530273,22.149999618530273,22.149999618530273,22.149999618530273,7666,0.0,0.0
2025-07-30 12:40:00+08:00,22.149999618530273,22.149999618530273,22.149999618530273,22.149999618530273,1000,0.0,0.0
2025-07-30 12:50:00+08:00,22.149999618530273,22.149999618530273,22.100000381469727,22.100000381469727,7000,0.0,0.0
2025-07-30 12:55:00+08:00,22.100000381469727,22.100000381469727,22.100000381469727,22.100000381469727,1000,0.0,0.0
2025-07-30 13:00:00+08:00,22.149999618530273,22.200000762939453,22.149999618530273,22.200000762939453,18000,0.0,0.0
2025-07-30 13:05:00+08:00,22.25,22.25,22.25,22.25,9000,0.0,0.0
2025-07-30 13:10:00+08:00,22.299999237060547,22.299999237060547,22.200000762939453,22.200000762939453,7000,0.0,0.0
2025-07-30 13:15:00+08:00,22.299999237060547,22.299999237060547,22.299999237060547,22.299999237060547,1000,0.0,0.0
2025-07-31 09:00:00+08:00,22.25,22.299999237060547,22.25,22.299999237060547,0,0.0,0.0
2025-07-31 09:10:00+08:00,22.25,22.25,22.25,22.25,1000,0.0,0.0
2025-07-31 09:20:00+08:00,22.25,22.25,22.200000762939453,22.200000762939453,2000,0.0,0.0
2025-07-31 09:25:00+08:00,22.200000762939453,22.200000762939453,22.200000762939453,22.200000762939453,3000,0.0,0.0
2025-07-31 09:30:00+08:00,22.200000762939453,22.25,22.200000762939453,22.25,3000,0.0,0.0
2025-07-31 09:35:00+08:00,22.25,22.25,22.25,22.25,2001,0.0,0.0
2025-07-31 09:40:00+08:00,22.299999237060547,22.299999237060547,22.299999237060547,22.299999237060547,1245,0.0,0.0
2025-07-31 09:45:00+08:00,22.25,22.25,22.25,22.25,1003,0.0,0.0
2025-07-31 10:00:00+08:00,22.25,22.25,22.25,22.25,9001,0.0,0.0
2025-07-31 10:10:00+08:00,22.25,22.25,22.200000762939453,22.200000762939453,4001,0.0,0.0
2025-07-31 10:15:00+08:00,22.200000762939453,22.200000762939453,22.200000762939453,22.200000762939453,2000,0.0,0.0
2025-07-31 10:20:00+08:00,22.25,22.25,22.25,22.25,2000,0.0,0.0
2025-07-31 10:30:00+08:00,22.25,22.25,22.25,22.25,1000,0.0,0.0
2025-07-31 10:35:00+08:00,22.200000762939453,22.200000762939453,22.200000762939453,22.200000762939453,1000,0.0,0.0
2025-07-31 10:40:00+08:00,22.200000762939453,22.200000762939453,22.200000762939453,22.200000762939453,1001,0.0,0.0
2025-07-31 10:50:00+08:00,22.200000762939453,22.25,22.200000762939453,22.25,4000,0.0,0.0
2025-07-31 11:00:00+08:00,22.25,22.25,22.149999618530273,22.149999618530273,9000,0.0,0.0
2025-07-31 11:05:00+08:00,22.149999618530273,22.200000762939453,22.149999618530273,22.200000762939453,2000,0.0,0.0
2025-07-31 11:10:00+08:00,22.25,22.25,22.25,22.25,3000,0.0,0.0
2025-07-31 11:15:00+08:00,22.25,22.25,22.200000762939453,22.200000762939453,16000,0.0,0.0
2025-07-31 11:20:00+08:00,22.200000762939453,22.200000762939453,22.149999618530273,22.149999618530273,3000,0.0,0.0
2025-07-31 11:25:00+08:00,22.200000762939453,22.200000762939453,22.200000762939453,22.200000762939453,1000,0.0,0.0
2025-07-31 11:30:00+08:00,22.200000762939453,22.200000762939453,22.149999618530273,22.200000762939453,5000,0.0,0.0
2025-07-31 11:35:00+08:00,22.149999618530273,22.149999618530273,22.149999618530273,22.149999618530273,3000,0.0,0.0
2025-07-31 11:40:00+08:00,22.200000762939453,22.25,22.200000762939453,22.200000762939453,8000,0.0,0.0
2025-07-31 11:50:00+08:00,22.200000762939453,22.25,22.200000762939453,22.25,2000,0.0,0.0
2025-07-31 11:55:00+08:00,22.200000762939453,22.200000762939453,22.149999618530273,22.149999618530273,4000,0.0,0.0
2025-07-31 12:00:00+08:00,22.100000381469727,22.100000381469727,22.100000381469727,22.100000381469727,9000,0.0,0.0
2025-07-31 12:10:00+08:00,22.200000762939453,22.25,22.200000762939453,22.25,2000,0.0,0.0
2025-07-31 12:15:00+08:00,22.200000762939453,22.200000762939453,22.200000762939453,22.200000762939453,2000,0.0,0.0
2025-07-31 12:20:00+08:00,22.25,22.25,22.200000762939453,22.200000762939453,2000,0.0,0.0
2025-07-31 12:30:00+08:00,22.200000762939453,22.200000762939453,22.200000762939453,22.200000762939453,1000,0.0,0.0
2025-07-31 12:35:00+08:00,22.200000762939453,22.200000762939453,22.200000762939453,22.200000762939453,5000,0.0,0.0
2025-07-31 12:50:00+08:00,22.200000762939453,22.200000762939453,22.200000762939453,22.200000762939453,1000,0.0,0.0
2025-07-31 12:55:00+08:00,22.25,22.25,22.25,22.25,2000,0.0,0.0
2025-07-31 13:00:00+08:00,22.25,22.25,22.25,22.25,2000,0.0,0.0
2025-07-31 13:05:00+08:00,22.25,22.25,22.25,22.25,1000,0.0,0.0
2025-07-31 13:15:00+08:00,22.25,22.25,22.25,22.25,3004,0.0,0.0
2025-07-31 13:20:00+08:00,22.25,22.25,22.25,22.25,3131,0.0,0.0
2025-08-01 09:00:00+08:00,22.049999237060547,22.200000762939453,22.049999237060547,22.200000762939453,0,0.0,0.0
2025-08-01 09:05:00+08:00,22.149999618530273,22.149999618530273,22.149999618530273,22.149999618530273,9003,0.0,0.0
2025-08-01 09:15:00+08:00,22.149999618530273,22.149999618530273,22.149999618530273,22.149999618530273,3050,0.0,0.0
2025-08-01 09:20:00+08:00,22.149999618530273,22.25,22.100000381469727,22.149999618530273,5000,0.0,0.0
2025-08-01 09:30:00+08:00,22.200000762939453,22.25,22.200000762939453,22.25,4000,0.0,0.0
2025-08-01 09:35:00+08:00,22.25,22.299999237060547,22.149999618530273,22.149999618530273,5000,0.0,0.0
2025-08-01 09:40:00+08:00,22.299999237060547,22.299999237060547,22.25,22.299999237060547,15500,0.0,0.0
2025-08-01 09:50:00+08:00,22.299999237060547,22.399999618530273,22.299999237060547,22.399999618530273,4000,0.0,0.0
2025-08-01 10:00:00+08:00,22.399999618530273,22.399999618530273,22.399999618530273,22.399999618530273,1000,0.0,0.0
2025-08-01 10:05:00+08:00,22.299999237060547,22.350000381469727,22.299999237060547,22.350000381469727,2000,0.0,0.0
2025-08-01 10:10:00+08:00,22.350000381469727,22.350000381469727,22.350000381469727,22.350000381469727,2000,0.0,0.0
2025-08-01 10:15:00+08:00,22.350000381469727,22.399999618530273,22.350000381469727,22.399999618530273,4000,0.0,0.0
2025-08-01 10:20:00+08:00,22.450000762939453,22.450000762939453,22.450000762939453,22.450000762939453,1000,0.0,0.0
2025-08-01 10:25:00+08:00,22.350000381469727,22.350000381469727,22.350000381469727,22.350000381469727,0,0.0,0.0
2025-08-01 10:30:00+08:00,22.350000381469727,22.350000381469727,22.299999237060547,22.299999237060547,66553,0.0,0.0
2025-08-01 10:35:00+08:00,22.299999237060547,22.350000381469727,22.299999237060547,22.350000381469727,4000,0.0,0.0
2025-08-01 10:45:00+08:00,22.399999618530273,22.399999618530273,22.399999618530273,22.399999618530273,2000,0.0,0.0
2025-08-01 11:00:00+08:00,22.450000762939453,22.450000762939453,22.450000762939453,22.450000762939453,4002,0.0,0.0
2025-08-01 11:35:00+08:00,22.350000381469727,22.350000381469727,22.350000381469727,22.350000381469727,2089,0.0,0.0
2025-08-01 11:40:00+08:00,22.399999618530273,22.399999618530273,22.399999618530273,22.399999618530273,1113,0.0,0.0
2025-08-01 12:00:00+08:00,22.399999618530273,22.399999618530273,22.399999618530273,22.399999618530273,4000,0.0,0.0
2025-08-01 12:05:00+08:00,22.399999618530273,22.399999618530273,22.399999618530273,22.399999618530273,2000,0.0,0.0
2025-08-01 12:10:00+08:00,22.450000762939453,22.450000762939453,22.399999618530273,22.399999618530273,3000,0.0,0.0
2025-08-01 12:20:00+08:00,22.450000762939453,22.450000762939453,22.399999618530273,22.399999618530273,3000,0.0,0.0
2025-08-01 12:25:00+08:00,22.399999618530273,22.399999618530273,22.399999618530273,22.399999618530273,1004,0.0,0.0
2025-08-01 12:40:00+08:00,22.399999618530273,22.399999618530273,22.350000381469727,22.350000381469727,4001,0.0,0.0
2025-08-01 12:50:00+08:00,22.399999618530273,22.399999618530273,22.399999618530273,22.399999618530273,5000,0.0,0.0
2025-08-01 12:55:00+08:00,22.350000381469727,22.350000381469727,22.350000381469727,22.350000381469727,3000,0.0,0.0
2025-08-01 13:00:00+08:00,22.450000762939453,22.450000762939453,22.450000762939453,22.450000762939453,1049,0.0,0.0
2025-08-01 13:15:00+08:00,22.399999618530273,22.399999618530273,22.399999618530273,22.399999618530273,1115,0.0,0.0
2025-08-01 13:20:00+08:00,22.399999618530273,22.399999618530273,22.399999618530273,22.399999618530273,1070,0.0,0.0
2025-08-04 09:00:00+08:00,22.350000381469727,22.350000381469727,22.25,22.25,0,0.0,0.0
2025-08-04 09:05:00+08:00,22.399999618530273,22.399999618530273,22.299999237060547,22.299999237060547,3014,0.0,0.0
2025-08-04 09:10:00+08:00,22.399999618530273,22.399999618530273,22.399999618530273,22.399999618530273,1000,0.0,0.0
2025-08-04 09:25:00+08:00,22.399999618530273,22.399999618530273,22.299999237060547,22.299999237060547,12000,0.0,0.0
2025-08-04 09:30:00+08:00,22.399999618530273,22.399999618530273,22.399999618530273,22.399999618530273,2000,0.0,0.0
2025-08-04 09:40:00+08:00,22.399999618530273,22.399999618530273,22.399999618530273,22.399999618530273,1019,0.0,0.0
2025-08-04 09:45:00+08:00,22.399999618530273,22.5,22.399999618530273,22.5,24000,0.0,0.0
2025-08-04 09:50:00+08:00,22.549999237060547,22.649999618530273,22.5,22.600000381469727,16000,0.0,0.0
2025-08-04 10:00:00+08:00,22.600000381469727,22.649999618530273,22.600000381469727,22.649999618530273,5009,0.0,0.0
2025-08-04 10:05:00+08:00,22.649999618530273,22.649999618530273,22.649999618530273,22.649999618530273,2000,0.0,0.0
2025-08-04 10:10:00+08:00,22.700000762939453,22.700000762939453,22.700000762939453,22.700000762939453,7000,0.0,0.0
2025-08-04 10:15:00+08:00,22.75,22.75,22.75,22.75,4000,0.0,0.0
2025-08-04 10:20:00+08:00,22.75,22.799999237060547,22.75,22.799999237060547,6000,0.0,0.0
2025-08-04 10:25:00+08:00,22.649999618530273,22.649999618530273,22.649999618530273,22.649999618530273,3009,0.0,0.0
2025-08-04 10:30:00+08:00,22.799999237060547,22.799999237060547,22.799999237060547,22.799999237060547,1001,0.0,0.0
2025-08-04 10:40:00+08:00,22.75,22.75,22.75,22.75,1000,0.0,0.0
2025-08-04 10:45:00+08:00,22.75,22.75,22.75,22.75,2000,0.0,0.0
2025-08-04 10:50:00+08:00,22.799999237060547,22.799999237060547,22.799999237060547,22.799999237060547,1000,0.0,0.0
2025-08-04 10:55:00+08:00,22.799999237060547,22.799999237060547,22.799999237060547,22.799999237060547,1000,0.0,0.0
2025-08-04 11:00:00+08:00,22.799999237060547,22.850000381469727,22.799999237060547,22.850000381469727,20000,0.0,0.0
2025-08-04 11:05:00+08:00,22.899999618530273,22.950000762939453,22.850000381469727,22.950000762939453,18000,0.0,0.0
2025-08-04 11:20:00+08:00,22.950000762939453,22.950000762939453,22.950000762939453,22.950000762939453,9126,0.0,0.0
2025-08-04 11:25:00+08:00,22.950000762939453,22.950000762939453,22.950000762939453,22.950000762939453,1004,0.0,0.0
2025-08-04 11:30:00+08:00,22.950000762939453,22.950000762939453,22.899999618530273,22.950000762939453,4000,0.0,0.0
2025-08-04 11:40:00+08:00,22.950000762939453,22.950000762939453,22.950000762939453,22.950000762939453,1002,0.0,0.0
2025-08-04 11:45:00+08:00,22.950000762939453,22.950000762939453,22.950000762939453,22.950000762939453,1000,0.0,0.0
2025-08-04 11:50:00+08:00,22.950000762939453,22.950000762939453,22.799999237060547,22.799999237060547,24004,0.0,0.0
2025-08-04 11:55:00+08:00,22.799999237060547,22.799999237060547,22.799999237060547,22.799999237060547,1100,0.0,0.0
2025-08-04 12:00:00+08:00,22.950000762939453,23.0,22.950000762939453,23.0,4015,0.0,0.0
2025-08-04 12:05:00+08:00,22.950000762939453,22.950000762939453,22.950000762939453,22.950000762939453,1000,0.0,0.0
2025-08-04 12:10:00+08:00,22.950000762939453,22.950000762939453,22.950000762939453,22.950000762939453,1150,0.0,0.0
2025-08-04 12:15:00+08:00,22.950000762939453,22.950000762939453,22.950000762939453,22.950000762939453,1000,0.0,0.0
2025-08-04 12:20:00+08:00,22.950000762939453,22.950000762939453,22.950000762939453,22.950000762939453,1088,0.0,0.0
2025-08-04 12:30:00+08:00,22.899999618530273,22.899999618530273,22.899999618530273,22.899999618530273,1000,0.0,0.0
2025-08-04 12:35:00+08:00,22.899999618530273,22.899999618530273,22.899999618530273,22.899999618530273,1070,0.0,0.0
2025-08-04 12:45:00+08:00,22.899999618530273,22.899999618530273,22.850000381469727,22.850000381469727,3012,0.0,0.0
2025-08-04 12:50:00+08:00,22.899999618530273,22.899999618530273,22.899999618530273,22.899999618530273,1500,0.0,0.0
2025-08-04 12:55:00+08:00,22.850000381469727,22.899999618530273,22.850000381469727,22.850000381469727,3056,0.0,0.0
2025-08-04 13:05:00+08:00,22.850000381469727,22.850000381469727,22.850000381469727,22.850000381469727,1000,0.0,0.0
2025-08-04 13:10:00+08:00,22.899999618530273,22.899999618530273,22.899999618530273,22.899999618530273,1111,0.0,0.0
2025-08-04 13:20:00+08:00,22.899999618530273,22.899999618530273,22.850000381469727,22.850000381469727,3721,0.0,0.0
2025-08-05 09:00:00+08:00,22.850000381469727,22.950000762939453,22.850000381469727,22.950000762939453,0,0.0,0.0
2025-08-05 09:05:00+08:00,22.950000762939453,22.950000762939453,22.950000762939453,22.950000762939453,3016,0.0,0.0
2025-08-05 09:10:00+08:00,22.950000762939453,23.0,22.950000762939453,23.0,5000,0.0,0.0
2025-08-05 09:15:00+08:00,22.899999618530273,22.950000762939453,22.899999618530273,22.950000762939453,21008,0.0,0.0
2025-08-05 09:20:00+08:00,23.049999237060547,23.100000381469727,23.0,23.0,7001,0.0,0.0
2025-08-05 09:25:00+08:00,23.0,23.0,23.0,23.0,6000,0.0,0.0
2025-08-05 09:30:00+08:00,23.0,23.0,23.0,23.0,6000,0.0,0.0
2025-08-05 09:35:00+08:00,23.0,23.0,23.0,23.0,4013,0.0,0.0
2025-08-05 09:40:00+08:00,23.100000381469727,23.100000381469727,23.100000381469727,23.100000381469727,2013,0.0,0.0
2025-08-05 09:45:00+08:00,23.049999237060547,23.049999237060547,23.049999237060547,23.049999237060547,1004,0.0,0.0
2025-08-05 09:50:00+08:00,23.0,23.0,23.0,23.0,3083,0.0,0.0
2025-08-05 10:00:00+08:00,23.049999237060547,23.049999237060547,23.049999237060547,23.049999237060547,1000,0.0,0.0
2025-08-05 10:05:00+08:00,23.100000381469727,23.100000381469727,23.100000381469727,23.100000381469727,1000,0.0,0.0
2025-08-05 10:10:00+08:00,23.049999237060547,23.049999237060547,23.0,23.049999237060547,14052,0.0,0.0
2025-08-05 10:15:00+08:00,23.049999237060547,23.049999237060547,23.049999237060547,23.049999237060547,1048,0.0,0.0
2025-08-05 10:40:00+08:00,22.950000762939453,23.0,22.950000762939453,23.0,2300,0.0,0.0
2025-08-05 10:50:00+08:00,22.950000762939453,23.0,22.950000762939453,23.0,4000,0.0,0.0
2025-08-05 10:55:00+08:00,22.950000762939453,22.950000762939453,22.950000762939453,22.950000762939453,12000,0.0,0.0
2025-08-05 11:00:00+08:00,22.899999618530273,23.049999237060547,22.899999618530273,23.049999237060547,14000,0.0,0.0
2025-08-05 11:10:00+08:00,22.899999618530273,22.899999618530273,22.899999618530273,22.899999618530273,1000,0.0,0.0
2025-08-05 11:15:00+08:00,22.899999618530273,22.899999618530273,22.899999618530273,22.899999618530273,5100,0.0,0.0
2025-08-05 11:20:00+08:00,23.0,23.0,23.0,23.0,1050,0.0,0.0
2025-08-05 11:25:00+08:00,22.950000762939453,22.950000762939453,22.950000762939453,22.950000762939453,1050,0.0,0.0
2025-08-05 11:30:00+08:00,22.899999618530273,22.950000762939453,22.899999618530273,22.950000762939453,11000,0.0,0.0
2025-08-05 11:40:00+08:00,22.899999618530273,22.950000762939453,22.850000381469727,22.950000762939453,6000,0.0,0.0
2025-08-05 11:50:00+08:00,22.950000762939453,22.950000762939453,22.950000762939453,22.950000762939453,1100,0.0,0.0
2025-08-05 12:15:00+08:00,22.950000762939453,22.950000762939453,22.950000762939453,22.950000762939453,2000,0.0,0.0
2025-08-05 12:20:00+08:00,23.0,23.0,23.0,23.0,1000,0.0,0.0
2025-08-05 12:30:00+08:00,23.0,23.0,23.0,23.0,2093,0.0,0.0
2025-08-05 12:40:00+08:00,23.0,23.0,22.950000762939453,22.950000762939453,7100,0.0,0.0
2025-08-05 12:45:00+08:00,22.950000762939453,22.950000762939453,22.950000762939453,22.950000762939453,1100,0.0,0.0
2025-08-05 12:50:00+08:00,22.950000762939453,22.950000762939453,22.950000762939453,22.950000762939453,1000,0.0,0.0
2025-08-05 13:20:00+08:00,22.950000762939453,22.950000762939453,22.899999618530273,22.950000762939453,5581,0.0,0.0
2025-08-06 09:00:00+08:00,23.0,23.0,23.0,23.0,0,0.0,0.0
2025-08-06 09:05:00+08:00,23.0,23.0,23.0,23.0,1017,0.0,0.0
2025-08-06 09:10:00+08:00,23.0,23.149999618530273,23.0,23.0,20000,0.0,0.0
2025-08-06 09:15:00+08:00,22.950000762939453,22.950000762939453,22.950000762939453,22.950000762939453,2000,0.0,0.0
2025-08-06 09:20:00+08:00,23.0,23.0,23.0,23.0,4000,0.0,0.0
2025-08-06 09:25:00+08:00,23.0,23.0,23.0,23.0,1000,0.0,0.0
2025-08-06 09:30:00+08:00,23.0,23.0,22.850000381469727,22.950000762939453,9066,0.0,0.0
2025-08-06 09:40:00+08:00,22.950000762939453,23.0,22.950000762939453,23.0,2050,0.0,0.0
2025-08-06 09:45:00+08:00,22.899999618530273,22.899999618530273,22.850000381469727,22.850000381469727,5000,0.0,0.0
2025-08-06 09:50:00+08:00,22.899999618530273,22.899999618530273,22.899999618530273,22.899999618530273,1000,0.0,0.0
2025-08-06 09:55:00+08:00,22.899999618530273,22.899999618530273,22.899999618530273,22.899999618530273,1000,0.0,0.0
2025-08-06 10:00:00+08:00,23.0,23.149999618530273,23.0,23.149999618530273,16000,0.0,0.0
2025-08-06 10:10:00+08:00,23.100000381469727,23.149999618530273,23.100000381469727,23.149999618530273,2000,0.0,0.0
2025-08-06 10:20:00+08:00,23.149999618530273,23.149999618530273,23.149999618530273,23.149999618530273,1000,0.0,0.0
2025-08-06 10:30:00+08:00,23.100000381469727,23.100000381469727,23.0,23.0,4000,0.0,0.0
2025-08-06 10:40:00+08:00,23.0,23.0,23.0,23.0,3000,0.0,0.0
2025-08-06 10:50:00+08:00,23.049999237060547,23.049999237060547,23.0,23.0,2000,0.0,0.0
2025-08-06 11:00:00+08:00,23.0,23.149999618530273,23.0,23.149999618530273,19000,0.0,0.0
2025-08-06 11:10:00+08:00,23.049999237060547,23.049999237060547,23.049999237060547,23.049999237060547,5000,0.0,0.0
2025-08-06 11:20:00+08:00,23.149999618530273,23.149999618530273,23.149999618530273,23.149999618530273,1000,0.0,0.0
2025-08-06 11:35:00+08:00,23.100000381469727,23.100000381469727,23.100000381469727,23.100000381469727,2000,0.0,0.0
2025-08-06 11:55:00+08:00,23.0,23.0,23.0,23.0,5000,0.0,0.0
2025-08-06 12:00:00+08:00,23.100000381469727,23.200000762939453,23.100000381469727,23.200000762939453,18000,0.0,0.0
2025-08-06 12:05:00+08:00,23.0,23.0,23.0,23.0,2000,0.0,0.0
2025-08-06 12:10:00+08:00,23.100000381469727,23.100000381469727,23.0,23.0,2430,0.0,0.0
2025-08-06 12:15:00+08:00,23.0,23.0,22.950000762939453,22.950000762939453,6000,0.0,0.0
2025-08-06 12:20:00+08:00,22.950000762939453,22.950000762939453,22.899999618530273,22.899999618530273,3000,0.0,0.0
2025-08-06 12:25:00+08:00,22.899999618530273,22.899999618530273,22.899999618530273,22.899999618530273,2000,0.0,0.0
2025-08-06 12:30:00+08:00,22.950000762939453,22.950000762939453,22.899999618530273,22.899999618530273,3095,0.0,0.0
2025-08-06 12:35:00+08:00,22.850000381469727,22.850000381469727,22.850000381469727,22.850000381469727,2000,0.0,0.0
2025-08-06 12:40:00+08:00,22.950000762939453,22.950000762939453,22.850000381469727,22.850000381469727,3000,0.0,0.0
2025-08-06 12:45:00+08:00,22.850000381469727,22.899999618530273,22.850000381469727,22.850000381469727,4000,0.0,0.0
2025-08-06 12:50:00+08:00,22.950000762939453,22.950000762939453,22.850000381469727,22.850000381469727,2000,0.0,0.0
2025-08-06 12:55:00+08:00,22.850000381469727,22.850000381469727,22.850000381469727,22.850000381469727,2000,0.0,0.0
2025-08-06 13:00:00+08:00,22.850000381469727,22.850000381469727,22.850000381469727,22.850000381469727,4153,0.0,0.0
2025-08-06 13:05:00+08:00,22.850000381469727,22.850000381469727,22.850000381469727,22.850000381469727,2000,0.0,0.0
2025-08-06 13:10:00+08:00,22.899999618530273,22.899999618530273,22.850000381469727,22.850000381469727,3000,0.0,0.0
2025-08-06 13:15:00+08:00,22.850000381469727,22.850000381469727,22.850000381469727,22.850000381469727,9000,0.0,0.0
2025-08-06 13:20:00+08:00,22.850000381469727,22.950000762939453,22.850000381469727,22.850000381469727,7000,0.0,0.0
2025-08-07 09:00:00+08:00,23.049999237060547,23.049999237060547,23.049999237060547,23.049999237060547,0,0.0,0.0
2025-08-07 09:05:00+08:00,23.0,23.0,23.0,23.0,5015,0.0,0.0
2025-08-07 09:10:00+08:00,23.0,23.149999618530273,22.950000762939453,23.100000381469727,22049,0.0,0.0
2025-08-07 09:15:00+08:00,22.950000762939453,22.950000762939453,22.950000762939453,22.950000762939453,1000,0.0,0.0
2025-08-07 09:20:00+08:00,23.100000381469727,23.100000381469727,23.100000381469727,23.100000381469727,3000,0.0,0.0
2025-08-07 09:25:00+08:00,22.950000762939453,22.950000762939453,22.899999618530273,22.899999618530273,13005,0.0,0.0
2025-08-07 09:30:00+08:00,23.0,23.0,22.799999237060547,22.799999237060547,9000,0.0,0.0
2025-08-07 09:35:00+08:00,22.799999237060547,22.799999237060547,22.75,22.75,12000,0.0,0.0
2025-08-07 09:40:00+08:00,22.950000762939453,23.0,22.799999237060547,22.799999237060547,4000,0.0,0.0
2025-08-07 09:45:00+08:00,22.799999237060547,22.799999237060547,22.799999237060547,22.799999237060547,3000,0.0,0.0
2025-08-07 09:50:00+08:00,22.899999618530273,22.899999618530273,22.899999618530273,22.899999618530273,1100,0.0,0.0
2025-08-07 09:55:00+08:00,22.799999237060547,22.799999237060547,22.799999237060547,22.799999237060547,2000,0.0,0.0
2025-08-07 10:00:00+08:00,22.899999618530273,23.100000381469727,22.899999618530273,23.100000381469727,23001,0.0,0.0
2025-08-07 10:20:00+08:00,23.0,23.0,23.0,23.0,1000,0.0,0.0
2025-08-07 10:25:00+08:00,22.850000381469727,22.850000381469727,22.850000381469727,22.850000381469727,2000,0.0,0.0
2025-08-07 10:30:00+08:00,23.0,23.0,23.0,23.0,1000,0.0,0.0
2025-08-07 10:35:00+08:00,22.799999237060547,22.799999237060547,22.799999237060547,22.799999237060547,3001,0.0,0.0
2025-08-07 11:00:00+08:00,23.0,23.100000381469727,23.0,23.100000381469727,17000,0.0,0.0
2025-08-07 11:05:00+08:00,23.100000381469727,23.100000381469727,23.100000381469727,23.100000381469727,1000,0.0,0.0
2025-08-07 11:10:00+08:00,23.100000381469727,23.100000381469727,23.0,23.0,4050,0.0,0.0
2025-08-07 11:15:00+08:00,22.899999618530273,22.899999618530273,22.899999618530273,22.899999618530273,1000,0.0,0.0
2025-08-07 11:20:00+08:00,23.100000381469727,23.100000381469727,23.100000381469727,23.100000381469727,6000,0.0,0.0
2025-08-07 11:30:00+08:00,23.100000381469727,23.100000381469727,23.100000381469727,23.100000381469727,1000,0.0,0.0
2025-08-07 11:35:00+08:00,22.899999618530273,22.899999618530273,22.899999618530273,22.899999618530273,1050,0.0,0.0
2025-08-07 11:55:00+08:00,22.899999618530273,22.899999618530273,22.899999618530273,22.899999618530273,9000,0.0,0.0
2025-08-07 12:00:00+08:00,22.950000762939453,23.100000381469727,22.950000762939453,23.100000381469727,14000,0.0,0.0
2025-08-07 12:10:00+08:00,23.100000381469727,23.100000381469727,23.100000381469727,23.100000381469727,1020,0.0,0.0
2025-08-07 12:20:00+08:00,22.950000762939453,22.950000762939453,22.950000762939453,22.950000762939453,1050,0.0,0.0
2025-08-07 12:50:00+08:00,22.899999618530273,22.899999618530273,22.899999618530273,22.899999618530273,6000,0.0,0.0
2025-08-07 13:00:00+08:00,22.899999618530273,22.899999618530273,22.899999618530273,22.899999618530273,1100,0.0,0.0
2025-08-07 13:10:00+08:00,22.899999618530273,22.899999618530273,22.899999618530273,22.899999618530273,1000,0.0,0.0
2025-08-07 13:20:00+08:00,22.899999618530273,22.950000762939453,22.899999618530273,22.950000762939453,8481,0.0,0.0
2025-08-08 09:00:00+08:00,22.700000762939453,22.799999237060547,22.649999618530273,22.649999618530273,0,0.0,0.0
2025-08-08 09:05:00+08:00,22.799999237060547,22.850000381469727,22.450000762939453,22.549999237060547,39000,0.0,0.0
2025-08-08 09:10:00+08:00,22.649999618530273,22.649999618530273,22.5,22.600000381469727,13675,0.0,0.0
2025-08-08 09:15:00+08:00,22.649999618530273,22.75,22.450000762939453,22.450000762939453,17001,0.0,0.0
2025-08-08 09:20:00+08:00,22.700000762939453,22.75,22.450000762939453,22.5,20000,0.0,0.0
2025-08-08 09:25:00+08:00,22.700000762939453,22.700000762939453,22.700000762939453,22.700000762939453,5000,0.0,0.0
2025-08-08 09:30:00+08:00,22.700000762939453,22.700000762939453,22.549999237060547,22.649999618530273,13018,0.0,0.0
2025-08-08 09:40:00+08:00,22.649999618530273,22.700000762939453,22.649999618530273,22.700000762939453,10000,0.0,0.0
2025-08-08 09:50:00+08:00,22.700000762939453,22.700000762939453,22.700000762939453,22.700000762939453,7000,0.0,0.0
2025-08-08 09:55:00+08:00,22.600000381469727,22.600000381469727,22.549999237060547,22.549999237060547,9000,0.0,0.0
2025-08-08 10:00:00+08:00,22.649999618530273,22.649999618530273,22.649999618530273,22.649999618530273,3000,0.0,0.0
2025-08-08 10:10:00+08:00,22.549999237060547,22.600000381469727,22.5,22.600000381469727,15000,0.0,0.0
2025-08-08 10:15:00+08:00,22.600000381469727,22.600000381469727,22.5,22.5,15001,0.0,0.0
2025-08-08 10:20:00+08:00,22.600000381469727,22.649999618530273,22.450000762939453,22.549999237060547,35500,0.0,0.0
2025-08-08 10:25:00+08:00,22.5,22.5,22.5,22.5,3000,0.0,0.0
2025-08-08 10:30:00+08:00,22.450000762939453,22.450000762939453,22.450000762939453,22.450000762939453,8001,0.0,0.0
2025-08-08 10:40:00+08:00,22.5,22.5,22.450000762939453,22.450000762939453,5000,0.0,0.0
2025-08-08 10:45:00+08:00,22.450000762939453,22.450000762939453,22.399999618530273,22.399999618530273,3000,0.0,0.0
2025-08-08 10:50:00+08:00,22.399999618530273,22.5,22.399999618530273,22.399999618530273,13100,0.0,0.0
2025-08-08 10:55:00+08:00,22.450000762939453,22.450000762939453,22.450000762939453,22.450000762939453,1000,0.0,0.0
2025-08-08 11:00:00+08:00,22.5,22.549999237060547,22.399999618530273,22.399999618530273,10000,0.0,0.0
2025-08-08 11:05:00+08:00,22.450000762939453,22.5,22.450000762939453,22.5,3004,0.0,0.0
2025-08-08 11:10:00+08:00,22.450000762939453,22.649999618530273,22.450000762939453,22.600000381469727,7000,0.0,0.0
2025-08-08 11:20:00+08:00,22.600000381469727,22.600000381469727,22.399999618530273,22.399999618530273,8000,0.0,0.0
2025-08-08 11:25:00+08:00,22.5,22.5,22.5,22.5,1000,0.0,0.0
2025-08-08 11:30:00+08:00,22.600000381469727,22.600000381469727,22.600000381469727,22.600000381469727,1000,0.0,0.0
2025-08-08 11:35:00+08:00,22.5,22.5,22.5,22.5,1000,0.0,0.0
2025-08-08 11:50:00+08:00,22.450000762939453,22.450000762939453,22.399999618530273,22.399999618530273,6498,0.0,0.0
2025-08-08 12:00:00+08:00,22.450000762939453,22.450000762939453,22.450000762939453,22.450000762939453,4000,0.0,0.0
2025-08-08 12:05:00+08:00,22.5,22.549999237060547,22.450000762939453,22.549999237060547,4001,0.0,0.0
2025-08-08 12:10:00+08:00,22.600000381469727,22.600000381469727,22.600000381469727,22.600000381469727,3009,0.0,0.0
2025-08-08 12:15:00+08:00,22.600000381469727,22.600000381469727,22.600000381469727,22.600000381469727,7000,0.0,0.0
2025-08-08 12:20:00+08:00,22.600000381469727,22.600000381469727,22.5,22.5,4001,0.0,0.0
2025-08-08 12:30:00+08:00,22.549999237060547,22.549999237060547,22.549999237060547,22.549999237060547,1000,0.0,0.0
2025-08-08 12:40:00+08:00,22.5,22.549999237060547,22.5,22.549999237060547,2000,0.0,0.0
2025-08-08 12:50:00+08:00,22.549999237060547,22.549999237060547,22.549999237060547,22.549999237060547,2000,0.0,0.0
2025-08-08 13:00:00+08:00,22.5,22.5,22.5,22.5,1000,0.0,0.0
2025-08-08 13:05:00+08:00,22.5,22.549999237060547,22.5,22.549999237060547,2000,0.0,0.0
2025-08-08 13:10:00+08:00,22.5,22.5,22.399999618530273,22.399999618530273,28000,0.0,0.0
2025-08-08 13:20:00+08:00,22.450000762939453,22.5,22.450000762939453,22.5,3162,0.0,0.0
2025-08-11 09:00:00+08:00,22.399999618530273,22.399999618530273,22.100000381469727,22.100000381469727,0,0.0,0.0
2025-08-11 09:05:00+08:00,22.100000381469727,22.100000381469727,22.0,22.049999237060547,15471,0.0,0.0
2025-08-11 09:10:00+08:00,22.049999237060547,22.049999237060547,22.049999237060547,22.049999237060547,3000,0.0,0.0
2025-08-11 09:15:00+08:00,22.100000381469727,22.100000381469727,22.100000381469727,22.100000381469727,4000,0.0,0.0
2025-08-11 09:20:00+08:00,22.149999618530273,22.149999618530273,22.049999237060547,22.049999237060547,3032,0.0,0.0
2025-08-11 09:25:00+08:00,22.049999237060547,22.049999237060547,22.0,22.0,44050,0.0,0.0
2025-08-11 09:30:00+08:00,22.100000381469727,22.100000381469727,22.049999237060547,22.049999237060547,3000,0.0,0.0
2025-08-11 09:35:00+08:00,22.049999237060547,22.049999237060547,22.049999237060547,22.049999237060547,1055,0.0,0.0
2025-08-11 09:40:00+08:00,22.149999618530273,22.149999618530273,22.049999237060547,22.049999237060547,2000,0.0,0.0
2025-08-11 09:45:00+08:00,22.049999237060547,22.049999237060547,22.049999237060547,22.049999237060547,15000,0.0,0.0
2025-08-11 09:50:00+08:00,22.049999237060547,22.149999618530273,22.049999237060547,22.149999618530273,53452,0.0,0.0
2025-08-11 09:55:00+08:00,22.149999618530273,22.200000762939453,22.149999618530273,22.200000762939453,11000,0.0,0.0
2025-08-11 10:05:00+08:00,22.200000762939453,22.200000762939453,22.149999618530273,22.149999618530273,45497,0.0,0.0
2025-08-11 10:10:00+08:00,22.100000381469727,22.200000762939453,22.049999237060547,22.200000762939453,8000,0.0,0.0
2025-08-11 10:20:00+08:00,22.149999618530273,22.149999618530273,22.149999618530273,22.149999618530273,3001,0.0,0.0
2025-08-11 10:30:00+08:00,22.100000381469727,22.100000381469727,22.049999237060547,22.049999237060547,7000,0.0,0.0
2025-08-11 10:45:00+08:00,22.100000381469727,22.100000381469727,22.049999237060547,22.049999237060547,7100,0.0,0.0
2025-08-11 11:05:00+08:00,22.049999237060547,22.049999237060547,22.049999237060547,22.049999237060547,2000,0.0,0.0
2025-08-11 11:10:00+08:00,22.049999237060547,22.049999237060547,22.049999237060547,22.049999237060547,2000,0.0,0.0
2025-08-11 11:15:00+08:00,22.0,22.0,22.0,22.0,32383,0.0,0.0
2025-08-11 11:25:00+08:00,22.100000381469727,22.100000381469727,22.100000381469727,22.100000381469727,3030,0.0,0.0
2025-08-11 11:30:00+08:00,22.149999618530273,22.149999618530273,22.149999618530273,22.149999618530273,6469,0.0,0.0
2025-08-11 11:40:00+08:00,22.100000381469727,22.100000381469727,22.100000381469727,22.100000381469727,2001,0.0,0.0
2025-08-11 11:50:00+08:00,22.049999237060547,22.100000381469727,22.049999237060547,22.100000381469727,3123,0.0,0.0
2025-08-11 11:55:00+08:00,22.149999618530273,22.149999618530273,22.149999618530273,22.149999618530273,1000,0.0,0.0
2025-08-11 12:10:00+08:00,22.149999618530273,22.149999618530273,22.149999618530273,22.149999618530273,7000,0.0,0.0
2025-08-11 12:15:00+08:00,22.149999618530273,22.149999618530273,22.149999618530273,22.149999618530273,1000,0.0,0.0
2025-08-11 12:25:00+08:00,22.149999618530273,22.149999618530273,22.149999618530273,22.149999618530273,1000,0.0,0.0
2025-08-11 12:30:00+08:00,22.149999618530273,22.149999618530273,22.149999618530273,22.149999618530273,1000,0.0,0.0
2025-08-11 12:40:00+08:00,22.149999618530273,22.149999618530273,22.149999618530273,22.149999618530273,2000,0.0,0.0
2025-08-11 12:45:00+08:00,22.100000381469727,22.100000381469727,22.100000381469727,22.100000381469727,1000,0.0,0.0
2025-08-11 12:50:00+08:00,22.100000381469727,22.100000381469727,22.100000381469727,22.100000381469727,1000,0.0,0.0
2025-08-11 12:55:00+08:00,22.100000381469727,22.100000381469727,22.100000381469727,22.100000381469727,1000,0.0,0.0
2025-08-11 13:00:00+08:00,22.049999237060547,22.049999237060547,22.049999237060547,22.049999237060547,17000,0.0,0.0
2025-08-11 13:05:00+08:00,22.0,22.0,22.0,22.0,2001,0.0,0.0
2025-08-11 13:10:00+08:00,22.049999237060547,22.049999237060547,22.0,22.0,4011,0.0,0.0
2025-08-11 13:15:00+08:00,22.100000381469727,22.100000381469727,22.100000381469727,22.100000381469727,12000,0.0,0.0
2025-08-11 13:20:00+08:00,22.100000381469727,22.100000381469727,22.100000381469727,22.100000381469727,33010,0.0,0.0
2025-08-12 09:00:00+08:00,22.399999618530273,22.399999618530273,22.049999237060547,22.049999237060547,0,0.0,0.0
2025-08-12 09:05:00+08:00,22.049999237060547,22.049999237060547,22.049999237060547,22.049999237060547,2010,0.0,0.0
2025-08-12 09:10:00+08:00,22.100000381469727,22.450000762939453,22.100000381469727,22.350000381469727,27001,0.0,0.0
2025-08-12 09:15:00+08:00,22.399999618530273,22.450000762939453,22.399999618530273,22.399999618530273,15000,0.0,0.0
2025-08-12 09:20:00+08:00,22.399999618530273,22.5,22.299999237060547,22.299999237060547,14059,0.0,0.0
2025-08-12 09:30:00+08:00,22.399999618530273,22.450000762939453,22.299999237060547,22.299999237060547,7001,0.0,0.0
2025-08-12 09:35:00+08:00,22.299999237060547,22.350000381469727,22.299999237060547,22.350000381469727,5100,0.0,0.0
2025-08-12 09:40:00+08:00,22.350000381469727,22.450000762939453,22.25,22.25,12050,0.0,0.0
2025-08-12 09:45:00+08:00,22.25,22.25,22.25,22.25,3118,0.0,0.0
2025-08-12 09:50:00+08:00,22.399999618530273,22.450000762939453,22.399999618530273,22.450000762939453,5050,0.0,0.0
2025-08-12 10:30:00+08:00,22.399999618530273,22.399999618530273,22.399999618530273,22.399999618530273,1250,0.0,0.0
2025-08-12 10:35:00+08:00,22.350000381469727,22.450000762939453,22.350000381469727,22.399999618530273,21000,0.0,0.0
2025-08-12 10:40:00+08:00,22.450000762939453,22.5,22.450000762939453,22.5,4000,0.0,0.0
2025-08-12 10:50:00+08:00,22.399999618530273,22.399999618530273,22.399999618530273,22.399999618530273,1001,0.0,0.0
2025-08-12 11:00:00+08:00,22.450000762939453,22.5,22.450000762939453,22.5,15024,0.0,0.0
2025-08-12 11:05:00+08:00,22.5,22.549999237060547,22.5,22.549999237060547,10000,0.0,0.0
2025-08-12 11:10:00+08:00,22.549999237060547,22.600000381469727,22.549999237060547,22.600000381469727,12093,0.0,0.0
2025-08-12 11:15:00+08:00,22.549999237060547,22.549999237060547,22.5,22.5,24000,0.0,0.0
2025-08-12 11:20:00+08:00,22.5,22.5,22.5,22.5,11031,0.0,0.0
2025-08-12 11:25:00+08:00,22.5,22.600000381469727,22.5,22.600000381469727,5020,0.0,0.0
2025-08-12 11:35:00+08:00,22.600000381469727,22.600000381469727,22.600000381469727,22.600000381469727,10000,0.0,0.0
2025-08-12 11:40:00+08:00,22.649999618530273,22.649999618530273,22.649999618530273,22.649999618530273,5000,0.0,0.0
2025-08-12 11:50:00+08:00,22.600000381469727,22.600000381469727,22.600000381469727,22.600000381469727,1000,0.0,0.0
2025-08-12 12:00:00+08:00,22.5,22.5,22.5,22.5,5000,0.0,0.0
2025-08-12 12:05:00+08:00,22.5,22.5,22.5,22.5,5000,0.0,0.0
2025-08-12 12:10:00+08:00,22.600000381469727,22.600000381469727,22.600000381469727,22.600000381469727,2052,0.0,0.0
2025-08-12 12:55:00+08:00,22.450000762939453,22.450000762939453,22.450000762939453,22.450000762939453,1000,0.0,0.0
2025-08-12 13:00:00+08:00,22.549999237060547,22.549999237060547,22.549999237060547,22.549999237060547,1000,0.0,0.0
2025-08-12 13:15:00+08:00,22.549999237060547,22.600000381469727,22.5,22.5,14000,0.0,0.0
2025-08-12 13:20:00+08:00,22.5,22.649999618530273,22.399999618530273,22.649999618530273,34000,0.0,0.0
2025-08-13 09:00:00+08:00,22.5,22.5,22.399999618530273,22.399999618530273,0,0.0,0.0
2025-08-13 09:05:00+08:00,22.399999618530273,22.399999618530273,22.350000381469727,22.350000381469727,5002,0.0,0.0
2025-08-13 09:10:00+08:00,22.299999237060547,22.299999237060547,22.299999237060547,22.299999237060547,1000,0.0,0.0
2025-08-13 09:15:00+08:00,22.299999237060547,22.299999237060547,22.299999237060547,22.299999237060547,8000,0.0,0.0
2025-08-13 09:20:00+08:00,22.450000762939453,22.5,22.149999618530273,22.299999237060547,29001,0.0,0.0
2025-08-13 09:25:00+08:00,22.350000381469727,22.350000381469727,22.350000381469727,22.350000381469727,2000,0.0,0.0
2025-08-13 09:30:00+08:00,22.350000381469727,22.450000762939453,22.350000381469727,22.450000762939453,5011,0.0,0.0
2025-08-13 09:35:00+08:00,22.299999237060547,22.299999237060547,22.299999237060547,22.299999237060547,8060,0.0,0.0
2025-08-13 09:40:00+08:00,22.299999237060547,22.299999237060547,22.299999237060547,22.299999237060547,3018,0.0,0.0
2025-08-13 09:45:00+08:00,22.299999237060547,22.299999237060547,22.299999237060547,22.299999237060547,12000,0.0,0.0
2025-08-13 09:50:00+08:00,22.399999618530273,22.450000762939453,22.399999618530273,22.450000762939453,4000,0.0,0.0
2025-08-13 10:00:00+08:00,22.450000762939453,22.450000762939453,22.450000762939453,22.450000762939453,1000,0.0,0.0
2025-08-13 10:05:00+08:00,22.350000381469727,22.350000381469727,22.350000381469727,22.350000381469727,1000,0.0,0.0
2025-08-13 10:10:00+08:00,22.350000381469727,22.350000381469727,22.25,22.25,11100,0.0,0.0
2025-08-13 10:20:00+08:00,22.299999237060547,22.350000381469727,22.299999237060547,22.350000381469727,2000,0.0,0.0
2025-08-13 10:25:00+08:00,22.25,22.25,22.149999618530273,22.149999618530273,39316,0.0,0.0
2025-08-13 10:30:00+08:00,22.25,22.350000381469727,22.25,22.350000381469727,6007,0.0,0.0
2025-08-13 10:35:00+08:00,22.25,22.25,22.25,22.25,1000,0.0,0.0
2025-08-13 10:40:00+08:00,22.200000762939453,22.299999237060547,22.200000762939453,22.299999237060547,2000,0.0,0.0
2025-08-13 10:45:00+08:00,22.200000762939453,22.200000762939453,22.200000762939453,22.200000762939453,8073,0.0,0.0
2025-08-13 10:50:00+08:00,22.200000762939453,22.350000381469727,22.200000762939453,22.350000381469727,13000,0.0,0.0
2025-08-13 10:55:00+08:00,22.200000762939453,22.200000762939453,22.200000762939453,22.200000762939453,4000,0.0,0.0
2025-08-13 11:00:00+08:00,22.299999237060547,22.299999237060547,22.200000762939453,22.200000762939453,3000,0.0,0.0
2025-08-13 11:05:00+08:00,22.25,22.299999237060547,22.200000762939453,22.200000762939453,7000,0.0,0.0
2025-08-13 11:10:00+08:00,22.25,22.25,22.25,22.25,1093,0.0,0.0
2025-08-13 11:15:00+08:00,22.149999618530273,22.149999618530273,22.049999237060547,22.100000381469727,54193,0.0,0.0
2025-08-13 11:20:00+08:00,22.100000381469727,22.100000381469727,22.100000381469727,22.100000381469727,2000,0.0,0.0
2025-08-13 11:25:00+08:00,22.100000381469727,22.100000381469727,22.049999237060547,22.049999237060547,5000,0.0,0.0
2025-08-13 11:30:00+08:00,22.049999237060547,22.200000762939453,22.049999237060547,22.049999237060547,15120,0.0,0.0
2025-08-13 11:35:00+08:00,22.049999237060547,22.049999237060547,22.0,22.049999237060547,18000,0.0,0.0
2025-08-13 11:40:00+08:00,22.049999237060547,22.200000762939453,22.049999237060547,22.200000762939453,10000,0.0,0.0
2025-08-13 11:45:00+08:00,22.0,22.049999237060547,22.0,22.049999237060547,4147,0.0,0.0
2025-08-13 11:50:00+08:00,22.100000381469727,22.100000381469727,22.100000381469727,22.100000381469727,1000,0.0,0.0
2025-08-13 11:55:00+08:00,22.100000381469727,22.100000381469727,22.100000381469727,22.100000381469727,2000,0.0,0.0
2025-08-13 12:00:00+08:00,22.149999618530273,22.200000762939453,22.149999618530273,22.200000762939453,2000,0.0,0.0
2025-08-13 12:10:00+08:00,22.200000762939453,22.200000762939453,22.149999618530273,22.149999618530273,3000,0.0,0.0
2025-08-13 12:15:00+08:00,22.149999618530273,22.149999618530273,22.149999618530273,22.149999618530273,1000,0.0,0.0
2025-08-13 12:20:00+08:00,22.149999618530273,22.149999618530273,22.149999618530273,22.149999618530273,1000,0.0,0.0
2025-08-13 12:35:00+08:00,22.200000762939453,22.200000762939453,22.200000762939453,22.200000762939453,7000,0.0,0.0
2025-08-13 12:40:00+08:00,22.299999237060547,22.299999237060547,22.299999237060547,22.299999237060547,1000,0.0,0.0
2025-08-13 12:50:00+08:00,22.299999237060547,22.299999237060547,22.200000762939453,22.25,4000,0.0,0.0
2025-08-13 12:55:00+08:00,22.149999618530273,22.200000762939453,22.149999618530273,22.200000762939453,3110,0.0,0.0
2025-08-13 13:00:00+08:00,22.25,22.25,22.25,22.25,1379,0.0,0.0
2025-08-14 09:00:00+08:00,22.200000762939453,22.200000762939453,22.200000762939453,22.200000762939453,0,0.0,0.0
2025-08-14 09:05:00+08:00,22.149999618530273,22.149999618530273,22.049999237060547,22.049999237060547,9010,0.0,0.0
2025-08-14 09:10:00+08:00,22.25,22.25,22.049999237060547,22.049999237060547,11000,0.0,0.0
2025-08-14 09:15:00+08:00,22.100000381469727,22.25,22.100000381469727,22.25,7000,0.0,0.0
2025-08-14 09:20:00+08:00,22.25,22.299999237060547,22.25,22.299999237060547,3000,0.0,0.0
2025-08-14 09:25:00+08:00,22.299999237060547,22.299999237060547,22.200000762939453,22.200000762939453,5000,0.0,0.0
2025-08-14 09:30:00+08:00,22.200000762939453,22.299999237060547,22.200000762939453,22.299999237060547,3000,0.0,0.0
2025-08-14 09:35:00+08:00,22.299999237060547,22.299999237060547,22.299999237060547,22.299999237060547,1000,0.0,0.0
2025-08-14 09:40:00+08:00,22.299999237060547,22.299999237060547,22.299999237060547,22.299999237060547,2000,0.0,0.0
2025-08-14 09:55:00+08:00,22.200000762939453,22.200000762939453,22.200000762939453,22.200000762939453,13000,0.0,0.0
2025-08-14 10:00:00+08:00,22.299999237060547,22.299999237060547,22.299999237060547,22.299999237060547,4000,0.0,0.0
2025-08-14 10:05:00+08:00,22.299999237060547,22.299999237060547,22.25,22.25,4000,0.0,0.0
2025-08-14 10:10:00+08:00,22.299999237060547,22.299999237060547,22.299999237060547,22.299999237060547,6000,0.0,0.0
2025-08-14 10:15:00+08:00,22.350000381469727,22.350000381469727,22.350000381469727,22.350000381469727,9000,0.0,0.0
2025-08-14 10:20:00+08:00,22.399999618530273,22.450000762939453,22.399999618530273,22.450000762939453,11000,0.0,0.0
2025-08-14 10:25:00+08:00,22.450000762939453,22.450000762939453,22.450000762939453,22.450000762939453,3000,0.0,0.0
2025-08-14 10:30:00+08:00,22.450000762939453,22.5,22.450000762939453,22.5,3025,0.0,0.0
2025-08-14 10:35:00+08:00,22.450000762939453,22.450000762939453,22.399999618530273,22.399999618530273,3000,0.0,0.0
2025-08-14 10:40:00+08:00,22.450000762939453,22.450000762939453,22.450000762939453,22.450000762939453,3000,0.0,0.0
2025-08-14 10:45:00+08:00,22.450000762939453,22.450000762939453,22.450000762939453,22.450000762939453,3000,0.0,0.0
2025-08-14 10:50:00+08:00,22.450000762939453,22.450000762939453,22.450000762939453,22.450000762939453,4000,0.0,0.0
2025-08-14 10:55:00+08:00,22.450000762939453,22.450000762939453,22.450000762939453,22.450000762939453,3000,0.0,0.0
2025-08-14 11:00:00+08:00,22.450000762939453,22.450000762939453,22.450000762939453,22.450000762939453,9019,0.0,0.0
2025-08-14 11:05:00+08:00,22.450000762939453,22.450000762939453,22.450000762939453,22.450000762939453,3000,0.0,0.0
2025-08-14 11:10:00+08:00,22.450000762939453,22.450000762939453,22.450000762939453,22.450000762939453,3002,0.0,0.0
2025-08-14 11:15:00+08:00,22.450000762939453,22.450000762939453,22.450000762939453,22.450000762939453,3000,0.0,0.0
2025-08-14 11:20:00+08:00,22.450000762939453,22.450000762939453,22.450000762939453,22.450000762939453,6000,0.0,0.0
2025-08-14 11:25:00+08:00,22.450000762939453,22.450000762939453,22.399999618530273,22.399999618530273,4000,0.0,0.0
2025-08-14 11:30:00+08:00,22.399999618530273,22.399999618530273,22.399999618530273,22.399999618530273,4050,0.0,0.0
2025-08-14 11:35:00+08:00,22.399999618530273,22.399999618530273,22.399999618530273,22.399999618530273,3000,0.0,0.0
2025-08-14 11:40:00+08:00,22.399999618530273,22.450000762939453,22.399999618530273,22.450000762939453,7000,0.0,0.0
2025-08-14 11:45:00+08:00,22.450000762939453,22.450000762939453,22.399999618530273,22.399999618530273,4000,0.0,0.0
2025-08-14 11:50:00+08:00,22.399999618530273,22.399999618530273,22.399999618530273,22.399999618530273,4000,0.0,0.0
2025-08-14 11:55:00+08:00,22.399999618530273,22.399999618530273,22.399999618530273,22.399999618530273,2000,0.0,0.0
2025-08-14 12:00:00+08:00,22.399999618530273,22.399999618530273,22.350000381469727,22.350000381469727,3000,0.0,0.0
2025-08-14 12:10:00+08:00,22.399999618530273,22.399999618530273,22.399999618530273,22.399999618530273,1000,0.0,0.0
2025-08-14 12:15:00+08:00,22.399999618530273,22.399999618530273,22.350000381469727,22.350000381469727,8011,0.0,0.0
2025-08-14 12:20:00+08:00,22.350000381469727,22.350000381469727,22.350000381469727,22.350000381469727,1001,0.0,0.0
2025-08-14 12:30:00+08:00,22.350000381469727,22.350000381469727,22.350000381469727,22.350000381469727,10000,0.0,0.0
2025-08-14 12:35:00+08:00,22.350000381469727,22.350000381469727,22.350000381469727,22.350000381469727,1000,0.0,0.0
2025-08-14 12:40:00+08:00,22.399999618530273,22.399999618530273,22.399999618530273,22.399999618530273,2000,0.0,0.0
2025-08-14 12:45:00+08:00,22.399999618530273,22.399999618530273,22.399999618530273,22.399999618530273,3000,0.0,0.0
2025-08-14 12:55:00+08:00,22.399999618530273,22.399999618530273,22.399999618530273,22.399999618530273,4000,0.0,0.0
2025-08-14 13:00:00+08:00,22.450000762939453,22.450000762939453,22.450000762939453,22.450000762939453,2000,0.0,0.0
2025-08-14 13:05:00+08:00,22.399999618530273,22.399999618530273,22.399999618530273,22.399999618530273,3050,0.0,0.0
2025-08-14 13:10:00+08:00,22.450000762939453,22.450000762939453,22.399999618530273,22.399999618530273,2050,0.0,0.0
2025-08-14 13:15:00+08:00,22.399999618530273,22.399999618530273,22.350000381469727,22.350000381469727,14002,0.0,0.0
2025-08-14 13:20:00+08:00,22.299999237060547,22.299999237060547,22.25,22.25,7100,0.0,0.0
2025-08-15 09:00:00+08:00,22.450000762939453,22.450000762939453,22.450000762939453,22.450000762939453,0,0.0,0.0
2025-08-15 09:25:00+08:00,22.350000381469727,22.350000381469727,22.350000381469727,22.350000381469727,5102,0.0,0.0
2025-08-15 09:35:00+08:00,22.25,22.25,22.25,22.25,1000,0.0,0.0
2025-08-15 09:50:00+08:00,22.299999237060547,22.299999237060547,22.299999237060547,22.299999237060547,1001,0.0,0.0
2025-08-15 10:00:00+08:00,22.299999237060547,22.299999237060547,22.299999237060547,22.299999237060547,6000,0.0,0.0
2025-08-15 10:05:00+08:00,22.299999237060547,22.299999237060547,22.299999237060547,22.299999237060547,1000,0.0,0.0
2025-08-15 10:10:00+08:00,22.299999237060547,22.299999237060547,22.299999237060547,22.299999237060547,4000,0.0,0.0
2025-08-15 10:15:00+08:00,22.299999237060547,22.299999237060547,22.299999237060547,22.299999237060547,3000,0.0,0.0
2025-08-15 10:20:00+08:00,22.350000381469727,22.350000381469727,22.299999237060547,22.299999237060547,2000,0.0,0.0
2025-08-15 10:30:00+08:00,22.299999237060547,22.299999237060547,22.299999237060547,22.299999237060547,14000,0.0,0.0
2025-08-15 10:35:00+08:00,22.299999237060547,22.299999237060547,22.299999237060547,22.299999237060547,5000,0.0,0.0
2025-08-15 10:40:00+08:00,22.350000381469727,22.399999618530273,22.350000381469727,22.399999618530273,3000,0.0,0.0
2025-08-15 10:45:00+08:00,22.350000381469727,22.350000381469727,22.350000381469727,22.350000381469727,1000,0.0,0.0
2025-08-15 10:50:00+08:00,22.450000762939453,22.450000762939453,22.450000762939453,22.450000762939453,1001,0.0,0.0
2025-08-15 11:10:00+08:00,22.399999618530273,22.399999618530273,22.350000381469727,22.350000381469727,5000,0.0,0.0
2025-08-15 11:15:00+08:00,22.299999237060547,22.299999237060547,22.149999618530273,22.149999618530273,30001,0.0,0.0
2025-08-15 11:20:00+08:00,22.25,22.350000381469727,22.25,22.350000381469727,5051,0.0,0.0
2025-08-15 11:30:00+08:00,22.350000381469727,22.350000381469727,22.350000381469727,22.350000381469727,1000,0.0,0.0
2025-08-15 11:40:00+08:00,22.25,22.25,22.200000762939453,22.200000762939453,3000,0.0,0.0
2025-08-15 12:00:00+08:00,22.399999618530273,22.399999618530273,22.399999618530273,22.399999618530273,3000,0.0,0.0
2025-08-15 12:10:00+08:00,22.399999618530273,22.399999618530273,22.399999618530273,22.399999618530273,1000,0.0,0.0
2025-08-15 12:15:00+08:00,22.299999237060547,22.299999237060547,22.299999237060547,22.299999237060547,2000,0.0,0.0
2025-08-15 12:25:00+08:00,22.350000381469727,22.350000381469727,22.350000381469727,22.350000381469727,1000,0.0,0.0
2025-08-15 12:35:00+08:00,22.299999237060547,22.399999618530273,22.299999237060547,22.399999618530273,12770,0.0,0.0
2025-08-15 12:40:00+08:00,22.399999618530273,22.399999618530273,22.399999618530273,22.399999618530273,1040,0.0,0.0
2025-08-15 12:50:00+08:00,22.25,22.299999237060547,22.25,22.299999237060547,7000,0.0,0.0
2025-08-15 12:55:00+08:00,22.200000762939453,22.350000381469727,22.200000762939453,22.350000381469727,6000,0.0,0.0
2025-08-15 13:00:00+08:00,22.399999618530273,22.399999618530273,22.25,22.25,5000,0.0,0.0
2025-08-15 13:05:00+08:00,22.200000762939453,22.200000762939453,22.200000762939453,22.200000762939453,5060,0.0,0.0
2025-08-15 13:10:00+08:00,22.25,22.25,22.25,22.25,3000,0.0,0.0
2025-08-15 13:20:00+08:00,22.299999237060547,22.299999237060547,22.299999237060547,22.299999237060547,1000,0.0,0.0
2025-08-18 09:10:00+08:00,22.200000762939453,22.200000762939453,22.200000762939453,22.200000762939453,0,0.0,0.0
2025-08-18 09:15:00+08:00,22.149999618530273,22.25,22.0,22.049999237060547,124000,0.0,0.0
2025-08-18 09:20:00+08:00,22.25,22.350000381469727,22.25,22.299999237060547,7000,0.0,0.0
2025-08-18 09:25:00+08:00,22.299999237060547,22.299999237060547,22.200000762939453,22.200000762939453,4000,0.0,0.0
2025-08-18 09:30:00+08:00,22.25,22.399999618530273,22.25,22.399999618530273,21000,0.0,0.0
2025-08-18 09:35:00+08:00,22.399999618530273,22.399999618530273,22.399999618530273,22.399999618530273,1000,0.0,0.0
2025-08-18 09:40:00+08:00,22.399999618530273,22.450000762939453,22.399999618530273,22.399999618530273,11000,0.0,0.0
2025-08-18 09:45:00+08:00,22.450000762939453,22.450000762939453,22.450000762939453,22.450000762939453,5000,0.0,0.0
2025-08-18 09:50:00+08:00,22.450000762939453,22.549999237060547,22.450000762939453,22.5,39000,0.0,0.0
2025-08-18 10:00:00+08:00,22.5,22.549999237060547,22.5,22.5,8000,0.0,0.0
2025-08-18 10:05:00+08:00,22.450000762939453,22.450000762939453,22.399999618530273,22.399999618530273,3000,0.0,0.0
2025-08-18 10:10:00+08:00,22.399999618530273,22.399999618530273,22.299999237060547,22.299999237060547,15000,0.0,0.0
2025-08-18 10:15:00+08:00,22.399999618530273,22.399999618530273,22.399999618530273,22.399999618530273,1000,0.0,0.0
2025-08-18 10:20:00+08:00,22.450000762939453,22.549999237060547,22.450000762939453,22.549999237060547,6001,0.0,0.0
2025-08-18 10:35:00+08:00,22.450000762939453,22.450000762939453,22.350000381469727,22.350000381469727,6000,0.0,0.0
2025-08-18 10:40:00+08:00,22.399999618530273,22.399999618530273,22.350000381469727,22.350000381469727,2000,0.0,0.0
2025-08-18 10:45:00+08:00,22.350000381469727,22.450000762939453,22.299999237060547,22.450000762939453,8000,0.0,0.0
2025-08-18 10:50:00+08:00,22.5,22.5,22.5,22.5,1019,0.0,0.0
2025-08-18 11:00:00+08:00,22.299999237060547,22.399999618530273,22.299999237060547,22.399999618530273,4000,0.0,0.0
2025-08-18 11:05:00+08:00,22.25,22.25,22.25,22.25,5000,0.0,0.0
2025-08-18 11:10:00+08:00,22.450000762939453,22.450000762939453,22.450000762939453,22.450000762939453,1000,0.0,0.0
2025-08-18 11:20:00+08:00,22.299999237060547,22.299999237060547,22.299999237060547,22.299999237060547,21000,0.0,0.0
2025-08-18 11:25:00+08:00,22.299999237060547,22.299999237060547,22.299999237060547,22.299999237060547,21106,0.0,0.0
2025-08-18 11:30:00+08:00,22.299999237060547,22.299999237060547,22.299999237060547,22.299999237060547,10001,0.0,0.0
2025-08-18 11:45:00+08:00,22.25,22.25,22.25,22.25,22050,0.0,0.0
2025-08-18 12:00:00+08:00,22.25,22.299999237060547,22.25,22.299999237060547,8000,0.0,0.0
2025-08-18 12:10:00+08:00,22.299999237060547,22.299999237060547,22.299999237060547,22.299999237060547,1000,0.0,0.0
2025-08-18 12:15:00+08:00,22.200000762939453,22.200000762939453,22.200000762939453,22.200000762939453,1001,0.0,0.0
2025-08-18 12:30:00+08:00,22.299999237060547,22.299999237060547,22.299999237060547,22.299999237060547,1000,0.0,0.0
2025-08-18 12:40:00+08:00,22.200000762939453,22.200000762939453,22.200000762939453,22.200000762939453,2001,0.0,0.0
2025-08-18 12:45:00+08:00,22.299999237060547,22.299999237060547,22.299999237060547,22.299999237060547,9000,0.0,0.0
2025-08-18 12:50:00+08:00,22.350000381469727,22.399999618530273,22.350000381469727,22.399999618530273,2050,0.0,0.0
2025-08-18 12:55:00+08:00,22.25,22.25,22.25,22.25,1000,0.0,0.0
2025-08-18 13:00:00+08:00,22.200000762939453,22.200000762939453,22.200000762939453,22.200000762939453,1123,0.0,0.0
2025-08-18 13:05:00+08:00,22.25,22.25,22.25,22.25,1000,0.0,0.0
2025-08-18 13:10:00+08:00,22.399999618530273,22.399999618530273,22.25,22.25,2000,0.0,0.0
2025-08-18 13:15:00+08:00,22.399999618530273,22.399999618530273,22.399999618530273,22.399999618530273,1000,0.0,0.0
2025-08-18 13:20:00+08:00,22.399999618530273,22.399999618530273,22.25,22.25,9090,0.0,0.0
2025-08-19 09:00:00+08:00,22.25,22.299999237060547,22.25,22.299999237060547,0,0.0,0.0
2025-08-19 09:05:00+08:00,22.200000762939453,22.350000381469727,22.200000762939453,22.299999237060547,3001,0.0,0.0
2025-08-19 09:10:00+08:00,22.299999237060547,22.299999237060547,22.200000762939453,22.200000762939453,3000,0.0,0.0
2025-08-19 09:15:00+08:00,22.200000762939453,22.200000762939453,22.100000381469727,22.149999618530273,24000,0.0,0.0
2025-08-19 09:20:00+08:00,22.149999618530273,22.200000762939453,22.100000381469727,22.200000762939453,16099,0.0,0.0
2025-08-19 09:25:00+08:00,22.149999618530273,22.149999618530273,22.049999237060547,22.049999237060547,28000,0.0,0.0
2025-08-19 09:30:00+08:00,22.100000381469727,22.25,22.0,22.0,39502,0.0,0.0
2025-08-19 09:40:00+08:00,22.149999618530273,22.200000762939453,22.149999618530273,22.200000762939453,5000,0.0,0.0
2025-08-19 09:45:00+08:00,22.100000381469727,22.100000381469727,22.0,22.049999237060547,22025,0.0,0.0
2025-08-19 09:50:00+08:00,22.100000381469727,22.149999618530273,22.100000381469727,22.149999618530273,3000,0.0,0.0
2025-08-19 10:00:00+08:00,22.149999618530273,22.149999618530273,22.149999618530273,22.149999618530273,2002,0.0,0.0
2025-08-19 10:05:00+08:00,22.049999237060547,22.100000381469727,22.049999237060547,22.100000381469727,3000,0.0,0.0
2025-08-19 10:10:00+08:00,22.100000381469727,22.149999618530273,22.100000381469727,22.149999618530273,2000,0.0,0.0
2025-08-19 10:20:00+08:00,22.100000381469727,22.100000381469727,22.100000381469727,22.100000381469727,1000,0.0,0.0
2025-08-19 10:25:00+08:00,22.100000381469727,22.100000381469727,22.100000381469727,22.100000381469727,6000,0.0,0.0
2025-08-19 10:30:00+08:00,22.049999237060547,22.100000381469727,22.049999237060547,22.100000381469727,3001,0.0,0.0
2025-08-19 10:35:00+08:00,22.100000381469727,22.100000381469727,22.100000381469727,22.100000381469727,6100,0.0,0.0
2025-08-19 10:40:00+08:00,22.100000381469727,22.100000381469727,22.100000381469727,22.100000381469727,1000,0.0,0.0
2025-08-19 10:45:00+08:00,22.100000381469727,22.100000381469727,22.100000381469727,22.100000381469727,1000,0.0,0.0
2025-08-19 10:50:00+08:00,22.149999618530273,22.149999618530273,22.149999618530273,22.149999618530273,4000,0.0,0.0
2025-08-19 10:55:00+08:00,22.100000381469727,22.100000381469727,22.100000381469727,22.100000381469727,3001,0.0,0.0
2025-08-19 11:00:00+08:00,22.200000762939453,22.200000762939453,22.100000381469727,22.100000381469727,5000,0.0,0.0
2025-08-19 11:05:00+08:00,22.100000381469727,22.100000381469727,22.049999237060547,22.049999237060547,5001,0.0,0.0
2025-08-19 11:10:00+08:00,22.149999618530273,22.25,22.149999618530273,22.200000762939453,24001,0.0,0.0
2025-08-19 11:15:00+08:00,22.200000762939453,22.200000762939453,22.200000762939453,22.200000762939453,9001,0.0,0.0
2025-08-19 11:20:00+08:00,22.25,22.299999237060547,22.25,22.299999237060547,5100,0.0,0.0
2025-08-19 11:25:00+08:00,22.299999237060547,22.350000381469727,22.299999237060547,22.350000381469727,8000,0.0,0.0
2025-08-19 11:30:00+08:00,22.350000381469727,22.5,22.350000381469727,22.5,18000,0.0,0.0
2025-08-19 11:35:00+08:00,22.450000762939453,22.5,22.399999618530273,22.399999618530273,9000,0.0,0.0
2025-08-19 11:40:00+08:00,22.399999618530273,22.399999618530273,22.399999618530273,22.399999618530273,5000,0.0,0.0
2025-08-19 11:50:00+08:00,22.399999618530273,22.399999618530273,22.399999618530273,22.399999618530273,1001,0.0,0.0
2025-08-19 11:55:00+08:00,22.399999618530273,22.5,22.399999618530273,22.5,11000,0.0,0.0
2025-08-19 12:00:00+08:00,22.5,22.5,22.350000381469727,22.399999618530273,9005,0.0,0.0
2025-08-19 12:20:00+08:00,22.399999618530273,22.399999618530273,22.399999618530273,22.399999618530273,1002,0.0,0.0
2025-08-19 12:25:00+08:00,22.350000381469727,22.350000381469727,22.350000381469727,22.350000381469727,1000,0.0,0.0
2025-08-19 12:30:00+08:00,22.299999237060547,22.299999237060547,22.299999237060547,22.299999237060547,5000,0.0,0.0
2025-08-19 12:35:00+08:00,22.350000381469727,22.350000381469727,22.350000381469727,22.350000381469727,4000,0.0,0.0
2025-08-19 12:50:00+08:00,22.350000381469727,22.350000381469727,22.350000381469727,22.350000381469727,2344,0.0,0.0
2025-08-19 12:55:00+08:00,22.299999237060547,22.299999237060547,22.299999237060547,22.299999237060547,1000,0.0,0.0
2025-08-19 13:00:00+08:00,22.299999237060547,22.350000381469727,22.299999237060547,22.350000381469727,4000,0.0,0.0
2025-08-19 13:10:00+08:00,22.350000381469727,22.350000381469727,22.350000381469727,22.350000381469727,2000,0.0,0.0
2025-08-19 13:15:00+08:00,22.350000381469727,22.350000381469727,22.350000381469727,22.350000381469727,1000,0.0,0.0
2025-08-20 09:00:00+08:00,22.299999237060547,22.299999237060547,22.299999237060547,22.299999237060547,0,0.0,0.0
2025-08-20 09:05:00+08:00,22.200000762939453,22.200000762939453,22.100000381469727,22.100000381469727,12008,0.0,0.0
2025-08-20 09:10:00+08:00,22.299999237060547,22.299999237060547,22.100000381469727,22.100000381469727,7216,0.0,0.0
2025-08-20 09:20:00+08:00,22.299999237060547,22.299999237060547,22.299999237060547,22.299999237060547,3000,0.0,0.0
2025-08-20 09:25:00+08:00,22.149999618530273,22.149999618530273,22.0,22.0,43009,0.0,0.0
2025-08-20 09:30:00+08:00,22.049999237060547,22.049999237060547,21.899999618530273,21.899999618530273,21177,0.0,0.0
2025-08-20 09:35:00+08:00,21.950000762939453,22.0,21.850000381469727,21.850000381469727,31111,0.0,0.0
2025-08-20 09:40:00+08:00,21.899999618530273,22.149999618530273,21.899999618530273,22.149999618530273,6000,0.0,0.0
2025-08-20 09:45:00+08:00,22.049999237060547,22.100000381469727,22.049999237060547,22.100000381469727,8010,0.0,0.0
2025-08-20 10:00:00+08:00,22.149999618530273,22.149999618530273,21.950000762939453,21.950000762939453,13016,0.0,0.0
2025-08-20 10:10:00+08:00,22.149999618530273,22.149999618530273,22.0,22.0,2000,0.0,0.0
2025-08-20 10:15:00+08:00,22.0,22.0,22.0,22.0,2000,0.0,0.0
2025-08-20 10:20:00+08:00,22.100000381469727,22.100000381469727,22.100000381469727,22.100000381469727,1000,0.0,0.0
2025-08-20 10:30:00+08:00,22.100000381469727,22.100000381469727,22.100000381469727,22.100000381469727,1000,0.0,0.0
2025-08-20 10:35:00+08:00,22.100000381469727,22.100000381469727,22.100000381469727,22.100000381469727,2000,0.0,0.0
2025-08-20 10:40:00+08:00,22.200000762939453,22.200000762939453,22.200000762939453,22.200000762939453,1000,0.0,0.0
2025-08-20 10:55:00+08:00,22.200000762939453,22.200000762939453,22.200000762939453,22.200000762939453,2001,0.0,0.0
2025-08-20 11:10:00+08:00,22.149999618530273,22.149999618530273,22.149999618530273,22.149999618530273,1000,0.0,0.0
2025-08-20 11:15:00+08:00,22.149999618530273,22.149999618530273,22.149999618530273,22.149999618530273,3000,0.0,0.0
2025-08-20 11:20:00+08:00,22.149999618530273,22.25,22.149999618530273,22.25,2000,0.0,0.0
2025-08-20 11:25:00+08:00,22.25,22.25,22.200000762939453,22.200000762939453,2000,0.0,0.0
2025-08-20 11:30:00+08:00,22.25,22.25,22.25,22.25,2000,0.0,0.0
2025-08-20 11:35:00+08:00,22.200000762939453,22.200000762939453,22.200000762939453,22.200000762939453,3001,0.0,0.0
2025-08-20 11:40:00+08:00,22.25,22.25,22.25,22.25,1000,0.0,0.0
2025-08-20 11:50:00+08:00,22.149999618530273,22.149999618530273,22.149999618530273,22.149999618530273,1003,0.0,0.0
2025-08-20 12:05:00+08:00,22.100000381469727,22.100000381469727,22.049999237060547,22.049999237060547,5000,0.0,0.0
2025-08-20 12:10:00+08:00,22.049999237060547,22.049999237060547,22.049999237060547,22.049999237060547,10000,0.0,0.0
2025-08-20 12:15:00+08:00,22.049999237060547,22.049999237060547,22.049999237060547,22.049999237060547,2000,0.0,0.0
2025-08-20 12:20:00+08:00,22.049999237060547,22.049999237060547,22.049999237060547,22.049999237060547,1000,0.0,0.0
2025-08-20 12:30:00+08:00,22.100000381469727,22.100000381469727,22.100000381469727,22.100000381469727,7000,0.0,0.0
2025-08-20 12:45:00+08:00,22.100000381469727,22.100000381469727,22.100000381469727,22.100000381469727,1000,0.0,0.0
2025-08-20 12:50:00+08:00,22.149999618530273,22.149999618530273,22.149999618530273,22.149999618530273,1000,0.0,0.0
2025-08-20 13:00:00+08:00,22.100000381469727,22.100000381469727,22.100000381469727,22.100000381469727,2000,0.0,0.0
2025-08-20 13:05:00+08:00,22.100000381469727,22.100000381469727,22.049999237060547,22.049999237060547,3000,0.0,0.0
2025-08-20 13:10:00+08:00,22.0,22.0,22.0,22.0,3000,0.0,0.0
2025-08-20 13:15:00+08:00,22.049999237060547,22.049999237060547,22.049999237060547,22.049999237060547,2000,0.0,0.0
2025-08-20 13:20:00+08:00,22.0,22.0,22.0,22.0,6488,0.0,0.0
2025-08-21 09:00:00+08:00,22.049999237060547,22.149999618530273,22.049999237060547,22.149999618530273,0,0.0,0.0
2025-08-21 09:05:00+08:00,22.149999618530273,22.149999618530273,22.149999618530273,22.149999618530273,1004,0.0,0.0
2025-08-21 09:25:00+08:00,22.200000762939453,22.200000762939453,22.200000762939453,22.200000762939453,1000,0.0,0.0
2025-08-21 09:30:00+08:00,22.149999618530273,22.149999618530273,22.149999618530273,22.149999618530273,1052,0.0,0.0
2025-08-21 09:40:00+08:00,22.25,22.25,22.25,22.25,1000,0.0,0.0
2025-08-21 09:45:00+08:00,22.149999618530273,22.149999618530273,22.149999618530273,22.149999618530273,4000,0.0,0.0
2025-08-21 09:50:00+08:00,22.149999618530273,22.149999618530273,22.149999618530273,22.149999618530273,1000,0.0,0.0
2025-08-21 10:00:00+08:00,22.25,22.25,22.25,22.25,1000,0.0,0.0
2025-08-21 10:05:00+08:00,22.200000762939453,22.200000762939453,22.200000762939453,22.200000762939453,11000,0.0,0.0
2025-08-21 10:10:00+08:00,22.149999618530273,22.200000762939453,22.149999618530273,22.149999618530273,6000,0.0,0.0
2025-08-21 10:15:00+08:00,22.149999618530273,22.149999618530273,22.100000381469727,22.100000381469727,31000,0.0,0.0
2025-08-21 10:20:00+08:00,22.100000381469727,22.25,22.100000381469727,22.100000381469727,10000,0.0,0.0
2025-08-21 10:30:00+08:00,22.149999618530273,22.200000762939453,22.149999618530273,22.149999618530273,4000,0.0,0.0
2025-08-21 10:35:00+08:00,22.100000381469727,22.100000381469727,22.100000381469727,22.100000381469727,4000,0.0,0.0
2025-08-21 10:40:00+08:00,22.200000762939453,22.200000762939453,22.100000381469727,22.100000381469727,21010,0.0,0.0
2025-08-21 10:45:00+08:00,22.100000381469727,22.100000381469727,22.100000381469727,22.100000381469727,1000,0.0,0.0
2025-08-21 10:50:00+08:00,22.200000762939453,22.200000762939453,22.200000762939453,22.200000762939453,6242,0.0,0.0
2025-08-21 10:55:00+08:00,22.25,22.25,22.25,22.25,1000,0.0,0.0
2025-08-21 11:00:00+08:00,22.25,22.25,22.25,22.25,1000,0.0,0.0
2025-08-21 11:15:00+08:00,22.25,22.25,22.25,22.25,1000,0.0,0.0
2025-08-21 11:20:00+08:00,22.25,22.25,22.200000762939453,22.200000762939453,14001,0.0,0.0
2025-08-21 11:25:00+08:00,22.149999618530273,22.200000762939453,22.149999618530273,22.200000762939453,45000,0.0,0.0
2025-08-21 11:30:00+08:00,22.25,22.25,22.25,22.25,18001,0.0,0.0
2025-08-21 11:40:00+08:00,22.299999237060547,22.299999237060547,22.299999237060547,22.299999237060547,2000,0.0,0.0
2025-08-21 11:45:00+08:00,22.200000762939453,22.200000762939453,22.200000762939453,22.200000762939453,4000,0.0,0.0
2025-08-21 11:50:00+08:00,22.200000762939453,22.200000762939453,22.200000762939453,22.200000762939453,1000,0.0,0.0
2025-08-21 11:55:00+08:00,22.200000762939453,22.200000762939453,22.200000762939453,22.200000762939453,1000,0.0,0.0
2025-08-21 12:15:00+08:00,22.200000762939453,22.200000762939453,22.200000762939453,22.200000762939453,3000,0.0,0.0
2025-08-21 12:20:00+08:00,22.299999237060547,22.299999237060547,22.299999237060547,22.299999237060547,1000,0.0,0.0
2025-08-21 12:30:00+08:00,22.200000762939453,22.200000762939453,22.200000762939453,22.200000762939453,1010,0.0,0.0
2025-08-21 12:40:00+08:00,22.200000762939453,22.200000762939453,22.200000762939453,22.200000762939453,1000,0.0,0.0
2025-08-21 12:45:00+08:00,22.200000762939453,22.200000762939453,22.200000762939453,22.200000762939453,3000,0.0,0.0
2025-08-21 12:50:00+08:00,22.25,22.25,22.25,22.25,1158,0.0,0.0
2025-08-21 13:00:00+08:00,22.25,22.25,22.25,22.25,3050,0.0,0.0
2025-08-21 13:05:00+08:00,22.25,22.25,22.25,22.25,3006,0.0,0.0
2025-08-21 13:10:00+08:00,22.200000762939453,22.299999237060547,22.200000762939453,22.299999237060547,9001,0.0,0.0
2025-08-22 09:00:00+08:00,22.200000762939453,22.200000762939453,22.200000762939453,22.200000762939453,0,0.0,0.0
2025-08-22 09:05:00+08:00,22.200000762939453,22.200000762939453,22.200000762939453,22.200000762939453,1015,0.0,0.0
2025-08-22 09:10:00+08:00,22.149999618530273,22.200000762939453,22.149999618530273,22.200000762939453,2002,0.0,0.0
2025-08-22 09:15:00+08:00,22.200000762939453,22.200000762939453,22.200000762939453,22.200000762939453,2000,0.0,0.0
2025-08-22 09:20:00+08:00,22.149999618530273,22.149999618530273,22.149999618530273,22.149999618530273,2000,0.0,0.0
2025-08-22 09:30:00+08:00,22.25,22.25,22.25,22.25,1030,0.0,0.0
2025-08-22 10:10:00+08:00,22.149999618530273,22.149999618530273,22.149999618530273,22.149999618530273,1000,0.0,0.0
2025-08-22 10:25:00+08:00,22.149999618530273,22.200000762939453,22.149999618530273,22.200000762939453,4001,0.0,0.0
2025-08-22 10:30:00+08:00,22.25,22.25,22.25,22.25,1001,0.0,0.0
2025-08-22 10:45:00+08:00,22.200000762939453,22.200000762939453,22.149999618530273,22.149999618530273,2000,0.0,0.0
2025-08-22 10:50:00+08:00,22.149999618530273,22.149999618530273,22.149999618530273,22.149999618530273,1000,0.0,0.0
2025-08-22 11:10:00+08:00,22.149999618530273,22.149999618530273,22.149999618530273,22.149999618530273,2000,0.0,0.0
2025-08-22 11:15:00+08:00,22.149999618530273,22.149999618530273,22.149999618530273,22.149999618530273,4003,0.0,0.0
2025-08-22 11:20:00+08:00,22.149999618530273,22.149999618530273,22.149999618530273,22.149999618530273,1001,0.0,0.0
2025-08-22 11:25:00+08:00,22.149999618530273,22.149999618530273,22.149999618530273,22.149999618530273,1000,0.0,0.0
2025-08-22 11:35:00+08:00,22.149999618530273,22.149999618530273,22.149999618530273,22.149999618530273,1000,0.0,0.0
2025-08-22 11:45:00+08:00,22.149999618530273,22.149999618530273,22.149999618530273,22.149999618530273,1000,0.0,0.0
2025-08-22 11:50:00+08:00,22.100000381469727,22.100000381469727,22.100000381469727,22.100000381469727,13010,0.0,0.0
2025-08-22 12:00:00+08:00,22.100000381469727,22.100000381469727,22.100000381469727,22.100000381469727,8000,0.0,0.0
2025-08-22 12:05:00+08:00,22.100000381469727,22.100000381469727,22.100000381469727,22.100000381469727,5000,0.0,0.0
2025-08-22 12:10:00+08:00,22.100000381469727,22.149999618530273,22.100000381469727,22.149999618530273,2002,0.0,0.0
2025-08-22 12:25:00+08:00,22.149999618530273,22.149999618530273,22.149999618530273,22.149999618530273,5000,0.0,0.0
2025-08-22 12:30:00+08:00,22.200000762939453,22.200000762939453,22.200000762939453,22.200000762939453,1000,0.0,0.0
2025-08-22 12:35:00+08:00,22.100000381469727,22.100000381469727,22.100000381469727,22.100000381469727,1000,0.0,0.0
2025-08-22 12:40:00+08:00,22.100000381469727,22.100000381469727,22.100000381469727,22.100000381469727,7000,0.0,0.0
2025-08-22 12:50:00+08:00,22.100000381469727,22.100000381469727,22.100000381469727,22.100000381469727,1000,0.0,0.0
2025-08-22 12:55:00+08:00,22.100000381469727,22.100000381469727,22.100000381469727,22.100000381469727,11001,0.0,0.0
2025-08-22 13:00:00+08:00,22.200000762939453,22.200000762939453,22.200000762939453,22.200000762939453,2000,0.0,0.0
2025-08-22 13:05:00+08:00,22.200000762939453,22.200000762939453,22.200000762939453,22.200000762939453,1000,0.0,0.0
2025-08-22 13:10:00+08:00,22.200000762939453,22.200000762939453,22.200000762939453,22.200000762939453,1170,0.0,0.0
2025-08-22 13:15:00+08:00,22.100000381469727,22.100000381469727,22.100000381469727,22.100000381469727,1001,0.0,0.0
2025-08-22 13:20:00+08:00,22.049999237060547,22.049999237060547,22.049999237060547,22.049999237060547,1490,0.0,0.0
2025-08-25 09:00:00+08:00,22.25,22.25,22.25,22.25,0,0.0,0.0
2025-08-25 09:05:00+08:00,22.25,22.25,22.200000762939453,22.200000762939453,10019,0.0,0.0
2025-08-25 09:10:00+08:00,22.200000762939453,22.200000762939453,22.200000762939453,22.200000762939453,16061,0.0,0.0
2025-08-25 09:15:00+08:00,22.149999618530273,22.200000762939453,22.149999618530273,22.200000762939453,12000,0.0,0.0
2025-08-25 09:20:00+08:00,22.200000762939453,22.350000381469727,22.200000762939453,22.350000381469727,5001,0.0,0.0
2025-08-25 09:30:00+08:00,22.299999237060547,22.299999237060547,22.299999237060547,22.299999237060547,1219,0.0,0.0
2025-08-25 09:35:00+08:00,22.25,22.25,22.200000762939453,22.200000762939453,5000,0.0,0.0
2025-08-25 09:40:00+08:00,22.299999237060547,22.299999237060547,22.200000762939453,22.200000762939453,3001,0.0,0.0
2025-08-25 09:45:00+08:00,22.200000762939453,22.200000762939453,22.149999618530273,22.149999618530273,6019,0.0,0.0
2025-08-25 09:50:00+08:00,22.299999237060547,22.299999237060547,22.299999237060547,22.299999237060547,1000,0.0,0.0
2025-08-25 10:00:00+08:00,22.25,22.25,22.200000762939453,22.200000762939453,2000,0.0,0.0
2025-08-25 10:10:00+08:00,22.149999618530273,22.149999618530273,22.149999618530273,22.149999618530273,3000,0.0,0.0
2025-08-25 10:15:00+08:00,22.200000762939453,22.200000762939453,22.200000762939453,22.200000762939453,5000,0.0,0.0
2025-08-25 10:20:00+08:00,22.200000762939453,22.200000762939453,22.149999618530273,22.149999618530273,11000,0.0,0.0
2025-08-25 10:25:00+08:00,22.200000762939453,22.200000762939453,22.149999618530273,22.149999618530273,4000,0.0,0.0
2025-08-25 10:30:00+08:00,22.25,22.25,22.25,22.25,2000,0.0,0.0
2025-08-25 10:40:00+08:00,22.200000762939453,22.200000762939453,22.100000381469727,22.100000381469727,2000,0.0,0.0
2025-08-25 10:45:00+08:00,22.100000381469727,22.149999618530273,22.100000381469727,22.149999618530273,6000,0.0,0.0
2025-08-25 10:50:00+08:00,22.200000762939453,22.200000762939453,22.200000762939453,22.200000762939453,1001,0.0,0.0
2025-08-25 11:05:00+08:00,22.100000381469727,22.100000381469727,22.049999237060547,22.049999237060547,9000,0.0,0.0
2025-08-25 11:10:00+08:00,22.149999618530273,22.149999618530273,22.049999237060547,22.049999237060547,2057,0.0,0.0
2025-08-25 11:15:00+08:00,22.100000381469727,22.100000381469727,22.049999237060547,22.100000381469727,12994,0.0,0.0
2025-08-25 11:20:00+08:00,22.100000381469727,22.100000381469727,22.100000381469727,22.100000381469727,4029,0.0,0.0
2025-08-25 11:35:00+08:00,22.049999237060547,22.100000381469727,22.049999237060547,22.100000381469727,4000,0.0,0.0
2025-08-25 11:40:00+08:00,22.149999618530273,22.149999618530273,22.100000381469727,22.100000381469727,2001,0.0,0.0
2025-08-25 11:45:00+08:00,22.049999237060547,22.049999237060547,22.049999237060547,22.049999237060547,3157,0.0,0.0
2025-08-25 11:50:00+08:00,22.049999237060547,22.049999237060547,21.950000762939453,22.0,28100,0.0,0.0
2025-08-25 11:55:00+08:00,22.0,22.0,22.0,22.0,10436,0.0,0.0
2025-08-25 12:00:00+08:00,22.0,22.049999237060547,22.0,22.049999237060547,5000,0.0,0.0
2025-08-25 12:05:00+08:00,22.0,22.0,22.0,22.0,2000,0.0,0.0
2025-08-25 12:10:00+08:00,22.049999237060547,22.049999237060547,22.049999237060547,22.049999237060547,12000,0.0,0.0
2025-08-25 12:15:00+08:00,22.0,22.0,22.0,22.0,3000,0.0,0.0
2025-08-25 12:20:00+08:00,22.100000381469727,22.100000381469727,22.0,22.0,5013,0.0,0.0
2025-08-25 12:45:00+08:00,22.049999237060547,22.049999237060547,22.0,22.0,6000,0.0,0.0
2025-08-25 12:50:00+08:00,22.100000381469727,22.100000381469727,22.100000381469727,22.100000381469727,1001,0.0,0.0
2025-08-25 13:00:00+08:00,22.049999237060547,22.049999237060547,22.049999237060547,22.049999237060547,1002,0.0,0.0
2025-08-25 13:05:00+08:00,22.049999237060547,22.049999237060547,22.0,22.0,4000,0.0,0.0
2025-08-25 13:10:00+08:00,22.0,22.100000381469727,22.0,22.100000381469727,15000,0.0,0.0
2025-08-25 13:15:00+08:00,22.0,22.049999237060547,22.0,22.049999237060547,11000,0.0,0.0
2025-08-25 13:20:00+08:00,22.0,22.0,21.950000762939453,22.0,16250,0.0,0.0
2025-08-26 09:00:00+08:00,22.0,22.0,21.950000762939453,22.0,0,0.0,0.0
2025-08-26 09:20:00+08:00,22.0,22.0,21.850000381469727,21.850000381469727,20000,0.0,0.0
2025-08-26 09:25:00+08:00,21.850000381469727,21.850000381469727,21.799999237060547,21.799999237060547,7149,0.0,0.0
2025-08-26 09:35:00+08:00,21.799999237060547,21.799999237060547,21.799999237060547,21.799999237060547,21000,0.0,0.0
2025-08-26 09:40:00+08:00,21.850000381469727,21.899999618530273,21.850000381469727,21.850000381469727,10000,0.0,0.0
2025-08-26 09:45:00+08:00,21.850000381469727,21.850000381469727,21.799999237060547,21.799999237060547,5000,0.0,0.0
2025-08-26 09:50:00+08:00,21.799999237060547,21.899999618530273,21.799999237060547,21.899999618530273,10000,0.0,0.0
2025-08-26 09:55:00+08:00,21.850000381469727,21.850000381469727,21.850000381469727,21.850000381469727,1009,0.0,0.0
2025-08-26 10:05:00+08:00,21.850000381469727,21.850000381469727,21.850000381469727,21.850000381469727,3000,0.0,0.0
2025-08-26 10:10:00+08:00,21.799999237060547,21.899999618530273,21.799999237060547,21.899999618530273,9000,0.0,0.0
2025-08-26 10:15:00+08:00,21.899999618530273,21.899999618530273,21.899999618530273,21.899999618530273,1000,0.0,0.0
2025-08-26 10:25:00+08:00,21.850000381469727,21.850000381469727,21.850000381469727,21.850000381469727,4198,0.0,0.0
2025-08-26 10:30:00+08:00,21.850000381469727,21.850000381469727,21.850000381469727,21.850000381469727,7000,0.0,0.0
2025-08-26 10:35:00+08:00,21.850000381469727,21.850000381469727,21.850000381469727,21.850000381469727,2000,0.0,0.0
2025-08-26 10:40:00+08:00,21.850000381469727,21.899999618530273,21.850000381469727,21.899999618530273,3000,0.0,0.0
2025-08-26 10:55:00+08:00,21.850000381469727,21.850000381469727,21.850000381469727,21.850000381469727,2000,0.0,0.0
2025-08-26 11:00:00+08:00,21.850000381469727,21.850000381469727,21.75,21.75,42312,0.0,0.0
2025-08-26 11:05:00+08:00,21.75,21.799999237060547,21.75,21.799999237060547,22000,0.0,0.0
2025-08-26 11:10:00+08:00,21.850000381469727,21.899999618530273,21.850000381469727,21.899999618530273,10000,0.0,0.0
2025-08-26 11:20:00+08:00,21.899999618530273,21.899999618530273,21.799999237060547,21.799999237060547,4000,0.0,0.0
2025-08-26 11:30:00+08:00,21.850000381469727,21.850000381469727,21.850000381469727,21.850000381469727,1000,0.0,0.0
2025-08-26 11:35:00+08:00,21.75,21.75,21.75,21.75,7000,0.0,0.0
2025-08-26 11:40:00+08:00,21.850000381469727,21.850000381469727,21.850000381469727,21.850000381469727,1000,0.0,0.0
2025-08-26 11:45:00+08:00,21.75,21.75,21.75,21.75,1500,0.0,0.0
2025-08-26 11:50:00+08:00,21.700000762939453,21.700000762939453,21.649999618530273,21.649999618530273,40778,0.0,0.0
2025-08-26 11:55:00+08:00,21.649999618530273,21.649999618530273,21.649999618530273,21.649999618530273,2000,0.0,0.0
2025-08-26 12:00:00+08:00,21.600000381469727,21.649999618530273,21.600000381469727,21.600000381469727,51099,0.0,0.0
2025-08-26 12:05:00+08:00,21.600000381469727,21.600000381469727,21.549999237060547,21.600000381469727,15433,0.0,0.0
2025-08-26 12:10:00+08:00,21.649999618530273,21.700000762939453,21.549999237060547,21.549999237060547,12000,0.0,0.0
2025-08-26 12:20:00+08:00,21.700000762939453,21.700000762939453,21.600000381469727,21.600000381469727,3000,0.0,0.0
2025-08-26 12:30:00+08:00,21.600000381469727,21.600000381469727,21.549999237060547,21.549999237060547,23077,0.0,0.0
2025-08-26 12:35:00+08:00,21.600000381469727,21.600000381469727,21.549999237060547,21.549999237060547,9000,0.0,0.0
2025-08-26 12:40:00+08:00,21.600000381469727,21.649999618530273,21.549999237060547,21.549999237060547,13000,0.0,0.0
2025-08-26 12:45:00+08:00,21.5,21.5,21.5,21.5,2000,0.0,0.0
2025-08-26 12:50:00+08:00,21.600000381469727,21.600000381469727,21.600000381469727,21.600000381469727,2028,0.0,0.0
2025-08-26 12:55:00+08:00,21.600000381469727,21.600000381469727,21.549999237060547,21.600000381469727,21133,0.0,0.0
2025-08-26 13:00:00+08:00,21.649999618530273,21.649999618530273,21.649999618530273,21.649999618530273,9000,0.0,0.0
2025-08-26 13:05:00+08:00,21.649999618530273,21.649999618530273,21.649999618530273,21.649999618530273,1000,0.0,0.0
2025-08-26 13:10:00+08:00,21.649999618530273,21.649999618530273,21.649999618530273,21.649999618530273,1000,0.0,0.0
2025-08-26 13:15:00+08:00,21.649999618530273,21.649999618530273,21.649999618530273,21.649999618530273,1000,0.0,0.0
2025-08-26 13:20:00+08:00,21.600000381469727,21.649999618530273,21.600000381469727,21.600000381469727,10800,0.0,0.0
2025-08-27 09:00:00+08:00,21.5,21.549999237060547,21.5,21.5,0,0.0,0.0
2025-08-27 09:05:00+08:00,21.5,21.649999618530273,21.5,21.649999618530273,37001,0.0,0.0
2025-08-27 09:10:00+08:00,21.649999618530273,21.700000762939453,21.649999618530273,21.700000762939453,5001,0.0,0.0
2025-08-27 09:15:00+08:00,21.700000762939453,21.700000762939453,21.700000762939453,21.700000762939453,3000,0.0,0.0
2025-08-27 09:20:00+08:00,21.700000762939453,21.700000762939453,21.700000762939453,21.700000762939453,7000,0.0,0.0
2025-08-27 09:25:00+08:00,21.700000762939453,21.75,21.700000762939453,21.75,15000,0.0,0.0
2025-08-27 09:30:00+08:00,21.799999237060547,21.799999237060547,21.75,21.75,8000,0.0,0.0
2025-08-27 09:35:00+08:00,21.75,21.75,21.75,21.75,3000,0.0,0.0
2025-08-27 09:40:00+08:00,21.799999237060547,21.799999237060547,21.799999237060547,21.799999237060547,2001,0.0,0.0
2025-08-27 09:45:00+08:00,21.75,21.75,21.75,21.75,6000,0.0,0.0
2025-08-27 09:50:00+08:00,21.75,21.799999237060547,21.700000762939453,21.75,23000,0.0,0.0
2025-08-27 09:55:00+08:00,21.75,21.75,21.75,21.75,2000,0.0,0.0
2025-08-27 10:00:00+08:00,21.799999237060547,21.899999618530273,21.799999237060547,21.899999618530273,26000,0.0,0.0
2025-08-27 10:05:00+08:00,21.850000381469727,21.850000381469727,21.850000381469727,21.850000381469727,2000,0.0,0.0
2025-08-27 10:10:00+08:00,21.850000381469727,21.899999618530273,21.850000381469727,21.899999618530273,4000,0.0,0.0
2025-08-27 10:25:00+08:00,21.850000381469727,21.850000381469727,21.850000381469727,21.850000381469727,2002,0.0,0.0
2025-08-27 10:30:00+08:00,21.850000381469727,21.850000381469727,21.799999237060547,21.799999237060547,6026,0.0,0.0
2025-08-27 10:40:00+08:00,21.799999237060547,21.799999237060547,21.799999237060547,21.799999237060547,1000,0.0,0.0
2025-08-27 10:45:00+08:00,21.75,21.75,21.75,21.75,3262,0.0,0.0
2025-08-27 10:55:00+08:00,21.700000762939453,21.75,21.700000762939453,21.700000762939453,13000,0.0,0.0
2025-08-27 11:00:00+08:00,21.799999237060547,21.799999237060547,21.799999237060547,21.799999237060547,2000,0.0,0.0
2025-08-27 11:05:00+08:00,21.799999237060547,21.799999237060547,21.799999237060547,21.799999237060547,8000,0.0,0.0
2025-08-27 11:10:00+08:00,21.799999237060547,21.799999237060547,21.799999237060547,21.799999237060547,2000,0.0,0.0
2025-08-27 11:15:00+08:00,21.799999237060547,21.799999237060547,21.799999237060547,21.799999237060547,1000,0.0,0.0
2025-08-27 11:20:00+08:00,21.700000762939453,21.75,21.700000762939453,21.700000762939453,24001,0.0,0.0
2025-08-27 11:25:00+08:00,21.700000762939453,21.700000762939453,21.700000762939453,21.700000762939453,1000,0.0,0.0
2025-08-27 11:30:00+08:00,21.700000762939453,21.700000762939453,21.700000762939453,21.700000762939453,5000,0.0,0.0
2025-08-27 11:40:00+08:00,21.799999237060547,21.799999237060547,21.799999237060547,21.799999237060547,14000,0.0,0.0
2025-08-27 11:45:00+08:00,21.75,21.75,21.75,21.75,2000,0.0,0.0
2025-08-27 11:50:00+08:00,21.799999237060547,21.799999237060547,21.799999237060547,21.799999237060547,2010,0.0,0.0
2025-08-27 11:55:00+08:00,21.700000762939453,21.700000762939453,21.700000762939453,21.700000762939453,1004,0.0,0.0
2025-08-27 12:05:00+08:00,21.700000762939453,21.700000762939453,21.700000762939453,21.700000762939453,4018,0.0,0.0
2025-08-27 12:10:00+08:00,21.799999237060547,21.799999237060547,21.799999237060547,21.799999237060547,1442,0.0,0.0
2025-08-27 12:25:00+08:00,21.700000762939453,21.700000762939453,21.700000762939453,21.700000762939453,2517,0.0,0.0
2025-08-27 12:30:00+08:00,21.75,21.75,21.649999618530273,21.649999618530273,5000,0.0,0.0
2025-08-27 12:45:00+08:00,21.649999618530273,21.649999618530273,21.649999618530273,21.649999618530273,5000,0.0,0.0
2025-08-27 12:50:00+08:00,21.75,21.75,21.75,21.75,1001,0.0,0.0
2025-08-27 12:55:00+08:00,21.700000762939453,21.700000762939453,21.700000762939453,21.700000762939453,2271,0.0,0.0
2025-08-27 13:00:00+08:00,21.700000762939453,21.700000762939453,21.700000762939453,21.700000762939453,9000,0.0,0.0
2025-08-27 13:10:00+08:00,21.700000762939453,21.700000762939453,21.700000762939453,21.700000762939453,1000,0.0,0.0
2025-08-27 13:15:00+08:00,21.700000762939453,21.700000762939453,21.700000762939453,21.700000762939453,2000,0.0,0.0
2025-08-27 13:20:00+08:00,21.649999618530273,21.649999618530273,21.649999618530273,21.649999618530273,2000,0.0,0.0
2025-08-28 09:00:00+08:00,21.700000762939453,21.700000762939453,21.700000762939453,21.700000762939453,0,0.0,0.0
2025-08-28 09:05:00+08:00,21.649999618530273,21.649999618530273,21.649999618530273,21.649999618530273,1001,0.0,0.0
2025-08-28 09:10:00+08:00,21.649999618530273,21.649999618530273,21.649999618530273,21.649999618530273,2030,0.0,0.0
2025-08-28 09:20:00+08:00,21.700000762939453,21.700000762939453,21.700000762939453,21.700000762939453,13000,0.0,0.0
2025-08-28 09:25:00+08:00,21.649999618530273,21.700000762939453,21.649999618530273,21.700000762939453,5001,0.0,0.0
2025-08-28 09:30:00+08:00,21.700000762939453,21.75,21.700000762939453,21.75,3000,0.0,0.0
2025-08-28 09:35:00+08:00,21.75,21.75,21.75,21.75,2042,0.0,0.0
2025-08-28 09:40:00+08:00,21.75,21.799999237060547,21.700000762939453,21.700000762939453,6000,0.0,0.0
2025-08-28 09:50:00+08:00,21.700000762939453,21.799999237060547,21.700000762939453,21.799999237060547,3000,0.0,0.0
2025-08-28 09:55:00+08:00,21.700000762939453,21.799999237060547,21.700000762939453,21.700000762939453,14000,0.0,0.0
2025-08-28 10:00:00+08:00,21.799999237060547,21.799999237060547,21.799999237060547,21.799999237060547,2000,0.0,0.0
2025-08-28 10:20:00+08:00,21.75,21.75,21.75,21.75,1000,0.0,0.0
2025-08-28 10:25:00+08:00,21.75,21.75,21.75,21.75,8000,0.0,0.0
2025-08-28 10:30:00+08:00,21.799999237060547,21.799999237060547,21.799999237060547,21.799999237060547,7000,0.0,0.0
2025-08-28 10:35:00+08:00,21.799999237060547,21.799999237060547,21.799999237060547,21.799999237060547,1000,0.0,0.0
2025-08-28 10:40:00+08:00,21.799999237060547,21.799999237060547,21.799999237060547,21.799999237060547,1204,0.0,0.0
2025-08-28 11:10:00+08:00,21.799999237060547,21.799999237060547,21.799999237060547,21.799999237060547,2000,0.0,0.0
2025-08-28 11:15:00+08:00,21.75,21.799999237060547,21.75,21.799999237060547,6000,0.0,0.0
2025-08-28 11:20:00+08:00,21.799999237060547,21.799999237060547,21.75,21.799999237060547,16000,0.0,0.0
2025-08-28 11:25:00+08:00,21.799999237060547,21.799999237060547,21.799999237060547,21.799999237060547,10000,0.0,0.0
2025-08-28 11:30:00+08:00,21.799999237060547,21.799999237060547,21.799999237060547,21.799999237060547,2000,0.0,0.0
2025-08-28 11:35:00+08:00,21.850000381469727,21.850000381469727,21.850000381469727,21.850000381469727,12000,0.0,0.0
2025-08-28 11:40:00+08:00,21.850000381469727,21.899999618530273,21.850000381469727,21.899999618530273,9001,0.0,0.0
2025-08-28 11:45:00+08:00,21.850000381469727,21.850000381469727,21.850000381469727,21.850000381469727,3000,0.0,0.0
2025-08-28 11:50:00+08:00,21.850000381469727,21.899999618530273,21.850000381469727,21.899999618530273,4000,0.0,0.0
2025-08-28 11:55:00+08:00,21.799999237060547,21.799999237060547,21.799999237060547,21.799999237060547,21050,0.0,0.0
2025-08-28 12:10:00+08:00,21.850000381469727,21.850000381469727,21.850000381469727,21.850000381469727,4001,0.0,0.0
2025-08-28 12:25:00+08:00,21.799999237060547,21.799999237060547,21.799999237060547,21.799999237060547,2000,0.0,0.0
2025-08-28 12:30:00+08:00,21.799999237060547,21.850000381469727,21.799999237060547,21.850000381469727,3000,0.0,0.0
2025-08-28 12:40:00+08:00,21.850000381469727,21.850000381469727,21.850000381469727,21.850000381469727,1015,0.0,0.0
2025-08-28 12:50:00+08:00,21.799999237060547,21.799999237060547,21.799999237060547,21.799999237060547,3000,0.0,0.0
2025-08-28 12:55:00+08:00,21.799999237060547,21.799999237060547,21.799999237060547,21.799999237060547,7000,0.0,0.0
2025-08-28 13:00:00+08:00,21.799999237060547,21.799999237060547,21.799999237060547,21.799999237060547,3000,0.0,0.0
2025-08-28 13:05:00+08:00,21.75,21.75,21.75,21.75,2000,0.0,0.0
2025-08-28 13:10:00+08:00,21.799999237060547,21.799999237060547,21.799999237060547,21.799999237060547,6133,0.0,0.0
2025-08-28 13:20:00+08:00,21.799999237060547,21.799999237060547,21.799999237060547,21.799999237060547,3496,0.0,0.0
2025-08-29 09:00:00+08:00,22.0,22.0,21.950000762939453,21.950000762939453,0,0.0,0.0
2025-08-29 09:05:00+08:00,21.950000762939453,21.950000762939453,21.899999618530273,21.899999618530273,4001,0.0,0.0
2025-08-29 09:10:00+08:00,21.899999618530273,21.899999618530273,21.899999618530273,21.899999618530273,6000,0.0,0.0
2025-08-29 09:15:00+08:00,21.850000381469727,21.899999618530273,21.850000381469727,21.850000381469727,8000,0.0,0.0
2025-08-29 09:20:00+08:00,21.850000381469727,21.950000762939453,21.850000381469727,21.850000381469727,5000,0.0,0.0
2025-08-29 09:25:00+08:00,21.850000381469727,21.850000381469727,21.850000381469727,21.850000381469727,1000,0.0,0.0
2025-08-29 09:30:00+08:00,21.799999237060547,21.850000381469727,21.799999237060547,21.850000381469727,2000,0.0,0.0
2025-08-29 09:40:00+08:00,21.899999618530273,21.899999618530273,21.899999618530273,21.899999618530273,3000,0.0,0.0
2025-08-29 09:45:00+08:00,21.850000381469727,21.850000381469727,21.850000381469727,21.850000381469727,1000,0.0,0.0
2025-08-29 09:50:00+08:00,21.899999618530273,21.899999618530273,21.850000381469727,21.850000381469727,2000,0.0,0.0
2025-08-29 10:10:00+08:00,21.850000381469727,21.850000381469727,21.850000381469727,21.850000381469727,3000,0.0,0.0
2025-08-29 10:15:00+08:00,21.850000381469727,21.850000381469727,21.850000381469727,21.850000381469727,4000,0.0,0.0
2025-08-29 10:20:00+08:00,21.899999618530273,21.899999618530273,21.899999618530273,21.899999618530273,1150,0.0,0.0
2025-08-29 10:40:00+08:00,21.850000381469727,21.850000381469727,21.850000381469727,21.850000381469727,2718,0.0,0.0
2025-08-29 10:50:00+08:00,21.850000381469727,21.850000381469727,21.850000381469727,21.850000381469727,1076,0.0,0.0
2025-08-29 11:00:00+08:00,21.850000381469727,21.850000381469727,21.850000381469727,21.850000381469727,4099,0.0,0.0
2025-08-29 11:05:00+08:00,21.850000381469727,21.850000381469727,21.850000381469727,21.850000381469727,2001,0.0,0.0
2025-08-29 11:10:00+08:00,21.850000381469727,21.850000381469727,21.799999237060547,21.799999237060547,6000,0.0,0.0
2025-08-29 11:20:00+08:00,21.850000381469727,21.850000381469727,21.850000381469727,21.850000381469727,3079,0.0,0.0
2025-08-29 11:30:00+08:00,21.850000381469727,21.850000381469727,21.850000381469727,21.850000381469727,1051,0.0,0.0
2025-08-29 11:40:00+08:00,21.799999237060547,21.799999237060547,21.799999237060547,21.799999237060547,1000,0.0,0.0
2025-08-29 11:45:00+08:00,21.799999237060547,21.850000381469727,21.799999237060547,21.850000381469727,13000,0.0,0.0
2025-08-29 11:50:00+08:00,21.850000381469727,21.850000381469727,21.850000381469727,21.850000381469727,4000,0.0,0.0
2025-08-29 11:55:00+08:00,21.850000381469727,21.850000381469727,21.850000381469727,21.850000381469727,2001,0.0,0.0
2025-08-29 12:05:00+08:00,21.850000381469727,21.850000381469727,21.850000381469727,21.850000381469727,1000,0.0,0.0
2025-08-29 12:10:00+08:00,21.899999618530273,21.899999618530273,21.850000381469727,21.850000381469727,3000,0.0,0.0
2025-08-29 12:15:00+08:00,21.799999237060547,21.850000381469727,21.799999237060547,21.850000381469727,7100,0.0,0.0
2025-08-29 12:20:00+08:00,21.850000381469727,21.899999618530273,21.850000381469727,21.899999618530273,9000,0.0,0.0
2025-08-29 12:30:00+08:00,21.899999618530273,21.899999618530273,21.899999618530273,21.899999618530273,1000,0.0,0.0
2025-08-29 12:35:00+08:00,21.850000381469727,21.850000381469727,21.850000381469727,21.850000381469727,4001,0.0,0.0
2025-08-29 12:40:00+08:00,21.850000381469727,21.850000381469727,21.850000381469727,21.850000381469727,1001,0.0,0.0
2025-08-29 12:45:00+08:00,21.799999237060547,21.799999237060547,21.799999237060547,21.799999237060547,6000,0.0,0.0
2025-08-29 12:50:00+08:00,21.850000381469727,21.850000381469727,21.850000381469727,21.850000381469727,1000,0.0,0.0
2025-08-29 13:00:00+08:00,21.799999237060547,21.799999237060547,21.799999237060547,21.799999237060547,5000,0.0,0.0
2025-08-29 13:05:00+08:00,21.799999237060547,21.799999237060547,21.799999237060547,21.799999237060547,5002,0.0,0.0
2025-08-29 13:10:00+08:00,21.850000381469727,21.850000381469727,21.799999237060547,21.799999237060547,4000,0.0,0.0
2025-08-29 13:15:00+08:00,21.799999237060547,21.799999237060547,21.799999237060547,21.799999237060547,10489,0.0,0.0
2025-09-01 09:00:00+08:00,21.899999618530273,21.899999618530273,21.799999237060547,21.799999237060547,0,0.0,0.0
2025-09-01 09:05:00+08:00,21.700000762939453,21.700000762939453,21.700000762939453,21.700000762939453,4036,0.0,0.0
2025-09-01 09:15:00+08:00,21.700000762939453,21.700000762939453,21.700000762939453,21.700000762939453,1000,0.0,0.0
2025-09-01 09:20:00+08:00,21.799999237060547,21.799999237060547,21.799999237060547,21.799999237060547,1003,0.0,0.0
2025-09-01 09:25:00+08:00,21.649999618530273,21.649999618530273,21.649999618530273,21.649999618530273,3000,0.0,0.0
2025-09-01 09:30:00+08:00,21.700000762939453,21.700000762939453,21.700000762939453,21.700000762939453,7001,0.0,0.0
2025-09-01 09:40:00+08:00,21.75,21.75,21.75,21.75,2000,0.0,0.0
2025-09-01 09:45:00+08:00,21.700000762939453,21.700000762939453,21.700000762939453,21.700000762939453,1000,0.0,0.0
2025-09-01 09:50:00+08:00,21.700000762939453,21.75,21.700000762939453,21.75,13000,0.0,0.0
2025-09-01 09:55:00+08:00,21.700000762939453,21.700000762939453,21.700000762939453,21.700000762939453,5000,0.0,0.0
2025-09-01 10:00:00+08:00,21.700000762939453,21.700000762939453,21.700000762939453,21.700000762939453,7000,0.0,0.0
2025-09-01 10:05:00+08:00,21.700000762939453,21.700000762939453,21.600000381469727,21.600000381469727,39000,0.0,0.0
2025-09-01 10:10:00+08:00,21.600000381469727,21.649999618530273,21.549999237060547,21.600000381469727,50000,0.0,0.0
2025-09-01 10:15:00+08:00,21.600000381469727,21.600000381469727,21.549999237060547,21.549999237060547,13198,0.0,0.0
2025-09-01 10:20:00+08:00,21.600000381469727,21.600000381469727,21.5,21.5,19100,0.0,0.0
2025-09-01 10:30:00+08:00,21.549999237060547,21.600000381469727,21.5,21.5,12000,0.0,0.0
2025-09-01 10:35:00+08:00,21.549999237060547,21.549999237060547,21.549999237060547,21.549999237060547,11000,0.0,0.0
2025-09-01 10:40:00+08:00,21.5,21.600000381469727,21.5,21.549999237060547,12000,0.0,0.0
2025-09-01 10:45:00+08:00,21.549999237060547,21.549999237060547,21.549999237060547,21.549999237060547,6000,0.0,0.0
2025-09-01 10:50:00+08:00,21.600000381469727,21.600000381469727,21.450000762939453,21.450000762939453,23000,0.0,0.0
2025-09-01 10:55:00+08:00,21.450000762939453,21.450000762939453,21.450000762939453,21.450000762939453,2237,0.0,0.0
2025-09-01 11:10:00+08:00,21.549999237060547,21.549999237060547,21.450000762939453,21.450000762939453,6137,0.0,0.0
2025-09-01 11:25:00+08:00,21.450000762939453,21.450000762939453,21.399999618530273,21.399999618530273,26100,0.0,0.0
2025-09-01 11:30:00+08:00,21.399999618530273,21.5,21.350000381469727,21.350000381469727,27277,0.0,0.0
2025-09-01 11:45:00+08:00,21.399999618530273,21.399999618530273,21.399999618530273,21.399999618530273,7000,0.0,0.0
2025-09-01 11:50:00+08:00,21.450000762939453,21.450000762939453,21.450000762939453,21.450000762939453,7000,0.0,0.0
2025-09-01 11:55:00+08:00,21.399999618530273,21.399999618530273,21.399999618530273,21.399999618530273,22000,0.0,0.0
2025-09-01 12:10:00+08:00,21.450000762939453,21.5,21.450000762939453,21.5,4001,0.0,0.0
2025-09-01 12:30:00+08:00,21.5,21.5,21.5,21.5,1051,0.0,0.0
2025-09-01 12:35:00+08:00,21.450000762939453,21.450000762939453,21.450000762939453,21.450000762939453,3000,0.0,0.0
2025-09-01 12:40:00+08:00,21.399999618530273,21.399999618530273,21.350000381469727,21.350000381469727,31000,0.0,0.0
2025-09-01 12:50:00+08:00,21.450000762939453,21.450000762939453,21.399999618530273,21.399999618530273,7214,0.0,0.0
2025-09-01 13:00:00+08:00,21.450000762939453,21.450000762939453,21.450000762939453,21.450000762939453,4000,0.0,0.0
2025-09-01 13:10:00+08:00,21.399999618530273,21.399999618530273,21.399999618530273,21.399999618530273,1015,0.0,0.0
2025-09-01 13:15:00+08:00,21.399999618530273,21.399999618530273,21.399999618530273,21.399999618530273,6000,0.0,0.0
2025-09-01 13:20:00+08:00,21.399999618530273,21.399999618530273,21.399999618530273,21.399999618530273,1000,0.0,0.0
2025-09-02 09:00:00+08:00,21.549999237060547,21.549999237060547,21.549999237060547,21.549999237060547,0,0.0,0.0
2025-09-02 09:15:00+08:00,21.549999237060547,21.549999237060547,21.549999237060547,21.549999237060547,6000,0.0,0.0
2025-09-02 09:20:00+08:00,21.600000381469727,21.600000381469727,21.549999237060547,21.549999237060547,2000,0.0,0.0
2025-09-02 09:25:00+08:00,21.549999237060547,21.549999237060547,21.5,21.5,6000,0.0,0.0
2025-09-02 09:30:00+08:00,21.549999237060547,21.549999237060547,21.549999237060547,21.549999237060547,1001,0.0,0.0
2025-09-02 09:55:00+08:00,21.450000762939453,21.450000762939453,21.399999618530273,21.399999618530273,4000,0.0,0.0
2025-09-02 10:00:00+08:00,21.5,21.5,21.350000381469727,21.399999618530273,7226,0.0,0.0
2025-09-02 10:10:00+08:00,21.399999618530273,21.549999237060547,21.399999618530273,21.399999618530273,8100,0.0,0.0
2025-09-02 10:20:00+08:00,21.5,21.5,21.5,21.5,2183,0.0,0.0
2025-09-02 10:25:00+08:00,21.350000381469727,21.350000381469727,21.350000381469727,21.350000381469727,1000,0.0,0.0
2025-09-02 10:30:00+08:00,21.399999618530273,21.399999618530273,21.200000762939453,21.200000762939453,33168,0.0,0.0
2025-09-02 10:35:00+08:00,21.149999618530273,21.149999618530273,21.149999618530273,21.149999618530273,1002,0.0,0.0
2025-09-02 10:40:00+08:00,21.299999237060547,21.350000381469727,21.299999237060547,21.350000381469727,5000,0.0,0.0
2025-09-02 10:45:00+08:00,21.299999237060547,21.299999237060547,21.25,21.25,2000,0.0,0.0
2025-09-02 10:50:00+08:00,21.350000381469727,21.350000381469727,21.200000762939453,21.200000762939453,5000,0.0,0.0
2025-09-02 11:00:00+08:00,21.299999237060547,21.299999237060547,21.299999237060547,21.299999237060547,1102,0.0,0.0
2025-09-02 11:05:00+08:00,21.200000762939453,21.200000762939453,21.149999618530273,21.149999618530273,12231,0.0,0.0
2025-09-02 11:10:00+08:00,21.100000381469727,21.149999618530273,21.100000381469727,21.149999618530273,13000,0.0,0.0
2025-09-02 11:20:00+08:00,21.25,21.25,21.25,21.25,3001,0.0,0.0
2025-09-02 11:40:00+08:00,21.149999618530273,21.149999618530273,21.149999618530273,21.149999618530273,1000,0.0,0.0
2025-09-02 11:50:00+08:00,21.299999237060547,21.299999237060547,21.299999237060547,21.299999237060547,1000,0.0,0.0
2025-09-02 12:00:00+08:00,21.299999237060547,21.299999237060547,21.299999237060547,21.299999237060547,7000,0.0,0.0
2025-09-02 12:10:00+08:00,21.350000381469727,21.350000381469727,21.350000381469727,21.350000381469727,1160,0.0,0.0
2025-09-02 12:15:00+08:00,21.25,21.25,21.25,21.25,1001,0.0,0.0
2025-09-02 12:20:00+08:00,21.299999237060547,21.299999237060547,21.299999237060547,21.299999237060547,1001,0.0,0.0
2025-09-02 12:25:00+08:00,21.299999237060547,21.299999237060547,21.299999237060547,21.299999237060547,3122,0.0,0.0
2025-09-02 12:40:00+08:00,21.299999237060547,21.299999237060547,21.299999237060547,21.299999237060547,2002,0.0,0.0
2025-09-02 12:45:00+08:00,21.25,21.25,21.25,21.25,3000,0.0,0.0
2025-09-02 12:50:00+08:00,21.350000381469727,21.350000381469727,21.350000381469727,21.350000381469727,1000,0.0,0.0
2025-09-02 13:00:00+08:00,21.350000381469727,21.350000381469727,21.350000381469727,21.350000381469727,8001,0.0,0.0
2025-09-02 13:05:00+08:00,21.350000381469727,21.350000381469727,21.350000381469727,21.350000381469727,1000,0.0,0.0
2025-09-02 13:10:00+08:00,21.399999618530273,21.399999618530273,21.299999237060547,21.299999237060547,2001,0.0,0.0
2025-09-02 13:15:00+08:00,21.299999237060547,21.299999237060547,21.299999237060547,21.299999237060547,2000,0.0,0.0
2025-09-02 13:20:00+08:00,21.299999237060547,21.299999237060547,21.299999237060547,21.299999237060547,2978,0.0,0.0
2025-09-03 09:00:00+08:00,21.350000381469727,21.350000381469727,21.350000381469727,21.350000381469727,0,0.0,0.0
2025-09-03 09:20:00+08:00,21.399999618530273,21.5,21.399999618530273,21.5,4050,0.0,0.0
2025-09-03 09:35:00+08:00,21.5,21.5,21.5,21.5,2000,0.0,0.0
2025-09-03 10:00:00+08:00,21.5,21.5,21.5,21.5,1046,0.0,0.0
2025-09-03 10:05:00+08:00,21.5,21.5,21.5,21.5,4000,0.0,0.0
2025-09-03 10:10:00+08:00,21.5,21.549999237060547,21.450000762939453,21.549999237060547,3000,0.0,0.0
2025-09-03 10:35:00+08:00,21.450000762939453,21.450000762939453,21.450000762939453,21.450000762939453,3212,0.0,0.0
2025-09-03 10:55:00+08:00,21.450000762939453,21.450000762939453,21.399999618530273,21.399999618530273,5000,0.0,0.0
2025-09-03 11:00:00+08:00,21.549999237060547,21.549999237060547,21.450000762939453,21.450000762939453,3030,0.0,0.0
2025-09-03 11:25:00+08:00,21.399999618530273,21.399999618530273,21.399999618530273,21.399999618530273,1100,0.0,0.0
2025-09-03 11:30:00+08:00,21.5,21.5,21.399999618530273,21.399999618530273,2100,0.0,0.0
2025-09-03 11:35:00+08:00,21.399999618530273,21.399999618530273,21.399999618530273,21.399999618530273,1001,0.0,0.0
2025-09-03 11:40:00+08:00,21.450000762939453,21.450000762939453,21.399999618530273,21.399999618530273,5000,0.0,0.0
2025-09-03 11:50:00+08:00,21.5,21.5,21.5,21.5,1259,0.0,0.0
2025-09-03 12:45:00+08:00,21.450000762939453,21.450000762939453,21.399999618530273,21.399999618530273,7000,0.0,0.0
2025-09-03 12:50:00+08:00,21.450000762939453,21.450000762939453,21.450000762939453,21.450000762939453,1003,0.0,0.0
2025-09-03 13:10:00+08:00,21.399999618530273,21.399999618530273,21.399999618530273,21.399999618530273,10000,0.0,0.0
2025-09-03 13:15:00+08:00,21.399999618530273,21.399999618530273,21.399999618530273,21.399999618530273,9000,0.0,0.0
2025-09-03 13:20:00+08:00,21.399999618530273,21.450000762939453,21.399999618530273,21.450000762939453,2468,0.0,0.0
2025-09-04 09:00:00+08:00,21.5,21.5,21.5,21.5,0,0.0,0.0
2025-09-04 09:15:00+08:00,21.5,21.5,21.5,21.5,4000,0.0,0.0
2025-09-04 09:30:00+08:00,21.549999237060547,21.549999237060547,21.549999237060547,21.549999237060547,1002,0.0,0.0
2025-09-04 09:35:00+08:00,21.549999237060547,21.549999237060547,21.549999237060547,21.549999237060547,1000,0.0,0.0
2025-09-04 09:40:00+08:00,21.5,21.549999237060547,21.5,21.549999237060547,19240,0.0,0.0
2025-09-04 09:50:00+08:00,21.600000381469727,21.600000381469727,21.600000381469727,21.600000381469727,7000,0.0,0.0
2025-09-04 09:55:00+08:00,21.600000381469727,21.600000381469727,21.600000381469727,21.600000381469727,4000,0.0,0.0
2025-09-04 10:00:00+08:00,21.600000381469727,21.649999618530273,21.600000381469727,21.649999618530273,2003,0.0,0.0
2025-09-04 10:05:00+08:00,21.649999618530273,21.649999618530273,21.649999618530273,21.649999618530273,1097,0.0,0.0
2025-09-04 10:10:00+08:00,21.600000381469727,21.600000381469727,21.600000381469727,21.600000381469727,1002,0.0,0.0
2025-09-04 10:25:00+08:00,21.600000381469727,21.600000381469727,21.600000381469727,21.600000381469727,1000,0.0,0.0
2025-09-04 10:40:00+08:00,21.549999237060547,21.600000381469727,21.549999237060547,21.600000381469727,14000,0.0,0.0
2025-09-04 10:50:00+08:00,21.600000381469727,21.600000381469727,21.600000381469727,21.600000381469727,3000,0.0,0.0
2025-09-04 11:00:00+08:00,21.600000381469727,21.600000381469727,21.600000381469727,21.600000381469727,2002,0.0,0.0
2025-09-04 11:05:00+08:00,21.600000381469727,21.600000381469727,21.600000381469727,21.600000381469727,1000,0.0,0.0
2025-09-04 11:10:00+08:00,21.600000381469727,21.600000381469727,21.600000381469727,21.600000381469727,1000,0.0,0.0
2025-09-04 11:20:00+08:00,21.600000381469727,21.600000381469727,21.600000381469727,21.600000381469727,5000,0.0,0.0
2025-09-04 11:30:00+08:00,21.600000381469727,21.600000381469727,21.600000381469727,21.600000381469727,10000,0.0,0.0
2025-09-04 11:35:00+08:00,21.649999618530273,21.649999618530273,21.649999618530273,21.649999618530273,22005,0.0,0.0
2025-09-04 11:40:00+08:00,21.649999618530273,21.700000762939453,21.600000381469727,21.700000762939453,9000,0.0,0.0
2025-09-04 11:50:00+08:00,21.700000762939453,21.75,21.700000762939453,21.75,12033,0.0,0.0
2025-09-04 12:00:00+08:00,21.75,21.75,21.75,21.75,1000,0.0,0.0
2025-09-04 12:45:00+08:00,21.649999618530273,21.649999618530273,21.649999618530273,21.649999618530273,2050,0.0,0.0
2025-09-04 12:50:00+08:00,21.600000381469727,21.600000381469727,21.600000381469727,21.600000381469727,2000,0.0,0.0
2025-09-04 12:55:00+08:00,21.549999237060547,21.549999237060547,21.549999237060547,21.549999237060547,8013,0.0,0.0
2025-09-04 13:00:00+08:00,21.600000381469727,21.600000381469727,21.600000381469727,21.600000381469727,2000,0.0,0.0
2025-09-04 13:05:00+08:00,21.649999618530273,21.649999618530273,21.649999618530273,21.649999618530273,1000,0.0,0.0
2025-09-04 13:15:00+08:00,21.649999618530273,21.649999618530273,21.649999618530273,21.649999618530273,3000,0.0,0.0
2025-09-05 09:00:00+08:00,21.75,21.75,21.75,21.75,0,0.0,0.0
2025-09-05 09:05:00+08:00,21.649999618530273,21.649999618530273,21.649999618530273,21.649999618530273,2001,0.0,0.0
2025-09-05 09:10:00+08:00,21.75,21.75,21.600000381469727,21.600000381469727,6000,0.0,0.0
2025-09-05 09:15:00+08:00,21.549999237060547,21.549999237060547,21.549999237060547,21.549999237060547,1000,0.0,0.0
2025-09-05 09:20:00+08:00,21.549999237060547,21.549999237060547,21.5,21.5,7050,0.0,0.0
2025-09-05 09:40:00+08:00,21.5,21.600000381469727,21.5,21.5,16008,0.0,0.0
2025-09-05 09:45:00+08:00,21.549999237060547,21.549999237060547,21.549999237060547,21.549999237060547,2000,0.0,0.0
2025-09-05 09:50:00+08:00,21.5,21.5,21.5,21.5,3162,0.0,0.0
2025-09-05 09:55:00+08:00,21.5,21.5,21.5,21.5,1003,0.0,0.0
2025-09-05 10:10:00+08:00,21.549999237060547,21.549999237060547,21.549999237060547,21.549999237060547,2000,0.0,0.0
2025-09-05 10:15:00+08:00,21.549999237060547,21.549999237060547,21.549999237060547,21.549999237060547,1001,0.0,0.0
2025-09-05 10:30:00+08:00,21.5,21.5,21.5,21.5,3000,0.0,0.0
2025-09-05 10:40:00+08:00,21.5,21.549999237060547,21.5,21.549999237060547,4000,0.0,0.0
2025-09-05 10:45:00+08:00,21.5,21.5,21.5,21.5,2000,0.0,0.0
2025-09-05 10:50:00+08:00,21.549999237060547,21.549999237060547,21.5,21.5,5000,0.0,0.0
2025-09-05 11:00:00+08:00,21.5,21.5,21.5,21.5,1001,0.0,0.0
2025-09-05 11:05:00+08:00,21.5,21.5,21.5,21.5,3001,0.0,0.0
2025-09-05 11:10:00+08:00,21.549999237060547,21.549999237060547,21.549999237060547,21.549999237060547,1000,0.0,0.0
2025-09-05 11:15:00+08:00,21.5,21.5,21.5,21.5,1000,0.0,0.0
2025-09-05 11:20:00+08:00,21.450000762939453,21.450000762939453,21.450000762939453,21.450000762939453,4000,0.0,0.0
2025-09-05 11:25:00+08:00,21.450000762939453,21.450000762939453,21.450000762939453,21.450000762939453,8119,0.0,0.0
2025-09-05 11:30:00+08:00,21.5,21.549999237060547,21.450000762939453,21.450000762939453,8000,0.0,0.0
2025-09-05 11:35:00+08:00,21.5,21.549999237060547,21.450000762939453,21.549999237060547,24001,0.0,0.0
2025-09-05 11:40:00+08:00,21.5,21.600000381469727,21.5,21.600000381469727,10000,0.0,0.0
2025-09-05 11:45:00+08:00,21.600000381469727,21.600000381469727,21.600000381469727,21.600000381469727,3000,0.0,0.0
2025-09-05 11:50:00+08:00,21.700000762939453,21.75,21.700000762939453,21.75,3026,0.0,0.0
2025-09-05 12:05:00+08:00,21.600000381469727,21.600000381469727,21.600000381469727,21.600000381469727,1001,0.0,0.0
2025-09-05 12:10:00+08:00,21.600000381469727,21.600000381469727,21.600000381469727,21.600000381469727,1004,0.0,0.0
2025-09-05 12:25:00+08:00,21.600000381469727,21.600000381469727,21.600000381469727,21.600000381469727,3000,0.0,0.0
2025-09-05 12:30:00+08:00,21.600000381469727,21.600000381469727,21.600000381469727,21.600000381469727,6000,0.0,0.0
2025-09-05 12:40:00+08:00,21.600000381469727,21.600000381469727,21.600000381469727,21.600000381469727,5000,0.0,0.0
2025-09-05 12:45:00+08:00,21.600000381469727,21.600000381469727,21.600000381469727,21.600000381469727,6000,0.0,0.0
2025-09-05 12:50:00+08:00,21.700000762939453,21.700000762939453,21.700000762939453,21.700000762939453,2000,0.0,0.0
2025-09-05 13:00:00+08:00,21.649999618530273,21.649999618530273,21.649999618530273,21.649999618530273,3000,0.0,0.0
2025-09-05 13:05:00+08:00,21.649999618530273,21.649999618530273,21.649999618530273,21.649999618530273,1000,0.0,0.0
2025-09-05 13:10:00+08:00,21.700000762939453,21.700000762939453,21.700000762939453,21.700000762939453,1000,0.0,0.0
2025-09-05 13:20:00+08:00,21.649999618530273,21.700000762939453,21.649999618530273,21.700000762939453,2491,0.0,0.0
